commons_title,rg_filename,in_zip,commons_w,commons_h,commons_size,zip_size,sha1_equal,passage_caption,scene_categories
File:Gospel of Luke Chapter 4-3 (Bible Illustrations by Sweet Media).jpg,42_Lk_04_03_RG.jpg,True,831,610,129115,129115,True,<!-- Also Gospel of Matthew Chapter 4-3 (Bible...).jpg-->Matthew 04:01-11<br>Luke 04:04<br>The Temptation of Jesus,Line art without P180
File:Gospel of Luke Chapter 4-4 (Bible Illustrations by Sweet Media).jpg,42_Lk_04_04_RG.jpg,True,831,610,175055,175055,True,<!-- Also Gospel of Matthew Chapter 4-4 (Bible...).jpg-->Matthew 04:01-11<br>Luke 04:09-11<br>The Temptation of Jesus,
File:Gospel of Luke Chapter 4-5 (Bible Illustrations by Sweet Media).jpg,42_Lk_04_05_RG.jpg,True,831,610,172137,172137,True,<!-- Also Gospel of Matthew Chapter 4-5 (Bible...).jpg-->Matthew 04:01-11<br>Luke 04:12<br>The Temptation of Jesus,
File:Gospel of Luke Chapter 4-6 (Bible Illustrations by Sweet Media).jpg,42_Lk_04_06_RG.jpg,True,831,610,157843,157843,True,<!-- Also Gospel of Matthew Chapter 4-6 (Bible...).jpg-->Matthew 04:01-11<br>Luke 04:05-7<br>The Temptation of Jesus,Temptation of Jesus Christ; Line art without P180
File:Gospel of Luke Chapter 4-7 (Bible Illustrations by Sweet Media).jpg,42_Lk_04_07_RG.jpg,True,831,610,129590,129590,True,<!-- Also Gospel of Matthew Chapter 4-7 (Bible...).jpg-->Matthew 04:01-11<br>Luke 04:08<br>The Temptation of Jesus,
File:Gospel of Luke Chapter 4-8 (Bible Illustrations by Sweet Media).jpg,42_Lk_04_08_RG.jpg,True,831,610,164578,164578,True,<!-- Also Gospel of Matthew Chapter 4-8 (Bible...).jpg-->Matthew 04:01-11<br>Luke 04:13<br>The Temptation of Jesus,Jesus with angels; Temptation of Jesus Christ; Angels in New Testament; Line art without P180
File:Gospel of Luke Chapter 4-22 (Bible Illustrations by Sweet Media).jpg,42_LK_04_22_RG.jpg,True,831,610,158600,158600,True,Luke 04:40-41<br>Others healed in the evening,Line art without P180
File:Gospel of Luke Chapter 4-23 (Bible Illustrations by Sweet Media).jpg,42_Lk_04_23_RG.jpg,True,831,610,161154,161154,True,Luke 04:42a<br>Jesus prays alone,Prayer; Jesus Christ in art
File:Gospel of Luke Chapter 4-24 (Bible Illustrations by Sweet Media).jpg,42_Lk_04_24_RG.jpg,True,831,610,132605,132605,True,Luke 04:42a<br>Jesus prays alone,Christian prayers in art
File:Gospel of Luke Chapter 5-1 (Bible Illustrations by Sweet Media).jpg,42_Lk_05_01_RG.jpg,True,831,610,163809,163809,True,<!-- Also Gospel of Mark Chapter 2-3 (Bible...).jpg--><br>Mark 02:01-12<br>Luke 05:17<br>Jesus heals a paralytic,Paralytic lowered through the roof
File:Gospel of Luke Chapter 5-4 (Bible Illustrations by Sweet Media).jpg,42_Lk_05_04_RG.jpg,True,831,610,158651,158651,True,Luke 05:19b<br>Jesus heals a paralytic,Paralytic lowered through the roof
File:Gospel of Luke Chapter 5-6 (Bible Illustrations by Sweet Media).jpg,42_Lk_05_06_RG.jpg,True,831,610,154953,154953,True,Luke 05:21<br>Jesus heals a paralytic,
File:Gospel of Luke Chapter 5-7 (Bible Illustrations by Sweet Media).jpg,42_Lk_05_07_RG.jpg,True,831,610,142901,142901,True,Luke 05:22-23<br>Jesus heals a paralytic,Line art without P180
File:Gospel of Luke Chapter 5-8 (Bible Illustrations by Sweet Media).jpg,42_Lk_05_08_RG.jpg,True,831,610,141801,141801,True,Luke 05:24<br>Jesus heals a paralytic,Paralytic lowered through the roof
File:Gospel of Luke Chapter 5-9 (Bible Illustrations by Sweet Media).jpg,42_Lk_05_09_RG.jpg,True,831,610,160550,160550,True,Luke 05:25<br>Jesus heals a paralytic,Paralytic lowered through the roof
File:Gospel of Luke Chapter 5-11 (Bible Illustrations by Sweet Media).jpg,42_Lk_05_11_RG.jpg,True,831,610,159768,159768,True,Luke 05:27a<br>Jesus calls Matthew & eats at his home,
File:Gospel of Luke Chapter 5-12 (Bible Illustrations by Sweet Media).jpg,42_Lk_05_12_RG.jpg,True,831,610,157260,157260,True,Luke 05:27b-28<br>Jesus calls Matthew & eats at his home,
File:Gospel of Luke Chapter 5-16 (Bible Illustrations by Sweet Media).jpg,42_Lk_05_16_RG.jpg,True,831,610,148234,148234,True,Luke 05:31-32<br>Conflict over fasting,
File:Gospel of Luke Chapter 6-10 (Bible Illustrations by Sweet Media).jpg,42_Lk_06_10_RG.jpg,True,831,610,148951,148951,True,Matthew 12:09-14<br>Luke 06:08a<br>Healing of the man with the shriveled hand,Healing of the man with the withered hand
File:Gospel of Luke Chapter 6-11 (Bible Illustrations by Sweet Media).jpg,42_Lk_06_11_RG.jpg,True,831,610,171246,171246,True,Matthew 12:09-14<br>Luke 06:06-7<br>Healing of the man with the shriveled hand,Healing of the man with the withered hand
File:Gospel of Luke Chapter 6-12 (Bible Illustrations by Sweet Media).jpg,42_Lk_06_12_RG.jpg,True,831,610,160101,160101,True,Matthew 12:09-14<br>Luke 06:10b-11<br>Healing of the man with the shriveled hand,Healing of the man with the withered hand
File:Gospel of Luke Chapter 6-13 (Bible Illustrations by Sweet Media).jpg,42_Lk_06_13_RG.jpg,True,832,603,171977,171977,True,Matthew 05:01-7:29<br>Luke 06:20-45<br>Sermon on the Mount / Plain,
File:Gospel of Luke Chapter 6-14 (Bible Illustrations by Sweet Media).jpg,42_Lk_06_14_RG.jpg,True,831,610,143621,143621,True,Matthew 05:01-7:29<br>Luke 06:20-45<br>Sermon on the Mount / Plain,
File:Gospel of Luke Chapter 6-18 (Bible Illustrations by Sweet Media).jpg,42_Lk_06_18_RG.jpg,True,827,610,142795,142795,True,<!-- Also Gospel of Matthew Chapter 5-9 (Bible...).jpg-->Matthew 05:01-7:29<br>Luke 06:46-49<br>Sermon on the Mount / Plain,Line art without P180
File:Gospel of Luke Chapter 7-8 (Bible Illustrations by Sweet Media).jpg,42_Lk_07_08_RG.jpg,True,831,610,152740,152740,True,<!-- Also Gospel of Matthew Chapter 8-4 (Bible...).jpg-->Matthew 08:05-13<br>Luke 07:09b<br>Healing of the centurion’s Servant,Line art without P180
File:Gospel of Luke Chapter 8-15 (Bible Illustrations by Sweet Media).jpg,42_Lk_08_15_RG.jpg,True,831,610,141877,141877,True,<!-- Also Gospel of Matthew Chapter 8-13 (Bible...).jpg-->Matthew 08:18-27<br>Luke 08:24c-25a<br>Jesus calms the storm,Drawings of ships
File:Gospel of Luke Chapter 8-21 (Bible Illustrations by Sweet Media).jpg,42_Lk_08_21_RG.jpg,True,831,610,152012,152012,True,Luke 08:28b<br>Jesus' heals demoniac at Gesarenes,Evil spirits sent into swine; Exorcism in christian art; Prints of the Miracles of Jesus Christ; Demons in Christianity
File:Gospel of Luke Chapter 8-22 (Bible Illustrations by Sweet Media).jpg,42_Lk_08_22_RG.jpg,True,831,610,164905,164905,True,"Luke 08:29a,30-31<br>Jesus' heals demoniac at Gesarenes",Exorcism in christian art; Demons in Christianity; Evil spirits sent into swine; Line art without P180
File:Gospel of Luke Chapter 8-26 (Bible Illustrations by Sweet Media).jpg,42_Lk_08_26_RG.jpg,True,831,610,151516,151516,True,Luke 08:38a<br>Jesus' heals demoniac at Gesarenes,Evil spirits sent into swine
File:Gospel of Luke Chapter 8-27 (Bible Illustrations by Sweet Media).jpg,42_Lk_08_27_RG.jpg,True,822,610,149784,149784,True,Luke 08:38b-39a<br>Jesus' heals demoniac at Gesarenes,Line art without P180
File:Gospel of Luke Chapter 8-29 (Bible Illustrations by Sweet Media).jpg,42_Lk_08_29_RG.jpg,True,831,610,167033,167033,True,Luke 08:41-42a<br>Jairus' pleads for His dying daughter,Raising of Jairus' daughter
File:Gospel of Luke Chapter 8-30 (Bible Illustrations by Sweet Media).jpg,42_Lk_08_30_RG.jpg,True,831,610,165797,165797,True,Luke 08:42b-43<br>Jesus' heals the hemorrhaging woman,The Haemorrhoissa
File:Gospel of Luke Chapter 8-31 (Bible Illustrations by Sweet Media).jpg,42_Lk_08_31_RG.jpg,True,831,610,155106,155106,True,Luke 08:44<br>Jesus' heals the hemorrhaging woman,The Haemorrhoissa
File:Gospel of Luke Chapter 8-32 (Bible Illustrations by Sweet Media).jpg,42_Lk_08_32_RG.jpg,True,831,610,166083,166083,True,Luke 08:45-46<br>Jesus' heals the hemorrhaging woman,The Haemorrhoissa
File:Gospel of Luke Chapter 8-33 (Bible Illustrations by Sweet Media).jpg,42_Lk_08_33_RG.jpg,True,831,610,152941,152941,True,Luke 08:47-48<br>Jesus' heals the hemorrhaging woman,
File:Gospel of Luke Chapter 11-2 (Bible Illustrations by Sweet Media).jpg,42_Lk_11_02_RG.jpg,True,831,610,159285,159285,True,"<!-- Also Gospel of Matthew Chapter 12-10 (Bible...).jpg-->Matthew 12:22-30<br>Luke 11:15<br>Mute healed, Jesus accused of using Satan, People demand a sign",
File:Gospel of Luke Chapter 19-9 (Bible Illustrations by Sweet Media).jpg,42_Lk_19_09_RG.jpg,True,831,610,144820,144820,True,<!-- Also Gospel of Matthew Chapter 21-3 (Bible...).jpg-->Matthew 21:01-11<br>Luke 19:35<br>The Triumphal Entry,Triumphal entry into Jerusalem
File:Gospel of Luke Chapter 19-10 (Bible Illustrations by Sweet Media).jpg,42_Lk_19_10_RG.jpg,True,831,610,180041,180041,True,<!-- Also Gospel of Matthew Chapter 21-4 (Bible...).jpg-->Matthew 21:01-11<br>Luke 19:36<br>The Triumphal Entry,Triumphal entry into Jerusalem
File:Gospel of Luke Chapter 19-13 (Bible Illustrations by Sweet Media).jpg,42_Lk_19_13_RG.jpg,True,830,610,161935,161935,True,<!-- Also Gospel of Matthew Chapter 21-8 (Bible...).jpg-->Matthew 21:12-17<br>Luke 19:45b<br>2nd cleansing of the Temple,Cleansing of the Temple
File:Gospel of Luke Chapter 20-2 (Bible Illustrations by Sweet Media).jpg,42_Lk_20_02_RG.jpg,True,831,610,141486,141486,True,<!-- Also Gospel of Matthew Chapter 22-2 (Bible...).jpg-->Matthew 21:23-27<br>Luke 20:03<br>Conflict in the Temple,
File:Gospel of Luke Chapter 20-18 (Bible Illustrations by Sweet Media).jpg,42_Lk_20_18_RG.jpg,True,831,610,152371,152371,True,Luke 20:19<br>Parable of the vineyard,The Tenants in the Vineyard
File:Gospel of Luke Chapter 21-1 (Bible Illustrations by Sweet Media).jpg,42_Lk_21_01_RG.jpg,True,831,610,151652,151652,True,Luke 20:45-47<br>Jesus denounces the Pharisees,Jesus Christ teaching
File:Gospel of Luke Chapter 21-5 (Bible Illustrations by Sweet Media).jpg,42_Lk_21_05_RG.jpg,True,831,610,140274,140274,True,Luke 21:03<br>The widow's gift,
File:Gospel of Luke Chapter 21-6 (Bible Illustrations by Sweet Media).jpg,42_Lk_21_06_RG.jpg,True,831,610,157422,157422,True,Luke 21:04<br>The widow's gift,
File:Gospel of Luke Chapter 21-9 (Bible Illustrations by Sweet Media).jpg,42_Lk_21_09_RG.jpg,True,831,610,144034,144034,True,Luke 21:07<br>Christ's second coming,Jesus Christ on the Mount of Olives; Prophecy of the Rapture; Prophecy of the destruction of the Second Jewish Temple in Jerusalem
File:Gospel of Luke Chapter 21-11 (Bible Illustrations by Sweet Media).jpg,42_Lk_21_11_RG.jpg,True,804,610,129997,129997,True,Luke 21:10-19<br>Christ's second coming,Prophecy of the Rapture; Line art without P180
File:Gospel of John Chapter 1-3 (Bible Illustrations by Sweet Media).jpg,43_Jn_01_03_RG.jpg,True,831,610,155428,155428,True,John 01:32-33<br>Andrew/Another,Saint John the Baptist in art; Drawings of Baptism of Jesus Christ; Jesus Christ and John the Baptist in art; Holy Spirit in art; Holy Trinity; God the Father; Doves in Christian art; Dove releases
File:Gospel of John Chapter 6-14 (Bible Illustrations by Sweet Media).jpg,43_Jn_06_14_RG.jpg,True,831,610,168899,168899,True,<!-- Also Gospel of Matthew Chapter 14-23 (Bible...).jpg-->Matthew 14:24-33<br>John 06:19<br>Jesus walks on water,Drawings of ships; Jesus Christ walking on water
File:Gospel of John Chapter 6-17 (Bible Illustrations by Sweet Media).jpg,43_Jn_06_17_RG.jpg,True,831,610,161624,161624,True,<!-- Also Gospel of Matthew Chapter 14-30 (Bible...).jpg-->Matthew 14:24-33<br>John 06:21<br>Jesus walks on water,Drawings of ships; Line art without P180
File:Gospel of John Chapter 12-1 (Bible Illustrations by Sweet Media).jpg,43_Jn_12_01_RG.jpg,True,831,610,165271,165271,True,Matthew 26:06-13<br>John 12:01-2<br>Jesus anointed by Mary at Bethany,Anointing of Jesus Christ
File:Gospel of Mark Chapter 1-3 (Bible Illustrations by Sweet Media).jpg,41_Mk_01_03_RG.jpg,True,831,610,142427,142427,True,Matthew 03:01-12<br>The Preaching of John,Saint John the Baptist in art
File:Gospel of Mark Chapter 1-5 (Bible Illustrations by Sweet Media).jpg,41_Mk_01_05_RG.jpg,True,831,610,172710,172710,True,Matthew 03:13-17<br>The Baptism of Jesus,Saint John the Baptist in art; Drawings of Baptism of Jesus Christ
File:Gospel of Mark Chapter 1-8 (Bible Illustrations by Sweet Media).jpg,41_Mk_01_08_RG.jpg,True,831,610,136015,136015,True,<!-- Also Gospel of Matthew Chapter 4-1 (Bible...).jpg-->Matthew 04:01-11<br>Luke 04:01-2<br>The Temptation of Jesus,Temptation of Jesus Christ
File:Gospel of Mark Chapter 1-10 (Bible Illustrations by Sweet Media).jpg,41_Mk_01_10_RG.jpg,True,831,610,144211,144211,True,Mark 01:21-28<br>Demoniac healed in Synagogue,Gospel of Mark; Drawings of the life and teachings of Jesus Christ
File:Gospel of Mark Chapter 1-12 (Bible Illustrations by Sweet Media).jpg,41_Mk_01_12_RG.jpg,True,831,610,154257,154257,True,Mark 01:21-28<br>Demoniac healed in Synagogue,Jesus heals the sick
File:Gospel of Mark Chapter 1-14 (Bible Illustrations by Sweet Media).jpg,41_Mk_01_14_RG.jpg,True,831,610,152807,152807,True,Matthew 04:17<br>Jesus arrives in Galilee,Jesus heals the sick; Line art without P180
File:Gospel of Mark Chapter 1-15 (Bible Illustrations by Sweet Media).jpg,41_Mk_01_15_RG.jpg,True,831,610,169043,169043,True,<!-- Also Gospel of Matthew Chapter 8-2 (Bible...).jpg--><br>Luke 04:38-39<br>Jesus' heals Peter's mother-in-law,Healing Peter's Mother-in-Law
File:Gospel of Mark Chapter 1-16 (Bible Illustrations by Sweet Media).jpg,41_Mk_01_16_RG.jpg,True,831,610,168596,168596,True,,
File:Gospel of Mark Chapter 2-1 (Bible Illustrations by Sweet Media).jpg,41_Mk_02_01_RG.jpg,True,831,610,163688,163688,True,Mark 02:01-12<br>Jesus heals a paralytic,Line art without P180
File:Gospel of Mark Chapter 2-7 (Bible Illustrations by Sweet Media).jpg,41_Mk_02_07_RG.jpg,True,831,610,150881,150881,True,Luke 05:20<br>Jesus heals a paralytic,Paralytic lowered through the roof; Line art without P180
File:Gospel of Mark Chapter 2-15 (Bible Illustrations by Sweet Media).jpg,41_Mk_02_15_RG.jpg,True,831,610,173716,173716,True,Luke 05:29<br>Jesus calls Matthew & eats at his home,
File:Gospel of Mark Chapter 2-21 (Bible Illustrations by Sweet Media).jpg,41_Mk_02_21_RG.jpg,True,831,610,143057,143057,True,<!-- Also Gospel of Matthew Chapter 12-3 (Bible...).jpg-->Matthew 12:01-8<br>Luke 06:03-4<br>Conflict over eating grain on the Sabbath,Pharisees
File:Gospel of Mark Chapter 2-23 (Bible Illustrations by Sweet Media).jpg,41_Mk_02_23_RG.jpg,True,831,610,131177,131177,True,<!-- Also Gospel of Matthew Chapter 12-5 (Bible...).jpg-->Matthew 12:09-14<br>Luke 06:08b<br>Healing of the man with the shriveled hand,Healing of the man with the withered hand
File:Gospel of Mark Chapter 3-1 (Bible Illustrations by Sweet Media).jpg,41_Mk_03_01_RG.jpg,True,831,610,170622,170622,True,Mark 03:07-12<br>Continuation of healing ministry,Line art without P180
File:Gospel of Mark Chapter 3-2 (Bible Illustrations by Sweet Media).jpg,41_Mk_03_02_RG.jpg,True,831,610,163206,163206,True,<!-- Also Gospel of Matthew Chapter 10-1 (Bible...).jpg-->Matthew 10:02-4<br>Luke 06:13-14a<br>Appointment of the 12,Apostles in art
File:Gospel of Mark Chapter 3-3 (Bible Illustrations by Sweet Media).jpg,41_Mk_03_03_RG.jpg,True,831,610,159659,159659,True,<!-- Also Gospel of Matthew Chapter 10-2 (Bible...).jpg-->Matthew 10:02-4<br>Luke 06:14b-15a<br>Appointment of the 12,Apostles in art; Drawings of the life and teachings of Jesus Christ
File:Gospel of Mark Chapter 3-4 (Bible Illustrations by Sweet Media).jpg,41_Mk_03_04_RG.jpg,True,831,610,158910,158910,True,<!-- Also Gospel of Matthew Chapter 10-3 (Bible...).jpg-->Matthew 10:02-4<br>Luke 06:15b-16<br>Appointment of the 12,Apostles in art
File:Gospel of Mark Chapter 3-5 (Bible Illustrations by Sweet Media).jpg,41_Mk_03_05_RG.jpg,True,831,610,169460,169460,True,<!-- Also Gospel of Mark Chapter 3-5 (Bible...).jpg-->Matthew 10:02-4<br>Mark 03:13-19<br>Appointment of the 12,Apostles in art; Line art without P180
File:Gospel of Mark Chapter 3-10 (Bible Illustrations by Sweet Media).jpg,41_Mk_03_10_RG.jpg,True,831,610,146988,146988,True,"<!-- Also Gospel of Matthew Chapter 12-11 (Bible...).jpg-->Matthew 12:38-45<br>Luke 11:17-18<br>Mute healed, Jesus accused of using Satan, People demand a sign",Pharisees; Line art without P180
File:Gospel of Mark Chapter 4-14 (Bible Illustrations by Sweet Media).jpg,41_Mk_04_14_RG.jpg,True,831,610,171692,171692,True,<!-- Also Gospel of Matthew Chapter 8-11 (Bible...).jpg-->Matthew 08:18-27<br>Luke 08:24a<br>Jesus calms the storm,Calming the storm
File:Gospel of Mark Chapter 10-1 (Bible Illustrations by Sweet Media).jpg,41_Mk_10_01_RG.jpg,True,831,610,135999,135999,True,Luke 18:18<br>The rich young man,
File:Gospel of Mark Chapter 10-11 (Bible Illustrations by Sweet Media).jpg,41_Mk_10_11_RG.jpg,True,831,610,155634,155634,True,Mark 10:35-45<br>Selfish request of James and John,
File:Gospel of Mark Chapter 10-12 (Bible Illustrations by Sweet Media).jpg,41_Mk_10_12_RG.jpg,True,824,610,135733,135733,True,Mark 10:35-45<br>Selfish request of James and John,
File:Gospel of Mark Chapter 10-14 (Bible Illustrations by Sweet Media).jpg,41_Mk_10_14_RG.jpg,True,831,610,133256,133256,True,Mark 10:35-45<br>Selfish request of James and John,
File:Gospel of Mark Chapter 10-16 (Bible Illustrations by Sweet Media).jpg,41_Mk_10_16_RG.jpg,True,831,610,135866,135866,True,Mark 10:35-45<br>Selfish request of James and John,
File:Gospel of Mark Chapter 10-17 (Bible Illustrations by Sweet Media).jpg,41_Mk_10_17_RG.jpg,True,831,610,144995,144995,True,Mark 10:35-45<br>Selfish request of James and John,Line art without P180
File:Gospel of Mark Chapter 10-19 (Bible Illustrations by Sweet Media).jpg,41_Mk_10_19_RG.jpg,True,831,610,149469,149469,True,Mark 10:35-45<br>Selfish request of James and John,
File:Gospel of Mark Chapter 10-20 (Bible Illustrations by Sweet Media).jpg,41_Mk_10_20_RG.jpg,True,831,610,155915,155915,True,Mark 10:35-45<br>Selfish request of James and John,
File:Gospel of Mark Chapter 10-21 (Bible Illustrations by Sweet Media).jpg,41_Mk_10_21_RG.jpg,True,831,610,126240,126240,True,Mark 10:35-45<br>Selfish request of James and John,
File:Gospel of Mark Chapter 11-1 (Bible Illustrations by Sweet Media).jpg,41_Mk_11_01_RG.jpg,True,831,610,140557,140557,True,Luke 19:29-31<br>The Triumphal Entry,Line art without P180
File:Gospel of Mark Chapter 12-7 (Bible Illustrations by Sweet Media).jpg,41_Mk_12_07_RG.jpg,True,831,610,141516,141516,True,<!-- Also Gospel of Matthew Chapter 22-8 (Bible...).jpg-->Matthew 22:15-22<br>Luke 20:23-24a<br>Paying tribute to Caesar,
File:Gospel of Mark Chapter 12-8 (Bible Illustrations by Sweet Media).jpg,41_Mk_12_08_RG.jpg,True,831,610,137340,137340,True,<!-- Also Gospel of Matthew Chapter 22-9 (Bible...).jpg-->Matthew 22:15-22<br>Luke 20:24b<br>Paying tribute to Caesar,People with coins
File:Gospel of Mark Chapter 13-2 (Bible Illustrations by Sweet Media).jpg,41_Mk_13_02_RG.jpg,True,831,610,146587,146587,True,Luke 21:05<br>Christ's second coming,Line art without P180
File:Gospel of Mark Chapter 13-3 (Bible Illustrations by Sweet Media).jpg,41_Mk_13_03_RG.jpg,True,831,610,144555,144555,True,Luke 21:06<br>Christ's second coming,Line art without P180
File:Gospel of Mark Chapter 13-5 (Bible Illustrations by Sweet Media).jpg,41_Mk_13_05_RG.jpg,True,831,610,149226,149226,True,Luke 21:08-9<br>Christ's second coming,
File:Gospel of Mark Chapter 13-7 (Bible Illustrations by Sweet Media).jpg,41_Mk_13_07_RG.jpg,True,831,610,141228,141228,True,,
File:Gospel of Luke Chapter 8-34 (Bible Illustrations by Sweet Media).jpg,42_Lk_08_34_RG.jpg,True,831,610,169576,169576,True,Luke 08:49<br>Jesus restores Jairus' daughter to life,The Haemorrhoissa
File:Gospel of Luke Chapter 8-36 (Bible Illustrations by Sweet Media).jpg,42_Lk_08_36_RG.jpg,True,831,610,152718,152718,True,Luke 08:51-53<br>Jesus restores Jairus' daughter to life,Raising of Jairus' daughter
File:Gospel of Luke Chapter 8-37 (Bible Illustrations by Sweet Media).jpg,42_Lk_08_37_RG.jpg,True,831,610,153903,153903,True,Luke 08:54<br>Jesus restores Jairus' daughter to life,Raising of Jairus' daughter
File:Gospel of Luke Chapter 8-38 (Bible Illustrations by Sweet Media).jpg,42_Lk_08_38_RG.jpg,True,831,610,129989,129989,True,Luke 08:55<br>Jesus restores Jairus' daughter to life,Raising of Jairus' daughter
File:Gospel of Luke Chapter 8-39 (Bible Illustrations by Sweet Media).jpg,42_Lk_08_39_RG.jpg,True,831,610,166391,166391,True,Luke 08:56<br>Jesus restores Jairus' daughter to life,Raising of Jairus' daughter
File:Gospel of Luke Chapter 9-2 (Bible Illustrations by Sweet Media).jpg,42_Lk_09_02_RG.jpg,True,831,610,157400,157400,True,Matthew 13:34-35<br>Teaching by parables,Line art without P180
File:Gospel of Luke Chapter 9-4 (Bible Illustrations by Sweet Media).jpg,42_Lk_09_04_RG.jpg,True,831,610,158509,158509,True,Matthew 13:36-43<br>The wheat and tares explained,
File:Gospel of Luke Chapter 9-7 (Bible Illustrations by Sweet Media).jpg,42_Lk_09_07_RG.jpg,True,831,610,133897,133897,True,<!-- Also Gospel of Matthew Chapter 14-12 (Bible...).jpg-->Matthew 14:13-21<br>Luke 09:11b<br>Jesus retreats to the wilderness,Drawings of ships; Line art without P180
File:Gospel of Luke Chapter 9-33 (Bible Illustrations by Sweet Media).jpg,42_Lk_09_33_RG.jpg,True,831,610,151885,151885,True,Luke 09:42a<br>Demoniac boy healed,Demons in Christianity; Healing of the possessed boy
File:Gospel of Luke Chapter 9-34 (Bible Illustrations by Sweet Media).jpg,42_Lk_09_34_RG.jpg,True,831,610,154523,154523,True,,Healing of the possessed boy; Line art without P180
File:Gospel of Luke Chapter 9-35 (Bible Illustrations by Sweet Media).jpg,42_Lk_09_35_RG.jpg,True,831,610,147430,147430,True,Luke 09:42b<br>Demoniac boy healed,
File:Gospel of Luke Chapter 9-36 (Bible Illustrations by Sweet Media).jpg,42_Lk_09_36_RG.jpg,True,831,610,148085,148085,True,Luke 09:42b<br>Demoniac boy healed,Healing of the possessed boy
File:Gospel of Luke Chapter 9-37 (Bible Illustrations by Sweet Media).jpg,42_Lk_09_37_RG.jpg,True,831,610,157961,157961,True,,Healing of the possessed boy
File:Gospel of Luke Chapter 9-38 (Bible Illustrations by Sweet Media).jpg,42_Lk_09_38_RG.jpg,True,831,610,153665,153665,True,,Healing of the possessed boy
File:Gospel of Matthew Chapter 10-5 (Bible Illustrations by Sweet Media).jpg,40_Mt_10_05_RG.jpg,True,831,610,177661,177661,True,Matthew 10:05-15<br>Jesus sends the 12 to preach/heal,
File:Gospel of Matthew Chapter 10-6 (Bible Illustrations by Sweet Media).jpg,40_Mt_10_06_RG.jpg,True,831,610,151488,0,,Matthew 10:05-15<br>Jesus sends the 12 to preach/heal,Line art without P180
File:Gospel of Matthew Chapter 10-12 (Bible Illustrations by Sweet Media).jpg,40_Mt_10_12_RG.jpg,True,831,610,139143,139143,True,"Matthew 10:16-36,39-42, 11:1<br>Jesus prepares disciples for persecution",
File:Gospel of Matthew Chapter 10-13 (Bible Illustrations by Sweet Media).jpg,40_Mt_10_13_RG.jpg,True,831,610,139136,139136,True,"Matthew 10:16-36,39-42, 11:1<br>Jesus prepares disciples for persecution",
File:Gospel of Matthew Chapter 10-15 (Bible Illustrations by Sweet Media).jpg,40_Mt_10_15_RG.jpg,True,831,610,163458,163458,True,"Matthew 10:16-36,39-42, 11:1<br>Jesus prepares disciples for persecution",Line art without P180
File:Gospel of Matthew Chapter 12-4 (Bible Illustrations by Sweet Media).jpg,40_Mt_12_04_RG.jpg,True,831,610,144133,144133,True,<!-- Also Gospel of Matthew Chapter 12-4 (Bible...).jpg-->Matthew 12:01-8<br>Luke 06:05<br>Conflict over eating grain on the Sabbath,Line art without P180
File:Gospel of Matthew Chapter 12-12 (Bible Illustrations by Sweet Media).jpg,40_Mt_12_12_RG.jpg,True,826,610,151231,151231,True,"<!-- Also Gospel of Matthew Chapter 12-12 (Bible...).jpg-->Matthew 12:38-45<br>Luke 11:19-20<br>Mute healed, Jesus accused of using Satan, People demand a sign",
File:Gospel of Matthew Chapter 13-6 (Bible Illustrations by Sweet Media).jpg,40_Mt_13_06_RG.jpg,True,825,610,164140,164140,True,Matthew 13:10-17<br>The purpose of the parables,Line art without P180
File:Gospel of Matthew Chapter 13-21 (Bible Illustrations by Sweet Media).jpg,40_Mt_13_21_RG.jpg,True,831,610,171499,171499,True,Matthew 13:34-35<br>Teaching by parables,
File:Gospel of Matthew Chapter 13-23 (Bible Illustrations by Sweet Media).jpg,40_Mt_13_23_RG.jpg,True,831,610,170589,170589,True,Matthew 13:34-35<br>Teaching by parables,Line art without P180
File:Gospel of Matthew Chapter 14-21 (Bible Illustrations by Sweet Media).jpg,40_Mt_14_21_RG.jpg,True,831,610,159417,159417,True,<!-- Also Gospel of Matthew Chapter 14-21 (Bible...).jpg-->Matthew 14:22-24<br>John 06:16-17<br>Jesus walks on water,
File:Gospel of Matthew Chapter 14-22 (Bible Illustrations by Sweet Media).jpg,40_Mt_14_22_RG.jpg,True,831,610,161704,161704,True,Matthew 14:24<br>Jesus walks on water,Drawings of ships
File:Gospel of Matthew Chapter 14-24 (Bible Illustrations by Sweet Media).jpg,40_Mt_14_24_RG.jpg,True,831,610,178609,178609,True,<!-- Also Gospel of Matthew Chapter 14-24 (Bible...).jpg-->Matthew 14:24-33<br>John 06:19<br>Jesus walks on water,Jesus Christ walking on water; Line art without P180
File:Gospel of Matthew Chapter 14-25 (Bible Illustrations by Sweet Media).jpg,40_Mt_14_25_RG.jpg,True,831,610,170369,170369,True,<!-- Also Gospel of Matthew Chapter 14-25 (Bible...).jpg-->Matthew 14:24-33<br>John 06:20<br>Jesus walks on water,Jesus Christ walking on water; Line art without P180
File:Gospel of Matthew Chapter 14-26 (Bible Illustrations by Sweet Media).jpg,40_Mt_14_26_RG.jpg,True,831,610,169653,169653,True,Matthew 14:24-33<br>Jesus walks on water,Jesus Christ walking on water
File:Gospel of Matthew Chapter 14-27 (Bible Illustrations by Sweet Media).jpg,40_Mt_14_27_RG.jpg,True,831,610,181699,181699,True,Matthew 14:24-33<br>Jesus walks on water,Jesus Christ walking on water; Line art without P180
File:Gospel of Matthew Chapter 14-29 (Bible Illustrations by Sweet Media).jpg,40_Mt_14_29_RG.jpg,True,831,610,177950,177950,True,Matthew 14:24-33<br>Jesus walks on water,Jesus Christ walking on water
File:Gospel of Matthew Chapter 16-4 (Bible Illustrations by Sweet Media).jpg,40_Mt_16_04_RG.jpg,True,831,610,149444,149444,True,<!-- Also Gospel of Matthew Chapter 16-4 (Bible...).jpg-->Matthew 16:13-20<br>Luke 09:21<br>Jesus proclaimed Messiah at Caesarea Ph.,
File:Gospel of Matthew Chapter 16-5 (Bible Illustrations by Sweet Media).jpg,40_Mt_16_05_RG.jpg,True,831,610,149162,149162,True,<!-- Also Gospel of Matthew Chapter 16-5 (Bible...).jpg-->Matthew 16:13-20<br>Luke 09:21<br>Jesus proclaimed Messiah at Caesarea Ph.,
File:Gospel of Matthew Chapter 16-7 (Bible Illustrations by Sweet Media).jpg,40_Mt_16_07_RG.jpg,True,831,610,122180,122180,True,Matthew 16:13-20<br>Jesus proclaimed Messiah at Caesarea Ph.,
File:Gospel of Matthew Chapter 16-9 (Bible Illustrations by Sweet Media).jpg,40_Mt_16_09_RG.jpg,True,831,610,148128,148128,True,Matthew 16:13-20<br>Jesus proclaimed Messiah at Caesarea Ph.,
File:Gospel of Matthew Chapter 16-10 (Bible Illustrations by Sweet Media).jpg,40_Mt_16_10_RG.jpg,True,831,610,157226,157226,True,Matthew 16:13-20<br>Jesus proclaimed Messiah at Caesarea Ph.,
File:Gospel of Matthew Chapter 16-11 (Bible Illustrations by Sweet Media).jpg,40_Mt_16_11_RG.jpg,True,831,610,106962,106962,True,<!-- Also Gospel of Matthew Chapter 16-11 (Bible...).jpg-->Matthew 16:13-20<br>Luke 09:28-36a<br>Jesus proclaimed Messiah at Caesarea Ph.,
File:Gospel of Matthew Chapter 17-10 (Bible Illustrations by Sweet Media).jpg,40_Mt_17_10_RG.jpg,True,831,610,156077,156077,True,Matthew 17:10-13<br>Elijah explained,
File:Gospel of Matthew Chapter 17-11 (Bible Illustrations by Sweet Media).jpg,40_Mt_17_11_RG.jpg,True,831,610,152502,152502,True,Matthew 17:10-13<br>Elijah explained,
File:Gospel of Matthew Chapter 17-12 (Bible Illustrations by Sweet Media).jpg,40_Mt_17_12_RG.jpg,True,831,610,154533,154533,True,Matthew 17:14-21<br>Luke 09:37<br>Demoniac boy healed,
File:Gospel of Matthew Chapter 17-13 (Bible Illustrations by Sweet Media).jpg,40_Mt_17_13_RG.jpg,True,831,610,147214,147214,True,Matthew 17:14-21<br>Luke 09:38<br>Demoniac boy healed,
File:Gospel of Matthew Chapter 17-15 (Bible Illustrations by Sweet Media).jpg,40_Mt_17_15_RG.jpg,True,831,610,158624,158624,True,Matthew 17:14-21<br>Luke 09:41<br>Demoniac boy healed,
File:Gospel of Matthew Chapter 17-16 (Bible Illustrations by Sweet Media).jpg,40_Mt_17_16_RG.jpg,True,816,610,147414,147414,True,<!-- Also Gospel of Matthew Chapter 17-16 (Bible...).jpg-->Matthew 17:14-21<br>Luke 09:42a<br>Demoniac boy healed,Line art without P180
File:Gospel of Matthew Chapter 17-17 (Bible Illustrations by Sweet Media).jpg,40_Mt_17_17_RG.jpg,True,831,610,165928,165928,True,<!-- Also Gospel of Matthew Chapter 17-17 (Bible...).jpg-->Matthew 17:14-21<br>Luke 09:42b-43<br>Demoniac boy healed,
File:Gospel of Matthew Chapter 18-1 (Bible Illustrations by Sweet Media).jpg,40_Mt_18_01_RG.jpg,True,831,610,142932,142932,True,Matthew 18:21-35<br>Parable on forgiveness,
File:Gospel of Matthew Chapter 18-11 (Bible Illustrations by Sweet Media).jpg,40_Mt_18_11_RG.jpg,True,831,610,164183,164183,True,Matthew 18:21-35<br>Parable on forgiveness,
File:Gospel of Matthew Chapter 19-2 (Bible Illustrations by Sweet Media).jpg,40_Mt_19_02_RG.jpg,True,831,610,137784,137784,True,<!-- Also Gospel of Matthew Chapter 19-2 (Bible...).jpg-->Matthew 19:16-26<br>Luke 18:19-20<br>The rich young man,
File:Gospel of Matthew Chapter 19-4 (Bible Illustrations by Sweet Media).jpg,40_Mt_19_04_RG.jpg,True,831,610,142755,142755,True,Luke 18:22<br>The rich young man,
File:Gospel of Matthew Chapter 19-5 (Bible Illustrations by Sweet Media).jpg,40_Mt_19_05_RG.jpg,True,831,610,142565,142565,True,<!-- Also Gospel of Matthew Chapter 19-5 (Bible...).jpg-->Matthew 19:16-26<br>Luke 18:23<br>The rich young man,Line art without P180
File:Gospel of Matthew Chapter 19-8 (Bible Illustrations by Sweet Media).jpg,40_Mt_19_08_RG.jpg,True,831,610,143989,143989,True,<!-- Also Gospel of Matthew Chapter 19-8 (Bible...).jpg-->Matthew 19:27-30<br>Luke 18:27<br>The rich young man,Line art without P180
File:Gospel of Matthew Chapter 19-10 (Bible Illustrations by Sweet Media).jpg,40_Mt_19_10_RG.jpg,True,831,610,129044,129044,True,<!-- Also Gospel of Matthew Chapter 19-10 (Bible...).jpg-->Matthew 19:27-30<br>Luke 18:29-30<br>Rewards for service,
File:Gospel of Matthew Chapter 21-7 (Bible Illustrations by Sweet Media).jpg,40_Mt_21_07_RG.jpg,True,831,610,144184,144184,True,<!-- Also Gospel of Matthew Chapter 21-7 (Bible...).jpg-->Matthew 21:12-17<br>Luke 19:45a<br>2nd cleansing of the Temple,
File:Gospel of Matthew Chapter 21-9 (Bible Illustrations by Sweet Media).jpg,40_Mt_21_09_RG.jpg,True,831,610,153812,153812,True,<!-- Also Gospel of Matthew Chapter 21-9 (Bible...).jpg-->Matthew 21:12-17<br>Luke 19:46<br>2nd cleansing of the Temple,Line art without P180
File:Gospel of Matthew Chapter 22-1 (Bible Illustrations by Sweet Media).jpg,40_Mt_22_01_RG.jpg,True,831,610,155385,155385,True,<!-- Also files:Gospel of Matthew Chapter 22-1; of Mark Chapter 13-1 (Bible...).jpg-->Matthew 21:23-27<br>Mark 11:27-33<br>Luke 20:01-2<br>Conflict in the Temple,
File:Gospel of Matthew Chapter 22-3 (Bible Illustrations by Sweet Media).jpg,40_Mt_22_03_RG.jpg,True,831,610,144010,144010,True,<!-- Also Gospel of Matthew Chapter 22-3 (Bible...).jpg-->Matthew 21:23-27<br>Luke 20:04<br>Conflict in the Temple,Line art without P180
File:Gospel of Matthew Chapter 22-10 (Bible Illustrations by Sweet Media).jpg,40_Mt_22_10_RG.jpg,True,831,610,143079,143079,True,<!-- Also Gospel of Matthew Chapter 22-10 (Bible...).jpg-->Matthew 22:15-22<br>Luke 20:25<br>Paying tribute to Caesar,Line art without P180
File:Gospel of Mark Chapter 5-1 (Bible Illustrations by Sweet Media).jpg,41_Mk_05_01_RG.jpg,True,831,610,153321,153321,True,<!-- Also Gospel of Matthew Chapter 8-9 (Bible...).jpg-->Matthew 08:18-27<br>Luke 08:22-23a<br>Jesus calms the storm,Drawings of ships; Line art without P180
File:Gospel of Mark Chapter 5-8 (Bible Illustrations by Sweet Media).jpg,41_Mk_05_08_RG.jpg,True,818,610,140187,140187,True,<!-- Also Gospel of Matthew Chapter 8-18 (Bible...).jpg-->Matthew 08:28-34<br>Luke 08:32<br>Jesus' heals demoniac at Gesarenes,Evil spirits sent into swine; Demons in Christianity; Exorcism in christian art; Pigs in art
File:Gospel of Mark Chapter 5-20 (Bible Illustrations by Sweet Media).jpg,41_Mk_05_20_RG.jpg,True,831,610,160205,160205,True,,
File:Gospel of Mark Chapter 6-21 (Bible Illustrations by Sweet Media).jpg,41_Mk_06_21_RG.jpg,True,831,610,148463,148463,True,<!-- Also Gospel of Matthew Chapter 14-20 (Bible...).jpg-->Matthew 14:22-23<br>John 06:15<br>Jesus withdraws from the crowd,Prayer; Drawings of the life and teachings of Jesus Christ
File:Gospel of Mark Chapter 8-7 (Bible Illustrations by Sweet Media).jpg,41_Mk_08_07_RG.jpg,True,831,610,161449,161449,True,Matthew 16:13-20<br>Jesus proclaimed Messiah at Caesarea Ph.,
File:Gospel of Mark Chapter 9-8 (Bible Illustrations by Sweet Media).jpg,41_Mk_09_08_RG.jpg,True,831,610,148033,148033,True,Matthew 17:10-13<br>Elijah explained,
File:Gospel of Mark Chapter 9-9 (Bible Illustrations by Sweet Media).jpg,41_Mk_09_09_RG.jpg,True,831,610,161553,161553,True,Matthew 17:10-13<br>Elijah explained,
File:Gospel of Mark Chapter 9-24 (Bible Illustrations by Sweet Media).jpg,41_Mk_09_24_RG.jpg,True,831,610,158460,158460,True,Mark 09:14-29<br>Demoniac boy healed,Healing of the possessed boy
File:Gospel of Matthew Chapter 3-7 (Bible Illustrations by Sweet Media).jpg,40_Mt_03_07_RG.jpg,True,831,610,164442,164442,True,Matthew 03:13-17<br>The Baptism of Jesus,Saint John the Baptist in art
File:Gospel of Matthew Chapter 4-2 (Bible Illustrations by Sweet Media).jpg,40_Mt_04_02_RG.jpg,True,831,610,138340,0,,<!-- Also Gospel of Matthew Chapter 4-2 (Bible...).jpg-->Matthew 04:01-11<br>Luke 04:03<br>The Temptation of Jesus,
File:Gospel of Matthew Chapter 5-1 (Bible Illustrations by Sweet Media).jpg,40_Mt_05_01_RG.jpg,True,831,610,145330,145330,True,Matthew 05:01-7:29<br>Sermon on the Mount / Plain,
File:Gospel of Matthew Chapter 8-3 (Bible Illustrations by Sweet Media).jpg,40_Mt_08_03_RG.jpg,True,831,610,154473,154473,True,<!-- Also Gospel of Matthew Chapter 8-3 (Bible...).jpg-->Matthew 08:05-13<br>Luke 07:06b-8<br>Healing of the centurion’s Servant,
File:Gospel of Matthew Chapter 8-7 (Bible Illustrations by Sweet Media).jpg,40_Mt_08_07_RG.jpg,True,831,610,140438,140438,True,Matthew 08:05-13<br>Healing of the centurion’s Servant,
File:Gospel of Matthew Chapter 8-10 (Bible Illustrations by Sweet Media).jpg,40_Mt_08_10_RG.jpg,True,831,610,170676,170676,True,<!-- Also Gospel of Matthew Chapter 8-10 (Bible...).jpg-->Matthew 08:18-27<br>Luke 08:22-25<br>Jesus calms the storm,
File:Gospel of Matthew Chapter 8-12 (Bible Illustrations by Sweet Media).jpg,40_Mt_08_12_RG.jpg,True,831,610,176768,176768,True,<!-- Also Gospel of Matthew Chapter 8-12 (Bible...).jpg-->Matthew 08:18-27<br>Luke 08:24b<br>Jesus calms the storm,
File:Gospel of Matthew Chapter 17-1 (Bible Illustrations by Sweet Media).jpg,40_Mt_17_01_RG.jpg,True,831,610,150617,150617,True,<!-- Also Gospel of Matthew Chapter 17-1 (Bible...).jpg-->Matthew 17:01-9<br>Luke 09:28<br>The transfiguration,Illustrations of transfiguration of Jesus Christ
File:Gospel of Matthew Chapter 17-2 (Bible Illustrations by Sweet Media).jpg,40_Mt_17_02_RG.jpg,True,831,610,148902,148902,True,<!-- Also Gospel of Matthew Chapter 17-2 (Bible...).jpg-->Matthew 17:01-9<br>Luke 09:29<br>The transfiguration,Illustrations of transfiguration of Jesus Christ; Line art without P180
File:Gospel of Matthew Chapter 17-3 (Bible Illustrations by Sweet Media).jpg,40_Mt_17_03_RG.jpg,True,831,610,165918,165918,True,<!-- Also Gospel of Matthew Chapter 17-3 (Bible...).jpg-->Matthew 17:01-9<br>Luke 09:30<br>The transfiguration,
File:Gospel of Matthew Chapter 17-4 (Bible Illustrations by Sweet Media).jpg,40_Mt_17_04_RG.jpg,True,831,610,166069,166069,True,<!-- Also Gospel of Matthew Chapter 17-4 (Bible...).jpg-->Matthew 17:01-9<br>Luke 09:31-32<br>The transfiguration,Illustrations of transfiguration of Jesus Christ; Line art without P180
File:Gospel of Matthew Chapter 17-5 (Bible Illustrations by Sweet Media).jpg,40_Mt_17_05_RG.jpg,True,831,610,160763,160763,True,<!-- Also Gospel of Matthew Chapter 17-5 (Bible...).jpg-->Matthew 17:01-9<br>Luke 09:33-34<br>The transfiguration,Line art without P180
File:Gospel of Matthew Chapter 17-6 (Bible Illustrations by Sweet Media).jpg,40_Mt_17_06_RG.jpg,True,831,610,165753,165753,True,Matthew 17:01-9<br>The transfiguration,Illustrations of transfiguration of Jesus Christ; Line art without P180
File:Gospel of Matthew Chapter 17-7 (Bible Illustrations by Sweet Media).jpg,40_Mt_17_07_RG.jpg,True,831,610,146584,146584,True,Matthew 17:01-9<br>The transfiguration,Illustrations of transfiguration of Jesus Christ; Line art without P180
File:Gospel of Matthew Chapter 22-4 (Bible Illustrations by Sweet Media).jpg,40_Mt_22_04_RG.jpg,True,831,610,163545,0,,<!-- Also Gospel of Matthew Chapter 22-4 (Bible...).jpg-->Matthew 21:23-27<br>Luke 20:05-6<br>Conflict in the Temple,
File:Gospel of Matthew Chapter 22-5 (Bible Illustrations by Sweet Media).jpg,40_Mt_22_05_RG.jpg,True,831,610,128815,0,,<!-- Also Gospel of Matthew Chapter 22-5 (Bible...).jpg-->Matthew 21:23-27<br>Luke 20:07-8<br>Conflict in the Temple,
File:Gospel of Matthew Chapter 22-6 (Bible Illustrations by Sweet Media).jpg,40_Mt_22_06_RG.jpg,True,831,610,149109,149109,True,<!-- Also Gospel of Matthew Chapter 22-6 (Bible...).jpg-->Matthew 22:15-22<br>Luke 20:20-21<br>Paying tribute to Caesar,
File:Gospel of Matthew Chapter 26-7 (Bible Illustrations by Sweet Media).jpg,40_Mt_26_07_RG.jpg,True,808,610,153068,153068,True,Matthew 26:17-19<br>Preparations for Passover meal,
File:Gospel of Matthew Chapter 26-14 (Bible Illustrations by Sweet Media).jpg,40_Mt_26_14_RG.jpg,True,831,610,148706,148706,True,<!-- Also Gospel of Matthew Chapter 26-14 (Bible...).jpg-->Matthew 26:26-29<br>Luke 22:17-19<br>Jesus institutes the Lord's Supper,Drawings of the Last Supper
File:Gospel of Matthew Chapter 26-15 (Bible Illustrations by Sweet Media).jpg,40_Mt_26_15_RG.jpg,True,831,610,159830,159830,True,<!-- Also Gospel of Matthew Chapter 26-15 (Bible...).jpg-->Matthew 26:26-29<br>Luke 22:20<br>Jesus institutes the Lord's Supper,
File:Gospel of Matthew Chapter 26-16 (Bible Illustrations by Sweet Media).jpg,40_Mt_26_16_RG.jpg,True,831,610,147371,147371,True,<!-- Also Gospel of Matthew Chapter 26-16 (Bible...).jpg-->Matthew 26:31-35<br>Luke 22:31-32<br>Jesus predicts Peter's denial,Line art without P180
File:Gospel of Matthew Chapter 26-22 (Bible Illustrations by Sweet Media).jpg,40_Mt_26_22_RG.jpg,True,831,610,186437,186437,True,<!-- Also Gospel of Matthew Chapter 26-22 (Bible...).jpg-->Matthew 26:36-46<br>Luke 22:39<br>Jesus' Prayer at Gathsemene,
File:Gospel of Matthew Chapter 26-25 (Bible Illustrations by Sweet Media).jpg,40_Mt_26_25_RG.jpg,True,831,610,171536,171536,True,<!-- Also Gospel of Matthew Chapter 26-25 (Bible...).jpg-->Matthew 26:36-46<br>Luke 22:45-46<br>Jesus' Prayer at Gathsemene,
File:Gospel of Matthew Chapter 26-26 (Bible Illustrations by Sweet Media).jpg,40_Mt_26_26_RG.jpg,True,831,610,177926,177926,True,<!-- Also Gospel of Matthew Chapter 26-26 (Bible...).jpg-->Matthew 26:36-46<br>Luke 22<br>Jesus' Prayer at Gathsemene,Drawings of Jesus Christ on the Mount of Olives
File:Gospel of Matthew Chapter 26-27 (Bible Illustrations by Sweet Media).jpg,40_Mt_26_27_RG.jpg,True,831,610,191571,191571,True,<!-- Also Gospel of Matthew Chapter 26-27 (Bible...).jpg-->Matthew 26:47-56<br>Luke 22:47-48<br>Betrayal and Arrest (around midnight?),Drawings of the capture of Jesus Christ
File:Gospel of Matthew Chapter 26-33 (Bible Illustrations by Sweet Media).jpg,40_Mt_26_33_RG.jpg,True,831,610,174383,174383,True,"<!-- Also Gospel of Matthew Chapter 26-33 (Bible...).jpg-->Matthew 26:57,59-68<br>Luke 22:54a<br>Trial before Caiphas",Jesus before Caiaphas
File:Gospel of Matthew Chapter 26-35 (Bible Illustrations by Sweet Media).jpg,40_Mt_26_35_RG.jpg,True,831,610,165375,165375,True,"<!-- Also Gospel of Matthew Chapter 26-35 (Bible...).jpg-->Matthew 26:57,59-68<br>Luke 22:63-65<br>Trial before Caiphas",Jesus before Caiaphas
File:Gospel of Matthew Chapter 27-5 (Bible Illustrations by Sweet Media).jpg,40_Mt_27_05_RG.jpg,True,831,610,186502,186502,True,Luke 23:11<br>Jesus sent to Herod Antipas,Final mocking of Christ (at Pilatus)
File:Gospel of Matthew Chapter 27-6 (Bible Illustrations by Sweet Media).jpg,40_Mt_27_06_RG.jpg,True,831,610,170303,170303,True,<!-- Also Gospel of Matthew Chapter 27-6 (Bible...).jpg-->Matthew 27:22-26<br>Luke 23:23b-25<br>Pilate's decision to crucify Jesus,Line art without P180
File:Gospel of Matthew Chapter 27-8 (Bible Illustrations by Sweet Media).jpg,40_Mt_27_08_RG.jpg,True,831,610,177778,177778,True,<!-- Also Gospel of Matthew Chapter 27-8 (Bible...).jpg-->Matthew 27:31-34<br>John 19:17<br>Jesus led to the cross,Crucifixion of Christ
File:Gospel of Matthew Chapter 27-13 (Bible Illustrations by Sweet Media).jpg,40_Mt_27_13_RG.jpg,True,803,610,160352,160352,True,<!-- Also Gospel of Matthew Chapter 27-13 (Bible...).jpg-->Matthew 27:35-44<br>Luke 23:35a<br>Jesus' first 3 hours on the cross,Crucifixion of Christ
File:Gospel of Matthew Chapter 27-14 (Bible Illustrations by Sweet Media).jpg,40_Mt_27_14_RG.jpg,True,809,610,165802,165802,True,<!-- Also Gospel of Matthew Chapter 27-14 (Bible...).jpg-->Matthew 27:35-44<br>Luke 23:35b<br>Jesus' first 3 hours on the cross,
File:Gospel of Matthew Chapter 27-17 (Bible Illustrations by Sweet Media).jpg,40_Mt_27_17_RG.jpg,True,812,610,149559,149559,True,<!-- Also Gospel of Matthew Chapter 27-17 (Bible...).jpg-->Matthew 27:51-56<br>Luke 23:49<br>Events accompanying Jesus' death,
File:Gospel of Matthew Chapter 28-8 (Bible Illustrations by Sweet Media).jpg,40_Mt_28_08_RG.jpg,True,822,610,152886,152886,True,Matthew 28:16-20<br>To the 11 in Galilee,
File:Gospel of Mark Chapter 14-17 (Bible Illustrations by Sweet Media).jpg,41_Mk_14_17_RG.jpg,True,831,610,176798,176798,True,Matthew 26:31-35<br>Jesus predicts Peter's denial,Drawings of Jesus Christ on the Mount of Olives
File:Gospel of Mark Chapter 14-24 (Bible Illustrations by Sweet Media).jpg,41_Mk_14_24_RG.jpg,True,832,609,169335,169335,True,<!-- Also files:Gospel of Matthew Chapter 26-24; of John Chapter 17-1 (Bible...).jpg-->Matthew 26:36-46<br>Luke 22:41-44<br>John 18:01<br>Jesus' Prayer at Gathsemene,Drawings of Jesus Christ on the Mount of Olives; Prayer
File:Gospel of Mark Chapter 14-32 (Bible Illustrations by Sweet Media).jpg,41_Mk_14_32_RG.jpg,True,831,610,165329,165329,True,"Matthew 26:57,59-68<br>Trial before Caiphas",
File:Gospel of Mark Chapter 14-34 (Bible Illustrations by Sweet Media).jpg,41_Mk_14_34_RG.jpg,True,831,610,163778,163778,True,"Matthew 26:57,59-68<br>Trial before Caiphas",Jesus before Caiaphas; High priests of Israel
File:Gospel of Luke Chapter 23-13 (Bible Illustrations by Sweet Media).jpg,42_Lk_23_13_RG.jpg,True,827,610,144318,144318,True,<!-- Also files:Gospel of Matthew Chapter 27-12; of John Chapter 19-8 (Bible...).jpg-->Matthew 27:35-44<br>Luke 23:39-43<br>John 19:25-27<br>Jesus' first 3 hours on the cross,Drawings of Crucifixion of Christ; Jesus Christ between the felons; Line art without P180
File:Gospel of John Chapter 13-8 (Bible Illustrations by Sweet Media).jpg,43_Jn_13_08_RG.jpg,True,831,610,162161,162161,True,John 13:21-30<br>Jesus names Judas as His betrayer,Drawings of the Last Supper; Judas Iscariot in art
File:Gospel of John Chapter 13-9 (Bible Illustrations by Sweet Media).jpg,43_Jn_13_09_RG.jpg,True,831,610,163996,163996,True,<!-- Also files:Gospel of Matthew Chapter 26-18; of John Chapter 13-9 (Bible...).jpg-->Matthew 26:31-35<br>Luke 22:33<br>John 13:36<br>Jesus predicts Peter's denial,Drawings of Jesus Christ on the Mount of Olives
File:Acts of the Apostles Chapter 1-1 (Bible Illustrations by Sweet Media).jpg,44_Ac_01_01_RG.jpg,True,831,610,145390,145390,True,Matthew 28:16-20<br>To the 11 in Galilee,
File:Acts of the Apostles Chapter 1-2 (Bible Illustrations by Sweet Media).jpg,44_Ac_01_02_RG.jpg,True,831,610,149373,149373,True,Luke 24:44<br>Appearance to the Disciples in Jerusalem,
File:Acts of the Apostles Chapter 1-3 (Bible Illustrations by Sweet Media).jpg,44_Ac_01_03_RG.jpg,True,831,610,138724,138724,True,Luke 24:50-51<br>The Ascension of Jesus,Drawings of the Ascension of Jesus Christ; Jesus Christ on the Mount of Olives
File:Acts of the Apostles Chapter 1-4 (Bible Illustrations by Sweet Media).jpg,44_Ac_01_04_RG.jpg,True,806,610,144751,144751,True,,
File:Acts of the Apostles Chapter 1-5 (Bible Illustrations by Sweet Media).jpg,44_Ac_01_05_RG.jpg,True,831,610,151205,151205,True,,
File:Acts of the Apostles Chapter 1-6 (Bible Illustrations by Sweet Media).jpg,44_Ac_01_06_RG.jpg,True,831,610,169057,169057,True,,
File:Acts of the Apostles Chapter 1-7 (Bible Illustrations by Sweet Media).jpg,44_Ac_01_07_RG.jpg,True,831,610,158837,158837,True,,Line art without P180
File:Acts of the Apostles Chapter 1-10 (Bible Illustrations by Sweet Media).jpg,44_Ac_01_10_RG.jpg,True,831,610,160775,160775,True,,
File:Acts of the Apostles Chapter 1-11 (Bible Illustrations by Sweet Media).jpg,44_Ac_01_11_RG.jpg,True,831,610,161362,161362,True,,
File:Acts of the Apostles Chapter 1-8 (Bible Illustrations by Sweet Media).jpg,44_Ac_01_08_RG.jpg,True,831,610,152089,152089,True,,
File:Acts of the Apostles Chapter 1-9 (Bible Illustrations by Sweet Media).jpg,44_Ac_01_09_RG.jpg,True,831,610,152402,152402,True,,
File:Acts of the Apostles Chapter 10-1 (Bible Illustrations by Sweet Media).jpg,44_Ac_10_01_RG.jpg,True,831,610,160763,160763,True,,
File:Acts of the Apostles Chapter 10-2 (Bible Illustrations by Sweet Media).jpg,44_Ac_10_02_RG.jpg,True,831,610,150240,150240,True,,
File:Acts of the Apostles Chapter 10-3 (Bible Illustrations by Sweet Media).jpg,44_Ac_10_03_RG.jpg,True,831,610,167619,167619,True,,
File:Acts of the Apostles Chapter 10-4 (Bible Illustrations by Sweet Media).jpg,44_Ac_10_04_RG.jpg,True,831,610,145093,145093,True,,Line art without P180
File:Acts of the Apostles Chapter 10-5 (Bible Illustrations by Sweet Media).jpg,44_Ac_10_05_RG.jpg,True,831,610,137207,137207,True,,
File:Acts of the Apostles Chapter 10-6 (Bible Illustrations by Sweet Media).jpg,44_Ac_10_06_RG.jpg,True,831,610,160481,160481,True,,
File:Acts of the Apostles Chapter 10-7 (Bible Illustrations by Sweet Media).jpg,44_Ac_10_07_RG.jpg,True,831,610,152838,152838,True,,
File:Acts of the Apostles Chapter 10-8 (Bible Illustrations by Sweet Media).jpg,44_Ac_10_08_RG.jpg,True,831,610,166723,166723,True,,
File:Acts of the Apostles Chapter 10-9 (Bible Illustrations by Sweet Media).jpg,44_Ac_10_09_RG.jpg,True,831,610,155203,155203,True,,
File:Acts of the Apostles Chapter 11-1 (Bible Illustrations by Sweet Media).jpg,44_Ac_11_01_RG.jpg,True,831,610,152989,152989,True,,Line art without P180
File:Acts of the Apostles Chapter 11-2 (Bible Illustrations by Sweet Media).jpg,44_Ac_11_02_RG.jpg,True,831,610,155103,155103,True,,
File:Acts of the Apostles Chapter 12-1 (Bible Illustrations by Sweet Media).jpg,44_Ac_12_01_RG.jpg,True,831,610,149796,149796,True,,Line art without P180
File:Acts of the Apostles Chapter 12-2 (Bible Illustrations by Sweet Media).jpg,44_Ac_12_02_RG.jpg,True,831,610,164229,164229,True,,
File:Acts of the Apostles Chapter 12-3 (Bible Illustrations by Sweet Media).jpg,44_Ac_12_03_RG.jpg,True,831,610,165447,165447,True,,
File:Acts of the Apostles Chapter 12-4 (Bible Illustrations by Sweet Media).jpg,44_Ac_12_04_RG.jpg,True,831,610,154915,154915,True,,Line art without P180
File:Acts of the Apostles Chapter 12-5 (Bible Illustrations by Sweet Media).jpg,44_Ac_12_05_RG.jpg,True,831,610,149837,149837,True,,
File:Acts of the Apostles Chapter 12-6 (Bible Illustrations by Sweet Media).jpg,44_Ac_12_06_RG.jpg,True,831,610,128826,128826,True,,Line art without P180
File:Acts of the Apostles Chapter 12-7 (Bible Illustrations by Sweet Media).jpg,44_Ac_12_07_RG.jpg,True,807,610,125808,125808,True,,
File:Acts of the Apostles Chapter 12-8 (Bible Illustrations by Sweet Media).jpg,44_Ac_12_08_RG.jpg,True,831,610,135048,135048,True,,Line art without P180
File:Acts of the Apostles Chapter 12-9 (Bible Illustrations by Sweet Media).jpg,44_Ac_12_09_RG.jpg,True,831,610,154813,154813,True,,
File:Acts of the Apostles Chapter 12-10 (Bible Illustrations by Sweet Media).jpg,44_Ac_12_10_RG.jpg,True,831,610,153688,153688,True,,
File:Acts of the Apostles Chapter 12-11 (Bible Illustrations by Sweet Media).jpg,44_Ac_12_11_RG.jpg,True,831,610,163371,163371,True,,
File:Acts of the Apostles Chapter 12-12 (Bible Illustrations by Sweet Media).jpg,44_Ac_12_12_RG.jpg,True,831,610,182159,182159,True,,
File:Acts of the Apostles Chapter 12-13 (Bible Illustrations by Sweet Media).jpg,44_Ac_12_13_RG.jpg,True,831,610,144746,0,,,
File:Acts of the Apostles Chapter 13-1 (Bible Illustrations by Sweet Media).jpg,44_Ac_13_01_RG.jpg,True,831,610,153089,153089,True,,
File:Acts of the Apostles Chapter 13-2 (Bible Illustrations by Sweet Media).jpg,44_Ac_13_02_RG.jpg,True,831,610,160938,160938,True,,
File:Acts of the Apostles Chapter 13-3 (Bible Illustrations by Sweet Media).jpg,44_Ac_13_03_RG.jpg,True,831,610,157805,157805,True,,
File:Acts of the Apostles Chapter 13-4 (Bible Illustrations by Sweet Media).jpg,44_Ac_13_04_RG.jpg,True,831,610,149527,149527,True,,Line art without P180
File:Acts of the Apostles Chapter 13-5 (Bible Illustrations by Sweet Media).jpg,44_Ac_13_05_RG.jpg,True,831,610,151817,151817,True,,Line art without P180
File:Acts of the Apostles Chapter 13-6 (Bible Illustrations by Sweet Media).jpg,44_Ac_13_06_RG.jpg,True,831,610,135265,135265,True,,Line art without P180
File:Acts of the Apostles Chapter 13-7 (Bible Illustrations by Sweet Media).jpg,44_Ac_13_07_RG.jpg,True,831,610,158895,158895,True,,
File:Acts of the Apostles Chapter 13-8 (Bible Illustrations by Sweet Media).jpg,44_Ac_13_08_RG.jpg,True,831,610,153050,153050,True,,
File:Acts of the Apostles Chapter 13-9 (Bible Illustrations by Sweet Media).jpg,44_Ac_13_09_RG.jpg,True,831,610,145236,145236,True,,
File:Acts of the Apostles Chapter 13-10 (Bible Illustrations by Sweet Media).jpg,44_Ac_13_10_RG.jpg,True,831,610,169915,169915,True,,
File:Acts of the Apostles Chapter 13-11 (Bible Illustrations by Sweet Media).jpg,44_Ac_13_11_RG.jpg,True,831,610,107352,107352,True,,
File:Acts of the Apostles Chapter 13-12 (Bible Illustrations by Sweet Media).jpg,44_Ac_13_12_RG.jpg,True,831,610,168039,168039,True,,
File:Acts of the Apostles Chapter 13-13 (Bible Illustrations by Sweet Media).jpg,44_Ac_13_13_RG.jpg,True,831,610,134521,134521,True,,
File:Acts of the Apostles Chapter 13-14 (Bible Illustrations by Sweet Media).jpg,44_Ac_13_14_RG.jpg,True,831,610,163273,163273,True,,
File:Acts of the Apostles Chapter 13-15 (Bible Illustrations by Sweet Media).jpg,44_Ac_13_15_RG.jpg,True,831,610,123919,123919,True,,
File:Acts of the Apostles Chapter 13-16 (Bible Illustrations by Sweet Media).jpg,44_Ac_13_16_RG.jpg,True,831,610,163633,163633,True,,Line art without P180
File:Acts of the Apostles Chapter 13-17 (Bible Illustrations by Sweet Media).jpg,44_Ac_13_17_RG.jpg,True,831,610,137852,0,,,
File:Acts of the Apostles Chapter 13-18 (Bible Illustrations by Sweet Media).jpg,44_Ac_13_18_RG.jpg,True,831,610,143457,143457,True,,
File:Acts of the Apostles Chapter 13-19 (Bible Illustrations by Sweet Media).jpg,44_Ac_13_19_RG.jpg,True,831,610,158401,158401,True,,
File:Acts of the Apostles Chapter 13-20 (Bible Illustrations by Sweet Media).jpg,44_Ac_13_20_RG.jpg,True,831,610,167374,167374,True,,
File:Acts of the Apostles Chapter 14-1 (Bible Illustrations by Sweet Media).jpg,44_Ac_14_01_RG.jpg,True,831,610,159810,159810,True,,Line art without P180
File:Acts of the Apostles Chapter 14-2 (Bible Illustrations by Sweet Media).jpg,44_Ac_14_02_RG.jpg,True,831,610,154696,154696,True,,
File:Acts of the Apostles Chapter 14-10 (Bible Illustrations by Sweet Media).jpg,44_Ac_14_10_RG.jpg,True,831,610,147559,147559,True,,Line art without P180
File:Acts of the Apostles Chapter 14-11 (Bible Illustrations by Sweet Media).jpg,44_Ac_14_11_RG.jpg,True,831,610,172363,172363,True,,Line art without P180
File:Acts of the Apostles Chapter 14-3 (Bible Illustrations by Sweet Media).jpg,44_Ac_14_03_RG.jpg,True,831,610,150549,150549,True,,Line art without P180
File:Acts of the Apostles Chapter 14-4 (Bible Illustrations by Sweet Media).jpg,44_Ac_14_04_RG.jpg,True,831,610,153210,153210,True,,
File:Acts of the Apostles Chapter 14-5 (Bible Illustrations by Sweet Media).jpg,44_Ac_14_05_RG.jpg,True,831,610,174975,174975,True,,
File:Acts of the Apostles Chapter 14-6 (Bible Illustrations by Sweet Media).jpg,44_Ac_14_06_RG.jpg,True,831,610,175865,175865,True,,
File:Acts of the Apostles Chapter 14-7 (Bible Illustrations by Sweet Media).jpg,44_Ac_14_07_RG.jpg,True,831,610,162154,162154,True,,Line art without P180
File:Acts of the Apostles Chapter 14-8 (Bible Illustrations by Sweet Media).jpg,44_Ac_14_08_RG.jpg,True,831,610,159703,159703,True,,
File:Acts of the Apostles Chapter 14-9 (Bible Illustrations by Sweet Media).jpg,44_Ac_14_09_RG.jpg,True,831,610,131838,131838,True,,
File:Acts of the Apostles Chapter 15-1 (Bible Illustrations by Sweet Media).jpg,44_Ac_15_01_RG.jpg,True,831,610,155706,155706,True,,
File:Acts of the Apostles Chapter 15-2 (Bible Illustrations by Sweet Media).jpg,44_Ac_15_02_RG.jpg,True,831,610,138561,138561,True,,Line art without P180
File:Acts of the Apostles Chapter 15-3 (Bible Illustrations by Sweet Media).jpg,44_Ac_15_03_RG.jpg,True,831,610,157458,157458,True,,
File:Acts of the Apostles Chapter 15-4 (Bible Illustrations by Sweet Media).jpg,44_Ac_15_04_RG.jpg,True,831,610,153330,153330,True,,
File:Acts of the Apostles Chapter 15-5 (Bible Illustrations by Sweet Media).jpg,44_Ac_15_05_RG.jpg,True,831,610,138409,138409,True,,
File:Acts of the Apostles Chapter 15-6 (Bible Illustrations by Sweet Media).jpg,44_Ac_15_06_RG.jpg,True,831,610,130183,130183,True,,Line art without P180
File:Acts of the Apostles Chapter 15-7 (Bible Illustrations by Sweet Media).jpg,44_Ac_15_07_RG.jpg,True,831,610,147728,147728,True,,
File:Acts of the Apostles Chapter 15-8 (Bible Illustrations by Sweet Media).jpg,44_Ac_15_08_RG.jpg,True,831,610,153623,153623,True,,
File:Acts of the Apostles Chapter 15-9 (Bible Illustrations by Sweet Media).jpg,44_Ac_15_09_RG.jpg,True,831,610,143589,143589,True,,
File:Acts of the Apostles Chapter 15-10 (Bible Illustrations by Sweet Media).jpg,44_Ac_15_10_RG.jpg,True,831,610,157229,157229,True,,
File:Acts of the Apostles Chapter 15-11 (Bible Illustrations by Sweet Media).jpg,44_Ac_15_11_RG.jpg,True,831,610,168760,168760,True,,
File:Acts of the Apostles Chapter 15-12 (Bible Illustrations by Sweet Media).jpg,44_Ac_15_12_RG.jpg,True,831,610,148381,148381,True,,
File:Acts of the Apostles Chapter 15-13 (Bible Illustrations by Sweet Media).jpg,44_Ac_15_13_RG.jpg,True,831,610,96033,96033,True,,
File:Acts of the Apostles Chapter 16-1 (Bible Illustrations by Sweet Media).jpg,44_Ac_16_01_RG.jpg,True,831,610,170450,170450,True,,
File:Acts of the Apostles Chapter 16-2 (Bible Illustrations by Sweet Media).jpg,44_Ac_16_02_RG.jpg,True,831,610,159063,0,,,
File:Acts of the Apostles Chapter 16-3 (Bible Illustrations by Sweet Media).jpg,44_Ac_16_03_RG.jpg,True,831,610,103213,103213,True,,Line art without P180
File:Acts of the Apostles Chapter 16-4 (Bible Illustrations by Sweet Media).jpg,44_Ac_16_04_RG.jpg,True,831,610,108127,0,,,
File:Acts of the Apostles Chapter 16-5 (Bible Illustrations by Sweet Media).jpg,44_Ac_16_05_RG.jpg,True,831,610,154387,154387,True,,
File:Acts of the Apostles Chapter 16-6 (Bible Illustrations by Sweet Media).jpg,44_Ac_16_06_RG.jpg,True,831,610,164558,164558,True,,Line art without P180
File:Acts of the Apostles Chapter 16-7 (Bible Illustrations by Sweet Media).jpg,44_Ac_16_07_RG.jpg,True,831,610,113798,113798,True,,
File:Acts of the Apostles Chapter 16-8 (Bible Illustrations by Sweet Media).jpg,44_Ac_16_08_RG.jpg,True,832,603,170394,170394,True,,
File:Acts of the Apostles Chapter 16-9 (Bible Illustrations by Sweet Media).jpg,44_Ac_16_09_RG.jpg,True,831,610,148258,148258,True,,
File:Acts of the Apostles Chapter 16-10 (Bible Illustrations by Sweet Media).jpg,44_Ac_16_10_RG.jpg,True,831,610,158963,158963,True,,Line art without P180
File:Acts of the Apostles Chapter 16-11 (Bible Illustrations by Sweet Media).jpg,44_Ac_16_11_RG.jpg,True,831,610,142017,142017,True,,
File:Acts of the Apostles Chapter 16-12 (Bible Illustrations by Sweet Media).jpg,44_Ac_16_12_RG.jpg,True,831,610,144939,144939,True,,
File:Acts of the Apostles Chapter 16-13 (Bible Illustrations by Sweet Media).jpg,44_Ac_16_13_RG.jpg,True,831,610,163386,163386,True,,
File:Acts of the Apostles Chapter 16-14 (Bible Illustrations by Sweet Media).jpg,44_Ac_16_14_RG.jpg,True,831,610,156595,156595,True,,
File:Acts of the Apostles Chapter 16-15 (Bible Illustrations by Sweet Media).jpg,44_Ac_16_15_RG.jpg,True,831,610,149063,149063,True,,Stocks (restraints)
File:Acts of the Apostles Chapter 16-16 (Bible Illustrations by Sweet Media).jpg,44_Ac_16_16_RG.jpg,True,831,610,155533,0,,,Stocks (restraints)
File:Acts of the Apostles Chapter 16-17 (Bible Illustrations by Sweet Media).jpg,44_Ac_16_17_RG.jpg,True,831,610,149346,149346,True,,
File:Acts of the Apostles Chapter 16-18 (Bible Illustrations by Sweet Media).jpg,44_Ac_16_18_RG.jpg,True,831,610,154822,154822,True,,Line art without P180
File:Acts of the Apostles Chapter 16-19 (Bible Illustrations by Sweet Media).jpg,44_Ac_16_19_RG.jpg,True,831,610,145021,0,,,Baptism in art; Line art without P180
File:Acts of the Apostles Chapter 16-20 (Bible Illustrations by Sweet Media).jpg,44_Ac_16_20_RG.jpg,True,831,610,155310,155310,True,,
File:Acts of the Apostles Chapter 17-1 (Bible Illustrations by Sweet Media).jpg,44_Ac_17_01_RG.jpg,True,831,610,157380,157380,True,,
File:Acts of the Apostles Chapter 17-10 (Bible Illustrations by Sweet Media).jpg,44_Ac_17_10_RG.jpg,True,831,610,161676,161676,True,,
File:Acts of the Apostles Chapter 17-11 (Bible Illustrations by Sweet Media).jpg,44_Ac_17_11_RG.jpg,True,831,610,180503,180503,True,,Line art without P180
File:Acts of the Apostles Chapter 17-12 (Bible Illustrations by Sweet Media).jpg,44_Ac_17_12_RG.jpg,True,831,610,158661,158661,True,,
File:Acts of the Apostles Chapter 17-13 (Bible Illustrations by Sweet Media).jpg,44_Ac_17_13_RG.jpg,True,831,610,154788,154788,True,,Line art without P180
File:Acts of the Apostles Chapter 17-14 (Bible Illustrations by Sweet Media).jpg,44_Ac_17_14_RG.jpg,True,831,610,149402,149402,True,,
File:Acts of the Apostles Chapter 17-15 (Bible Illustrations by Sweet Media).jpg,44_Ac_17_15_RG.jpg,True,831,610,169211,169211,True,,
File:Acts of the Apostles Chapter 17-16 (Bible Illustrations by Sweet Media).jpg,44_Ac_17_16_RG.jpg,True,831,610,139807,139807,True,,
File:Acts of the Apostles Chapter 17-17 (Bible Illustrations by Sweet Media).jpg,44_Ac_17_17_RG.jpg,True,831,610,155642,0,,,
File:Acts of the Apostles Chapter 17-18 (Bible Illustrations by Sweet Media).jpg,44_Ac_17_18_RG.jpg,True,831,610,146720,146720,True,,
File:Acts of the Apostles Chapter 17-2 (Bible Illustrations by Sweet Media).jpg,44_Ac_17_02_RG.jpg,True,831,610,139258,139258,True,,
File:Acts of the Apostles Chapter 17-3 (Bible Illustrations by Sweet Media).jpg,44_Ac_17_03_RG.jpg,True,831,610,139837,139837,True,,
File:Acts of the Apostles Chapter 17-4 (Bible Illustrations by Sweet Media).jpg,44_Ac_17_04_RG.jpg,True,831,610,155129,155129,True,,
File:Acts of the Apostles Chapter 17-5 (Bible Illustrations by Sweet Media).jpg,44_Ac_17_05_RG.jpg,True,831,610,168241,168241,True,,
File:Acts of the Apostles Chapter 17-6 (Bible Illustrations by Sweet Media).jpg,44_Ac_17_06_RG.jpg,True,831,610,165873,165873,True,,
File:Acts of the Apostles Chapter 17-8 (Bible Illustrations by Sweet Media).jpg,44_Ac_17_08_RG.jpg,True,831,610,169175,169175,True,,
File:Acts of the Apostles Chapter 17-9 (Bible Illustrations by Sweet Media).jpg,44_Ac_17_09_RG.jpg,True,831,610,163061,163061,True,,
File:Acts of the Apostles Chapter 17-19 (Bible Illustrations by Sweet Media).jpg,44_Ac_17_19_RG.jpg,True,831,610,154407,154407,True,,
File:Acts of the Apostles Chapter 17-20 (Bible Illustrations by Sweet Media).jpg,44_Ac_17_20_RG.jpg,True,831,610,137732,137732,True,,
File:Acts of the Apostles Chapter 17-21 (Bible Illustrations by Sweet Media).jpg,44_Ac_17_21_RG.jpg,True,831,610,138828,138828,True,,
File:Acts of the Apostles Chapter 17-22 (Bible Illustrations by Sweet Media).jpg,44_Ac_17_22_RG.jpg,True,831,610,158625,158625,True,,
File:Acts of the Apostles Chapter 17-23 (Bible Illustrations by Sweet Media).jpg,44_Ac_17_23_RG.jpg,True,831,610,160263,160263,True,,
File:Acts of the Apostles Chapter 18-1 (Bible Illustrations by Sweet Media).jpg,44_Ac_18_01_RG.jpg,True,831,610,157032,157032,True,,
File:Acts of the Apostles Chapter 18-2 (Bible Illustrations by Sweet Media).jpg,44_Ac_18_02_RG.jpg,True,831,610,152715,152715,True,,
File:Acts of the Apostles Chapter 18-3 (Bible Illustrations by Sweet Media).jpg,44_Ac_18_03_RG.jpg,True,831,610,167676,167676,True,,
File:Acts of the Apostles Chapter 18-4 (Bible Illustrations by Sweet Media).jpg,44_Ac_18_04_RG.jpg,True,831,610,172640,172640,True,,Line art without P180
File:Acts of the Apostles Chapter 18-5 (Bible Illustrations by Sweet Media).jpg,44_Ac_18_05_RG.jpg,True,831,610,149706,149706,True,,
File:Acts of the Apostles Chapter 18-6 (Bible Illustrations by Sweet Media).jpg,44_Ac_18_06_RG.jpg,True,831,610,176687,176687,True,,
File:Acts of the Apostles Chapter 18-7 (Bible Illustrations by Sweet Media).jpg,44_Ac_18_07_RG.jpg,True,831,610,150909,150909,True,,
File:Acts of the Apostles Chapter 18-8 (Bible Illustrations by Sweet Media).jpg,44_Ac_18_08_RG.jpg,True,831,610,157379,157379,True,,
File:Acts of the Apostles Chapter 18-9 (Bible Illustrations by Sweet Media).jpg,44_Ac_18_09_RG.jpg,True,831,610,177618,177618,True,,
File:Acts of the Apostles Chapter 18-10 (Bible Illustrations by Sweet Media).jpg,44_Ac_18_10_RG.jpg,True,831,610,159334,159334,True,,Line art without P180
File:Acts of the Apostles Chapter 18-11 (Bible Illustrations by Sweet Media).jpg,44_Ac_18_11_RG.jpg,True,831,610,171780,171780,True,,
File:Acts of the Apostles Chapter 18-12 (Bible Illustrations by Sweet Media).jpg,44_Ac_18_12_RG.jpg,True,831,610,166961,166961,True,,
File:Acts of the Apostles Chapter 18-13 (Bible Illustrations by Sweet Media).jpg,44_Ac_18_13_RG.jpg,True,831,610,155329,155329,True,,Drawings of sailboats; Line art without P180
File:Acts of the Apostles Chapter 18-14 (Bible Illustrations by Sweet Media).jpg,44_Ac_18_14_RG.jpg,True,831,610,175753,175753,True,,
File:Acts of the Apostles Chapter 18-15 (Bible Illustrations by Sweet Media).jpg,44_Ac_18_15_RG.jpg,True,831,610,167044,167044,True,,Line art without P180
File:Acts of the Apostles Chapter 18-16 (Bible Illustrations by Sweet Media).jpg,44_Ac_18_16_RG.jpg,True,831,610,161199,161199,True,,Line art without P180
File:Acts of the Apostles Chapter 18-17 (Bible Illustrations by Sweet Media).jpg,44_Ac_18_17_RG.jpg,True,831,610,97373,97373,True,,
File:Acts of the Apostles Chapter 18-18 (Bible Illustrations by Sweet Media).jpg,44_Ac_18_18_RG.jpg,True,831,610,125270,125270,True,,
File:Acts of the Apostles Chapter 18-19 (Bible Illustrations by Sweet Media).jpg,44_Ac_18_19_RG.jpg,True,831,610,157579,157579,True,,Line art without P180
File:Acts of the Apostles Chapter 18-20 (Bible Illustrations by Sweet Media).jpg,44_Ac_18_20_RG.jpg,True,831,610,144959,144959,True,,
File:Acts of the Apostles Chapter 18-21 (Bible Illustrations by Sweet Media).jpg,44_Ac_18_21_RG.jpg,True,831,610,165366,0,,,
File:Acts of the Apostles Chapter 18-22 (Bible Illustrations by Sweet Media).jpg,44_Ac_18_22_RG.jpg,True,831,610,163671,163671,True,,
File:Acts of the Apostles Chapter 19-1 (Bible Illustrations by Sweet Media).jpg,44_Ac_19_01_RG.jpg,True,831,610,158723,158723,True,,
File:Acts of the Apostles Chapter 19-2 (Bible Illustrations by Sweet Media).jpg,44_Ac_19_02_RG.jpg,True,831,610,144251,144251,True,,
File:Acts of the Apostles Chapter 19-3 (Bible Illustrations by Sweet Media).jpg,44_Ac_19_03_RG.jpg,True,831,610,139241,139241,True,,Line art without P180
File:Acts of the Apostles Chapter 19-10 (Bible Illustrations by Sweet Media).jpg,44_Ac_19_10_RG.jpg,True,831,610,166232,166232,True,,
File:Acts of the Apostles Chapter 19-11 (Bible Illustrations by Sweet Media).jpg,44_Ac_19_11_RG.jpg,True,831,610,152757,152757,True,,
File:Acts of the Apostles Chapter 19-12 (Bible Illustrations by Sweet Media).jpg,44_Ac_19_12_RG.jpg,True,831,610,167783,167783,True,,
File:Acts of the Apostles Chapter 19-13 (Bible Illustrations by Sweet Media).jpg,44_Ac_19_13_RG.jpg,True,831,610,158107,158107,True,,
File:Acts of the Apostles Chapter 19-14 (Bible Illustrations by Sweet Media).jpg,44_Ac_19_14_RG.jpg,True,831,610,163708,163708,True,,
File:Acts of the Apostles Chapter 19-15 (Bible Illustrations by Sweet Media).jpg,44_Ac_19_15_RG.jpg,True,831,610,144036,144036,True,,Line art without P180
File:Acts of the Apostles Chapter 19-16 (Bible Illustrations by Sweet Media).jpg,44_Ac_19_16_RG.jpg,True,831,610,153074,153074,True,,
File:Acts of the Apostles Chapter 19-17 (Bible Illustrations by Sweet Media).jpg,44_Ac_19_17_RG.jpg,True,831,610,145207,145207,True,,Line art without P180
File:Acts of the Apostles Chapter 19-18 (Bible Illustrations by Sweet Media).jpg,44_Ac_19_18_RG.jpg,True,831,610,145986,145986,True,,
File:Acts of the Apostles Chapter 19-19 (Bible Illustrations by Sweet Media).jpg,44_Ac_19_19_RG.jpg,True,831,610,134768,134768,True,,
File:Acts of the Apostles Chapter 19-20 (Bible Illustrations by Sweet Media).jpg,44_Ac_19_20_RG.jpg,True,831,610,140686,140686,True,,Line art without P180
File:Acts of the Apostles Chapter 19-21 (Bible Illustrations by Sweet Media).jpg,44_Ac_19_21_RG.jpg,True,831,610,135560,135560,True,,
File:Acts of the Apostles Chapter 19-22 (Bible Illustrations by Sweet Media).jpg,44_Ac_19_22_RG.jpg,True,831,610,161700,161700,True,,Line art without P180
File:Acts of the Apostles Chapter 2-2 (Bible Illustrations by Sweet Media).jpg,44_Ac_02_02_RG.jpg,True,824,610,169728,169728,True,,
File:Acts of the Apostles Chapter 2-3 (Bible Illustrations by Sweet Media).jpg,44_Ac_02_03_RG.jpg,True,817,610,168225,168225,True,,Line art without P180
File:Acts of the Apostles Chapter 2-4 (Bible Illustrations by Sweet Media).jpg,44_Ac_02_04_RG.jpg,True,818,610,163845,163845,True,,Line art without P180
File:Acts of the Apostles Chapter 2-5 (Bible Illustrations by Sweet Media).jpg,44_Ac_02_05_RG.jpg,True,831,610,168813,168813,True,,Line art without P180
File:Acts of the Apostles Chapter 2-6 (Bible Illustrations by Sweet Media).jpg,44_Ac_02_06_RG.jpg,True,831,610,135267,135267,True,,
File:Acts of the Apostles Chapter 2-7 (Bible Illustrations by Sweet Media).jpg,44_Ac_02_07_RG.jpg,True,831,610,163648,163648,True,,
File:Acts of the Apostles Chapter 2-8 (Bible Illustrations by Sweet Media).jpg,44_Ac_02_08_RG.jpg,True,831,610,149461,149461,True,,Line art without P180
File:Acts of the Apostles Chapter 2-9 (Bible Illustrations by Sweet Media).jpg,44_Ac_02_09_RG.jpg,True,831,610,161869,0,,,
File:Acts of the Apostles Chapter 2-10 (Bible Illustrations by Sweet Media).jpg,44_Ac_02_10_RG.jpg,True,831,610,132562,132562,True,,
File:Acts of the Apostles Chapter 2-11 (Bible Illustrations by Sweet Media).jpg,44_Ac_02_11_RG.jpg,True,831,610,166107,166107,True,,
File:Acts of the Apostles Chapter 2-12 (Bible Illustrations by Sweet Media).jpg,44_Ac_02_12_RG.jpg,True,831,610,182920,182920,True,,
File:Acts of the Apostles Chapter 19-4 (Bible Illustrations by Sweet Media).jpg,44_Ac_19_04_RG.jpg,True,831,610,168129,168129,True,,
File:Acts of the Apostles Chapter 19-5 (Bible Illustrations by Sweet Media).jpg,44_Ac_19_05_RG.jpg,True,831,610,158582,158582,True,,
File:Acts of the Apostles Chapter 19-6 (Bible Illustrations by Sweet Media).jpg,44_Ac_19_06_RG.jpg,True,831,610,152908,152908,True,,
File:Acts of the Apostles Chapter 19-7 (Bible Illustrations by Sweet Media).jpg,44_Ac_19_07_RG.jpg,True,831,610,176653,176653,True,,Line art without P180
File:Acts of the Apostles Chapter 19-8 (Bible Illustrations by Sweet Media).jpg,44_Ac_19_08_RG.jpg,True,831,610,175112,0,,,
File:Acts of the Apostles Chapter 19-9 (Bible Illustrations by Sweet Media).jpg,44_Ac_19_09_RG.jpg,True,831,610,178951,178951,True,,
File:Acts of the Apostles Chapter 20-1 (Bible Illustrations by Sweet Media).jpg,44_Ac_20_01_RG.jpg,True,831,610,138300,138300,True,,
File:Acts of the Apostles Chapter 20-2 (Bible Illustrations by Sweet Media).jpg,44_Ac_20_02_RG.jpg,True,831,610,135144,135144,True,,
File:Acts of the Apostles Chapter 20-3 (Bible Illustrations by Sweet Media).jpg,44_Ac_20_03_RG.jpg,True,831,610,145810,145810,True,,
File:Acts of the Apostles Chapter 20-4 (Bible Illustrations by Sweet Media).jpg,44_Ac_20_04_RG.jpg,True,831,610,149703,149703,True,,Line art without P180
File:Acts of the Apostles Chapter 20-5 (Bible Illustrations by Sweet Media).jpg,44_Ac_20_05_RG.jpg,True,831,610,97882,97882,True,,
File:Acts of the Apostles Chapter 20-6 (Bible Illustrations by Sweet Media).jpg,44_Ac_20_06_RG.jpg,True,831,610,151722,151722,True,,
File:Acts of the Apostles Chapter 20-7 (Bible Illustrations by Sweet Media).jpg,44_Ac_20_07_RG.jpg,True,831,610,147787,147787,True,,
File:Acts of the Apostles Chapter 20-8 (Bible Illustrations by Sweet Media).jpg,44_Ac_20_08_RG.jpg,True,831,610,156530,156530,True,,
File:Acts of the Apostles Chapter 20-9 (Bible Illustrations by Sweet Media).jpg,44_Ac_20_09_RG.jpg,True,831,610,166901,166901,True,,
File:Acts of the Apostles Chapter 20-10 (Bible Illustrations by Sweet Media).jpg,44_Ac_20_10_RG.jpg,True,831,610,130727,130727,True,,
File:Acts of the Apostles Chapter 20-11 (Bible Illustrations by Sweet Media).jpg,44_Ac_20_11_RG.jpg,True,831,610,149105,149105,True,,Line art without P180
File:Acts of the Apostles Chapter 21-1 (Bible Illustrations by Sweet Media).jpg,44_Ac_21_01_RG.jpg,True,831,610,159015,159015,True,,
File:Acts of the Apostles Chapter 21-2 (Bible Illustrations by Sweet Media).jpg,44_Ac_21_02_RG.jpg,True,831,610,165425,165425,True,,Line art without P180
File:Acts of the Apostles Chapter 21-3 (Bible Illustrations by Sweet Media).jpg,44_Ac_21_03_RG.jpg,True,831,610,165807,165807,True,,Line art without P180
File:Acts of the Apostles Chapter 21-4 (Bible Illustrations by Sweet Media).jpg,44_Ac_21_04_RG.jpg,True,831,610,146285,146285,True,,
File:Acts of the Apostles Chapter 21-5 (Bible Illustrations by Sweet Media).jpg,44_Ac_21_05_RG.jpg,True,831,610,155136,0,,,
File:Acts of the Apostles Chapter 21-6 (Bible Illustrations by Sweet Media).jpg,44_Ac_21_06_RG.jpg,True,831,610,149698,149698,True,,Line art without P180
File:Acts of the Apostles Chapter 21-7 (Bible Illustrations by Sweet Media).jpg,44_Ac_21_07_RG.jpg,True,831,610,155093,155093,True,,Line art without P180
File:Acts of the Apostles Chapter 21-8 (Bible Illustrations by Sweet Media).jpg,44_Ac_21_08_RG.jpg,True,831,610,155149,155149,True,,
File:Acts of the Apostles Chapter 21-9 (Bible Illustrations by Sweet Media).jpg,44_Ac_21_09_RG.jpg,True,831,610,164198,164198,True,,
File:Acts of the Apostles Chapter 21-10 (Bible Illustrations by Sweet Media).jpg,44_Ac_21_10_RG.jpg,True,831,610,163024,163024,True,,Line art without P180
File:Acts of the Apostles Chapter 21-11 (Bible Illustrations by Sweet Media).jpg,44_Ac_21_11_RG.jpg,True,831,610,146402,146402,True,,
File:Acts of the Apostles Chapter 21-12 (Bible Illustrations by Sweet Media).jpg,44_Ac_21_12_RG.jpg,True,831,610,161572,161572,True,,
File:Acts of the Apostles Chapter 21-13 (Bible Illustrations by Sweet Media).jpg,44_Ac_21_13_RG.jpg,True,831,610,159385,159385,True,,
File:Acts of the Apostles Chapter 21-14 (Bible Illustrations by Sweet Media).jpg,44_Ac_21_14_RG.jpg,True,831,610,155065,155065,True,,
File:Acts of the Apostles Chapter 21-15 (Bible Illustrations by Sweet Media).jpg,44_Ac_21_15_RG.jpg,True,831,610,163606,163606,True,,Line art without P180
File:Acts of the Apostles Chapter 21-16 (Bible Illustrations by Sweet Media).jpg,44_Ac_21_16_RG.jpg,True,831,610,154080,154080,True,,Line art without P180
File:Acts of the Apostles Chapter 21-17 (Bible Illustrations by Sweet Media).jpg,44_Ac_21_17_RG.jpg,True,831,610,158887,158887,True,,
File:Acts of the Apostles Chapter 22-1 (Bible Illustrations by Sweet Media).jpg,44_Ac_22_01_RG.jpg,True,831,610,176489,176489,True,,
File:Acts of the Apostles Chapter 22-2 (Bible Illustrations by Sweet Media).jpg,44_Ac_22_02_RG.jpg,True,831,610,160109,160109,True,,Flagellation in art; Line art without P180
File:Acts of the Apostles Chapter 22-3 (Bible Illustrations by Sweet Media).jpg,44_Ac_22_03_RG.jpg,True,831,610,152952,152952,True,,
File:Acts of the Apostles Chapter 22-4 (Bible Illustrations by Sweet Media).jpg,44_Ac_22_04_RG.jpg,True,831,610,176362,176362,True,,
File:Acts of the Apostles Chapter 22-5 (Bible Illustrations by Sweet Media).jpg,44_Ac_22_05_RG.jpg,True,831,610,166199,166199,True,,
File:Acts of the Apostles Chapter 23-1 (Bible Illustrations by Sweet Media).jpg,44_Ac_23_01_RG.jpg,True,831,610,149908,149908,True,,
File:Acts of the Apostles Chapter 23-2 (Bible Illustrations by Sweet Media).jpg,44_Ac_23_02_RG.jpg,True,831,610,160071,160071,True,,
File:Acts of the Apostles Chapter 23-3 (Bible Illustrations by Sweet Media).jpg,44_Ac_23_03_RG.jpg,True,831,610,159613,159613,True,,
File:Acts of the Apostles Chapter 23-4 (Bible Illustrations by Sweet Media).jpg,44_Ac_23_04_RG.jpg,True,831,610,164902,164902,True,,Line art without P180
File:Acts of the Apostles Chapter 23-5 (Bible Illustrations by Sweet Media).jpg,44_Ac_23_05_RG.jpg,True,831,610,134377,0,,,
File:Acts of the Apostles Chapter 23-6 (Bible Illustrations by Sweet Media).jpg,44_Ac_23_06_RG.jpg,True,831,610,170498,170498,True,,
File:Acts of the Apostles Chapter 23-7 (Bible Illustrations by Sweet Media).jpg,44_Ac_23_07_RG.jpg,True,831,610,158444,158444,True,,
File:Acts of the Apostles Chapter 23-8 (Bible Illustrations by Sweet Media).jpg,44_Ac_23_08_RG.jpg,True,831,610,164198,164198,True,,Line art without P180
File:Acts of the Apostles Chapter 23-9 (Bible Illustrations by Sweet Media).jpg,44_Ac_23_09_RG.jpg,True,831,610,166933,166933,True,,
File:Acts of the Apostles Chapter 23-10 (Bible Illustrations by Sweet Media).jpg,44_Ac_23_10_RG.jpg,True,831,610,151630,151630,True,,Scrolls in art; English text
File:Acts of the Apostles Chapter 23-11 (Bible Illustrations by Sweet Media).jpg,44_Ac_23_11_RG.jpg,True,831,610,149989,149989,True,,
File:Acts of the Apostles Chapter 24-1 (Bible Illustrations by Sweet Media).jpg,44_Ac_24_01_RG.jpg,True,831,610,162513,162513,True,,Line art without P180
File:Acts of the Apostles Chapter 24-2 (Bible Illustrations by Sweet Media).jpg,44_Ac_24_02_RG.jpg,True,831,610,162133,162133,True,,
File:Acts of the Apostles Chapter 24-3 (Bible Illustrations by Sweet Media).jpg,44_Ac_24_03_RG.jpg,True,831,610,130234,130234,True,,
File:Acts of the Apostles Chapter 24-4 (Bible Illustrations by Sweet Media).jpg,44_Ac_24_04_RG.jpg,True,831,610,134706,134706,True,,Line art without P180
File:Acts of the Apostles Chapter 24-5 (Bible Illustrations by Sweet Media).jpg,44_Ac_24_05_RG.jpg,True,831,610,135871,135871,True,,
File:Acts of the Apostles Chapter 24-6 (Bible Illustrations by Sweet Media).jpg,44_Ac_24_06_RG.jpg,True,831,610,147550,147550,True,,
File:Acts of the Apostles Chapter 24-7 (Bible Illustrations by Sweet Media).jpg,44_Ac_24_07_RG.jpg,True,831,610,136430,136430,True,,
File:Acts of the Apostles Chapter 24-8 (Bible Illustrations by Sweet Media).jpg,44_Ac_24_08_RG.jpg,True,831,610,147172,147172,True,,Line art without P180
File:Acts of the Apostles Chapter 24-9 (Bible Illustrations by Sweet Media).jpg,44_Ac_24_09_RG.jpg,True,831,610,142951,142951,True,,
File:Acts of the Apostles Chapter 24-10 (Bible Illustrations by Sweet Media).jpg,44_Ac_24_10_RG.jpg,True,831,610,145988,145988,True,,Line art without P180
File:Acts of the Apostles Chapter 24-11 (Bible Illustrations by Sweet Media).jpg,44_Ac_24_11_RG.jpg,True,831,610,123687,123687,True,,
File:Acts of the Apostles Chapter 25-1 (Bible Illustrations by Sweet Media).jpg,44_Ac_25_01_RG.jpg,True,831,610,147915,147915,True,,
File:Acts of the Apostles Chapter 25-2 (Bible Illustrations by Sweet Media).jpg,44_Ac_25_02_RG.jpg,True,831,610,149171,149171,True,,
File:Acts of the Apostles Chapter 25-3 (Bible Illustrations by Sweet Media).jpg,44_Ac_25_03_RG.jpg,True,831,610,114660,114660,True,,
File:Acts of the Apostles Chapter 25-4 (Bible Illustrations by Sweet Media).jpg,44_Ac_25_04_RG.jpg,True,831,610,148990,148990,True,,
File:Acts of the Apostles Chapter 25-5 (Bible Illustrations by Sweet Media).jpg,44_Ac_25_05_RG.jpg,True,831,610,164498,164498,True,,
File:Acts of the Apostles Chapter 25-6 (Bible Illustrations by Sweet Media).jpg,44_Ac_25_06_RG.jpg,True,831,610,152889,152889,True,,
File:Acts of the Apostles Chapter 26-1 (Bible Illustrations by Sweet Media).jpg,44_Ac_26_01_RG.jpg,True,831,610,137850,137850,True,,Line art without P180
File:Acts of the Apostles Chapter 26-2 (Bible Illustrations by Sweet Media).jpg,44_Ac_26_02_RG.jpg,True,831,610,174175,174175,True,,
File:Acts of the Apostles Chapter 26-3 (Bible Illustrations by Sweet Media).jpg,44_Ac_26_03_RG.jpg,True,831,610,152415,152415,True,,Line art without P180
File:Acts of the Apostles Chapter 26-4 (Bible Illustrations by Sweet Media).jpg,44_Ac_26_04_RG.jpg,True,831,610,173217,173217,True,,
File:Acts of the Apostles Chapter 26-5 (Bible Illustrations by Sweet Media).jpg,44_Ac_26_05_RG.jpg,True,831,610,173171,173171,True,,
File:Acts of the Apostles Chapter 27-1 (Bible Illustrations by Sweet Media).jpg,44_Ac_27_01_RG.jpg,True,831,610,171589,171589,True,,
File:Acts of the Apostles Chapter 27-2 (Bible Illustrations by Sweet Media).jpg,44_Ac_27_02_RG.jpg,True,831,610,126521,126521,True,,Drawings of ships
File:Acts of the Apostles Chapter 27-3 (Bible Illustrations by Sweet Media).jpg,44_Ac_27_03_RG.jpg,True,831,610,166582,166582,True,,
File:Acts of the Apostles Chapter 27-4 (Bible Illustrations by Sweet Media).jpg,44_Ac_27_04_RG.jpg,True,831,610,166313,166313,True,,Drawings of ships
File:Acts of the Apostles Chapter 27-10 (Bible Illustrations by Sweet Media).jpg,44_Ac_27_10_RG.jpg,True,831,610,165353,165353,True,,
File:Acts of the Apostles Chapter 27-11 (Bible Illustrations by Sweet Media).jpg,44_Ac_27_11_RG.jpg,True,831,610,163762,163762,True,,Line art without P180
File:Acts of the Apostles Chapter 27-12 (Bible Illustrations by Sweet Media).jpg,44_Ac_27_12_RG.jpg,True,831,610,189126,189126,True,,
File:Acts of the Apostles Chapter 27-13 (Bible Illustrations by Sweet Media).jpg,44_Ac_27_13_RG.jpg,True,831,610,179552,179552,True,,Drawings of ships
File:Acts of the Apostles Chapter 27-14 (Bible Illustrations by Sweet Media).jpg,44_Ac_27_14_RG.jpg,True,831,610,185954,185954,True,,
File:Acts of the Apostles Chapter 27-15 (Bible Illustrations by Sweet Media).jpg,44_Ac_27_15_RG.jpg,True,831,610,169476,169476,True,,
File:Acts of the Apostles Chapter 27-16 (Bible Illustrations by Sweet Media).jpg,44_Ac_27_16_RG.jpg,True,831,610,185230,185230,True,,
File:Acts of the Apostles Chapter 27-17 (Bible Illustrations by Sweet Media).jpg,44_Ac_27_17_RG.jpg,True,831,610,175112,175112,True,,
File:Acts of the Apostles Chapter 27-18 (Bible Illustrations by Sweet Media).jpg,44_Ac_27_18_RG.jpg,True,831,610,175875,175875,True,,Line art without P180
File:Acts of the Apostles Chapter 27-19 (Bible Illustrations by Sweet Media).jpg,44_Ac_27_19_RG.jpg,True,831,610,172683,172683,True,,Drawings of ships
File:Acts of the Apostles Chapter 27-20 (Bible Illustrations by Sweet Media).jpg,44_Ac_27_20_RG.jpg,True,831,610,179960,179960,True,,Drawings of ships
File:Acts of the Apostles Chapter 27-21 (Bible Illustrations by Sweet Media).jpg,44_Ac_27_21_RG.jpg,True,831,610,196080,196080,True,,Line art without P180
File:Acts of the Apostles Chapter 27-22 (Bible Illustrations by Sweet Media).jpg,44_Ac_27_22_RG.jpg,True,831,610,183221,183221,True,,
File:Acts of the Apostles Chapter 3-1 (Bible Illustrations by Sweet Media).jpg,44_Ac_03_01_RG.jpg,True,831,610,132533,132533,True,,
File:Acts of the Apostles Chapter 3-2 (Bible Illustrations by Sweet Media).jpg,44_Ac_03_02_RG.jpg,True,831,610,138960,138960,True,,
File:Acts of the Apostles Chapter 3-3 (Bible Illustrations by Sweet Media).jpg,44_Ac_03_03_RG.jpg,True,831,610,140007,140007,True,,Line art without P180
File:Acts of the Apostles Chapter 3-4 (Bible Illustrations by Sweet Media).jpg,44_Ac_03_04_RG.jpg,True,831,610,144565,144565,True,,
File:Acts of the Apostles Chapter 3-5 (Bible Illustrations by Sweet Media).jpg,44_Ac_03_05_RG.jpg,True,831,610,161639,161639,True,,
File:Acts of the Apostles Chapter 3-6 (Bible Illustrations by Sweet Media).jpg,44_Ac_03_06_RG.jpg,True,831,610,163074,163074,True,,
File:Acts of the Apostles Chapter 3-7 (Bible Illustrations by Sweet Media).jpg,44_Ac_03_07_RG.jpg,True,831,610,158844,158844,True,,
File:Acts of the Apostles Chapter 3-8 (Bible Illustrations by Sweet Media).jpg,44_Ac_03_08_RG.jpg,True,831,610,153423,153423,True,,
File:Acts of the Apostles Chapter 3-10 (Bible Illustrations by Sweet Media).jpg,44_Ac_03_10_RG.jpg,True,831,610,151649,151649,True,,
File:Acts of the Apostles Chapter 3-11 (Bible Illustrations by Sweet Media).jpg,44_Ac_03_11_RG.jpg,True,831,610,145359,145359,True,,Line art without P180
File:Acts of the Apostles Chapter 4-1 (Bible Illustrations by Sweet Media).jpg,44_Ac_04_01_RG.jpg,True,831,610,163435,163435,True,,Line art without P180
File:Acts of the Apostles Chapter 4-2 (Bible Illustrations by Sweet Media).jpg,44_Ac_04_02_RG.jpg,True,831,610,153834,153834,True,,
File:Acts of the Apostles Chapter 4-3 (Bible Illustrations by Sweet Media).jpg,44_Ac_04_03_RG.jpg,True,831,610,154155,154155,True,,Line art without P180
File:Acts of the Apostles Chapter 4-4 (Bible Illustrations by Sweet Media).jpg,44_Ac_04_04_RG.jpg,True,831,610,148494,148494,True,,
File:Acts of the Apostles Chapter 4-5 (Bible Illustrations by Sweet Media).jpg,44_Ac_04_05_RG.jpg,True,831,610,174576,174576,True,,
File:Acts of the Apostles Chapter 4-6 (Bible Illustrations by Sweet Media).jpg,44_Ac_04_06_RG.jpg,True,831,610,151764,151764,True,,
File:Acts of the Apostles Chapter 4-7 (Bible Illustrations by Sweet Media).jpg,44_Ac_04_07_RG.jpg,True,831,610,153174,153174,True,,Line art without P180
File:Acts of the Apostles Chapter 4-8 (Bible Illustrations by Sweet Media).jpg,44_Ac_04_08_RG.jpg,True,831,610,152868,152868,True,,
File:Acts of the Apostles Chapter 4-9 (Bible Illustrations by Sweet Media).jpg,44_Ac_04_09_RG.jpg,True,831,610,145209,145209,True,,
File:Acts of the Apostles Chapter 4-10 (Bible Illustrations by Sweet Media).jpg,44_Ac_04_10_RG.jpg,True,831,610,160775,160775,True,,
File:Acts of the Apostles Chapter 4-11 (Bible Illustrations by Sweet Media).jpg,44_Ac_04_11_RG.jpg,True,831,610,151690,151690,True,,
File:Acts of the Apostles Chapter 4-12 (Bible Illustrations by Sweet Media).jpg,44_Ac_04_12_RG.jpg,True,831,610,159441,159441,True,,Line art without P180
File:Acts of the Apostles Chapter 4-13 (Bible Illustrations by Sweet Media).jpg,44_Ac_04_13_RG.jpg,True,831,610,165209,165209,True,,
File:Acts of the Apostles Chapter 4-14 (Bible Illustrations by Sweet Media).jpg,44_Ac_04_14_RG.jpg,True,831,610,152945,152945,True,,Line art without P180
File:Acts of the Apostles Chapter 4-15 (Bible Illustrations by Sweet Media).jpg,44_Ac_04_15_RG.jpg,True,831,610,150189,150189,True,,
File:Acts of the Apostles Chapter 5-1 (Bible Illustrations by Sweet Media).jpg,44_Ac_05_01_RG.jpg,True,831,610,150672,150672,True,,Ananias and Sapphira
File:Acts of the Apostles Chapter 5-10 (Bible Illustrations by Sweet Media).jpg,44_Ac_05_10_RG.jpg,True,831,610,159699,159699,True,,
File:Acts of the Apostles Chapter 5-11 (Bible Illustrations by Sweet Media).jpg,44_Ac_05_11_RG.jpg,True,831,610,166754,166754,True,,Line art without P180
File:Acts of the Apostles Chapter 5-12 (Bible Illustrations by Sweet Media).jpg,44_Ac_05_12_RG.jpg,True,831,610,175370,175370,True,,
File:Acts of the Apostles Chapter 5-13 (Bible Illustrations by Sweet Media).jpg,44_Ac_05_13_RG.jpg,True,831,610,161473,161473,True,,Line art without P180
File:Acts of the Apostles Chapter 5-14 (Bible Illustrations by Sweet Media).jpg,44_Ac_05_14_RG.jpg,True,831,610,171324,171324,True,,Line art without P180
File:Acts of the Apostles Chapter 5-15 (Bible Illustrations by Sweet Media).jpg,44_Ac_05_15_RG.jpg,True,831,610,138391,138391,True,,
File:Acts of the Apostles Chapter 5-16 (Bible Illustrations by Sweet Media).jpg,44_Ac_05_16_RG.jpg,True,831,610,163556,163556,True,,
File:Acts of the Apostles Chapter 5-17 (Bible Illustrations by Sweet Media).jpg,,False,831,610,153659,,,,
File:Acts of the Apostles Chapter 27-5 (Bible Illustrations by Sweet Media).jpg,44_Ac_27_05_RG.jpg,True,831,610,162905,162905,True,,Drawings of ships
File:Acts of the Apostles Chapter 27-6 (Bible Illustrations by Sweet Media).jpg,44_Ac_27_06_RG.jpg,True,831,610,175368,175368,True,,Line art without P180
File:Acts of the Apostles Chapter 27-7 (Bible Illustrations by Sweet Media).jpg,44_Ac_27_07_RG.jpg,True,831,610,184351,184351,True,,Line art without P180
File:Acts of the Apostles Chapter 27-8 (Bible Illustrations by Sweet Media).jpg,44_Ac_27_08_RG.jpg,True,831,610,179340,179340,True,,
File:Acts of the Apostles Chapter 27-9 (Bible Illustrations by Sweet Media).jpg,44_Ac_27_09_RG.jpg,True,831,610,163280,163280,True,,
File:Acts of the Apostles Chapter 28-1 (Bible Illustrations by Sweet Media).jpg,44_Ac_28_01_RG.jpg,True,831,610,181775,181775,True,,
File:Acts of the Apostles Chapter 28-2 (Bible Illustrations by Sweet Media).jpg,44_Ac_28_02_RG.jpg,True,831,610,172188,172188,True,,
File:Acts of the Apostles Chapter 28-3 (Bible Illustrations by Sweet Media).jpg,44_Ac_28_03_RG.jpg,True,831,610,161010,161010,True,,
File:Acts of the Apostles Chapter 28-4 (Bible Illustrations by Sweet Media).jpg,44_Ac_28_04_RG.jpg,True,831,610,166578,166578,True,,
File:Acts of the Apostles Chapter 28-5 (Bible Illustrations by Sweet Media).jpg,44_Ac_28_05_RG.jpg,True,831,610,143147,143147,True,,
File:Acts of the Apostles Chapter 28-6 (Bible Illustrations by Sweet Media).jpg,44_Ac_28_06_RG.jpg,True,831,610,162363,162363,True,,
File:Acts of the Apostles Chapter 28-7 (Bible Illustrations by Sweet Media).jpg,44_Ac_28_07_RG.jpg,True,831,610,145550,145550,True,,Line art without P180
File:Acts of the Apostles Chapter 28-8 (Bible Illustrations by Sweet Media).jpg,44_Ac_28_08_RG.jpg,True,831,610,163486,163486,True,,Line art without P180
File:Acts of the Apostles Chapter 28-9 (Bible Illustrations by Sweet Media).jpg,44_Ac_28_09_RG.jpg,True,831,610,160804,160804,True,,
File:Acts of the Apostles Chapter 28-10 (Bible Illustrations by Sweet Media).jpg,44_Ac_28_10_RG.jpg,True,831,610,135970,135970,True,,
File:Acts of the Apostles Chapter 28-11 (Bible Illustrations by Sweet Media).jpg,44_Ac_28_11_RG.jpg,True,831,610,155587,155587,True,,Line art without P180
File:Acts of the Apostles Chapter 5-2 (Bible Illustrations by Sweet Media).jpg,44_Ac_05_02_RG.jpg,True,831,610,142131,142131,True,,Ananias and Sapphira; Line art without P180
File:Acts of the Apostles Chapter 5-3 (Bible Illustrations by Sweet Media).jpg,44_Ac_05_03_RG.jpg,True,831,610,145066,145066,True,,Ananias and Sapphira; Line art without P180
File:Acts of the Apostles Chapter 5-4 (Bible Illustrations by Sweet Media).jpg,44_Ac_05_04_RG.jpg,True,831,610,142410,142410,True,,Ananias and Sapphira
File:Acts of the Apostles Chapter 5-5 (Bible Illustrations by Sweet Media).jpg,44_Ac_05_05_RG.jpg,True,831,610,153389,153389,True,,Ananias and Sapphira
File:Acts of the Apostles Chapter 5-6 (Bible Illustrations by Sweet Media).jpg,44_Ac_05_06_RG.jpg,True,831,610,140749,140749,True,,Ananias and Sapphira
File:Acts of the Apostles Chapter 5-7 (Bible Illustrations by Sweet Media).jpg,44_Ac_05_07_RG.jpg,True,831,610,150983,150983,True,,Ananias and Sapphira
File:Acts of the Apostles Chapter 5-8 (Bible Illustrations by Sweet Media).jpg,44_Ac_05_08_RG.jpg,True,831,610,150038,150038,True,,Ananias and Sapphira; Line art without P180
File:Acts of the Apostles Chapter 5-9 (Bible Illustrations by Sweet Media).jpg,44_Ac_05_09_RG.jpg,True,831,610,175771,175771,True,,
File:Acts of the Apostles Chapter 5-18 (Bible Illustrations by Sweet Media).jpg,44_Ac_05_18_RG.jpg,True,831,610,178767,178767,True,,
File:Acts of the Apostles Chapter 5-19 (Bible Illustrations by Sweet Media).jpg,44_Ac_05_19_RG.jpg,True,831,610,173051,173051,True,,
File:Acts of the Apostles Chapter 6-1 (Bible Illustrations by Sweet Media).jpg,44_Ac_06_01_RG.jpg,True,831,610,154745,154745,True,,
File:Acts of the Apostles Chapter 6-2 (Bible Illustrations by Sweet Media).jpg,44_Ac_06_02_RG.jpg,True,831,610,157358,157358,True,,
File:Acts of the Apostles Chapter 6-3 (Bible Illustrations by Sweet Media).jpg,44_Ac_06_03_RG.jpg,True,831,610,147910,147910,True,,Line art without P180
File:Acts of the Apostles Chapter 6-4 (Bible Illustrations by Sweet Media).jpg,44_Ac_06_04_RG.jpg,True,831,610,187496,187496,True,,
File:Acts of the Apostles Chapter 6-5 (Bible Illustrations by Sweet Media).jpg,44_Ac_06_05_RG.jpg,True,831,610,149885,149885,True,,
File:Acts of the Apostles Chapter 6-6 (Bible Illustrations by Sweet Media).jpg,44_Ac_06_06_RG.jpg,True,831,610,164264,164264,True,,
File:Acts of the Apostles Chapter 6-7 (Bible Illustrations by Sweet Media).jpg,44_Ac_06_07_RG.jpg,True,831,610,154341,154341,True,,Line art without P180
File:Acts of the Apostles Chapter 6-8 (Bible Illustrations by Sweet Media).jpg,44_Ac_06_08_RG.jpg,True,831,610,151538,151538,True,,
File:Acts of the Apostles Chapter 6-9 (Bible Illustrations by Sweet Media).jpg,44_Ac_06_09_RG.jpg,True,831,610,166205,166205,True,,Line art without P180
File:Acts of the Apostles Chapter 6-10 (Bible Illustrations by Sweet Media).jpg,44_Ac_06_10_RG.jpg,True,831,610,129274,129274,True,,
File:Acts of the Apostles Chapter 6-11 (Bible Illustrations by Sweet Media).jpg,44_Ac_06_11_RG.jpg,True,831,610,145712,145712,True,,Line art without P180
File:Acts of the Apostles Chapter 6-12 (Bible Illustrations by Sweet Media).jpg,44_Ac_06_12_RG.jpg,True,831,610,181069,181069,True,,
File:Acts of the Apostles Chapter 7-1 (Bible Illustrations by Sweet Media).jpg,44_Ac_07_01_RG.jpg,True,831,610,167819,167819,True,,Line art without P180
File:Acts of the Apostles Chapter 7-2 (Bible Illustrations by Sweet Media).jpg,44_Ac_07_02_RG.jpg,True,831,610,146267,146267,True,,Line art without P180
File:Acts of the Apostles Chapter 7-3 (Bible Illustrations by Sweet Media).jpg,44_Ac_07_03_RG.jpg,True,831,610,140726,140726,True,,
File:Acts of the Apostles Chapter 7-4 (Bible Illustrations by Sweet Media).jpg,44_Ac_07_04_RG.jpg,True,831,610,171961,171961,True,,
File:Acts of the Apostles Chapter 8-1 (Bible Illustrations by Sweet Media).jpg,44_Ac_08_01_RG.jpg,True,831,610,167910,167910,True,,
File:Acts of the Apostles Chapter 8-2 (Bible Illustrations by Sweet Media).jpg,44_Ac_08_02_RG.jpg,True,831,610,146904,146904,True,,
File:Acts of the Apostles Chapter 8-3 (Bible Illustrations by Sweet Media).jpg,44_Ac_08_03_RG.jpg,True,831,610,154778,154778,True,,
File:Acts of the Apostles Chapter 8-4 (Bible Illustrations by Sweet Media).jpg,44_Ac_08_04_RG.jpg,True,831,610,155670,155670,True,,
File:Acts of the Apostles Chapter 8-5 (Bible Illustrations by Sweet Media).jpg,44_Ac_08_05_RG.jpg,True,803,610,166136,166136,True,,
File:Acts of the Apostles Chapter 8-6 (Bible Illustrations by Sweet Media).jpg,44_Ac_08_06_RG.jpg,True,831,610,144706,144706,True,,
File:Acts of the Apostles Chapter 8-7 (Bible Illustrations by Sweet Media).jpg,44_Ac_08_07_RG.jpg,True,831,610,155308,155308,True,,
File:Acts of the Apostles Chapter 8-8 (Bible Illustrations by Sweet Media).jpg,44_Ac_08_08_RG.jpg,True,831,610,161477,161477,True,,Line art without P180
File:Acts of the Apostles Chapter 8-9 (Bible Illustrations by Sweet Media).jpg,44_Ac_08_09_RG.jpg,True,831,610,142461,142461,True,,
File:Acts of the Apostles Chapter 8-10 (Bible Illustrations by Sweet Media).jpg,44_Ac_08_10_RG.jpg,True,831,610,140057,140057,True,,
File:Acts of the Apostles Chapter 8-11 (Bible Illustrations by Sweet Media).jpg,44_Ac_08_11_RG.jpg,True,831,610,153195,153195,True,,Line art without P180
File:Acts of the Apostles Chapter 8-12 (Bible Illustrations by Sweet Media).jpg,44_Ac_08_12_RG.jpg,True,831,610,144954,144954,True,,
File:Acts of the Apostles Chapter 8-13 (Bible Illustrations by Sweet Media).jpg,44_Ac_08_13_RG.jpg,True,831,610,139124,139124,True,,
File:Acts of the Apostles Chapter 8-14 (Bible Illustrations by Sweet Media).jpg,44_Ac_08_14_RG.jpg,True,831,610,154627,154627,True,,
File:Acts of the Apostles Chapter 8-15 (Bible Illustrations by Sweet Media).jpg,44_Ac_08_15_RG.jpg,True,831,610,150064,0,,,
File:Acts of the Apostles Chapter 8-16 (Bible Illustrations by Sweet Media).jpg,44_Ac_08_16_RG.jpg,True,831,610,154115,154115,True,,Line art without P180
File:Acts of the Apostles Chapter 8-17 (Bible Illustrations by Sweet Media).jpg,44_Ac_08_17_RG.jpg,True,831,610,149993,149993,True,,
File:Acts of the Apostles Chapter 8-18 (Bible Illustrations by Sweet Media).jpg,44_Ac_08_18_RG.jpg,True,831,610,141319,141319,True,,
File:Acts of the Apostles Chapter 8-19 (Bible Illustrations by Sweet Media).jpg,44_Ac_08_19_RG.jpg,True,831,610,155392,155392,True,,
File:Acts of the Apostles Chapter 8-20 (Bible Illustrations by Sweet Media).jpg,44_Ac_08_20_RG.jpg,True,831,610,164608,164608,True,,
File:Acts of the Apostles Chapter 8-21 (Bible Illustrations by Sweet Media).jpg,44_Ac_08_21_RG.jpg,True,831,610,156112,156112,True,,
File:Acts of the Apostles Chapter 8-22 (Bible Illustrations by Sweet Media).jpg,44_Ac_08_22_RG.jpg,True,831,610,157720,157720,True,,Line art without P180
File:Acts of the Apostles Chapter 9-1 (Bible Illustrations by Sweet Media).jpg,44_Ac_09_01_RG.jpg,True,831,610,163659,163659,True,,
File:Acts of the Apostles Chapter 9-10 (Bible Illustrations by Sweet Media).jpg,44_Ac_09_10_RG.jpg,True,831,610,160781,160781,True,,Blindness in art; Line art without P180
File:Bible Illustrations 01 Genesis 01 01 Sweet Publishing.jpg,01_Ge_01_01_RG.jpg,True,2000,1455,1563331,163272,False,,Landscape drawings
File:Bible Illustrations 01 Genesis 01 02 Sweet Publishing.jpg,01_Ge_01_02_RG.jpg,True,2000,1477,1695496,184060,False,,"Blue, green, yellow"
File:Book of Daniel Chapter 1-1 (Bible Illustrations by Sweet Media).jpg,27_Da_01_01_RG.jpg,True,831,610,155422,155422,True,,
File:Book of Daniel Chapter 1-2 (Bible Illustrations by Sweet Media).jpg,27_Da_01_02_RG.jpg,True,831,610,174417,174417,True,,
File:Book of Daniel Chapter 1-3 (Bible Illustrations by Sweet Media).jpg,27_Da_01_03_RG.jpg,True,831,610,163876,163876,True,,
File:Book of Daniel Chapter 2-1 (Bible Illustrations by Sweet Media).jpg,27_Da_02_01_RG.jpg,True,831,610,173595,173595,True,,
File:Book of Daniel Chapter 2-2 (Bible Illustrations by Sweet Media).jpg,27_Da_02_02_RG.jpg,True,831,610,163213,163213,True,,
File:Book of Daniel Chapter 2-3 (Bible Illustrations by Sweet Media).jpg,27_Da_02_03_RG.jpg,True,831,610,154529,154529,True,,
File:Book of Daniel Chapter 2-4 (Bible Illustrations by Sweet Media).jpg,27_Da_02_04_RG.jpg,True,831,610,202571,202571,True,,
File:Book of Daniel Chapter 2-5 (Bible Illustrations by Sweet Media).jpg,27_Da_02_05_RG.jpg,True,831,610,187444,187444,True,,Line art without P180
File:Book of Daniel Chapter 2-6 (Bible Illustrations by Sweet Media).jpg,27_Da_02_06_RG.jpg,True,831,610,138422,138422,True,,Line art without P180
File:Book of Daniel Chapter 2-7 (Bible Illustrations by Sweet Media).jpg,27_Da_02_07_RG.jpg,True,831,610,135226,135226,True,,
File:Book of Daniel Chapter 2-8 (Bible Illustrations by Sweet Media).jpg,27_Da_02_08_RG.jpg,True,831,610,165447,165447,True,,
File:Book of Daniel Chapter 3-1 (Bible Illustrations by Sweet Media).jpg,27_Da_03_01_RG.jpg,True,831,610,148590,148590,True,,Line art without P180
File:Book of Daniel Chapter 3-2 (Bible Illustrations by Sweet Media).jpg,27_Da_03_02_RG.jpg,True,831,610,175933,175933,True,,
File:Book of Daniel Chapter 3-3 (Bible Illustrations by Sweet Media).jpg,27_Da_03_03_RG.jpg,True,831,610,170029,170029,True,,
File:Book of Daniel Chapter 3-10 (Bible Illustrations by Sweet Media).jpg,27_Da_03_10_RG.jpg,True,831,610,162132,162132,True,,Fiery furnace
File:Book of Daniel Chapter 3-11 (Bible Illustrations by Sweet Media).jpg,27_Da_03_11_RG.jpg,True,831,610,177567,177567,True,,
File:Acts of the Apostles Chapter 9-2 (Bible Illustrations by Sweet Media).jpg,44_Ac_09_02_RG.jpg,True,831,610,150341,150341,True,,
File:Acts of the Apostles Chapter 9-3 (Bible Illustrations by Sweet Media).jpg,44_Ac_09_03_RG.jpg,True,831,610,181729,181729,True,,
File:Acts of the Apostles Chapter 9-4 (Bible Illustrations by Sweet Media).jpg,44_Ac_09_04_RG.jpg,True,831,610,154382,154382,True,,
File:Acts of the Apostles Chapter 9-5 (Bible Illustrations by Sweet Media).jpg,44_Ac_09_05_RG.jpg,True,831,610,164775,164775,True,,
File:Acts of the Apostles Chapter 9-6 (Bible Illustrations by Sweet Media).jpg,44_Ac_09_06_RG.jpg,True,831,610,165137,165137,True,,
File:Acts of the Apostles Chapter 9-7 (Bible Illustrations by Sweet Media).jpg,44_Ac_09_07_RG.jpg,True,831,610,141467,141467,True,,Line art without P180
File:Acts of the Apostles Chapter 9-8 (Bible Illustrations by Sweet Media).jpg,44_Ac_09_08_RG.jpg,True,831,610,167811,167811,True,,
File:Acts of the Apostles Chapter 9-9 (Bible Illustrations by Sweet Media).jpg,44_Ac_09_09_RG.jpg,True,831,610,163332,163332,True,,Acts 9:6
File:Acts of the Apostles Chapter 9-11 (Bible Illustrations by Sweet Media).jpg,44_Ac_09_11_RG.jpg,True,831,610,132833,132833,True,,Line art without P180
File:Acts of the Apostles Chapter 9-12 (Bible Illustrations by Sweet Media).jpg,44_Ac_09_12_RG.jpg,True,831,610,158614,158614,True,,Line art without P180
File:Acts of the Apostles Chapter 9-13 (Bible Illustrations by Sweet Media).jpg,44_Ac_09_13_RG.jpg,True,831,610,148923,148923,True,,
File:Acts of the Apostles Chapter 9-14 (Bible Illustrations by Sweet Media).jpg,44_Ac_09_14_RG.jpg,True,831,610,157876,157876,True,,Line art without P180
File:Acts of the Apostles Chapter 9-15 (Bible Illustrations by Sweet Media).jpg,44_Ac_09_15_RG.jpg,True,831,610,142960,142960,True,,Line art without P180
File:Acts of the Apostles Chapter 9-16 (Bible Illustrations by Sweet Media).jpg,44_Ac_09_16_RG.jpg,True,831,610,139006,139006,True,,
File:Acts of the Apostles Chapter 9-17 (Bible Illustrations by Sweet Media).jpg,44_Ac_09_17_RG.jpg,True,831,610,140176,140176,True,,Saint Paul escapes from Damascus in a basket
File:Acts of the Apostles Chapter 9-18 (Bible Illustrations by Sweet Media).jpg,44_Ac_09_18_RG.jpg,True,831,610,159659,159659,True,,
File:Acts of the Apostles Chapter 9-19 (Bible Illustrations by Sweet Media).jpg,44_Ac_09_19_RG.jpg,True,831,610,144659,144659,True,,Line art without P180
File:Acts of the Apostles Chapter 9-20 (Bible Illustrations by Sweet Media).jpg,44_Ac_09_20_RG.jpg,True,831,610,151411,151411,True,,
File:Acts of the Apostles Chapter 9-21 (Bible Illustrations by Sweet Media).jpg,44_Ac_09_21_RG.jpg,True,831,610,158893,158893,True,,
File:Acts of the Apostles Chapter 9-22 (Bible Illustrations by Sweet Media).jpg,44_Ac_09_22_RG.jpg,True,831,610,161999,161999,True,,
File:Acts of the Apostles Chapter 9-23 (Bible Illustrations by Sweet Media).jpg,44_Ac_09_23_RG.jpg,True,831,610,161333,161333,True,,
File:Acts of the Apostles Chapter 9-24 (Bible Illustrations by Sweet Media).jpg,44_Ac_09_24_RG.jpg,True,831,610,152033,152033,True,,
File:Acts of the Apostles Chapter 9-25 (Bible Illustrations by Sweet Media).jpg,44_Ac_09_25_RG.jpg,True,831,610,146084,146084,True,,
File:Acts of the Apostles Chapter 9-26 (Bible Illustrations by Sweet Media).jpg,44_Ac_09_26_RG.jpg,True,831,610,157828,157828,True,,
File:Acts of the Apostles Chapter 9-27 (Bible Illustrations by Sweet Media).jpg,44_Ac_09_27_RG.jpg,True,831,610,153501,153501,True,,
File:Acts of the Apostles Chapter 9-28 (Bible Illustrations by Sweet Media).jpg,44_Ac_09_28_RG.jpg,True,831,610,149406,149406,True,,
File:Acts of the Apostles Chapter 9-29 (Bible Illustrations by Sweet Media).jpg,44_Ac_09_29_RG.jpg,True,831,610,154450,154450,True,,
File:Acts of the Apostles Chapter 9-30 (Bible Illustrations by Sweet Media).jpg,44_Ac_09_30_RG.jpg,True,831,610,157122,157122,True,,Line art without P180
File:Acts of the Apostles Chapter 9-31 (Bible Illustrations by Sweet Media).jpg,44_Ac_09_31_RG.jpg,True,831,610,143638,143638,True,,
File:Acts of the Apostles Chapter 9-32 (Bible Illustrations by Sweet Media).jpg,44_Ac_09_32_RG.jpg,True,831,610,152373,152373,True,,
File:Acts of the Apostles Chapter 9-33 (Bible Illustrations by Sweet Media).jpg,44_Ac_09_33_RG.jpg,True,831,610,138376,138376,True,,
File:Book of Daniel Chapter 3-4 (Bible Illustrations by Sweet Media).jpg,27_Da_03_04_RG.jpg,True,831,610,170569,170569,True,,
File:Book of Daniel Chapter 3-5 (Bible Illustrations by Sweet Media).jpg,27_Da_03_05_RG.jpg,True,831,610,175238,175238,True,,Line art without P180
File:Book of Daniel Chapter 3-6 (Bible Illustrations by Sweet Media).jpg,27_Da_03_06_RG.jpg,True,831,610,151846,151846,True,,
File:Book of Daniel Chapter 3-7 (Bible Illustrations by Sweet Media).jpg,27_Da_03_07_RG.jpg,True,831,610,157047,157047,True,,Fiery furnace
File:Book of Daniel Chapter 3-8 (Bible Illustrations by Sweet Media).jpg,27_Da_03_08_RG.jpg,True,831,610,168835,168835,True,,Fiery furnace
File:Book of Daniel Chapter 3-9 (Bible Illustrations by Sweet Media).jpg,27_Da_03_09_RG.jpg,True,831,610,167046,167046,True,,Fiery furnace; Line art without P180
File:Book of Daniel Chapter 5-1 (Bible Illustrations by Sweet Media).jpg,27_Da_05_01_RG.jpg,True,831,610,165588,165588,True,,
File:Book of Daniel Chapter 5-2 (Bible Illustrations by Sweet Media).jpg,27_Da_05_02_RG.jpg,True,831,610,205044,205044,True,,
File:Book of Daniel Chapter 5-3 (Bible Illustrations by Sweet Media).jpg,27_Da_05_03_RG.jpg,True,831,610,162006,162006,True,,
File:Book of Daniel Chapter 5-4 (Bible Illustrations by Sweet Media).jpg,27_Da_05_04_RG.jpg,True,831,610,149435,149435,True,,
File:Book of Daniel Chapter 5-5 (Bible Illustrations by Sweet Media).jpg,27_Da_05_05_RG.jpg,True,831,610,173919,173919,True,,
File:Book of Daniel Chapter 5-6 (Bible Illustrations by Sweet Media).jpg,27_Da_05_06_RG.jpg,True,831,610,160816,160816,True,,
File:Book of Daniel Chapter 5-7 (Bible Illustrations by Sweet Media).jpg,27_Da_05_07_RG.jpg,True,831,610,174713,174713,True,,Line art without P180
File:Book of Daniel Chapter 5-8 (Bible Illustrations by Sweet Media).jpg,27_Da_05_08_RG.jpg,True,831,610,129270,129270,True,,
File:Book of Daniel Chapter 5-9 (Bible Illustrations by Sweet Media).jpg,27_Da_05_09_RG.jpg,True,831,610,164531,164531,True,,Line art without P180
File:Book of Daniel Chapter 5-10 (Bible Illustrations by Sweet Media).jpg,27_Da_05_10_RG.jpg,True,831,610,140768,140768,True,,
File:Book of Daniel Chapter 5-11 (Bible Illustrations by Sweet Media).jpg,27_Da_05_11_RG.jpg,True,831,610,169467,169467,True,,Line art without P180
File:Book of Daniel Chapter 6-1 (Bible Illustrations by Sweet Media).jpg,27_Da_06_01_RG.jpg,True,831,610,182790,182790,True,,
File:Book of Daniel Chapter 6-2 (Bible Illustrations by Sweet Media).jpg,27_Da_06_02_RG.jpg,True,831,610,165822,165822,True,,Line art without P180
File:Book of Daniel Chapter 6-3 (Bible Illustrations by Sweet Media).jpg,27_Da_06_03_RG.jpg,True,831,610,180389,180389,True,,
File:Book of Daniel Chapter 6-4 (Bible Illustrations by Sweet Media).jpg,27_Da_06_04_RG.jpg,True,831,610,169379,169379,True,,Line art without P180
File:Book of Daniel Chapter 6-5 (Bible Illustrations by Sweet Media).jpg,27_Da_06_05_RG.jpg,True,831,610,172151,172151,True,,Line art without P180
File:Book of Daniel Chapter 6-6 (Bible Illustrations by Sweet Media).jpg,27_Da_06_06_RG.jpg,True,831,610,178508,178508,True,,
File:Book of Daniel Chapter 6-7 (Bible Illustrations by Sweet Media).jpg,27_Da_06_07_RG.jpg,True,831,610,170093,170093,True,,Daniel in the lions' den
File:Book of Daniel Chapter 6-8 (Bible Illustrations by Sweet Media).jpg,27_Da_06_08_RG.jpg,True,831,610,161885,161885,True,,Daniel in the lions' den
File:Book of Daniel Chapter 6-9 (Bible Illustrations by Sweet Media).jpg,27_Da_06_09_RG.jpg,True,831,610,147803,147803,True,,Daniel in the lions' den; Line art without P180
File:Book of Daniel Chapter 6-10 (Bible Illustrations by Sweet Media).jpg,27_Da_06_10_RG.jpg,True,831,610,184807,184807,True,,Daniel in the lions' den
File:Book of Daniel Chapter 6-11 (Bible Illustrations by Sweet Media).jpg,27_Da_06_11_RG.jpg,True,831,610,184617,184617,True,,
File:Book of Deuteronomy Chapter 1-1 (Bible Illustrations by Sweet Media).jpg,,False,832,600,165037,,,,
File:Book of Deuteronomy Chapter 1-2 (Bible Illustrations by Sweet Media).jpg,,False,822,610,144286,,,,
File:Book of Deuteronomy Chapter 1-3 (Bible Illustrations by Sweet Media).jpg,,False,816,610,190257,,,,
File:Book of Deuteronomy Chapter 1-4 (Bible Illustrations by Sweet Media).jpg,,False,817,610,150972,,,,Illustrations of Moses; Line art without P180
File:Book of Deuteronomy Chapter 1-5 (Bible Illustrations by Sweet Media).jpg,,False,832,602,169545,,,,
File:Book of Deuteronomy Chapter 1-6 (Bible Illustrations by Sweet Media).jpg,,False,832,610,144391,,,,
File:Book of Deuteronomy Chapter 1-7 (Bible Illustrations by Sweet Media).jpg,,False,825,610,153982,,,,Line art without P180
File:Book of Deuteronomy Chapter 1-8 (Bible Illustrations by Sweet Media).jpg,,False,832,605,170301,,,,
File:Book of Deuteronomy Chapter 12-1 (Bible Illustrations by Sweet Media).jpg,05_De_12_01_RG.jpg,True,832,607,162931,154802,False,,
File:Book of Deuteronomy Chapter 12-2 (Bible Illustrations by Sweet Media).jpg,,False,817,610,137223,,,,
File:Book of Deuteronomy Chapter 12-3 (Bible Illustrations by Sweet Media).jpg,,False,832,607,150943,,,,
File:Book of Deuteronomy Chapter 13-1 (Bible Illustrations by Sweet Media).jpg,05_De_13_01_RG.jpg,True,797,610,154802,152524,False,,
File:Book of Deuteronomy Chapter 14-1 (Bible Illustrations by Sweet Media).jpg,,False,832,596,152524,,,,
File:Book of Deuteronomy Chapter 32-1 (Bible Illustrations by Sweet Media).jpg,05_De_32_01_RG.jpg,True,832,607,141908,153625,False,,Illustrations of Moses; Line art without P180
File:Book of Deuteronomy Chapter 32-2 (Bible Illustrations by Sweet Media).jpg,05_De_32_02_RG.jpg,True,810,610,154054,152897,False,,Illustrations of Moses
File:Book of Deuteronomy Chapter 32-3 (Bible Illustrations by Sweet Media).jpg,05_De_32_03_RG.jpg,True,832,609,140681,164187,False,,Illustrations of Moses; Line art without P180
File:Book of Deuteronomy Chapter 32-4 (Bible Illustrations by Sweet Media).jpg,,False,822,610,165514,,,,Illustrations of Moses
File:Book of Deuteronomy Chapter 32-5 (Bible Illustrations by Sweet Media).jpg,,False,832,608,156350,,,,Illustrations of Moses
File:Book of Deuteronomy Chapter 33-1 (Bible Illustrations by Sweet Media).jpg,05_De_33_01_RG.jpg,True,824,610,153625,164187,False,,
File:Book of Deuteronomy Chapter 33-2 (Bible Illustrations by Sweet Media).jpg,,False,832,606,152897,,,,Illustrations of Moses
File:Book of Deuteronomy Chapter 34-1 (Bible Illustrations by Sweet Media).jpg,05_De_34_01_RG.jpg,True,817,610,164187,145063,False,,Line art without P180
File:Book of Deuteronomy Chapter 35-1 (Bible Illustrations by Sweet Media).jpg,,False,832,603,145063,,,,
File:Book of Deuteronomy Chapter 5-1 (Bible Illustrations by Sweet Media).jpg,05_De_05_01_RG.jpg,True,832,605,164285,152063,False,,
File:Book of Deuteronomy Chapter 6-1 (Bible Illustrations by Sweet Media).jpg,05_De_06_01_RG.jpg,True,832,594,152063,162931,False,,
File:Book of Deuteronomy Chapter 35-2 (Bible Illustrations by Sweet Media).jpg,,False,798,610,145188,,,,Illustrations of Moses
File:Book of Esther Chapter 1-1 (Bible Illustrations by Sweet Media).jpg,17_Es_01_01_RG.jpg,True,831,610,175511,175511,True,,Line art without P180
File:Book of Esther Chapter 1-2 (Bible Illustrations by Sweet Media).jpg,17_Es_01_02_RG.jpg,True,831,610,173128,173128,True,,
File:Book of Esther Chapter 1-3 (Bible Illustrations by Sweet Media).jpg,17_Es_01_03_RG.jpg,True,831,610,164947,164947,True,,
File:Book of Esther Chapter 1-4 (Bible Illustrations by Sweet Media).jpg,17_Es_01_04_RG.jpg,True,831,610,176771,176771,True,,
File:Book of Esther Chapter 1-5 (Bible Illustrations by Sweet Media).jpg,17_Es_01_05_RG.jpg,True,831,610,152976,152976,True,,
File:Book of Esther Chapter 1-6 (Bible Illustrations by Sweet Media).jpg,17_Es_01_06_RG.jpg,True,831,610,145513,145513,True,,
File:Book of Esther Chapter 1-7 (Bible Illustrations by Sweet Media).jpg,17_Es_01_07_RG.jpg,True,831,610,160593,160593,True,,
File:Book of Esther Chapter 2-1 (Bible Illustrations by Sweet Media).jpg,17_Es_02_01_RG.jpg,True,831,610,165716,165716,True,,
File:Book of Esther Chapter 2-2 (Bible Illustrations by Sweet Media).jpg,17_Es_02_02_RG.jpg,True,831,610,165147,165147,True,,
File:Book of Esther Chapter 2-3 (Bible Illustrations by Sweet Media).jpg,17_Es_02_03_RG.jpg,True,831,610,178679,178679,True,,Esther before Ahasuerus
File:Book of Esther Chapter 2-4 (Bible Illustrations by Sweet Media).jpg,17_Es_02_04_RG.jpg,True,831,610,169038,169038,True,,Line art without P180
File:Book of Esther Chapter 2-5 (Bible Illustrations by Sweet Media).jpg,17_Es_02_05_RG.jpg,True,831,610,169285,169285,True,,
File:Book of Esther Chapter 3-2 (Bible Illustrations by Sweet Media).jpg,17_Es_03_02_RG.jpg,True,831,610,162099,162099,True,,Line art without P180
File:Book of Esther Chapter 3-3 (Bible Illustrations by Sweet Media).jpg,17_Es_03_03_RG.jpg,True,831,610,166372,166372,True,,
File:Book of Esther Chapter 3-4 (Bible Illustrations by Sweet Media).jpg,17_Es_03_04_RG.jpg,True,831,610,144730,144730,True,,
File:Book of Esther Chapter 3-5 (Bible Illustrations by Sweet Media).jpg,17_Es_03_05_RG.jpg,True,818,610,156210,156210,True,,
File:Book of Esther Chapter 3-6 (Bible Illustrations by Sweet Media).jpg,17_Es_03_06_RG.jpg,True,831,610,164808,164808,True,,
File:Book of Esther Chapter 3-7 (Bible Illustrations by Sweet Media).jpg,17_Es_03_07_RG.jpg,True,831,610,168124,168124,True,,Line art without P180
File:Book of Esther Chapter 3-8 (Bible Illustrations by Sweet Media).jpg,17_Es_03_08_RG.jpg,True,831,610,149106,149106,True,,
File:Book of Esther Chapter 3-9 (Bible Illustrations by Sweet Media).jpg,17_Es_03_09_RG.jpg,True,831,610,163541,163541,True,,Line art without P180
File:Book of Esther Chapter 3-10 (Bible Illustrations by Sweet Media).jpg,17_Es_03_10_RG.jpg,True,831,610,156898,156898,True,,
File:Book of Esther Chapter 4-1 (Bible Illustrations by Sweet Media).jpg,17_Es_04_01_RG.jpg,True,831,610,122574,122574,True,,
File:Book of Esther Chapter 4-2 (Bible Illustrations by Sweet Media).jpg,17_Es_04_02_RG.jpg,True,831,610,148302,148302,True,,
File:Book of Esther Chapter 4-3 (Bible Illustrations by Sweet Media).jpg,17_Es_04_03_RG.jpg,True,831,610,155305,155305,True,,
File:Book of Esther Chapter 4-4 (Bible Illustrations by Sweet Media).jpg,17_Es_04_04_RG.jpg,True,831,610,164572,164572,True,,
File:Book of Esther Chapter 4-5 (Bible Illustrations by Sweet Media).jpg,17_Es_04_05_RG.jpg,True,831,610,149948,149948,True,,
File:Book of Esther Chapter 4-6 (Bible Illustrations by Sweet Media).jpg,17_Es_04_06_RG.jpg,True,831,610,158682,158682,True,,
File:Book of Esther Chapter 5-1 (Bible Illustrations by Sweet Media).jpg,17_Es_05_01_RG.jpg,True,831,610,156308,156308,True,,Esther before Ahasuerus
File:Book of Esther Chapter 5-2 (Bible Illustrations by Sweet Media).jpg,17_Es_05_02_RG.jpg,True,831,610,145346,145346,True,,Esther before Ahasuerus; Line art without P180
File:Book of Esther Chapter 5-3 (Bible Illustrations by Sweet Media).jpg,17_Es_05_03_RG.jpg,True,831,610,137438,137438,True,,
File:Book of Esther Chapter 5-4 (Bible Illustrations by Sweet Media).jpg,17_Es_05_04_RG.jpg,True,831,610,172703,172703,True,,Line art without P180
File:Book of Esther Chapter 5-5 (Bible Illustrations by Sweet Media).jpg,17_Es_05_05_RG.jpg,True,831,610,151557,151557,True,,
File:Book of Esther Chapter 5-6 (Bible Illustrations by Sweet Media).jpg,17_Es_05_06_RG.jpg,True,831,610,185607,185607,True,,
File:Book of Esther Chapter 5-7 (Bible Illustrations by Sweet Media).jpg,17_Es_05_07_RG.jpg,True,831,610,152044,152044,True,,
File:Book of Esther Chapter 5-8 (Bible Illustrations by Sweet Media).jpg,17_Es_05_08_RG.jpg,True,831,610,186142,186142,True,,Esther before Ahasuerus; Line art without P180
File:Book of Esther Chapter 6-1 (Bible Illustrations by Sweet Media).jpg,17_Es_06_01_RG.jpg,True,831,610,171328,171328,True,,
File:Book of Esther Chapter 6-2 (Bible Illustrations by Sweet Media).jpg,17_Es_06_02_RG.jpg,True,831,610,186902,186902,True,,
File:Book of Esther Chapter 6-3 (Bible Illustrations by Sweet Media).jpg,17_Es_06_03_RG.jpg,True,831,610,166073,166073,True,,
File:Book of Esther Chapter 6-4 (Bible Illustrations by Sweet Media).jpg,17_Es_06_04_RG.jpg,True,831,610,153994,153994,True,,
File:Book of Esther Chapter 6-5 (Bible Illustrations by Sweet Media).jpg,17_Es_06_05_RG.jpg,True,831,610,176910,176910,True,,
File:Book of Esther Chapter 6-6 (Bible Illustrations by Sweet Media).jpg,17_Es_06_06_RG.jpg,True,831,610,166741,166741,True,,
File:Book of Esther Chapter 7-1 (Bible Illustrations by Sweet Media).jpg,17_Es_07_01_RG.jpg,True,831,610,175659,175659,True,,
File:Book of Esther Chapter 7-2 (Bible Illustrations by Sweet Media).jpg,17_Es_07_02_RG.jpg,True,831,610,164885,164885,True,,
File:Book of Esther Chapter 7-3 (Bible Illustrations by Sweet Media).jpg,17_Es_07_03_RG.jpg,True,831,610,160826,160826,True,,Line art without P180
File:Book of Esther Chapter 7-4 (Bible Illustrations by Sweet Media).jpg,17_Es_07_04_RG.jpg,True,831,610,181252,181252,True,,
File:Book of Esther Chapter 7-5 (Bible Illustrations by Sweet Media).jpg,17_Es_07_05_RG.jpg,True,831,610,174633,174633,True,,
File:Book of Esther Chapter 8-1 (Bible Illustrations by Sweet Media).jpg,17_Es_08_01_RG.jpg,True,831,610,170537,170537,True,,
File:Book of Exodus Chapter 1-1 (Bible Illustrations by Sweet Media).jpg,02_Ex_01_01_RG.jpg,True,2000,1364,1407716,136367,False,,
File:Book of Exodus Chapter 1-2 (Bible Illustrations by Sweet Media).jpg,02_Ex_01_02_RG.jpg,True,832,583,159087,154368,False,,
File:Book of Esther Chapter 8-2 (Bible Illustrations by Sweet Media).jpg,17_Es_08_02_RG.jpg,True,831,610,168039,168039,True,,Esther before Ahasuerus
File:Book of Esther Chapter 8-3 (Bible Illustrations by Sweet Media).jpg,17_Es_08_03_RG.jpg,True,831,610,169533,169533,True,,
File:Book of Esther Chapter 8-4 (Bible Illustrations by Sweet Media).jpg,17_Es_08_04_RG.jpg,True,831,610,155283,155283,True,,
File:Book of Esther Chapter 8-5 (Bible Illustrations by Sweet Media).jpg,17_Es_08_05_RG.jpg,True,831,610,158717,158717,True,,
File:Book of Esther Chapter 8-6 (Bible Illustrations by Sweet Media).jpg,17_Es_08_06_RG.jpg,True,831,610,163664,163664,True,,
File:Book of Esther Chapter 8-7 (Bible Illustrations by Sweet Media).jpg,17_Es_08_07_RG.jpg,True,831,610,166949,166949,True,,Line art without P180
File:Book of Esther Chapter 9-2 (Bible Illustrations by Sweet Media).jpg,17_Es_09_02_RG.jpg,True,831,610,178091,178091,True,,
File:Book of Esther Chapter 9-3 (Bible Illustrations by Sweet Media).jpg,17_Es_09_03_RG.jpg,True,795,610,156949,156949,True,,Gallows in art
File:Book of Esther Chapter 9-4 (Bible Illustrations by Sweet Media).jpg,17_Es_09_04_RG.jpg,True,831,610,159706,159706,True,,Line art without P180
File:Book of Esther Chapter 9-5 (Bible Illustrations by Sweet Media).jpg,17_Es_09_05_RG.jpg,True,831,610,194476,194476,True,,
File:Book of Exodus Chapter 1-3 (Bible Illustrations by Sweet Media).jpg,02_Ex_01_03_RG.jpg,True,832,610,118193,198488,False,,Line art without P180
File:Book of Exodus Chapter 1-4 (Bible Illustrations by Sweet Media).jpg,02_Ex_01_04_RG.jpg,True,826,610,144452,134011,False,,
File:Book of Exodus Chapter 1-5 (Bible Illustrations by Sweet Media).jpg,02_Ex_01_05_RG.jpg,True,825,610,162802,146538,False,,Sacrifices in the Bible
File:Book of Exodus Chapter 1-6 (Bible Illustrations by Sweet Media).jpg,02_Ex_01_06_RG.jpg,True,780,610,122779,157419,False,,Line art without P180
File:Book of Exodus Chapter 1-7 (Bible Illustrations by Sweet Media).jpg,02_Ex_01_07_RG.jpg,True,820,610,115677,149479,False,,
File:Book of Exodus Chapter 1-8 (Bible Illustrations by Sweet Media).jpg,02_Ex_01_08_RG.jpg,True,827,610,151915,148867,False,,
File:Book of Exodus Chapter 1-9 (Bible Illustrations by Sweet Media).jpg,02_Ex_01_09_RG.jpg,True,817,610,106667,130772,False,,Line art without P180
File:Book of Exodus Chapter 1-10 (Bible Illustrations by Sweet Media).jpg,02_Ex_01_10_RG.jpg,True,808,610,111381,148222,False,,
File:Book of Exodus Chapter 1-11 (Bible Illustrations by Sweet Media).jpg,02_Ex_01_11_RG.jpg,True,832,597,172557,134366,False,,Altar of Incense
File:Book of Exodus Chapter 1-12 (Bible Illustrations by Sweet Media).jpg,02_Ex_01_12_RG.jpg,True,828,610,151098,131936,False,,Line art without P180
File:Book of Exodus Chapter 1-13 (Bible Illustrations by Sweet Media).jpg,02_Ex_01_13_RG.jpg,True,813,610,144260,156417,False,,
File:Book of Exodus Chapter 1-14 (Bible Illustrations by Sweet Media).jpg,02_Ex_01_14_RG.jpg,True,817,610,141324,148278,False,,Line art without P180
File:Book of Exodus Chapter 1-15 (Bible Illustrations by Sweet Media).jpg,02_Ex_01_15_RG.jpg,True,828,610,177164,138483,False,,
File:Book of Exodus Chapter 1-16 (Bible Illustrations by Sweet Media).jpg,,False,829,610,173763,,,,
File:Book of Exodus Chapter 1-17 (Bible Illustrations by Sweet Media).jpg,,False,830,610,178212,,,,
File:Book of Exodus Chapter 1-18 (Bible Illustrations by Sweet Media).jpg,,False,816,610,156454,,,,
File:Book of Exodus Chapter 1-19 (Bible Illustrations by Sweet Media).jpg,,False,806,610,170030,,,,
File:Book of Exodus Chapter 1-20 (Bible Illustrations by Sweet Media).jpg,,False,832,608,138822,,,,
File:Book of Exodus Chapter 1-21 (Bible Illustrations by Sweet Media).jpg,,False,815,610,160186,,,,
File:Book of Exodus Chapter 1-22 (Bible Illustrations by Sweet Media).jpg,,False,832,603,172357,,,,
File:Book of Exodus Chapter 1-23 (Bible Illustrations by Sweet Media).jpg,,False,832,609,147211,,,,
File:Book of Exodus Chapter 10-2 (Bible Illustrations by Sweet Media).jpg,02_Ex_10_02_RG.jpg,True,827,610,144419,150665,False,,Fifth Plague of Egypt (Cattle Plague)
File:Book of Exodus Chapter 10-3 (Bible Illustrations by Sweet Media).jpg,02_Ex_10_03_RG.jpg,True,824,610,153001,178322,False,,Illustrations of Moses; Sixth Plague of Egypt (Boils); Line art without P180
File:Book of Exodus Chapter 10-4 (Bible Illustrations by Sweet Media).jpg,02_Ex_10_04_RG.jpg,True,832,607,150329,165089,False,,Seventh Plague of Egypt (Thunderstorm)
File:Book of Exodus Chapter 10-5 (Bible Illustrations by Sweet Media).jpg,02_Ex_10_05_RG.jpg,True,820,610,134880,150339,False,,
File:Book of Exodus Chapter 10-6 (Bible Illustrations by Sweet Media).jpg,02_Ex_10_06_RG.jpg,True,817,610,158664,156659,False,,Illustrations of Moses
File:Book of Exodus Chapter 10-11 (Bible Illustrations by Sweet Media).jpg,02_Ex_10_11_RG.jpg,True,797,610,118610,139556,False,,
File:Book of Exodus Chapter 10-12 (Bible Illustrations by Sweet Media).jpg,02_Ex_10_12_RG.jpg,True,822,610,117122,153129,False,,Seventh Plague of Egypt (Thunderstorm)
File:Book of Exodus Chapter 11-2 (Bible Illustrations by Sweet Media).jpg,02_Ex_11_02_RG.jpg,True,824,610,150665,153129,False,,Illustrations of Moses
File:Book of Exodus Chapter 11-3 (Bible Illustrations by Sweet Media).jpg,02_Ex_11_03_RG.jpg,True,827,610,178322,151882,False,,Eighth Plague of Egypt (Locusts)
File:Book of Exodus Chapter 11-5 (Bible Illustrations by Sweet Media).jpg,,False,832,608,150339,,,,Eighth Plague of Egypt (Locusts)
File:Book of Exodus Chapter 11-8 (Bible Illustrations by Sweet Media).jpg,,False,822,610,126914,,,,Ninth Plague of Egypt (Darkness)
File:Book of Exodus Chapter 11-9 (Bible Illustrations by Sweet Media).jpg,,False,831,610,146356,,,,Line art without P180
File:Book of Exodus Chapter 11-11 (Bible Illustrations by Sweet Media).jpg,,False,820,610,139556,,,,
File:Book of Exodus Chapter 12-2 (Bible Illustrations by Sweet Media).jpg,02_Ex_12_02_RG.jpg,True,827,610,153129,144961,False,,
File:Book of Exodus Chapter 12-3 (Bible Illustrations by Sweet Media).jpg,02_Ex_12_03_RG.jpg,True,817,610,151882,170397,False,,Line art without P180
File:Book of Exodus Chapter 12-4 (Bible Illustrations by Sweet Media).jpg,02_Ex_12_04_RG.jpg,True,818,610,148249,144927,False,,Slavery of the Israelites in Egypt
File:Book of Exodus Chapter 13-1 (Bible Illustrations by Sweet Media).jpg,02_Ex_13_01_RG.jpg,True,820,610,166119,158395,False,,
File:Book of Exodus Chapter 2-1 (Bible Illustrations by Sweet Media).jpg,02_Ex_02_01_RG.jpg,True,832,525,136367,149027,False,,Line art without P180
File:Book of Exodus Chapter 2-2 (Bible Illustrations by Sweet Media).jpg,02_Ex_02_02_RG.jpg,True,827,610,154368,154592,False,,
File:Book of Exodus Chapter 2-3 (Bible Illustrations by Sweet Media).jpg,02_Ex_02_03_RG.jpg,True,827,610,198488,172661,False,,
File:Book of Exodus Chapter 2-10 (Bible Illustrations by Sweet Media).jpg,02_Ex_02_10_RG.jpg,True,818,610,148222,141785,False,,
File:Book of Exodus Chapter 2-11 (Bible Illustrations by Sweet Media).jpg,02_Ex_02_11_RG.jpg,True,816,610,134366,154659,False,,
File:Book of Exodus Chapter 2-12 (Bible Illustrations by Sweet Media).jpg,02_Ex_02_12_RG.jpg,True,815,610,131936,143646,False,,
File:Book of Exodus Chapter 2-13 (Bible Illustrations by Sweet Media).jpg,02_Ex_02_13_RG.jpg,True,831,610,156417,157862,False,,
File:Book of Exodus Chapter 2-14 (Bible Illustrations by Sweet Media).jpg,02_Ex_02_14_RG.jpg,True,819,610,148278,131840,False,,
File:Book of Exodus Chapter 2-15 (Bible Illustrations by Sweet Media).jpg,02_Ex_02_15_RG.jpg,True,816,610,138483,163775,False,,Illustrations of Moses; Jochebed
File:Book of Exodus Chapter 13-2 (Bible Illustrations by Sweet Media).jpg,02_Ex_13_02_RG.jpg,True,824,610,144961,114642,False,,Passover in art; Passover sacrifice
File:Book of Exodus Chapter 13-4 (Bible Illustrations by Sweet Media).jpg,,False,832,610,144927,,,,Passover in art
File:Book of Exodus Chapter 13-5 (Bible Illustrations by Sweet Media).jpg,,False,813,610,161682,,,,Tenth Plague of Egypt (Firstborn death)
File:Book of Exodus Chapter 13-6 (Bible Illustrations by Sweet Media).jpg,,False,832,607,150216,,,,Tenth Plague of Egypt (Firstborn death)
File:Book of Exodus Chapter 13-7 (Bible Illustrations by Sweet Media).jpg,,False,832,607,173385,,,,
File:Book of Exodus Chapter 13-8 (Bible Illustrations by Sweet Media).jpg,,False,832,605,229357,,,,Passover in art
File:Book of Exodus Chapter 13-9 (Bible Illustrations by Sweet Media).jpg,,False,832,598,163229,,,,Slavery of the Israelites in Egypt; Passover in art; Line art without P180
File:Book of Exodus Chapter 13-10 (Bible Illustrations by Sweet Media).jpg,,False,803,610,144841,,,,
File:Book of Exodus Chapter 14-1 (Bible Illustrations by Sweet Media).jpg,02_Ex_14_01_RG.jpg,True,832,598,158395,171825,False,,Line art without P180
File:Book of Exodus Chapter 14-2 (Bible Illustrations by Sweet Media).jpg,02_Ex_14_02_RG.jpg,True,817,610,114642,155000,False,,
File:Book of Exodus Chapter 14-3 (Bible Illustrations by Sweet Media).jpg,02_Ex_14_03_RG.jpg,True,824,610,122803,157861,False,,Passover in art; Line art without P180
File:Book of Exodus Chapter 15-1 (Bible Illustrations by Sweet Media).jpg,02_Ex_15_01_RG.jpg,True,832,604,171825,171328,False,,Line art without P180
File:Book of Exodus Chapter 15-2 (Bible Illustrations by Sweet Media).jpg,02_Ex_15_02_RG.jpg,True,819,610,155000,182009,False,,Line art without P180
File:Book of Exodus Chapter 15-3 (Bible Illustrations by Sweet Media).jpg,02_Ex_15_03_RG.jpg,True,818,610,157861,187706,False,,
File:Book of Exodus Chapter 15-4 (Bible Illustrations by Sweet Media).jpg,02_Ex_15_04_RG.jpg,True,817,610,167782,176029,False,,
File:Book of Exodus Chapter 15-5 (Bible Illustrations by Sweet Media).jpg,,False,829,610,142957,,,,
File:Book of Exodus Chapter 15-6 (Bible Illustrations by Sweet Media).jpg,,False,810,610,146813,,,,Illustrations of Moses; Crossing of the Red Sea in engravings
File:Book of Exodus Chapter 15-7 (Bible Illustrations by Sweet Media).jpg,,False,825,610,153875,,,,Crossing of the Red Sea in engravings
File:Book of Exodus Chapter 15-8 (Bible Illustrations by Sweet Media).jpg,,False,832,606,180870,,,,Crossing of the Red Sea in engravings
File:Book of Exodus Chapter 15-9 (Bible Illustrations by Sweet Media).jpg,,False,821,610,162808,,,,Crossing of the Red Sea in engravings
File:Book of Exodus Chapter 15-10 (Bible Illustrations by Sweet Media).jpg,,False,824,610,162019,,,,Crossing of the Red Sea in engravings; Line art without P180
File:Book of Exodus Chapter 15-11 (Bible Illustrations by Sweet Media).jpg,,False,814,610,152742,,,,Crossing of the Red Sea in engravings
File:Book of Exodus Chapter 15-12 (Bible Illustrations by Sweet Media).jpg,,False,824,610,108481,,,,
File:Book of Exodus Chapter 15-13 (Bible Illustrations by Sweet Media).jpg,,False,826,610,176579,,,,
File:Book of Exodus Chapter 15-14 (Bible Illustrations by Sweet Media).jpg,,False,814,610,132654,,,,
File:Book of Exodus Chapter 16-1 (Bible Illustrations by Sweet Media).jpg,02_Ex_16_01_RG.jpg,True,818,610,171328,153733,False,,
File:Book of Exodus Chapter 16-2 (Bible Illustrations by Sweet Media).jpg,02_Ex_16_02_RG.jpg,True,817,610,182009,128991,False,,
File:Book of Exodus Chapter 16-3 (Bible Illustrations by Sweet Media).jpg,02_Ex_16_03_RG.jpg,True,827,610,187706,153101,False,,
File:Book of Exodus Chapter 16-4 (Bible Illustrations by Sweet Media).jpg,02_Ex_16_04_RG.jpg,True,832,610,176029,164699,False,,
File:Book of Exodus Chapter 16-15 (Bible Illustrations by Sweet Media).jpg,,False,803,610,160752,,,,
File:Book of Exodus Chapter 17-1 (Bible Illustrations by Sweet Media).jpg,,False,832,609,153733,,,,
File:Book of Exodus Chapter 17-2 (Bible Illustrations by Sweet Media).jpg,,False,825,610,128991,,,,
File:Book of Exodus Chapter 17-3 (Bible Illustrations by Sweet Media).jpg,,False,829,610,153101,,,,Manna; Line art without P180
File:Book of Exodus Chapter 17-4 (Bible Illustrations by Sweet Media).jpg,,False,815,610,164699,,,,Manna; Illustrations of Moses
File:Book of Exodus Chapter 17-5 (Bible Illustrations by Sweet Media).jpg,,False,831,610,156375,,,,Manna
File:Book of Exodus Chapter 17-6 (Bible Illustrations by Sweet Media).jpg,,False,830,610,175453,,,,Manna; Line art without P180
File:Book of Exodus Chapter 17-7 (Bible Illustrations by Sweet Media).jpg,,False,828,610,162514,,,,Manna
File:Book of Exodus Chapter 17-8 (Bible Illustrations by Sweet Media).jpg,,False,819,610,156866,,,,
File:Book of Exodus Chapter 17-9 (Bible Illustrations by Sweet Media).jpg,,False,831,610,137368,,,,Manna; Illustrations of Moses; Line art without P180
File:Book of Exodus Chapter 17-10 (Bible Illustrations by Sweet Media).jpg,,False,817,610,150048,,,,
File:Book of Exodus Chapter 17-11 (Bible Illustrations by Sweet Media).jpg,,False,825,610,149156,,,,
File:Book of Exodus Chapter 2-4 (Bible Illustrations by Sweet Media).jpg,02_Ex_02_04_RG.jpg,True,823,610,134011,166384,False,,
File:Book of Exodus Chapter 2-5 (Bible Illustrations by Sweet Media).jpg,02_Ex_02_05_RG.jpg,True,813,610,146538,192703,False,,
File:Book of Exodus Chapter 2-6 (Bible Illustrations by Sweet Media).jpg,02_Ex_02_06_RG.jpg,True,822,610,157419,143662,False,,
File:Book of Exodus Chapter 2-7 (Bible Illustrations by Sweet Media).jpg,02_Ex_02_07_RG.jpg,True,820,610,149479,138406,False,,Slavery of the Israelites in Egypt
File:Book of Exodus Chapter 2-8 (Bible Illustrations by Sweet Media).jpg,02_Ex_02_08_RG.jpg,True,822,610,148867,142739,False,,Slavery of the Israelites in Egypt
File:Book of Exodus Chapter 2-9 (Bible Illustrations by Sweet Media).jpg,02_Ex_02_09_RG.jpg,True,832,604,130772,134380,False,,
File:Book of Exodus Chapter 3-1 (Bible Illustrations by Sweet Media).jpg,02_Ex_03_01_RG.jpg,True,827,610,149027,137266,False,,Finding of Moses; Jochebed
File:Book of Exodus Chapter 3-2 (Bible Illustrations by Sweet Media).jpg,02_Ex_03_02_RG.jpg,True,820,610,154592,133208,False,,Jochebed
File:Book of Exodus Chapter 3-10 (Bible Illustrations by Sweet Media).jpg,02_Ex_03_10_RG.jpg,True,829,610,141785,113022,False,,Finding of Moses
File:Book of Exodus Chapter 3-11 (Bible Illustrations by Sweet Media).jpg,02_Ex_03_11_RG.jpg,True,828,610,154659,152019,False,,
File:Book of Exodus Chapter 3-12 (Bible Illustrations by Sweet Media).jpg,,False,819,610,143646,,,,Slavery of the Israelites in Egypt; Line art without P180
File:Book of Exodus Chapter 3-13 (Bible Illustrations by Sweet Media).jpg,,False,826,610,157862,,,,Slavery of the Israelites in Egypt; Line art without P180
File:Book of Exodus Chapter 3-14 (Bible Illustrations by Sweet Media).jpg,,False,807,610,131840,,,,
File:Book of Exodus Chapter 3-15 (Bible Illustrations by Sweet Media).jpg,,False,822,610,163775,,,,
File:Book of Exodus Chapter 3-16 (Bible Illustrations by Sweet Media).jpg,,False,832,610,139410,,,,
File:Book of Exodus Chapter 3-17 (Bible Illustrations by Sweet Media).jpg,,False,826,610,153969,,,,Line art without P180
File:Book of Exodus Chapter 3-18 (Bible Illustrations by Sweet Media).jpg,,False,819,610,136714,,,,Moses and the Daughters of Jethro
File:Book of Exodus Chapter 3-19 (Bible Illustrations by Sweet Media).jpg,,False,832,606,159522,,,,
File:Book of Exodus Chapter 3-20 (Bible Illustrations by Sweet Media).jpg,,False,829,610,147253,,,,
File:Book of Exodus Chapter 3-23 (Bible Illustrations by Sweet Media).jpg,,False,813,610,166662,,,,
File:Book of Exodus Chapter 20-1 (Bible Illustrations by Sweet Media).jpg,02_Ex_20_01_RG.jpg,True,825,610,142596,143380,False,,
File:Book of Exodus Chapter 20-2 (Bible Illustrations by Sweet Media).jpg,02_Ex_20_02_RG.jpg,True,820,610,142770,135680,False,,Pillar of Cloud
File:Book of Exodus Chapter 20-4 (Bible Illustrations by Sweet Media).jpg,,False,816,610,160568,,,,
File:Book of Exodus Chapter 20-5 (Bible Illustrations by Sweet Media).jpg,,False,831,610,122511,,,,Line art without P180
File:Book of Exodus Chapter 20-6 (Bible Illustrations by Sweet Media).jpg,,False,766,610,99168,,,,Line art without P180
File:Book of Exodus Chapter 20-7 (Bible Illustrations by Sweet Media).jpg,,False,822,610,100291,,,,Line art without P180
File:Book of Exodus Chapter 20-8 (Bible Illustrations by Sweet Media).jpg,,False,817,610,125877,,,,
File:Book of Exodus Chapter 20-9 (Bible Illustrations by Sweet Media).jpg,,False,819,610,130082,,,,
File:Book of Exodus Chapter 20-10 (Bible Illustrations by Sweet Media).jpg,,False,816,610,151908,,,,Mount Sinai in art; Line art without P180
File:Book of Exodus Chapter 20-11 (Bible Illustrations by Sweet Media).jpg,,False,824,610,152707,,,,
File:Book of Exodus Chapter 20-12 (Bible Illustrations by Sweet Media).jpg,,False,822,610,142010,,,,
File:Book of Exodus Chapter 21-1 (Bible Illustrations by Sweet Media).jpg,,False,824,610,143380,,,,Moses and the Ten Commandments; Illustrations of Moses
File:Book of Exodus Chapter 21-2 (Bible Illustrations by Sweet Media).jpg,,False,832,604,135680,,,,Line art without P180
File:Book of Exodus Chapter 25-1 (Bible Illustrations by Sweet Media).jpg,02_Ex_25_01_RG.jpg,True,830,610,160030,100291,False,,
File:Book of Exodus Chapter 26-2 (Bible Illustrations by Sweet Media).jpg,02_Ex_26_02_RG.jpg,True,832,590,141314,109853,False,,Jewish temple items; Levites; Israelite priestly garments
File:Book of Exodus Chapter 26-3 (Bible Illustrations by Sweet Media).jpg,,False,825,610,170977,,,,Jewish temple items
File:Book of Exodus Chapter 26-4 (Bible Illustrations by Sweet Media).jpg,,False,832,598,142796,,,,Jewish temple items; Ark of the Covenant in art
File:Book of Exodus Chapter 26-5 (Bible Illustrations by Sweet Media).jpg,,False,832,610,144168,,,,Jewish temple items; The Table of Showbread
File:Book of Exodus Chapter 26-6 (Bible Illustrations by Sweet Media).jpg,,False,820,610,116516,,,,Jewish temple items
File:Book of Exodus Chapter 27-1 (Bible Illustrations by Sweet Media).jpg,02_Ex_27_01_RG.jpg,True,832,602,150663,149489,False,,
File:Book of Exodus Chapter 27-2 (Bible Illustrations by Sweet Media).jpg,02_Ex_27_02_RG.jpg,True,823,610,109853,144459,False,,
File:Book of Exodus Chapter 28-1 (Bible Illustrations by Sweet Media).jpg,02_Ex_28_01_RG.jpg,True,809,610,149489,156845,False,,Jewish temple items; Altar of Burnt Offering
File:Book of Exodus Chapter 28-2 (Bible Illustrations by Sweet Media).jpg,02_Ex_28_02_RG.jpg,True,823,610,144459,72771,False,,
File:Book of Exodus Chapter 29-1 (Bible Illustrations by Sweet Media).jpg,02_Ex_29_01_RG.jpg,True,824,610,156845,180397,False,,Jewish temple items; Line art without P180
File:Book of Exodus Chapter 29-2 (Bible Illustrations by Sweet Media).jpg,02_Ex_29_02_RG.jpg,True,832,607,72771,166767,False,,
File:Book of Exodus Chapter 29-3 (Bible Illustrations by Sweet Media).jpg,02_Ex_29_03_RG.jpg,True,827,610,94312,155926,False,,
File:Book of Exodus Chapter 29-4 (Bible Illustrations by Sweet Media).jpg,02_Ex_29_04_RG.jpg,True,822,610,109019,160136,False,,
File:Book of Exodus Chapter 29-5 (Bible Illustrations by Sweet Media).jpg,02_Ex_29_05_RG.jpg,True,728,610,107473,149422,False,,
File:Book of Exodus Chapter 29-6 (Bible Illustrations by Sweet Media).jpg,02_Ex_29_06_RG.jpg,True,832,606,124837,157290,False,,Line art without P180
File:Book of Exodus Chapter 29-7 (Bible Illustrations by Sweet Media).jpg,,False,832,606,121655,,,,Line art without P180
File:Book of Exodus Chapter 3-3 (Bible Illustrations by Sweet Media).jpg,02_Ex_03_03_RG.jpg,True,823,610,172661,106363,False,,Illustrations of Moses; Miriam (Biblical figure); Jochebed
File:Book of Exodus Chapter 3-4 (Bible Illustrations by Sweet Media).jpg,02_Ex_03_04_RG.jpg,True,829,610,166384,150898,False,,Illustrations of Moses; Miriam (Biblical figure); Jochebed
File:Book of Exodus Chapter 3-5 (Bible Illustrations by Sweet Media).jpg,02_Ex_03_05_RG.jpg,True,825,610,192703,174273,False,,Finding of Moses
File:Book of Exodus Chapter 3-6 (Bible Illustrations by Sweet Media).jpg,02_Ex_03_06_RG.jpg,True,832,592,143662,139292,False,,Finding of Moses
File:Book of Exodus Chapter 3-7 (Bible Illustrations by Sweet Media).jpg,02_Ex_03_07_RG.jpg,True,825,610,138406,169924,False,,Finding of Moses; Miriam (Biblical figure)
File:Book of Exodus Chapter 3-8 (Bible Illustrations by Sweet Media).jpg,02_Ex_03_08_RG.jpg,True,821,610,142739,143952,False,,Finding of Moses
File:Book of Exodus Chapter 3-9 (Bible Illustrations by Sweet Media).jpg,02_Ex_03_09_RG.jpg,True,829,610,134380,178235,False,,Finding of Moses
File:Book of Exodus Chapter 3-24 (Bible Illustrations by Sweet Media).jpg,,False,820,610,153930,,,,
File:Book of Exodus Chapter 3-25 (Bible Illustrations by Sweet Media).jpg,,False,827,610,191708,,,,
File:Book of Exodus Chapter 3-26 (Bible Illustrations by Sweet Media).jpg,,False,826,610,164783,,,,Moses and the Daughters of Jethro
File:Book of Exodus Chapter 3-27 (Bible Illustrations by Sweet Media).jpg,,False,830,610,143705,,,,
File:Book of Exodus Chapter 3-28 (Bible Illustrations by Sweet Media).jpg,,False,832,587,158210,,,,Moses and the Daughters of Jethro; Line art without P180
File:Book of Exodus Chapter 4-1 (Bible Illustrations by Sweet Media).jpg,02_Ex_04_01_RG.jpg,True,828,610,137266,126553,False,,
File:Book of Exodus Chapter 4-2 (Bible Illustrations by Sweet Media).jpg,02_Ex_04_02_RG.jpg,True,824,610,133208,110032,False,,
File:Book of Exodus Chapter 4-3 (Bible Illustrations by Sweet Media).jpg,02_Ex_04_03_RG.jpg,True,832,608,106363,109889,False,,Illustrations of Burning bush; Illustrations of Moses
File:Book of Exodus Chapter 4-4 (Bible Illustrations by Sweet Media).jpg,,False,832,610,150898,,,,Illustrations of Moses; Illustrations of Burning bush
File:Book of Exodus Chapter 4-5 (Bible Illustrations by Sweet Media).jpg,02_Ex_04_05_RG.jpg,True,817,610,174273,136594,False,,Illustrations of Burning bush
File:Book of Exodus Chapter 4-6 (Bible Illustrations by Sweet Media).jpg,02_Ex_04_06_RG.jpg,True,832,604,139292,134481,False,,Illustrations of Burning bush; Illustrations of Moses
File:Book of Exodus Chapter 4-7 (Bible Illustrations by Sweet Media).jpg,02_Ex_04_07_RG.jpg,True,825,610,169924,132271,False,,Illustrations of Moses; Illustrations of Burning bush
File:Book of Exodus Chapter 4-8 (Bible Illustrations by Sweet Media).jpg,02_Ex_04_08_RG.jpg,True,832,604,143952,139395,False,,
File:Book of Exodus Chapter 4-9 (Bible Illustrations by Sweet Media).jpg,02_Ex_04_09_RG.jpg,True,822,610,178235,133267,False,,Illustrations of Burning bush
File:Book of Exodus Chapter 4-10 (Bible Illustrations by Sweet Media).jpg,02_Ex_04_10_RG.jpg,True,819,610,113022,172385,False,,Illustrations of Burning bush; Illustrations of Moses
File:Book of Exodus Chapter 4-11 (Bible Illustrations by Sweet Media).jpg,02_Ex_04_11_RG.jpg,True,812,610,152019,149000,False,,
File:Book of Exodus Chapter 5-1 (Bible Illustrations by Sweet Media).jpg,02_Ex_05_01_RG.jpg,True,827,610,126553,165089,False,,Illustrations of Burning bush; Illustrations of Moses
File:Book of Exodus Chapter 5-2 (Bible Illustrations by Sweet Media).jpg,02_Ex_05_02_RG.jpg,True,820,610,110032,156659,False,,
File:Book of Exodus Chapter 5-3 (Bible Illustrations by Sweet Media).jpg,02_Ex_05_03_RG.jpg,True,826,610,109889,161228,False,,
File:Book of Exodus Chapter 5-5 (Bible Illustrations by Sweet Media).jpg,02_Ex_05_05_RG.jpg,True,826,610,136594,163691,False,,
File:Book of Exodus Chapter 5-10 (Bible Illustrations by Sweet Media).jpg,02_Ex_05_10_RG.jpg,True,823,610,172385,104347,False,,Illustrations of Moses; Illustrations of Burning bush; Line art without P180
File:Book of Exodus Chapter 5-11 (Bible Illustrations by Sweet Media).jpg,,False,820,610,149000,,,,
File:Book of Exodus Chapter 5-12 (Bible Illustrations by Sweet Media).jpg,,False,812,610,150235,,,,Line art without P180
File:Book of Exodus Chapter 5-13 (Bible Illustrations by Sweet Media).jpg,,False,823,610,167543,,,,
File:Book of Exodus Chapter 5-14 (Bible Illustrations by Sweet Media).jpg,,False,831,610,141887,,,,Line art without P180
File:Book of Exodus Chapter 5-17 (Bible Illustrations by Sweet Media).jpg,,False,832,610,171361,,,,Line art without P180
File:Book of Exodus Chapter 30-1 (Bible Illustrations by Sweet Media).jpg,02_Ex_30_01_RG.jpg,True,826,610,180397,135351,False,,
File:Book of Exodus Chapter 30-2 (Bible Illustrations by Sweet Media).jpg,02_Ex_30_02_RG.jpg,True,832,605,166767,120226,False,,
File:Book of Exodus Chapter 30-3 (Bible Illustrations by Sweet Media).jpg,,False,832,604,155926,,,,
File:Book of Exodus Chapter 30-5 (Bible Illustrations by Sweet Media).jpg,,False,832,581,149422,,,,Line art without P180
File:Book of Exodus Chapter 30-6 (Bible Illustrations by Sweet Media).jpg,,False,823,610,157290,,,,Line art without P180
File:Book of Exodus Chapter 31-1 (Bible Illustrations by Sweet Media).jpg,,False,828,610,135351,,,,Jewish temple items; Altar of Incense
File:Book of Exodus Chapter 31-2 (Bible Illustrations by Sweet Media).jpg,,False,819,610,120226,,,,Laver (temple item)
File:Book of Exodus Chapter 33-1 (Bible Illustrations by Sweet Media).jpg,,False,812,610,164287,,,,
File:Book of Exodus Chapter 33-2 (Bible Illustrations by Sweet Media).jpg,,False,832,603,132883,,,,Golden calf
File:Book of Exodus Chapter 33-3 (Bible Illustrations by Sweet Media).jpg,,False,810,610,155466,,,,Golden calf
File:Book of Exodus Chapter 33-4 (Bible Illustrations by Sweet Media).jpg,,False,817,610,136152,,,,Line art without P180
File:Book of Exodus Chapter 33-5 (Bible Illustrations by Sweet Media).jpg,,False,832,606,155320,,,,Illustrations of Moses; Moses breaks the tablets of stone; Golden calf
File:Book of Exodus Chapter 33-6 (Bible Illustrations by Sweet Media).jpg,,False,830,610,124121,,,,Illustrations of Moses; Golden calf
File:Book of Exodus Chapter 33-7 (Bible Illustrations by Sweet Media).jpg,,False,829,610,149993,,,,Line art without P180
File:Book of Exodus Chapter 33-8 (Bible Illustrations by Sweet Media).jpg,,False,832,610,157707,,,,Hebrew Bible battles
File:Book of Exodus Chapter 35-1 (Bible Illustrations by Sweet Media).jpg,02_Ex_35_01_RG.jpg,True,819,610,137228,135680,False,,
File:Book of Exodus Chapter 36-3 (Bible Illustrations by Sweet Media).jpg,,False,824,610,169809,,,,
File:Book of Ezekiel Chapter 1-1 (Bible Illustrations by Sweet Media).jpg,26_Eze_01_01_RG.jpg,True,831,610,208713,208713,True,,Angels in Old Testament; First Vision of Ezekiel
File:Book of Ezekiel Chapter 1-2 (Bible Illustrations by Sweet Media).jpg,26_Eze_01_02_RG.jpg,True,831,610,190410,190410,True,,First Vision of Ezekiel; Line art without P180
File:Book of Ezekiel Chapter 1-3 (Bible Illustrations by Sweet Media).jpg,26_Eze_01_03_RG.jpg,True,831,610,195767,195767,True,,
File:Book of Ezekiel Chapter 1-4 (Bible Illustrations by Sweet Media).jpg,26_Eze_01_04_RG.jpg,True,831,610,157677,157677,True,,
File:Book of Ezekiel Chapter 2-2 (Bible Illustrations by Sweet Media).jpg,26_Eze_02_02_RG.jpg,True,831,610,193122,193122,True,,
File:Book of Ezekiel Chapter 3-1 (Bible Illustrations by Sweet Media).jpg,26_Eze_03_01_RG.jpg,True,831,610,183528,183528,True,,
File:Book of Ezekiel Chapter 11-1 (Bible Illustrations by Sweet Media).jpg,26_Eze_11_01_RG.jpg,True,831,610,174598,174598,True,,Line art without P180
File:Book of Ezekiel Chapter 37-1 (Bible Illustrations by Sweet Media).jpg,26_Eze_37_01_RG.jpg,True,831,610,156182,156182,True,,Ezekiel's Vision of the Valley of Dry Bones
File:Book of Ezekiel Chapter 37-2 (Bible Illustrations by Sweet Media).jpg,26_Eze_37_02_RG.jpg,True,831,610,194537,194537,True,,Ezekiel's Vision of the Valley of Dry Bones
File:Book of Ezekiel Chapter 37-3 (Bible Illustrations by Sweet Media).jpg,26_Eze_37_03_RG.jpg,True,831,610,175169,175169,True,,Skeletons in art; Ezekiel's Vision of the Valley of Dry Bones
File:Book of Ezekiel Chapter 37-4 (Bible Illustrations by Sweet Media).jpg,26_Eze_37_04_RG.jpg,True,831,610,194436,194436,True,,Ezekiel's Vision of the Valley of Dry Bones; Line art without P180
File:Book of Ezra Chapter 1-1 (Bible Illustrations by Sweet Media).jpg,15_Ezr_01_01_RG.jpg,True,831,610,198035,198035,True,,
File:Book of Ezra Chapter 9-1 (Bible Illustrations by Sweet Media).jpg,15_Ezr_09_01_RG.jpg,True,831,610,181905,181905,True,,Discussions in art
File:Book of Ezra Chapter 10-1 (Bible Illustrations by Sweet Media).jpg,15_Ezr_10_01_RG.jpg,True,831,610,167781,167781,True,,Line art without P180
File:Book of Ezra Chapter 10-2 (Bible Illustrations by Sweet Media).jpg,15_Ezr_10_02_RG.jpg,True,831,610,177772,177772,True,,
File:Book of Ezra Chapter 10-3 (Bible Illustrations by Sweet Media).jpg,15_Ezr_10_03_RG.jpg,True,832,595,187962,187962,True,,
File:Book of Ezra Chapter 10-4 (Bible Illustrations by Sweet Media).jpg,15_Ezr_10_04_RG.jpg,True,831,610,182541,182541,True,,Shouting in art
File:Book of Ezra Chapter 10-5 (Bible Illustrations by Sweet Media).jpg,15_Ezr_10_05_RG.jpg,True,831,610,167157,167157,True,,Line art without P180
File:Book of Ezra Chapter 10-6 (Bible Illustrations by Sweet Media).jpg,15_Ezr_10_06_RG.jpg,True,831,610,175889,175889,True,,
File:Book of Exodus Chapter 5-6 (Bible Illustrations by Sweet Media).jpg,02_Ex_05_06_RG.jpg,True,813,610,134481,109959,False,,
File:Book of Exodus Chapter 5-7 (Bible Illustrations by Sweet Media).jpg,02_Ex_05_07_RG.jpg,True,825,610,132271,144477,False,,
File:Book of Exodus Chapter 5-8 (Bible Illustrations by Sweet Media).jpg,02_Ex_05_08_RG.jpg,True,814,610,139395,156570,False,,Line art without P180
File:Book of Exodus Chapter 5-9 (Bible Illustrations by Sweet Media).jpg,02_EX_05_09_RG.jpg,True,825,610,133267,138189,False,,
File:Book of Exodus Chapter 6-1 (Bible Illustrations by Sweet Media).jpg,,False,830,610,165089,,,,
File:Book of Exodus Chapter 6-2 (Bible Illustrations by Sweet Media).jpg,,False,791,610,156659,,,,
File:Book of Exodus Chapter 6-3 (Bible Illustrations by Sweet Media).jpg,,False,815,610,161228,,,,Line art without P180
File:Book of Exodus Chapter 6-4 (Bible Illustrations by Sweet Media).jpg,,False,802,610,165588,,,,Slavery of the Israelites in Egypt
File:Book of Exodus Chapter 6-5 (Bible Illustrations by Sweet Media).jpg,,False,817,610,163691,,,,Line art without P180
File:Book of Exodus Chapter 6-6 (Bible Illustrations by Sweet Media).jpg,,False,815,610,109959,,,,
File:Book of Exodus Chapter 6-7 (Bible Illustrations by Sweet Media).jpg,,False,817,610,144477,,,,Line art without P180
File:Book of Exodus Chapter 6-8 (Bible Illustrations by Sweet Media).jpg,,False,822,610,156570,,,,
File:Book of Exodus Chapter 6-9 (Bible Illustrations by Sweet Media).jpg,,False,807,610,138189,,,,
File:Book of Exodus Chapter 6-10 (Bible Illustrations by Sweet Media).jpg,,False,656,610,104347,,,,Slavery of the Israelites in Egypt
File:Book of Exodus Chapter 8-1 (Bible Illustrations by Sweet Media).jpg,02_Ex_08_01_RG.jpg,True,819,610,163853,132888,False,,
File:Book of Exodus Chapter 8-2 (Bible Illustrations by Sweet Media).jpg,02_Ex_08_02_RG.jpg,True,832,603,141525,148570,False,,Line art without P180
File:Book of Exodus Chapter 8-3 (Bible Illustrations by Sweet Media).jpg,02_Ex_08_03_RG.jpg,True,820,610,162820,152201,False,,Illustrations of Moses
File:Book of Exodus Chapter 8-4 (Bible Illustrations by Sweet Media).jpg,02_Ex_08_04_RG.jpg,True,812,610,146766,160632,False,,Illustrations of Moses; First Plague of Egypt (Bloody water)
File:Book of Exodus Chapter 8-5 (Bible Illustrations by Sweet Media).jpg,02_Ex_08_05_RG.jpg,True,822,610,161387,154230,False,,Line art without P180
File:Book of Exodus Chapter 9-1 (Bible Illustrations by Sweet Media).jpg,,False,823,610,132888,,,,Second Plague of Egypt (Frogs); Line art without P180
File:Book of Exodus Chapter 9-2 (Bible Illustrations by Sweet Media).jpg,02_Ex_09_02_RG.jpg,True,815,610,148570,144419,False,,Second Plague of Egypt (Frogs)
File:Book of Exodus Chapter 9-3 (Bible Illustrations by Sweet Media).jpg,02_Ex_09_03_RG.jpg,True,829,610,152201,153001,False,,Illustrations of Moses; Second Plague of Egypt (Frogs); Line art without P180
File:Book of Exodus Chapter 9-4 (Bible Illustrations by Sweet Media).jpg,02_Ex_09_04_RG.jpg,True,812,610,160632,150329,False,,Second Plague of Egypt (Frogs)
File:Book of Exodus Chapter 9-5 (Bible Illustrations by Sweet Media).jpg,02_Ex_09_05_RG.jpg,True,828,610,154230,134880,False,,Fourth Plague of Egypt (Swarm); Line art without P180
File:Book of Exodus Chapter 9-6 (Bible Illustrations by Sweet Media).jpg,02_Ex_09_06_RG.jpg,True,821,610,145652,158664,False,,Fourth Plague of Egypt (Swarm); Line art without P180
File:Book of Exodus Chapter 9-7 (Bible Illustrations by Sweet Media).jpg,02_Ex_09_07_RG.jpg,True,815,610,150183,150665,False,,Fourth Plague of Egypt (Swarm)
File:Book of Exodus Chapter 9-8 (Bible Illustrations by Sweet Media).jpg,02_Ex_09_08_RG.jpg,True,827,610,170463,178322,False,,Illustrations of Moses; Fourth Plague of Egypt (Swarm)
File:Book of Exodus Chapter 9-9 (Bible Illustrations by Sweet Media).jpg,02_Ex_09_09_RG.jpg,True,828,610,151186,150339,False,,
File:Book of Exodus Chapter 9-10 (Bible Illustrations by Sweet Media).jpg,02_Ex_09_10_RG.jpg,True,810,610,149198,109959,False,,
File:Book of Exodus Chapter 9-11 (Bible Illustrations by Sweet Media).jpg,02_Ex_09_11_RG.jpg,True,821,610,163602,118610,False,,Second Plague of Egypt (Frogs)
File:Book of Exodus Chapter 9-13 (Bible Illustrations by Sweet Media).jpg,,False,832,610,170051,,,,
File:Book of Genesis Chapter 1-3 (Bible Illustrations by Sweet Media).jpg,01_Ge_01_03_RG.jpg,True,1221,1500,793969,238970,False,,
File:Book of Genesis Chapter 1-4 (Bible Illustrations by Sweet Media).jpg,01_Ge_01_04_RG.jpg,True,2000,1457,1312672,149162,False,,Landscape drawings
File:Book of Ezra Chapter 9-2 (Bible Illustrations by Sweet Media).jpg,15_Ezr_09_02_RG.jpg,True,831,610,191762,191762,True,,Pain in art
File:Book of Ezra Chapter 9-3 (Bible Illustrations by Sweet Media).jpg,15_Ezr_09_03_RG.jpg,True,831,610,161022,161022,True,,
File:Book of Genesis Chapter 1-5 (Bible Illustrations by Sweet Media).jpg,01_Ge_01_05_RG.jpg,True,832,610,141913,141913,True,,Landscape drawings; Cliffs in art
File:Book of Genesis Chapter 1-6 (Bible Illustrations by Sweet Media).jpg,01_Ge_01_06_RG.jpg,True,811,610,189640,189640,True,,
File:Book of Genesis Chapter 1-7 (Bible Illustrations by Sweet Media).jpg,01_Ge_01_07_RG.jpg,True,823,610,172822,172822,True,,
File:Book of Genesis Chapter 1-9 (Bible Illustrations by Sweet Media).jpg,01_Ge_01_09_RG.jpg,True,824,610,169870,169870,True,,Lions in book illustrations
File:Book of Genesis Chapter 1-10 (Bible Illustrations by Sweet Media).jpg,01_Ge_01_10_RG.jpg,True,807,610,159479,159479,True,,Drawings of plants; Green impressions; Line art without P180
File:Book of Genesis Chapter 1-11 (Bible Illustrations by Sweet Media).jpg,01_Ge_01_11_RG.jpg,True,819,610,180756,180756,True,,Drawings of mammals; Drawings of flowers; Line art without P180
File:Book of Genesis Chapter 1-12 (Bible Illustrations by Sweet Media).jpg,01_Ge_01_12_RG.jpg,True,810,610,199628,199628,True,,Zebras in art
File:Book of Genesis Chapter 1-13 (Bible Illustrations by Sweet Media).jpg,01_Ge_01_13_RG.jpg,True,828,610,153458,153458,True,,Adam in art
File:Book of Genesis Chapter 1-15 (Bible Illustrations by Sweet Media).jpg,01_Ge_01_15_RG.jpg,True,820,610,170966,170966,True,,Drawings of mammals; Adam in art
File:Book of Genesis Chapter 11-1 (Bible Illustrations by Sweet Media).jpg,01_Ge_11_01_RG.jpg,True,827,610,191829,191829,True,,Line art without P180
File:Book of Genesis Chapter 11-2 (Bible Illustrations by Sweet Media).jpg,01_Ge_11_02_RG.jpg,True,778,610,162109,162109,True,,
File:Book of Genesis Chapter 11-3 (Bible Illustrations by Sweet Media).jpg,01_Ge_11_03_RG.jpg,True,820,610,171744,171744,True,,Tower of Babel in art
File:Book of Genesis Chapter 11-4 (Bible Illustrations by Sweet Media).jpg,01_Ge_11_04_RG.jpg,True,820,610,132875,132875,True,,Tower of Babel in art
File:Book of Genesis Chapter 11-5 (Bible Illustrations by Sweet Media).jpg,01_Ge_11_05_RG.jpg,True,820,610,121960,121960,True,,Tower of Babel in art
File:Book of Genesis Chapter 11-6 (Bible Illustrations by Sweet Media).jpg,01_Ge_11_06_RG.jpg,True,820,610,185166,185166,True,,Tower of Babel in art
File:Book of Genesis Chapter 11-7 (Bible Illustrations by Sweet Media).jpg,01_Ge_11_07_RG.jpg,True,820,610,133617,133617,True,,Tower of Babel in art; Line art without P180
File:Book of Genesis Chapter 11-9 (Bible Illustrations by Sweet Media).jpg,01_Ge_11_09_RG.jpg,True,832,525,136811,136811,True,,
File:Book of Genesis Chapter 12-1 (Bible Illustrations by Sweet Media).jpg,01_Ge_12_01_RG.jpg,True,822,610,158722,158722,True,,
File:Book of Genesis Chapter 12-2 (Bible Illustrations by Sweet Media).jpg,01_Ge_12_02_RG.jpg,True,832,605,176886,176886,True,,
File:Book of Genesis Chapter 12-3 (Bible Illustrations by Sweet Media).jpg,01_Ge_12_03_RG.jpg,True,832,606,182810,182810,True,,
File:Book of Genesis Chapter 12-4 (Bible Illustrations by Sweet Media).jpg,01_Ge_12_04_RG.jpg,True,826,610,143171,143171,True,,
File:Book of Genesis Chapter 12-5 (Bible Illustrations by Sweet Media).jpg,01_Ge_12_05_RG.jpg,True,588,610,140497,140497,True,,
File:Book of Genesis Chapter 12-6 (Bible Illustrations by Sweet Media).jpg,01_Ge_12_06_RG.jpg,True,832,494,168366,168366,True,,
File:Book of Genesis Chapter 12-7 (Bible Illustrations by Sweet Media).jpg,01_Ge_12_07_RG.jpg,True,825,610,120236,120236,True,,Greater Israel
File:Book of Genesis Chapter 12-8 (Bible Illustrations by Sweet Media).jpg,01_Ge_12_08_RG.jpg,True,819,610,137652,137652,True,,
File:Book of Genesis Chapter 12-9 (Bible Illustrations by Sweet Media).jpg,01_Ge_12_09_RG.jpg,True,832,595,142152,142152,True,,Abraham (Biblical figure); Illustrations of Sarah
File:Book of Genesis Chapter 12-10 (Bible Illustrations by Sweet Media).jpg,01_Ge_12_10_RG.jpg,True,826,610,194246,194246,True,,Abraham (Biblical figure); Illustrations of Sarah; Line art without P180
File:Book of Genesis Chapter 12-11 (Bible Illustrations by Sweet Media).jpg,01_Ge_12_11_RG.jpg,True,832,602,165497,165497,True,,
File:Book of Genesis Chapter 12-12 (Bible Illustrations by Sweet Media).jpg,01_Ge_12_12_RG.jpg,True,832,592,176456,176456,True,,Abraham (Biblical figure); Illustrations of Sarah
File:Book of Genesis Chapter 13-1 (Bible Illustrations by Sweet Media).jpg,01_Ge_13_01_RG.jpg,True,832,607,184013,184013,True,,
File:Book of Genesis Chapter 13-2 (Bible Illustrations by Sweet Media).jpg,01_Ge_13_02_RG.jpg,True,832,582,144086,144086,True,,Line art without P180
File:Book of Genesis Chapter 13-3 (Bible Illustrations by Sweet Media).jpg,01_Ge_13_03_RG.jpg,True,826,610,170894,170894,True,,
File:Book of Genesis Chapter 15-1 (Bible Illustrations by Sweet Media).jpg,01_Ge_15_01_RG.jpg,True,832,605,171732,171732,True,,
File:Book of Genesis Chapter 15-2 (Bible Illustrations by Sweet Media).jpg,01_Ge_15_02_RG.jpg,True,827,610,157785,157785,True,,
File:Book of Genesis Chapter 15-3 (Bible Illustrations by Sweet Media).jpg,01_Ge_15_03_RG.jpg,True,824,610,136398,136398,True,,
File:Book of Genesis Chapter 15-4 (Bible Illustrations by Sweet Media).jpg,01_Ge_15_04_RG.jpg,True,831,610,138415,138415,True,,
File:Book of Genesis Chapter 15-5 (Bible Illustrations by Sweet Media).jpg,01_Ge_15_05_RG.jpg,True,832,610,137858,137858,True,,Line art without P180
File:Book of Genesis Chapter 15-6 (Bible Illustrations by Sweet Media).jpg,01_Ge_15_06_RG.jpg,True,832,608,156867,156867,True,,
File:Book of Genesis Chapter 15-7 (Bible Illustrations by Sweet Media).jpg,01_Ge_15_07_RG.jpg,True,832,600,171866,171866,True,,
File:Book of Genesis Chapter 15-8 (Bible Illustrations by Sweet Media).jpg,01_Ge_15_08_RG.jpg,True,814,610,168890,168890,True,,
File:Book of Genesis Chapter 15-9 (Bible Illustrations by Sweet Media).jpg,01_Ge_15_09_RG.jpg,True,826,610,151895,151895,True,,Line art without P180
File:Book of Genesis Chapter 15-10 (Bible Illustrations by Sweet Media).jpg,01_Ge_15_10_RG.jpg,True,832,600,156520,156520,True,,Line art without P180
File:Book of Genesis Chapter 16-1 (Bible Illustrations by Sweet Media).jpg,01_Ge_16_01_RG.jpg,True,826,610,172375,172375,True,,Presentation of Hagar to Abraham
File:Book of Genesis Chapter 16-2 (Bible Illustrations by Sweet Media).jpg,01_Ge_16_02_RG.jpg,True,822,610,192131,192131,True,,Abraham (Biblical figure); Illustrations of Sarah; Hagar; Illustrations of Ishmael
File:Book of Genesis Chapter 17-1 (Bible Illustrations by Sweet Media).jpg,01_Ge_17_01_RG.jpg,True,830,610,179134,179134,True,,Abraham (Biblical figure); Illustrations of Sarah
File:Book of Genesis Chapter 17-2 (Bible Illustrations by Sweet Media).jpg,01_Ge_17_02_RG.jpg,True,832,609,187951,187951,True,,Line art without P180
File:Book of Genesis Chapter 2-1 (Bible Illustrations by Sweet Media).jpg,01_Ge_02_01_RG.jpg,True,819,610,124873,124873,True,,Line art without P180
File:Book of Genesis Chapter 2-3 (Bible Illustrations by Sweet Media).jpg,01_Ge_02_03_RG.jpg,True,832,606,181949,181949,True,,Adam in art
File:Book of Genesis Chapter 2-4 (Bible Illustrations by Sweet Media).jpg,01_Ge_02_04_RG.jpg,True,815,610,164829,164829,True,,
File:Book of Genesis Chapter 2-5 (Bible Illustrations by Sweet Media).jpg,01_Ge_02_05_RG.jpg,True,816,610,170437,170437,True,,Adam in art
File:Book of Genesis Chapter 2-6 (Bible Illustrations by Sweet Media).jpg,01_Ge_02_06_RG.jpg,True,809,610,170183,170183,True,,Adam in art
File:Book of Genesis Chapter 2-7 (Bible Illustrations by Sweet Media).jpg,01_Ge_02_07_RG.jpg,True,818,610,173172,173172,True,,Adam in art
File:Book of Genesis Chapter 2-9 (Bible Illustrations by Sweet Media).jpg,01_Ge_02_09_RG.jpg,True,832,609,156608,156608,True,,Adam and Eve in art; Drawings of the creation of Eve
File:Book of Genesis Chapter 2-10 (Bible Illustrations by Sweet Media).jpg,01_Ge_02_10_RG.jpg,True,815,610,148641,148641,True,,Adam and Eve in art
File:Book of Genesis Chapter 2-12 (Bible Illustrations by Sweet Media).jpg,01_Ge_02_12_RG.jpg,True,794,610,174762,174762,True,,Adam and Eve in art
File:Book of Genesis Chapter 17-3 (Bible Illustrations by Sweet Media).jpg,01_Ge_17_03_RG.jpg,True,831,610,174326,174326,True,,
File:Book of Genesis Chapter 18-1 (Bible Illustrations by Sweet Media).jpg,01_Ge_18_01_RG.jpg,True,832,605,189471,189471,True,,
File:Book of Genesis Chapter 18-2 (Bible Illustrations by Sweet Media).jpg,01_Ge_18_02_RG.jpg,True,830,610,192342,192342,True,,Abraham and three angels in prints; Illustrations of Sarah
File:Book of Genesis Chapter 18-4 (Bible Illustrations by Sweet Media).jpg,01_Ge_18_04_RG.jpg,True,829,610,192387,192387,True,,Line art without P180
File:Book of Genesis Chapter 18-5 (Bible Illustrations by Sweet Media).jpg,01_Ge_18_05_RG.jpg,True,832,587,171962,171962,True,,Illustrations of Sarah
File:Book of Genesis Chapter 18-6 (Bible Illustrations by Sweet Media).jpg,01_Ge_18_06_RG.jpg,True,823,610,192368,192368,True,,Abraham and three angels in prints; Illustrations of Sarah
File:Book of Genesis Chapter 18-7 (Bible Illustrations by Sweet Media).jpg,01_Ge_18_07_RG.jpg,True,829,610,175180,175180,True,,Abraham and three angels in prints; Illustrations of Sarah; Line art without P180
File:Book of Genesis Chapter 18-9 (Bible Illustrations by Sweet Media).jpg,01_Ge_18_09_RG.jpg,True,780,610,138239,138239,True,,
File:Book of Genesis Chapter 18-11 (Bible Illustrations by Sweet Media).jpg,01_Ge_18_11_RG.jpg,True,791,610,128175,128175,True,,
File:Book of Genesis Chapter 18-12 (Bible Illustrations by Sweet Media).jpg,01_Ge_18_12_RG.jpg,True,811,610,175591,175591,True,,Line art without P180
File:Book of Genesis Chapter 18-13 (Bible Illustrations by Sweet Media).jpg,01_Ge_18_13_RG.jpg,True,800,610,139324,139324,True,,
File:Book of Genesis Chapter 18-14 (Bible Illustrations by Sweet Media).jpg,01_Ge_18_14_RG.jpg,True,832,591,144050,144050,True,,
File:Book of Genesis Chapter 18-15 (Bible Illustrations by Sweet Media).jpg,01_Ge_18_15_RG.jpg,True,821,610,154609,154609,True,,
File:Book of Genesis Chapter 18-16 (Bible Illustrations by Sweet Media).jpg,01_Ge_18_16_RG.jpg,True,807,610,147813,147813,True,,Line art without P180
File:Book of Genesis Chapter 18-17 (Bible Illustrations by Sweet Media).jpg,01_Ge_18_17_RG.jpg,True,822,610,150756,150756,True,,
File:Book of Genesis Chapter 18-18 (Bible Illustrations by Sweet Media).jpg,01_Ge_18_18_RG.jpg,True,807,610,157140,157140,True,,
File:Book of Genesis Chapter 18-19 (Bible Illustrations by Sweet Media).jpg,01_Ge_18_19_RG.jpg,True,832,605,153406,153406,True,,Line art without P180
File:Book of Genesis Chapter 18-20 (Bible Illustrations by Sweet Media).jpg,01_Ge_18_20_RG.jpg,True,832,605,154009,154009,True,,
File:Book of Genesis Chapter 19-1 (Bible Illustrations by Sweet Media).jpg,01_Ge_19_01_RG.jpg,True,832,607,166369,166369,True,,
File:Book of Genesis Chapter 19-2 (Bible Illustrations by Sweet Media).jpg,01_Ge_19_02_RG.jpg,True,832,608,176077,176077,True,,The people of Sodom attack the angels
File:Book of Genesis Chapter 19-3 (Bible Illustrations by Sweet Media).jpg,01_Ge_19_03_RG.jpg,True,809,610,174429,174429,True,,The people of Sodom attack the angels
File:Book of Genesis Chapter 19-5 (Bible Illustrations by Sweet Media).jpg,01_Ge_19_05_RG.jpg,True,806,610,175327,175327,True,,
File:Book of Genesis Chapter 19-6 (Bible Illustrations by Sweet Media).jpg,01_Ge_19_06_RG.jpg,True,822,610,184355,184355,True,,
File:Book of Genesis Chapter 19-7 (Bible Illustrations by Sweet Media).jpg,01_Ge_19_07_RG.jpg,True,816,610,166019,166019,True,,
File:Book of Genesis Chapter 19-8 (Bible Illustrations by Sweet Media).jpg,01_Ge_19_08_RG.jpg,True,819,610,164529,164529,True,,
File:Book of Genesis Chapter 19-9 (Bible Illustrations by Sweet Media).jpg,01_Ge_19_09_RG.jpg,True,812,610,169595,169595,True,,
File:Book of Genesis Chapter 19-10 (Bible Illustrations by Sweet Media).jpg,01_Ge_19_10_RG.jpg,True,812,610,167949,167949,True,,Lot's wife made into a pillar of salt
File:Book of Genesis Chapter 19-11 (Bible Illustrations by Sweet Media).jpg,01_Ge_19_11_RG.jpg,True,812,610,149984,149984,True,,
File:Book of Genesis Chapter 19-13 (Bible Illustrations by Sweet Media).jpg,01_Ge_19_13_RG.jpg,True,633,610,94970,94970,True,,
File:Book of Genesis Chapter 21-1 (Bible Illustrations by Sweet Media).jpg,01_Ge_21_01_RG.jpg,True,824,610,139869,139869,True,,Abraham (Biblical figure); Illustrations of Sarah; Isaac (Biblical figure)
File:Book of Genesis Chapter 21-2 (Bible Illustrations by Sweet Media).jpg,01_Ge_21_02_RG.jpg,True,832,608,167903,167903,True,,
File:Book of Genesis Chapter 22-1 (Bible Illustrations by Sweet Media).jpg,01_Ge_22_01_RG.jpg,True,831,610,156692,156692,True,,Line art without P180
File:Book of Genesis Chapter 22-2 (Bible Illustrations by Sweet Media).jpg,01_Ge_22_02_RG.jpg,True,824,610,153107,153107,True,,
File:Book of Genesis Chapter 22-3 (Bible Illustrations by Sweet Media).jpg,01_Ge_22_03_RG.jpg,True,805,610,157625,157625,True,,
File:Book of Genesis Chapter 22-4 (Bible Illustrations by Sweet Media).jpg,01_Ge_22_04_RG.jpg,True,828,610,164221,164221,True,,Line art without P180
File:Book of Genesis Chapter 22-5 (Bible Illustrations by Sweet Media).jpg,01_Ge_22_05_RG.jpg,True,811,610,184852,184852,True,,
File:Book of Genesis Chapter 22-6 (Bible Illustrations by Sweet Media).jpg,01_Ge_22_06_RG.jpg,True,832,607,143111,143111,True,,Line art without P180
File:Book of Genesis Chapter 22-7 (Bible Illustrations by Sweet Media).jpg,01_Ge_22_07_RG.jpg,True,824,610,168117,168117,True,,
File:Book of Genesis Chapter 22-8 (Bible Illustrations by Sweet Media).jpg,01_Ge_22_08_RG.jpg,True,817,610,196101,196101,True,,
File:Book of Genesis Chapter 22-9 (Bible Illustrations by Sweet Media).jpg,01_Ge_22_09_RG.jpg,True,634,610,140424,140424,True,,
File:Book of Genesis Chapter 22-10 (Bible Illustrations by Sweet Media).jpg,01_Ge_22_10_RG.jpg,True,818,610,150858,150858,True,,
File:Book of Genesis Chapter 23-1 (Bible Illustrations by Sweet Media).jpg,01_Ge_23_01_RG.jpg,True,801,610,171977,171977,True,,
File:Book of Genesis Chapter 24-1 (Bible Illustrations by Sweet Media).jpg,01_Ge_24_01_RG.jpg,True,818,610,144071,144071,True,,Isaac and Rebecca
File:Book of Genesis Chapter 24-2 (Bible Illustrations by Sweet Media).jpg,01_Ge_24_02_RG.jpg,True,819,610,197144,197144,True,,
File:Book of Genesis Chapter 24-3 (Bible Illustrations by Sweet Media).jpg,01_Ge_24_03_RG.jpg,True,816,610,182732,182732,True,,
File:Book of Genesis Chapter 24-4 (Bible Illustrations by Sweet Media).jpg,01_Ge_24_04_RG.jpg,True,812,610,174919,174919,True,,Line art without P180
File:Book of Genesis Chapter 24-5 (Bible Illustrations by Sweet Media).jpg,01_Ge_24_05_RG.jpg,True,832,608,176189,176189,True,,
File:Book of Genesis Chapter 24-6 (Bible Illustrations by Sweet Media).jpg,01_Ge_24_06_RG.jpg,True,832,605,158347,158347,True,,
File:Book of Genesis Chapter 24-7 (Bible Illustrations by Sweet Media).jpg,01_Ge_24_07_RG.jpg,True,832,605,170677,170677,True,,
File:Book of Genesis Chapter 24-8 (Bible Illustrations by Sweet Media).jpg,01_Ge_24_08_RG.jpg,True,829,610,153566,153566,True,,
File:Book of Genesis Chapter 24-9 (Bible Illustrations by Sweet Media).jpg,01_Ge_24_09_RG.jpg,True,832,601,177390,177390,True,,
File:Book of Genesis Chapter 24-10 (Bible Illustrations by Sweet Media).jpg,01_Ge_24_10_RG.jpg,True,832,610,168132,168132,True,,
File:Book of Genesis Chapter 24-11 (Bible Illustrations by Sweet Media).jpg,01_Ge_24_11_RG.jpg,True,832,607,155010,155010,True,,
File:Book of Genesis Chapter 25-1 (Bible Illustrations by Sweet Media).jpg,01_Ge_25_01_RG.jpg,True,818,610,143978,143978,True,,Isaac and Rebecca
File:Book of Genesis Chapter 25-2 (Bible Illustrations by Sweet Media).jpg,01_Ge_25_02_RG.jpg,True,827,610,148214,148214,True,,
File:Book of Genesis Chapter 25-3 (Bible Illustrations by Sweet Media).jpg,01_Ge_25_03_RG.jpg,True,822,610,135487,135487,True,,Line art without P180
File:Book of Genesis Chapter 25-4 (Bible Illustrations by Sweet Media).jpg,01_Ge_25_04_RG.jpg,True,824,610,167788,167788,True,,Isaac and Rebecca
File:Book of Genesis Chapter 25-5 (Bible Illustrations by Sweet Media).jpg,01_Ge_25_05_RG.jpg,True,827,610,163686,163686,True,,
File:Book of Genesis Chapter 25-6 (Bible Illustrations by Sweet Media).jpg,01_Ge_25_06_RG.jpg,True,823,610,168734,168734,True,,Line art without P180
File:Book of Genesis Chapter 25-7 (Bible Illustrations by Sweet Media).jpg,01_Ge_25_07_RG.jpg,True,831,610,151081,151081,True,,
File:Book of Genesis Chapter 25-8 (Bible Illustrations by Sweet Media).jpg,01_Ge_25_08_RG.jpg,True,829,610,166382,166382,True,,Isaac and Rebecca; Drawings of Jacob and Esau; Line art without P180
File:Book of Genesis Chapter 25-9 (Bible Illustrations by Sweet Media).jpg,01_Ge_25_09_RG.jpg,True,814,610,149669,149669,True,,
File:Book of Genesis Chapter 25-10 (Bible Illustrations by Sweet Media).jpg,01_Ge_25_10_RG.jpg,True,814,610,174192,174192,True,,Line art without P180
File:Book of Genesis Chapter 25-11 (Bible Illustrations by Sweet Media).jpg,01_Ge_25_11_RG.jpg,True,832,606,160271,160271,True,,Line art without P180
File:Book of Genesis Chapter 25-12 (Bible Illustrations by Sweet Media).jpg,01_Ge_25_12_RG.jpg,True,822,610,131414,131414,True,,
File:Book of Genesis Chapter 25-13 (Bible Illustrations by Sweet Media).jpg,01_Ge_25_13_RG.jpg,True,821,610,156490,156490,True,,Line art without P180
File:Book of Genesis Chapter 25-14 (Bible Illustrations by Sweet Media).jpg,01_Ge_25_14_RG.jpg,True,830,610,170638,170638,True,,
File:Book of Genesis Chapter 27-1 (Bible Illustrations by Sweet Media).jpg,01_Ge_27_01_RG.jpg,True,832,609,163936,163936,True,,
File:Book of Genesis Chapter 27-2 (Bible Illustrations by Sweet Media).jpg,01_Ge_27_02_RG.jpg,True,825,610,154474,154474,True,,
File:Book of Genesis Chapter 27-3 (Bible Illustrations by Sweet Media).jpg,01_Ge_27_03_RG.jpg,True,832,604,178151,178151,True,,
File:Book of Genesis Chapter 27-4 (Bible Illustrations by Sweet Media).jpg,01_Ge_27_04_RG.jpg,True,827,610,179880,179880,True,,
File:Book of Genesis Chapter 27-5 (Bible Illustrations by Sweet Media).jpg,01_Ge_27_05_RG.jpg,True,832,593,168172,168172,True,,Line art without P180
File:Book of Genesis Chapter 27-6 (Bible Illustrations by Sweet Media).jpg,01_Ge_27_06_RG.jpg,True,820,610,178616,178616,True,,Line art without P180
File:Book of Genesis Chapter 27-7 (Bible Illustrations by Sweet Media).jpg,01_Ge_27_07_RG.jpg,True,815,610,145132,145132,True,,
File:Book of Genesis Chapter 27-8 (Bible Illustrations by Sweet Media).jpg,01_Ge_27_08_RG.jpg,True,817,610,144709,144709,True,,
File:Book of Genesis Chapter 27-9 (Bible Illustrations by Sweet Media).jpg,01_Ge_27_09_RG.jpg,True,832,598,147920,147920,True,,
File:Book of Genesis Chapter 27-10 (Bible Illustrations by Sweet Media).jpg,01_Ge_27_10_RG.jpg,True,815,610,142006,142006,True,,
File:Book of Genesis Chapter 27-11 (Bible Illustrations by Sweet Media).jpg,01_Ge_27_11_RG.jpg,True,805,610,157506,157506,True,,
File:Book of Genesis Chapter 28-1 (Bible Illustrations by Sweet Media).jpg,01_Ge_28_01_RG.jpg,True,832,606,149564,149564,True,,
File:Book of Genesis Chapter 28-2 (Bible Illustrations by Sweet Media).jpg,01_Ge_28_02_RG.jpg,True,823,610,157069,157069,True,,Drawings of Jacob's ladder
File:Book of Genesis Chapter 28-3 (Bible Illustrations by Sweet Media).jpg,01_Ge_28_03_RG.jpg,True,832,609,171212,171212,True,,Drawings of Jacob's ladder
File:Book of Genesis Chapter 28-4 (Bible Illustrations by Sweet Media).jpg,01_Ge_28_04_RG.jpg,True,822,610,184161,184161,True,,Drawings of Jacob's ladder
File:Book of Genesis Chapter 28-5 (Bible Illustrations by Sweet Media).jpg,01_Ge_28_05_RG.jpg,True,825,610,147661,147661,True,,
File:Book of Genesis Chapter 28-6 (Bible Illustrations by Sweet Media).jpg,01_Ge_28_06_RG.jpg,True,832,604,133746,133746,True,,
File:Book of Genesis Chapter 28-7 (Bible Illustrations by Sweet Media).jpg,01_Ge_28_07_RG.jpg,True,832,596,138326,138326,True,,
File:Book of Genesis Chapter 28-8 (Bible Illustrations by Sweet Media).jpg,01_Ge_28_08_RG.jpg,True,828,610,125394,125394,True,,
File:Book of Genesis Chapter 28-9 (Bible Illustrations by Sweet Media).jpg,01_Ge_28_09_RG.jpg,True,626,610,54771,54771,True,,
File:Book of Genesis Chapter 29-1 (Bible Illustrations by Sweet Media).jpg,01_Ge_29_01_RG.jpg,True,832,598,144957,144957,True,,Line art without P180
File:Book of Genesis Chapter 29-2 (Bible Illustrations by Sweet Media).jpg,01_Ge_29_02_RG.jpg,True,829,610,165740,165740,True,,
File:Book of Genesis Chapter 29-10 (Bible Illustrations by Sweet Media).jpg,01_Ge_29_10_RG.jpg,True,831,610,155387,155387,True,,Jacob and Rachel
File:Book of Genesis Chapter 29-11 (Bible Illustrations by Sweet Media).jpg,01_Ge_29_11_RG.jpg,True,822,610,150687,150687,True,,
File:Book of Genesis Chapter 3-1 (Bible Illustrations by Sweet Media).jpg,01_Ge_03_01_RG.jpg,True,806,610,187635,187635,True,,Eve and the snake in art
File:Book of Genesis Chapter 3-2 (Bible Illustrations by Sweet Media).jpg,01_Ge_03_02_RG.jpg,True,824,610,149837,149837,True,,Eve and the snake in art
File:Book of Genesis Chapter 3-3 (Bible Illustrations by Sweet Media).jpg,01_Ge_03_03_RG.jpg,True,824,610,241099,241099,True,,
File:Book of Genesis Chapter 3-4 (Bible Illustrations by Sweet Media).jpg,01_Ge_03_04_RG.jpg,True,827,610,176309,176309,True,,Temptation of Adam and Eve in art
File:Book of Genesis Chapter 3-5 (Bible Illustrations by Sweet Media).jpg,01_Ge_03_05_RG.jpg,True,808,610,163553,163553,True,,Adam and Eve in art
File:Book of Genesis Chapter 3-6 (Bible Illustrations by Sweet Media).jpg,01_Ge_03_06_RG.jpg,True,832,607,198224,198224,True,,Adam and Eve in art
File:Book of Genesis Chapter 3-7 (Bible Illustrations by Sweet Media).jpg,01_Ge_03_07_RG.jpg,True,811,610,204003,204003,True,,Temptation of Adam and Eve in art
File:Book of Genesis Chapter 3-8 (Bible Illustrations by Sweet Media).jpg,01_Ge_03_08_RG.jpg,True,819,610,202937,202937,True,,Snakes in art
File:Book of Genesis Chapter 3-9 (Bible Illustrations by Sweet Media).jpg,01_Ge_03_09_RG.jpg,True,805,610,156645,156645,True,,Eve in art
File:Book of Genesis Chapter 3-10 (Bible Illustrations by Sweet Media).jpg,01_Ge_03_10_RG.jpg,True,828,610,157047,157047,True,,Adam in art
File:Book of Genesis Chapter 3-11 (Bible Illustrations by Sweet Media).jpg,01_Ge_03_11_RG.jpg,True,827,610,197649,197649,True,,Expulsion of Adam and Eve
File:Book of Genesis Chapter 29-3 (Bible Illustrations by Sweet Media).jpg,01_Ge_29_03_RG.jpg,True,832,587,149510,149510,True,,Jacob and Rachel
File:Book of Genesis Chapter 29-4 (Bible Illustrations by Sweet Media).jpg,01_Ge_29_04_RG.jpg,True,825,610,175470,175470,True,,Jacob and Laban; Jacob and Rachel; Leah; Line art without P180
File:Book of Genesis Chapter 29-5 (Bible Illustrations by Sweet Media).jpg,01_Ge_29_05_RG.jpg,True,818,610,138739,138739,True,,Leah; Rachel (Biblical figure); Line art without P180
File:Book of Genesis Chapter 29-6 (Bible Illustrations by Sweet Media).jpg,01_Ge_29_06_RG.jpg,True,821,610,139866,139866,True,,
File:Book of Genesis Chapter 29-7 (Bible Illustrations by Sweet Media).jpg,01_Ge_29_07_RG.jpg,True,824,610,177312,177312,True,,Jacob and Rachel
File:Book of Genesis Chapter 29-8 (Bible Illustrations by Sweet Media).jpg,01_Ge_29_08_RG.jpg,True,832,610,157419,157419,True,,Illustrations of Jacob; Leah
File:Book of Genesis Chapter 29-9 (Bible Illustrations by Sweet Media).jpg,01_Ge_29_09_RG.jpg,True,832,608,155141,155141,True,,Line art without P180
File:Book of Genesis Chapter 30-1 (Bible Illustrations by Sweet Media).jpg,01_Ge_30_01_RG.jpg,True,831,610,136691,136691,True,,
File:Book of Genesis Chapter 30-2 (Bible Illustrations by Sweet Media).jpg,01_Ge_30_02_RG.jpg,True,832,598,160402,160402,True,,Line art without P180
File:Book of Genesis Chapter 30-3 (Bible Illustrations by Sweet Media).jpg,01_Ge_30_03_RG.jpg,True,830,610,153542,153542,True,,Line art without P180
File:Book of Genesis Chapter 30-4 (Bible Illustrations by Sweet Media).jpg,01_Ge_30_04_RG.jpg,True,804,610,164203,164203,True,,
File:Book of Genesis Chapter 31-1 (Bible Illustrations by Sweet Media).jpg,01_Ge_31_01_RG.jpg,True,832,600,178694,178694,True,,Jacob and Rachel; Joseph (son of Jacob) in art
File:Book of Genesis Chapter 31-2 (Bible Illustrations by Sweet Media).jpg,01_Ge_31_02_RG.jpg,True,820,610,176118,176118,True,,
File:Book of Genesis Chapter 31-3 (Bible Illustrations by Sweet Media).jpg,01_Ge_31_03_RG.jpg,True,832,606,156720,156720,True,,
File:Book of Genesis Chapter 31-4 (Bible Illustrations by Sweet Media).jpg,01_Ge_31_04_RG.jpg,True,832,604,135165,135165,True,,
File:Book of Genesis Chapter 31-5 (Bible Illustrations by Sweet Media).jpg,01_Ge_31_05_RG.jpg,True,821,610,187054,187054,True,,Illustrations of Jacob; Leah; Line art without P180
File:Book of Genesis Chapter 31-6 (Bible Illustrations by Sweet Media).jpg,01_Ge_31_06_RG.jpg,True,832,601,134612,134612,True,,
File:Book of Genesis Chapter 31-7 (Bible Illustrations by Sweet Media).jpg,01_Ge_31_07_RG.jpg,True,828,610,128588,128588,True,,
File:Book of Genesis Chapter 31-8 (Bible Illustrations by Sweet Media).jpg,01_Ge_31_08_RG.jpg,True,831,610,157903,157903,True,,Jacob and Rachel; Joseph (son of Jacob) in art; Leah
File:Book of Genesis Chapter 31-9 (Bible Illustrations by Sweet Media).jpg,01_Ge_31_09_RG.jpg,True,831,610,159866,159866,True,,
File:Book of Genesis Chapter 31-10 (Bible Illustrations by Sweet Media).jpg,01_Ge_31_10_RG.jpg,True,832,594,145343,145343,True,,
File:Book of Genesis Chapter 31-11 (Bible Illustrations by Sweet Media).jpg,01_Ge_31_11_RG.jpg,True,804,610,159961,159961,True,,
File:Book of Genesis Chapter 32-1 (Bible Illustrations by Sweet Media).jpg,01_Ge_32_01_RG.jpg,True,829,610,117240,117240,True,,
File:Book of Genesis Chapter 32-2 (Bible Illustrations by Sweet Media).jpg,01_Ge_32_02_RG.jpg,True,824,610,140096,140096,True,,Line art without P180
File:Book of Genesis Chapter 32-3 (Bible Illustrations by Sweet Media).jpg,01_Ge_32_03_RG.jpg,True,832,599,154462,154462,True,,
File:Book of Genesis Chapter 32-4 (Bible Illustrations by Sweet Media).jpg,01_Ge_32_04_RG.jpg,True,832,610,142038,142038,True,,
File:Book of Genesis Chapter 32-5 (Bible Illustrations by Sweet Media).jpg,01_Ge_32_05_RG.jpg,True,832,610,164928,164928,True,,Jacob Wrestling with the Angel
File:Book of Genesis Chapter 32-6 (Bible Illustrations by Sweet Media).jpg,01_Ge_32_06_RG.jpg,True,832,590,141655,141655,True,,Jacob and Rachel; Joseph (son of Jacob) in art
File:Book of Genesis Chapter 33-1 (Bible Illustrations by Sweet Media).jpg,01_Ge_33_01_RG.jpg,True,823,610,132550,132550,True,,
File:Book of Genesis Chapter 33-2 (Bible Illustrations by Sweet Media).jpg,01_Ge_33_02_RG.jpg,True,832,608,143528,143528,True,,Line art without P180
File:Book of Genesis Chapter 33-3 (Bible Illustrations by Sweet Media).jpg,01_Ge_33_03_RG.jpg,True,820,610,142340,142340,True,,
File:Book of Genesis Chapter 35-1 (Bible Illustrations by Sweet Media).jpg,01_Ge_35_01_RG.jpg,True,817,610,129666,129666,True,,Line art without P180
File:Book of Genesis Chapter 35-2 (Bible Illustrations by Sweet Media).jpg,01_Ge_35_02_RG.jpg,True,832,605,144339,144339,True,,
File:Book of Genesis Chapter 35-3 (Bible Illustrations by Sweet Media).jpg,01_Ge_35_03_RG.jpg,True,832,607,164771,164771,True,,
File:Book of Genesis Chapter 37-1 (Bible Illustrations by Sweet Media).jpg,01_Ge_37_01_RG.jpg,True,828,610,158472,158472,True,,
File:Book of Genesis Chapter 37-10 (Bible Illustrations by Sweet Media).jpg,01_Ge_37_10_RG.jpg,True,828,610,162870,162870,True,,Line art without P180
File:Book of Genesis Chapter 37-11 (Bible Illustrations by Sweet Media).jpg,01_Ge_37_11_RG.jpg,True,822,610,129955,129955,True,,
File:Book of Genesis Chapter 37-12 (Bible Illustrations by Sweet Media).jpg,01_Ge_37_12_RG.jpg,True,829,610,157491,157491,True,,Line art without P180
File:Book of Genesis Chapter 37-13 (Bible Illustrations by Sweet Media).jpg,01_Ge_37_13_RG.jpg,True,821,610,157079,157079,True,,
File:Book of Genesis Chapter 4-1 (Bible Illustrations by Sweet Media).jpg,01_Ge_04_01_RG.jpg,True,831,610,188655,188655,True,,First family
File:Book of Genesis Chapter 4-2 (Bible Illustrations by Sweet Media).jpg,01_Ge_04_02_RG.jpg,True,808,610,180821,180821,True,,Prints of Cain and Abel
File:Book of Genesis Chapter 4-3 (Bible Illustrations by Sweet Media).jpg,01_Ge_04_03_RG.jpg,True,816,610,190770,190770,True,,Cain and Abel offering; Line art without P180
File:Book of Genesis Chapter 4-4 (Bible Illustrations by Sweet Media).jpg,01_Ge_04_04_RG.jpg,True,810,610,182006,182006,True,,Cain and Abel offering
File:Book of Genesis Chapter 4-5 (Bible Illustrations by Sweet Media).jpg,01_Ge_04_05_RG.jpg,True,817,610,157369,157369,True,,Cain in art
File:Book of Genesis Chapter 4-6 (Bible Illustrations by Sweet Media).jpg,01_Ge_04_06_RG.jpg,True,807,610,185161,185161,True,,Prints of Cain and Abel
File:Book of Genesis Chapter 4-7 (Bible Illustrations by Sweet Media).jpg,01_Ge_04_07_RG.jpg,True,798,610,164252,164252,True,,Prints of Cain and Abel; Killing in art
File:Book of Genesis Chapter 4-8 (Bible Illustrations by Sweet Media).jpg,01_Ge_04_08_RG.jpg,True,824,610,157521,157521,True,,Cain in art; Line art without P180
File:Book of Genesis Chapter 4-9 (Bible Illustrations by Sweet Media).jpg,01_Ge_04_09_RG.jpg,True,814,610,152408,152408,True,,Cain in art
File:Book of Genesis Chapter 4-10 (Bible Illustrations by Sweet Media).jpg,01_Ge_04_10_RG.jpg,True,825,610,161236,161236,True,,Cain in art
File:Book of Genesis Chapter 4-11 (Bible Illustrations by Sweet Media).jpg,01_Ge_04_11_RG.jpg,True,809,610,137715,137715,True,,Cain in art
File:Book of Genesis Chapter 37-2 (Bible Illustrations by Sweet Media).jpg,01_Ge_37_02_RG.jpg,True,832,605,151557,151557,True,,
File:Book of Genesis Chapter 37-3 (Bible Illustrations by Sweet Media).jpg,01_Ge_37_03_RG.jpg,True,807,610,164604,164604,True,,
File:Book of Genesis Chapter 37-4 (Bible Illustrations by Sweet Media).jpg,01_Ge_37_04_RG.jpg,True,832,597,140528,140528,True,,
File:Book of Genesis Chapter 37-5 (Bible Illustrations by Sweet Media).jpg,01_Ge_37_05_RG.jpg,True,832,609,168976,168976,True,,Line art without P180
File:Book of Genesis Chapter 37-6 (Bible Illustrations by Sweet Media).jpg,01_Ge_37_06_RG.jpg,True,830,610,151205,151205,True,,
File:Book of Genesis Chapter 37-7 (Bible Illustrations by Sweet Media).jpg,01_Ge_37_07_RG.jpg,True,813,610,166174,166174,True,,
File:Book of Genesis Chapter 37-8 (Bible Illustrations by Sweet Media).jpg,01_Ge_37_08_RG.jpg,True,826,610,150205,150205,True,,Line art without P180
File:Book of Genesis Chapter 37-9 (Bible Illustrations by Sweet Media).jpg,01_Ge_37_09_RG.jpg,True,816,610,146510,146510,True,,Line art without P180
File:Book of Genesis Chapter 37-14 (Bible Illustrations by Sweet Media).jpg,01_Ge_37_14_RG.jpg,True,827,610,148159,148159,True,,
File:Book of Genesis Chapter 37-15 (Bible Illustrations by Sweet Media).jpg,01_Ge_37_15_RG.jpg,True,808,610,160507,160507,True,,
File:Book of Genesis Chapter 37-16 (Bible Illustrations by Sweet Media).jpg,01_Ge_37_16_RG.jpg,True,829,610,154550,154550,True,,Line art without P180
File:Book of Genesis Chapter 37-17 (Bible Illustrations by Sweet Media).jpg,01_Ge_37_17_RG.jpg,True,831,610,160857,160857,True,,
File:Book of Genesis Chapter 37-18 (Bible Illustrations by Sweet Media).jpg,01_Ge_37_18_RG.jpg,True,832,602,162832,162832,True,,
File:Book of Genesis Chapter 37-19 (Bible Illustrations by Sweet Media).jpg,01_Ge_37_19_RG.jpg,True,832,606,137374,137374,True,,
File:Book of Genesis Chapter 37-20 (Bible Illustrations by Sweet Media).jpg,01_Ge_37_20_RG.jpg,True,824,610,175295,175295,True,,
File:Book of Genesis Chapter 37-21 (Bible Illustrations by Sweet Media).jpg,01_Ge_37_21_RG.jpg,True,832,608,154280,154280,True,,Line art without P180
File:Book of Genesis Chapter 37-22 (Bible Illustrations by Sweet Media).jpg,01_Ge_37_22_RG.jpg,True,813,610,145459,145459,True,,
File:Book of Genesis Chapter 39-2 (Bible Illustrations by Sweet Media).jpg,01_Ge_39_02_RG.jpg,True,825,610,143020,143020,True,,
File:Book of Genesis Chapter 39-3 (Bible Illustrations by Sweet Media).jpg,01_Ge_39_03_RG.jpg,True,826,610,149413,149413,True,,
File:Book of Genesis Chapter 39-4 (Bible Illustrations by Sweet Media).jpg,01_Ge_39_04_RG.jpg,True,824,610,140230,140230,True,,Line art without P180
File:Book of Genesis Chapter 39-5 (Bible Illustrations by Sweet Media).jpg,01_Ge_39_05_RG.jpg,True,832,608,154661,154661,True,,
File:Book of Genesis Chapter 39-6 (Bible Illustrations by Sweet Media).jpg,01_Ge_39_06_RG.jpg,True,828,610,142931,142931,True,,Joseph and Potiphar's wife
File:Book of Genesis Chapter 39-7 (Bible Illustrations by Sweet Media).jpg,01_Ge_39_07_RG.jpg,True,832,607,152286,152286,True,,Joseph and Potiphar's wife
File:Book of Genesis Chapter 39-8 (Bible Illustrations by Sweet Media).jpg,01_Ge_39_08_RG.jpg,True,817,610,141438,141438,True,,Potiphar's wife grabs Joseph
File:Book of Genesis Chapter 39-9 (Bible Illustrations by Sweet Media).jpg,01_Ge_39_09_RG.jpg,True,831,610,145240,145240,True,,Potiphar's wife grabs Joseph
File:Book of Genesis Chapter 39-10 (Bible Illustrations by Sweet Media).jpg,01_Ge_39_10_RG.jpg,True,829,610,148473,148473,True,,Potiphar's wife grabs Joseph
File:Book of Genesis Chapter 39-11 (Bible Illustrations by Sweet Media).jpg,01_Ge_39_11_RG.jpg,True,813,610,141997,141997,True,,Joseph Accused by Potiphar's wife
File:Book of Genesis Chapter 39-12 (Bible Illustrations by Sweet Media).jpg,01_Ge_39_12_RG.jpg,True,818,610,145453,145453,True,,
File:Book of Genesis Chapter 40-1 (Bible Illustrations by Sweet Media).jpg,01_Ge_40_01_RG.jpg,True,804,610,136172,136172,True,,
File:Book of Genesis Chapter 40-2 (Bible Illustrations by Sweet Media).jpg,01_Ge_40_02_RG.jpg,True,822,610,143170,143170,True,,
File:Book of Genesis Chapter 40-3 (Bible Illustrations by Sweet Media).jpg,01_Ge_40_03_RG.jpg,True,825,610,154573,154573,True,,
File:Book of Genesis Chapter 40-5 (Bible Illustrations by Sweet Media).jpg,01_Ge_40_05_RG.jpg,True,832,606,143306,143306,True,,Book of Genesis - Chapter 40; Line art without P180
File:Book of Genesis Chapter 40-6 (Bible Illustrations by Sweet Media).jpg,01_Ge_40_06_RG.jpg,True,825,610,150058,150058,True,,
File:Book of Genesis Chapter 40-7 (Bible Illustrations by Sweet Media).jpg,01_Ge_40_07_RG.jpg,True,805,610,147446,147446,True,,Line art without P180
File:Book of Genesis Chapter 40-8 (Bible Illustrations by Sweet Media).jpg,01_Ge_40_08_RG.jpg,True,832,584,133975,133975,True,,
File:Book of Genesis Chapter 40-10 (Bible Illustrations by Sweet Media).jpg,01_Ge_40_10_RG.jpg,True,826,610,173963,173963,True,,
File:Book of Genesis Chapter 40-11 (Bible Illustrations by Sweet Media).jpg,01_Ge_40_11_RG.jpg,True,832,608,158163,158163,True,,
File:Book of Genesis Chapter 41-1 (Bible Illustrations by Sweet Media).jpg,01_Ge_41_01_RG.jpg,True,832,610,159122,159122,True,,
File:Book of Genesis Chapter 41-10 (Bible Illustrations by Sweet Media).jpg,01_Ge_41_10_RG.jpg,True,826,610,131204,131204,True,,
File:Book of Genesis Chapter 41-2 (Bible Illustrations by Sweet Media).jpg,01_Ge_41_02_RG.jpg,True,827,610,159410,159410,True,,
File:Book of Genesis Chapter 41-3 (Bible Illustrations by Sweet Media).jpg,01_Ge_41_03_RG.jpg,True,821,610,134313,134313,True,,
File:Book of Genesis Chapter 41-4 (Bible Illustrations by Sweet Media).jpg,01_Ge_41_04_RG.jpg,True,821,610,146870,146870,True,,
File:Book of Genesis Chapter 41-5 (Bible Illustrations by Sweet Media).jpg,01_Ge_41_05_RG.jpg,True,819,610,190605,190605,True,,Pharaoh's dreams
File:Book of Genesis Chapter 41-6 (Bible Illustrations by Sweet Media).jpg,01_Ge_41_06_RG.jpg,True,832,610,170950,170950,True,,Pharaoh's dreams
File:Book of Genesis Chapter 41-7 (Bible Illustrations by Sweet Media).jpg,01_Ge_41_07_RG.jpg,True,813,610,141374,141374,True,,
File:Book of Genesis Chapter 41-8 (Bible Illustrations by Sweet Media).jpg,01_Ge_41_08_RG.jpg,True,821,610,157009,157009,True,,
File:Book of Genesis Chapter 41-9 (Bible Illustrations by Sweet Media).jpg,01_Ge_41_09_RG.jpg,True,812,610,143545,143545,True,,Line art without P180
File:Book of Genesis Chapter 41-11 (Bible Illustrations by Sweet Media).jpg,01_Ge_41_11_RG.jpg,True,814,610,144253,144253,True,,Line art without P180
File:Book of Genesis Chapter 41-12 (Bible Illustrations by Sweet Media).jpg,01_Ge_41_12_RG.jpg,True,813,610,150861,150861,True,,
File:Book of Genesis Chapter 41-13 (Bible Illustrations by Sweet Media).jpg,01_Ge_41_13_RG.jpg,True,832,610,157180,157180,True,,
File:Book of Genesis Chapter 41-14 (Bible Illustrations by Sweet Media).jpg,01_Ge_41_14_RG.jpg,True,832,609,156746,156746,True,,Joseph and Asenath
File:Book of Genesis Chapter 41-15 (Bible Illustrations by Sweet Media).jpg,01_Ge_41_15_RG.jpg,True,832,606,161447,161447,True,,
File:Book of Genesis Chapter 41-16 (Bible Illustrations by Sweet Media).jpg,01_Ge_41_16_RG.jpg,True,817,610,136481,136481,True,,
File:Book of Genesis Chapter 41-17 (Bible Illustrations by Sweet Media).jpg,01_Ge_41_17_RG.jpg,True,812,610,153546,153546,True,,Line art without P180
File:Book of Genesis Chapter 41-18 (Bible Illustrations by Sweet Media).jpg,01_Ge_41_18_RG.jpg,True,809,610,136039,136039,True,,
File:Book of Genesis Chapter 41-19 (Bible Illustrations by Sweet Media).jpg,01_Ge_41_19_RG.jpg,True,832,601,144957,144957,True,,Joseph and Asenath
File:Book of Genesis Chapter 41-20 (Bible Illustrations by Sweet Media).jpg,01_Ge_41_20_RG.jpg,True,818,610,122464,122464,True,,
File:Book of Genesis Chapter 41-22 (Bible Illustrations by Sweet Media).jpg,01_Ge_41_22_RG.jpg,True,696,610,102341,102341,True,,
File:Book of Genesis Chapter 41-23 (Bible Illustrations by Sweet Media).jpg,01_Ge_41_23_RG.jpg,True,832,592,143615,143615,True,,
File:Book of Genesis Chapter 41-24 (Bible Illustrations by Sweet Media).jpg,01_Ge_41_24_RG.jpg,True,832,609,137418,137418,True,,
File:Book of Genesis Chapter 41-27 (Bible Illustrations by Sweet Media).jpg,01_Ge_41_27_RG.jpg,True,817,610,171778,171778,True,,
File:Book of Genesis Chapter 42-1 (Bible Illustrations by Sweet Media).jpg,01_Ge_42_01_RG.jpg,True,812,610,138267,138267,True,,Line art without P180
File:Book of Genesis Chapter 42-2 (Bible Illustrations by Sweet Media).jpg,01_Ge_42_02_RG.jpg,True,832,600,126895,126895,True,,
File:Book of Genesis Chapter 42-3 (Bible Illustrations by Sweet Media).jpg,01_Ge_42_03_RG.jpg,True,815,610,158460,158460,True,,
File:Book of Genesis Chapter 42-4 (Bible Illustrations by Sweet Media).jpg,01_Ge_42_04_RG.jpg,True,814,610,171489,171489,True,,Line art without P180
File:Book of Genesis Chapter 42-5 (Bible Illustrations by Sweet Media).jpg,01_Ge_42_05_RG.jpg,True,818,610,162734,162734,True,,
File:Book of Genesis Chapter 42-6 (Bible Illustrations by Sweet Media).jpg,01_Ge_42_06_RG.jpg,True,827,610,159877,159877,True,,
File:Book of Genesis Chapter 42-7 (Bible Illustrations by Sweet Media).jpg,01_Ge_42_07_RG.jpg,True,819,610,156681,156681,True,,
File:Book of Genesis Chapter 42-9 (Bible Illustrations by Sweet Media).jpg,01_Ge_42_09_RG.jpg,True,824,610,157515,157515,True,,
File:Book of Genesis Chapter 42-10 (Bible Illustrations by Sweet Media).jpg,01_Ge_42_10_RG.jpg,True,827,610,171361,171361,True,,Line art without P180
File:Book of Genesis Chapter 42-12 (Bible Illustrations by Sweet Media).jpg,01_Ge_42_12_RG.jpg,True,812,610,160338,160338,True,,Line art without P180
File:Book of Genesis Chapter 42-13 (Bible Illustrations by Sweet Media).jpg,01_Ge_42_13_RG.jpg,True,816,610,159324,159324,True,,Line art without P180
File:Book of Genesis Chapter 42-14 (Bible Illustrations by Sweet Media).jpg,01_Ge_42_14_RG.jpg,True,830,610,156441,156441,True,,
File:Book of Genesis Chapter 43-1 (Bible Illustrations by Sweet Media).jpg,01_Ge_43_01_RG.jpg,True,806,610,118849,118849,True,,
File:Book of Genesis Chapter 43-3 (Bible Illustrations by Sweet Media).jpg,01_Ge_43_03_RG.jpg,True,809,610,146203,146203,True,,
File:Book of Genesis Chapter 43-4 (Bible Illustrations by Sweet Media).jpg,01_Ge_43_04_RG.jpg,True,809,610,156133,156133,True,,Line art without P180
File:Book of Genesis Chapter 43-5 (Bible Illustrations by Sweet Media).jpg,01_Ge_43_05_RG.jpg,True,519,610,87156,87156,True,,Line art without P180
File:Book of Genesis Chapter 43-6 (Bible Illustrations by Sweet Media).jpg,01_Ge_43_06_RG.jpg,True,832,610,172902,172902,True,,Line art without P180
File:Book of Genesis Chapter 44-1 (Bible Illustrations by Sweet Media).jpg,01_Ge_44_01_RG.jpg,True,809,610,158298,158298,True,,Line art without P180
File:Book of Genesis Chapter 44-3 (Bible Illustrations by Sweet Media).jpg,01_Ge_44_03_RG.jpg,True,832,588,152892,152892,True,,Line art without P180
File:Book of Genesis Chapter 44-4 (Bible Illustrations by Sweet Media).jpg,01_Ge_44_04_RG.jpg,True,821,610,174262,174262,True,,
File:Book of Genesis Chapter 44-6 (Bible Illustrations by Sweet Media).jpg,01_Ge_44_06_RG.jpg,True,832,604,140461,140461,True,,
File:Book of Genesis Chapter 44-7 (Bible Illustrations by Sweet Media).jpg,01_Ge_44_07_RG.jpg,True,808,610,160339,160339,True,,
File:Book of Genesis Chapter 44-8 (Bible Illustrations by Sweet Media).jpg,01_Ge_44_08_RG.jpg,True,619,610,95315,95315,True,,
File:Book of Genesis Chapter 44-9 (Bible Illustrations by Sweet Media).jpg,01_Ge_44_09_RG.jpg,True,832,602,163089,163089,True,,
File:Book of Genesis Chapter 45-1 (Bible Illustrations by Sweet Media).jpg,01_Ge_45_01_RG.jpg,True,814,610,150281,150281,True,,
File:Book of Genesis Chapter 45-2 (Bible Illustrations by Sweet Media).jpg,01_Ge_45_02_RG.jpg,True,822,610,172196,172196,True,,Line art without P180
File:Book of Genesis Chapter 45-3 (Bible Illustrations by Sweet Media).jpg,01_Ge_45_03_RG.jpg,True,824,610,169998,169998,True,,
File:Book of Genesis Chapter 45-10 (Bible Illustrations by Sweet Media).jpg,01_Ge_45_10_RG.jpg,True,819,610,149547,149547,True,,
File:Book of Isaiah Chapter 7-1 (Bible Illustrations by Sweet Media).jpg,23_Is_07_01_RG.jpg,True,831,610,119628,119628,True,Matthew 01:18-25a<br>Announcement of Jesus' birth to Joseph,Isaiah 7; Line art without P180
File:Book of Isaiah Chapter 37-1 (Bible Illustrations by Sweet Media).jpg,23_Is_37_01_RG.jpg,True,831,610,133329,133329,True,,Isaiah 37; Line art without P180
File:Book of Isaiah Chapter 37-3 (Bible Illustrations by Sweet Media).jpg,23_Is_37_03_RG.jpg,True,831,610,180903,180903,True,,Isaiah 37
File:Book of Isaiah Chapter 38-1 (Bible Illustrations by Sweet Media).jpg,23_Is_38_01_RG.jpg,True,831,610,155531,155531,True,,Isaiah 38
File:Book of Jeremiah Chapter 27-1 (Bible Illustrations by Sweet Media).jpg,24_Jer_27_01_RG.jpg,True,831,610,173808,173808,True,,Line art without P180
File:Book of Jeremiah Chapter 36-1 (Bible Illustrations by Sweet Media).jpg,24_Jer_36_01_RG.jpg,True,831,610,135103,135103,True,,Line art without P180
File:Book of Jeremiah Chapter 36-2 (Bible Illustrations by Sweet Media).jpg,24_Jer_36_02_RG.jpg,True,831,610,164367,164367,True,,Line art without P180
File:Book of Jeremiah Chapter 36-3 (Bible Illustrations by Sweet Media).jpg,24_Jer_36_03_RG.jpg,True,831,610,148027,148027,True,,
File:Book of Genesis Chapter 6-2 (Bible Illustrations by Sweet Media).jpg,01_Ge_06_02_RG.jpg,True,817,610,171595,171595,True,,
File:Book of Genesis Chapter 6-3 (Bible Illustrations by Sweet Media).jpg,01_Ge_06_03_RG.jpg,True,809,610,192566,192566,True,,
File:Book of Genesis Chapter 6-4 (Bible Illustrations by Sweet Media).jpg,01_Ge_06_04_RG.jpg,True,824,610,189320,189320,True,,
File:Book of Genesis Chapter 6-6 (Bible Illustrations by Sweet Media).jpg,01_Ge_06_06_RG.jpg,True,822,610,160003,160003,True,,
File:Book of Genesis Chapter 6-7 (Bible Illustrations by Sweet Media).jpg,01_Ge_06_07_RG.jpg,True,790,610,155458,155458,True,,Line art without P180
File:Book of Genesis Chapter 6-8 (Bible Illustrations by Sweet Media).jpg,01_Ge_06_08_RG.jpg,True,819,610,194408,194408,True,,
File:Book of Genesis Chapter 6-9 (Bible Illustrations by Sweet Media).jpg,01_Ge_06_09_RG.jpg,True,832,604,167116,167116,True,,
File:Book of Genesis Chapter 6-11 (Bible Illustrations by Sweet Media).jpg,01_Ge_06_11_RG.jpg,True,830,610,183210,183210,True,,Line art without P180
File:Book of Genesis Chapter 7-1 (Bible Illustrations by Sweet Media).jpg,01_Ge_07_01_RG.jpg,True,832,455,135569,135569,True,,Line art without P180
File:Book of Genesis Chapter 7-2 (Bible Illustrations by Sweet Media).jpg,01_Ge_07_02_RG.jpg,True,824,610,187782,187782,True,,
File:Book of Genesis Chapter 7-3 (Bible Illustrations by Sweet Media).jpg,01_Ge_07_03_RG.jpg,True,758,610,137018,137018,True,,Line art without P180
File:Book of Genesis Chapter 7-4 (Bible Illustrations by Sweet Media).jpg,01_Ge_07_04_RG.jpg,True,511,610,94630,94630,True,,Line art without P180
File:Book of Genesis Chapter 7-5 (Bible Illustrations by Sweet Media).jpg,01_Ge_07_05_RG.jpg,True,822,610,195562,195562,True,,
File:Book of Genesis Chapter 7-6 (Bible Illustrations by Sweet Media).jpg,01_Ge_07_06_RG.jpg,True,822,610,165894,165894,True,,Line art without P180
File:Book of Genesis Chapter 7-7 (Bible Illustrations by Sweet Media).jpg,01_Ge_07_07_RG.jpg,True,832,572,127498,127498,True,,
File:Book of Genesis Chapter 7-8 (Bible Illustrations by Sweet Media).jpg,01_Ge_07_08_RG.jpg,True,832,602,194925,194925,True,,
File:Book of Genesis Chapter 8-3 (Bible Illustrations by Sweet Media).jpg,01_Ge_08_03_RG.jpg,True,832,524,130344,130344,True,,
File:Book of Genesis Chapter 8-4 (Bible Illustrations by Sweet Media).jpg,01_Ge_08_04_RG.jpg,True,824,610,171285,171285,True,,
File:Book of Genesis Chapter 8-5 (Bible Illustrations by Sweet Media).jpg,01_Ge_08_05_RG.jpg,True,822,610,184102,184102,True,,
File:Book of Genesis Chapter 8-7 (Bible Illustrations by Sweet Media).jpg,01_Ge_08_07_RG.jpg,True,758,610,138859,138859,True,,
File:Book of Genesis Chapter 8-8 (Bible Illustrations by Sweet Media).jpg,01_Ge_08_08_RG.jpg,True,831,610,175681,175681,True,,
File:Book of Genesis Chapter 8-9 (Bible Illustrations by Sweet Media).jpg,01_Ge_08_09_RG.jpg,True,831,610,184585,184585,True,,Dove releases; Peace doves; Line art without P180
File:Book of Genesis Chapter 8-10 (Bible Illustrations by Sweet Media).jpg,01_Ge_08_10_RG.jpg,True,832,596,160411,160411,True,,Peace doves
File:Book of Genesis Chapter 8-11 (Bible Illustrations by Sweet Media).jpg,01_Ge_08_11_RG.jpg,True,802,610,175561,175561,True,,
File:Book of Genesis Chapter 8-12 (Bible Illustrations by Sweet Media).jpg,01_Ge_08_12_RG.jpg,True,822,610,183250,183250,True,,
File:Book of Genesis Chapter 8-13 (Bible Illustrations by Sweet Media).jpg,01_Ge_08_13_RG.jpg,True,817,610,168999,168999,True,,
File:Book of Genesis Chapter 8-14 (Bible Illustrations by Sweet Media).jpg,01_Ge_08_14_RG.jpg,True,818,610,171596,171596,True,,Line art without P180
File:Book of Genesis Chapter 9-2 (Bible Illustrations by Sweet Media).jpg,01_Ge_09_02_RG.jpg,True,825,610,191000,191000,True,,
File:Book of Genesis Chapter 9-3 (Bible Illustrations by Sweet Media).jpg,01_Ge_09_03_RG.jpg,True,748,610,87125,87125,True,,Line art without P180
File:Book of Genesis Chapter 9-4 (Bible Illustrations by Sweet Media).jpg,01_Ge_09_04_RG.jpg,True,819,610,167527,167527,True,,
File:Book of Genesis Chapter 9-5 (Bible Illustrations by Sweet Media).jpg,01_Ge_09_05_RG.jpg,True,826,610,170397,170397,True,,Passover in art; Line art without P180
File:Book of Genesis Chapter 9-7 (Bible Illustrations by Sweet Media).jpg,01_Ge_09_07_RG.jpg,True,827,610,157804,157804,True,,Adam and Eve in art
File:Book of Genesis Chapter 45-4 (Bible Illustrations by Sweet Media).jpg,01_Ge_45_04_RG.jpg,True,815,610,145775,145775,True,,
File:Book of Genesis Chapter 45-5 (Bible Illustrations by Sweet Media).jpg,01_Ge_45_05_RG.jpg,True,828,610,160108,160108,True,,
File:Book of Genesis Chapter 45-6 (Bible Illustrations by Sweet Media).jpg,01_Ge_45_06_RG.jpg,True,832,605,168495,168495,True,,
File:Book of Genesis Chapter 45-7 (Bible Illustrations by Sweet Media).jpg,01_Ge_45_07_RG.jpg,True,820,610,161590,161590,True,,
File:Book of Genesis Chapter 45-8 (Bible Illustrations by Sweet Media).jpg,01_Ge_45_08_RG.jpg,True,818,610,167487,167487,True,,
File:Book of Genesis Chapter 45-9 (Bible Illustrations by Sweet Media).jpg,01_Ge_45_09_RG.jpg,True,828,610,129888,129888,True,,
File:Book of Genesis Chapter 46-1 (Bible Illustrations by Sweet Media).jpg,01_Ge_46_01_RG.jpg,True,829,610,139661,139661,True,,
File:Book of Genesis Chapter 46-2 (Bible Illustrations by Sweet Media).jpg,01_Ge_46_02_RG.jpg,True,817,610,176864,176864,True,,
File:Book of Genesis Chapter 47-2 (Bible Illustrations by Sweet Media).jpg,01_Ge_47_02_RG.jpg,True,832,471,104349,104349,True,,
File:Book of Genesis Chapter 50-2 (Bible Illustrations by Sweet Media).jpg,01_Ge_50_02_RG.jpg,True,820,610,150590,150590,True,,Line art without P180
File:Book of Jonah Chapter 1-1 (Bible Illustrations by Sweet Media).jpg,32_Jon_01_01_RG.jpg,True,831,610,174318,174318,True,,
File:Book of Jonah Chapter 1-2 (Bible Illustrations by Sweet Media).jpg,32_Jon_01_02_RG.jpg,True,831,610,157943,157943,True,,
File:Book of Jonah Chapter 4-4 (Bible Illustrations by Sweet Media).jpg,32_Jon_04_04_RG.jpg,True,831,610,143328,143328,True,,
File:Book of Jonah Chapter 1-3 (Bible Illustrations by Sweet Media).jpg,32_Jon_01_03_RG.jpg,True,831,610,178766,178766,True,,
File:Book of Jonah Chapter 1-4 (Bible Illustrations by Sweet Media).jpg,32_Jon_01_04_RG.jpg,True,831,610,191084,191084,True,,Line art without P180
File:Book of Jonah Chapter 1-5 (Bible Illustrations by Sweet Media).jpg,32_Jon_01_05_RG.jpg,True,831,610,176694,176694,True,,
File:Book of Jonah Chapter 1-6 (Bible Illustrations by Sweet Media).jpg,32_Jon_01_06_RG.jpg,True,831,610,140968,140968,True,,
File:Book of Jonah Chapter 3-1 (Bible Illustrations by Sweet Media).jpg,32_Jon_03_01_RG.jpg,True,831,610,152170,152170,True,,
File:Book of Jonah Chapter 3-2 (Bible Illustrations by Sweet Media).jpg,32_Jon_03_02_RG.jpg,True,831,610,173470,173470,True,,
File:Book of Jonah Chapter 4-1 (Bible Illustrations by Sweet Media).jpg,32_Jon_04_01_RG.jpg,True,831,610,171967,171967,True,,
File:Book of Jonah Chapter 4-2 (Bible Illustrations by Sweet Media).jpg,32_Jon_04_02_RG.jpg,True,832,605,170790,170790,True,,
File:Book of Jonah Chapter 4-3 (Bible Illustrations by Sweet Media).jpg,32_Jon_04_03_RG.jpg,True,831,610,163415,163415,True,,
File:Book of Jeremiah Chapter 36-4 (Bible Illustrations by Sweet Media).jpg,24_Jer_36_04_RG.jpg,True,831,610,177747,177747,True,,
File:Book of Jeremiah Chapter 36-5 (Bible Illustrations by Sweet Media).jpg,24_Jer_36_05_RG.jpg,True,831,610,135146,135146,True,,
File:Book of Jeremiah Chapter 37-1 (Bible Illustrations by Sweet Media).jpg,24_Jer_37_01_RG.jpg,True,831,610,167453,167453,True,,
File:Book of Jeremiah Chapter 37-2 (Bible Illustrations by Sweet Media).jpg,24_Jer_37_02_RG.jpg,True,831,610,159787,159787,True,,
File:Book of Jeremiah Chapter 38-1 (Bible Illustrations by Sweet Media).jpg,24_Jer_38_01_RG.jpg,True,831,610,161284,161284,True,,
File:Book of Jeremiah Chapter 38-2 (Bible Illustrations by Sweet Media).jpg,24_Jer_38_02_RG.jpg,True,831,610,159029,159029,True,,Ebed-Melech
File:Book of Jeremiah Chapter 38-3 (Bible Illustrations by Sweet Media).jpg,24_Jer_38_03_RG.jpg,True,831,610,148733,148733,True,,
File:Book of Job Chapter 1-1 (Bible Illustrations by Sweet Media).jpg,18_Jb_01_01_RG.jpg,True,832,605,162655,162655,True,,
File:Book of Job Chapter 1-2 (Bible Illustrations by Sweet Media).jpg,18_Jb_01_02_RG.jpg,True,832,600,172640,172640,True,,
File:Book of Job Chapter 1-3 (Bible Illustrations by Sweet Media).jpg,18_Jb_01_03_RG.jpg,True,804,610,170466,170466,True,,
File:Book of Job Chapter 1-4 (Bible Illustrations by Sweet Media).jpg,18_Jb_01_04_RG.jpg,True,809,610,178656,178656,True,,
File:Book of Job Chapter 1-5 (Bible Illustrations by Sweet Media).jpg,18_Jb_01_05_RG.jpg,True,665,610,63786,63786,True,,
File:Book of Job Chapter 1-6 (Bible Illustrations by Sweet Media).jpg,18_Jb_01_06_RG.jpg,True,810,610,169076,169076,True,,
File:Book of Job Chapter 1-7 (Bible Illustrations by Sweet Media).jpg,18_Jb_01_07_RG.jpg,True,832,606,181711,181711,True,,Line art without P180
File:Book of Job Chapter 1-9 (Bible Illustrations by Sweet Media).jpg,18_Jb_01_09_RG.jpg,True,822,610,184730,184730,True,,
File:Book of Job Chapter 1-10 (Bible Illustrations by Sweet Media).jpg,18_Jb_01_10_RG.jpg,True,822,610,169713,169713,True,,
File:Book of Job Chapter 2-1 (Bible Illustrations by Sweet Media).jpg,18_Jb_02_01_RG.jpg,True,812,610,164792,164792,True,,Line art without P180
File:Book of Job Chapter 2-2 (Bible Illustrations by Sweet Media).jpg,18_Jb_02_02_RG.jpg,True,828,610,162211,162211,True,,
File:Book of Job Chapter 2-3 (Bible Illustrations by Sweet Media).jpg,18_Jb_02_03_RG.jpg,True,812,610,177468,177468,True,,Line art without P180
File:Book of Job Chapter 2-4 (Bible Illustrations by Sweet Media).jpg,18_Jb_02_04_RG.jpg,True,813,610,177974,177974,True,,
File:Book of Job Chapter 2-5 (Bible Illustrations by Sweet Media).jpg,18_Jb_02_05_RG.jpg,True,832,607,151853,151853,True,,
File:Book of Job Chapter 2-6 (Bible Illustrations by Sweet Media).jpg,18_Jb_02_06_RG.jpg,True,832,603,195044,195044,True,,
File:Book of Job Chapter 3-1 (Bible Illustrations by Sweet Media).jpg,18_Jb_03_01_RG.jpg,True,825,610,177161,177161,True,,
File:Book of Job Chapter 4-1 (Bible Illustrations by Sweet Media).jpg,18_Jb_04_01_RG.jpg,True,827,610,172883,172883,True,,
File:Book of Job Chapter 6-1 (Bible Illustrations by Sweet Media).jpg,18_Jb_06_01_RG.jpg,True,829,610,177231,177231,True,,Line art without P180
File:Book of Job Chapter 15-1 (Bible Illustrations by Sweet Media).jpg,18_Jb_15_01_RG.jpg,True,832,608,178639,178639,True,,
File:Book of Job Chapter 16-1 (Bible Illustrations by Sweet Media).jpg,18_Jb_16_01_RG.jpg,True,827,610,149705,149705,True,,Line art without P180
File:Book of Job Chapter 19-1 (Bible Illustrations by Sweet Media).jpg,18_Jb_19_01_RG.jpg,True,828,610,202505,202505,True,,Line art without P180; Drawings of topless men; Topless sitting men in art; 1 man in art
File:Book of Job Chapter 42-1 (Bible Illustrations by Sweet Media).jpg,18_Jb_42_01_RG.jpg,True,829,610,160595,160595,True,,
File:Book of Job Chapter 42-2 (Bible Illustrations by Sweet Media).jpg,18_Jb_42_02_RG.jpg,True,832,602,184763,184763,True,,Line art without P180
File:Book of Job Chapter 42-3 (Bible Illustrations by Sweet Media).jpg,18_Jb_42_03_RG.jpg,True,832,601,173953,173953,True,,
File:Book of Joshua Chapter 1-1 (Bible Illustrations by Sweet Media).jpg,06_Jo_01_01_RG.jpg,True,832,598,160776,160776,True,,Line art without P180
File:Book of Joshua Chapter 1-2 (Bible Illustrations by Sweet Media).jpg,06_Jo_01_02_RG.jpg,True,821,610,136943,136943,True,,Line art without P180
File:Book of Joshua Chapter 10-1 (Bible Illustrations by Sweet Media).jpg,06_Jo_10_01_RG.jpg,True,813,610,199671,199671,True,,
File:Book of Joshua Chapter 10-2 (Bible Illustrations by Sweet Media).jpg,06_Jo_10_02_RG.jpg,True,818,610,157321,157321,True,,Line art without P180
File:Book of Joshua Chapter 10-3 (Bible Illustrations by Sweet Media).jpg,06_Jo_10_03_RG.jpg,True,830,610,176542,176542,True,,Line art without P180
File:Book of Joshua Chapter 10-4 (Bible Illustrations by Sweet Media).jpg,06_Jo_10_04_RG.jpg,True,810,610,156605,156605,True,,
File:Book of Joshua Chapter 10-5 (Bible Illustrations by Sweet Media).jpg,06_Jo_10_05_RG.jpg,True,827,610,157409,157409,True,,
File:Book of Joshua Chapter 2-1 (Bible Illustrations by Sweet Media).jpg,06_Jo_02_01_RG.jpg,True,832,609,151943,151943,True,,
File:Book of Joshua Chapter 2-2 (Bible Illustrations by Sweet Media).jpg,06_Jo_02_02_RG.jpg,True,832,596,171069,171069,True,,Rahab in drawings
File:Book of Joshua Chapter 2-3 (Bible Illustrations by Sweet Media).jpg,06_Jo_02_03_RG.jpg,True,832,610,169051,169051,True,,Rahab in drawings
File:Book of Joshua Chapter 2-4 (Bible Illustrations by Sweet Media).jpg,06_Jo_02_04_RG.jpg,True,821,610,145785,145785,True,,Rahab in drawings
File:Book of Joshua Chapter 2-5 (Bible Illustrations by Sweet Media).jpg,06_Jo_02_05_RG.jpg,True,832,600,149632,149632,True,,Rahab in drawings
File:Book of Joshua Chapter 2-6 (Bible Illustrations by Sweet Media).jpg,06_Jo_02_06_RG.jpg,True,832,606,145678,145678,True,,Rahab in drawings
File:Book of Joshua Chapter 2-7 (Bible Illustrations by Sweet Media).jpg,06_Jo_02_07_RG.jpg,True,832,604,125844,125844,True,,Rahab in drawings
File:Book of Joshua Chapter 2-8 (Bible Illustrations by Sweet Media).jpg,06_Jo_02_08_RG.jpg,True,832,605,140128,140128,True,,Rahab in drawings
File:Book of Joshua Chapter 2-9 (Bible Illustrations by Sweet Media).jpg,06_Jo_02_09_RG.jpg,True,831,610,157840,157840,True,,Rahab in drawings; Line art without P180
File:Book of Joshua Chapter 2-10 (Bible Illustrations by Sweet Media).jpg,06_Jo_02_10_RG.jpg,True,832,608,165182,165182,True,,
File:Book of Joshua Chapter 2-11 (Bible Illustrations by Sweet Media).jpg,06_Jo_02_11_RG.jpg,True,830,610,182054,182054,True,,
File:Book of Joshua Chapter 2-12 (Bible Illustrations by Sweet Media).jpg,06_Jo_02_12_RG.jpg,True,828,610,134904,134904,True,,
File:Book of Joshua Chapter 3-1 (Bible Illustrations by Sweet Media).jpg,06_Jo_03_01_RG.jpg,True,832,603,140661,140661,True,,
File:Book of Joshua Chapter 3-2 (Bible Illustrations by Sweet Media).jpg,06_Jo_03_02_RG.jpg,True,832,602,151682,151682,True,,
File:Book of Joshua Chapter 3-3 (Bible Illustrations by Sweet Media).jpg,06_Jo_03_03_RG.jpg,True,823,610,148791,148791,True,,Crossing the Jordan
File:Book of Joshua Chapter 3-4 (Bible Illustrations by Sweet Media).jpg,06_Jo_03_04_RG.jpg,True,824,610,161624,161624,True,,Crossing the Jordan; Line art without P180
File:Book of Joshua Chapter 3-5 (Bible Illustrations by Sweet Media).jpg,06_Jo_03_05_RG.jpg,True,825,610,148680,148680,True,,
File:Book of Joshua Chapter 4-2 (Bible Illustrations by Sweet Media).jpg,06_Jo_04_02_RG.jpg,True,832,603,144531,144531,True,,
File:Book of Joshua Chapter 4-3 (Bible Illustrations by Sweet Media).jpg,06_Jo_04_03_RG.jpg,True,832,598,149801,149801,True,,
File:Book of Joshua Chapter 4-6 (Bible Illustrations by Sweet Media).jpg,06_Jo_04_06_RG.jpg,True,790,610,149912,149912,True,,
File:Book of Joshua Chapter 5-2 (Bible Illustrations by Sweet Media).jpg,06_Jo_05_02_RG.jpg,True,832,608,165686,165686,True,,
File:Book of Joshua Chapter 5-3 (Bible Illustrations by Sweet Media).jpg,06_Jo_05_03_RG.jpg,True,832,603,156972,156972,True,,
File:Book of Joshua Chapter 6-1 (Bible Illustrations by Sweet Media).jpg,06_Jo_06_01_RG.jpg,True,832,600,168463,168463,True,,Line art without P180
File:Book of Joshua Chapter 6-2 (Bible Illustrations by Sweet Media).jpg,06_Jo_06_02_RG.jpg,True,831,610,143700,143700,True,,Line art without P180
File:Book of Joshua Chapter 6-3 (Bible Illustrations by Sweet Media).jpg,06_Jo_06_03_RG.jpg,True,812,610,141455,141455,True,,People blowing a Shofar
File:Book of Joshua Chapter 6-4 (Bible Illustrations by Sweet Media).jpg,06_Jo_06_04_RG.jpg,True,832,607,151337,151337,True,,
File:Book of Joshua Chapter 6-10 (Bible Illustrations by Sweet Media).jpg,06_Jo_06_10_RG.jpg,True,818,610,168843,168843,True,,
File:Book of Joshua Chapter 6-11 (Bible Illustrations by Sweet Media).jpg,06_Jo_06_11_RG.jpg,True,832,596,184017,184017,True,,Line art without P180
File:Book of Joshua Chapter 10-6 (Bible Illustrations by Sweet Media).jpg,06_Jo_10_06_RG.jpg,True,806,610,124246,124246,True,,
File:Book of Joshua Chapter 10-7 (Bible Illustrations by Sweet Media).jpg,06_Jo_10_07_RG.jpg,True,828,610,168599,168599,True,,
File:Book of Joshua Chapter 10-8 (Bible Illustrations by Sweet Media).jpg,06_Jo_10_08_RG.jpg,True,827,610,185135,185135,True,,Line art without P180
File:Book of Joshua Chapter 13-1 (Bible Illustrations by Sweet Media).jpg,06_Jo_13_01_RG.jpg,True,810,610,104466,104466,True,,
File:Book of Joshua Chapter 13-2 (Bible Illustrations by Sweet Media).jpg,06_Jo_13_02_RG.jpg,True,822,610,118109,118109,True,,
File:Book of Joshua Chapter 14-1 (Bible Illustrations by Sweet Media).jpg,06_Jo_14_01_RG.jpg,True,814,610,140282,140282,True,,
File:Book of Joshua Chapter 14-2 (Bible Illustrations by Sweet Media).jpg,06_Jo_14_02_RG.jpg,True,831,610,159337,159337,True,,
File:Book of Joshua Chapter 18-1 (Bible Illustrations by Sweet Media).jpg,06_Jo_18_01_RG.jpg,True,832,609,175626,175626,True,,
File:Book of Joshua Chapter 19-2 (Bible Illustrations by Sweet Media).jpg,06_Jo_19_02_RG.jpg,True,832,608,156494,156494,True,,Line art without P180
File:Book of Joshua Chapter 21-1 (Bible Illustrations by Sweet Media).jpg,06_Jo_21_01_RG.jpg,True,813,610,120096,120096,True,,
File:Book of Joshua Chapter 22-1 (Bible Illustrations by Sweet Media).jpg,06_Jo_22_01_RG.jpg,True,832,606,156785,156785,True,,
File:Book of Joshua Chapter 22-2 (Bible Illustrations by Sweet Media).jpg,06_Jo_22_02_RG.jpg,True,825,610,162186,162186,True,,
File:Book of Joshua Chapter 22-3 (Bible Illustrations by Sweet Media).jpg,06_Jo_22_03_RG.jpg,True,832,608,160554,160554,True,,
File:Book of Joshua Chapter 22-4 (Bible Illustrations by Sweet Media).jpg,06_Jo_22_04_RG.jpg,True,823,610,195284,195284,True,,Line art without P180
File:Book of Joshua Chapter 24-1 (Bible Illustrations by Sweet Media).jpg,06_Jo_24_01_RG.jpg,True,823,610,115354,115354,True,,
File:Book of Joshua Chapter 24-2 (Bible Illustrations by Sweet Media).jpg,06_Jo_24_02_RG.jpg,True,828,610,168138,168138,True,,
File:Book of Joshua Chapter 24-3 (Bible Illustrations by Sweet Media).jpg,06_Jo_24_03_RG.jpg,True,812,610,154991,154991,True,,
File:Book of Joshua Chapter 24-4 (Bible Illustrations by Sweet Media).jpg,06_Jo_24_04_RG.jpg,True,832,606,146848,146848,True,,
File:Book of Joshua Chapter 24-5 (Bible Illustrations by Sweet Media).jpg,06_Jo_24_05_RG.jpg,True,815,610,170424,170424,True,,Line art without P180
File:Book of Joshua Chapter 24-6 (Bible Illustrations by Sweet Media).jpg,06_Jo_24_06_RG.jpg,True,824,610,127515,127515,True,,
File:Book of Joshua Chapter 24-7 (Bible Illustrations by Sweet Media).jpg,06_Jo_24_07_RG.jpg,True,830,610,181533,181533,True,,
File:Book of Joshua Chapter 24-8 (Bible Illustrations by Sweet Media).jpg,06_Jo_24_08_RG.jpg,True,824,610,140566,140566,True,,
File:Book of Judges Chapter 1-1 (Bible Illustrations by Sweet Media).jpg,07_Ju_01_01_RG.jpg,True,823,610,151202,151202,True,,Line art without P180
File:Book of Judges Chapter 13-1 (Bible Illustrations by Sweet Media).jpg,07_Ju_13_01_RG.jpg,True,832,608,144966,144966,True,,Angels in Old Testament; Humans with angels
File:Book of Judges Chapter 13-2 (Bible Illustrations by Sweet Media).jpg,07_Ju_13_02_RG.jpg,True,825,610,138064,138064,True,,Angels in Old Testament; Humans with angels
File:Book of Judges Chapter 13-3 (Bible Illustrations by Sweet Media).jpg,07_Ju_13_03_RG.jpg,True,801,610,159871,159871,True,,Line art without P180
File:Book of Judges Chapter 14-1 (Bible Illustrations by Sweet Media).jpg,07_Ju_14_01_RG.jpg,True,823,610,154951,154951,True,,
File:Book of Judges Chapter 14-2 (Bible Illustrations by Sweet Media).jpg,07_Ju_14_02_RG.jpg,True,831,610,175145,175145,True,,
File:Book of Judges Chapter 14-3 (Bible Illustrations by Sweet Media).jpg,07_Ju_14_03_RG.jpg,True,818,610,167178,167178,True,,
File:Book of Judges Chapter 14-4 (Bible Illustrations by Sweet Media).jpg,07_Ju_14_04_RG.jpg,True,832,572,187504,187504,True,,Samson; Marriage in Old Testament
File:Book of Judges Chapter 14-5 (Bible Illustrations by Sweet Media).jpg,07_Ju_14_05_RG.jpg,True,832,593,181796,181796,True,,
File:Book of Judges Chapter 14-6 (Bible Illustrations by Sweet Media).jpg,07_Ju_14_06_RG.jpg,True,828,610,172288,172288,True,,Line art without P180
File:Book of Judges Chapter 14-7 (Bible Illustrations by Sweet Media).jpg,07_Ju_14_07_RG.jpg,True,827,610,182825,182825,True,,
File:Book of Judges Chapter 14-8 (Bible Illustrations by Sweet Media).jpg,07_Ju_14_08_RG.jpg,True,822,610,177627,177627,True,,Line art without P180
File:Book of Judges Chapter 15-1 (Bible Illustrations by Sweet Media).jpg,07_Ju_15_01_RG.jpg,True,802,610,151833,151833,True,,
File:Book of Judges Chapter 15-2 (Bible Illustrations by Sweet Media).jpg,07_Ju_15_02_RG.jpg,True,832,598,163435,163435,True,,
File:Book of Judges Chapter 15-3 (Bible Illustrations by Sweet Media).jpg,07_Ju_15_03_RG.jpg,True,822,610,182789,182789,True,,
File:Book of Judges Chapter 15-4 (Bible Illustrations by Sweet Media).jpg,07_Ju_15_04_RG.jpg,True,832,603,169970,169970,True,,
File:Book of Judges Chapter 15-5 (Bible Illustrations by Sweet Media).jpg,07_Ju_15_05_RG.jpg,True,809,610,139931,139931,True,,
File:Book of Judges Chapter 15-6 (Bible Illustrations by Sweet Media).jpg,07_Ju_15_06_RG.jpg,True,818,610,169630,169630,True,,
File:Book of Judges Chapter 15-7 (Bible Illustrations by Sweet Media).jpg,07_Ju_15_07_RG.jpg,True,816,610,173143,173143,True,,
File:Book of Judges Chapter 15-8 (Bible Illustrations by Sweet Media).jpg,07_Ju_15_08_RG.jpg,True,822,610,181664,181664,True,,
File:Book of Judges Chapter 15-10 (Bible Illustrations by Sweet Media).jpg,07_Ju_15_10_RG.jpg,True,832,610,197064,197064,True,,
File:Book of Joshua Chapter 6-5 (Bible Illustrations by Sweet Media).jpg,06_Jo_06_05_RG.jpg,True,832,598,174310,174310,True,,Line art without P180
File:Book of Joshua Chapter 6-6 (Bible Illustrations by Sweet Media).jpg,06_Jo_06_06_RG.jpg,True,818,610,155870,155870,True,,
File:Book of Joshua Chapter 6-7 (Bible Illustrations by Sweet Media).jpg,06_Jo_06_07_RG.jpg,True,817,610,158171,158171,True,,
File:Book of Joshua Chapter 6-8 (Bible Illustrations by Sweet Media).jpg,06_Jo_06_08_RG.jpg,True,832,605,146617,146617,True,,Line art without P180
File:Book of Joshua Chapter 6-9 (Bible Illustrations by Sweet Media).jpg,06_Jo_06_09_RG.jpg,True,832,606,160500,160500,True,,
File:Book of Joshua Chapter 7-1 (Bible Illustrations by Sweet Media).jpg,06_Jo_07_01_RG.jpg,True,830,610,120538,120538,True,,
File:Book of Joshua Chapter 7-2 (Bible Illustrations by Sweet Media).jpg,06_Jo_07_02_RG.jpg,True,832,609,119107,119107,True,,Line art without P180
File:Book of Joshua Chapter 7-3 (Bible Illustrations by Sweet Media).jpg,06_Jo_07_03_RG.jpg,True,832,607,157851,157851,True,,
File:Book of Joshua Chapter 7-4 (Bible Illustrations by Sweet Media).jpg,06_Jo_07_04_RG.jpg,True,832,599,174367,174367,True,,
File:Book of Joshua Chapter 7-5 (Bible Illustrations by Sweet Media).jpg,06_Jo_07_05_RG.jpg,True,832,609,126659,126659,True,,
File:Book of Joshua Chapter 7-6 (Bible Illustrations by Sweet Media).jpg,06_Jo_07_06_RG.jpg,True,832,597,161098,161098,True,,Line art without P180
File:Book of Joshua Chapter 7-7 (Bible Illustrations by Sweet Media).jpg,06_Jo_07_07_RG.jpg,True,832,604,163704,163704,True,,
File:Book of Joshua Chapter 7-8 (Bible Illustrations by Sweet Media).jpg,06_Jo_07_08_RG.jpg,True,829,610,152851,152851,True,,Line art without P180
File:Book of Joshua Chapter 7-9 (Bible Illustrations by Sweet Media).jpg,06_Jo_07_09_RG.jpg,True,819,610,145322,145322,True,,Line art without P180
File:Book of Joshua Chapter 7-10 (Bible Illustrations by Sweet Media).jpg,06_Jo_07_10_RG.jpg,True,801,610,155561,155561,True,,
File:Book of Joshua Chapter 7-11 (Bible Illustrations by Sweet Media).jpg,06_Jo_07_11_RG.jpg,True,830,610,154761,154761,True,,
File:Book of Joshua Chapter 7-12 (Bible Illustrations by Sweet Media).jpg,06_Jo_07_12_RG.jpg,True,832,592,162181,162181,True,,Line art without P180
File:Book of Joshua Chapter 7-13 (Bible Illustrations by Sweet Media).jpg,06_Jo_07_13_RG.jpg,True,832,600,166286,166286,True,,Line art without P180
File:Book of Joshua Chapter 8-1 (Bible Illustrations by Sweet Media).jpg,06_Jo_08_01_RG.jpg,True,832,609,157779,157779,True,,
File:Book of Joshua Chapter 8-2 (Bible Illustrations by Sweet Media).jpg,06_Jo_08_02_RG.jpg,True,802,610,120476,120476,True,,
File:Book of Joshua Chapter 8-3 (Bible Illustrations by Sweet Media).jpg,06_Jo_08_03_RG.jpg,True,823,610,148031,148031,True,,
File:Book of Joshua Chapter 8-4 (Bible Illustrations by Sweet Media).jpg,06_Jo_08_04_RG.jpg,True,809,610,142439,142439,True,,
File:Book of Joshua Chapter 8-5 (Bible Illustrations by Sweet Media).jpg,06_Jo_08_05_RG.jpg,True,823,610,178429,178429,True,,
File:Book of Joshua Chapter 8-6 (Bible Illustrations by Sweet Media).jpg,06_Jo_08_06_RG.jpg,True,814,610,159851,159851,True,,
File:Book of Joshua Chapter 8-7 (Bible Illustrations by Sweet Media).jpg,06_Jo_08_07_RG.jpg,True,821,610,141036,141036,True,,Line art without P180
File:Book of Joshua Chapter 8-8 (Bible Illustrations by Sweet Media).jpg,06_Jo_08_08_RG.jpg,True,831,610,156193,156193,True,,
File:Book of Joshua Chapter 8-9 (Bible Illustrations by Sweet Media).jpg,06_Jo_08_09_RG.jpg,True,819,610,116928,116928,True,,Death by hanging in art; Battle of Ai; Line art without P180
File:Book of Joshua Chapter 8-11 (Bible Illustrations by Sweet Media).jpg,06_Jo_08_11_RG.jpg,True,832,602,165139,165139,True,,
File:Book of Joshua Chapter 9-1 (Bible Illustrations by Sweet Media).jpg,06_Jo_09_01_RG.jpg,True,818,610,160276,160276,True,,Gibeon; Line art without P180
File:Book of Judges Chapter 2-1 (Bible Illustrations by Sweet Media).jpg,07_Ju_02_01_RG.jpg,True,821,610,147789,147789,True,,
File:Book of Judges Chapter 2-2 (Bible Illustrations by Sweet Media).jpg,07_Ju_02_02_RG.jpg,True,832,604,158038,158038,True,,
File:Book of Judges Chapter 4-1 (Bible Illustrations by Sweet Media).jpg,07_Ju_04_01_RG.jpg,True,832,598,175206,175206,True,,Deborah
File:Book of Judges Chapter 4-2 (Bible Illustrations by Sweet Media).jpg,07_Ju_04_02_RG.jpg,True,812,610,163618,163618,True,,Deborah; Barak (Biblical figure); Line art without P180
File:Book of Judges Chapter 4-3 (Bible Illustrations by Sweet Media).jpg,07_Ju_04_03_RG.jpg,True,818,610,156884,156884,True,,Deborah; Barak (Biblical figure)
File:Book of Judges Chapter 4-4 (Bible Illustrations by Sweet Media).jpg,07_Ju_04_04_RG.jpg,True,817,610,162525,162525,True,,
File:Book of Judges Chapter 4-5 (Bible Illustrations by Sweet Media).jpg,07_Ju_04_05_RG.jpg,True,816,610,179169,179169,True,,Line art without P180
File:Book of Judges Chapter 4-6 (Bible Illustrations by Sweet Media).jpg,07_Ju_04_06_RG.jpg,True,812,610,137796,137796,True,,Jael and Sisera
File:Book of Judges Chapter 4-7 (Bible Illustrations by Sweet Media).jpg,07_Ju_04_07_RG.jpg,True,832,597,154901,154901,True,,Jael and Sisera
File:Book of Judges Chapter 4-8 (Bible Illustrations by Sweet Media).jpg,07_Ju_04_08_RG.jpg,True,812,610,151938,151938,True,,Jael showing Barak the body of Sisera; Line art without P180
File:Book of Judges Chapter 4-9 (Bible Illustrations by Sweet Media).jpg,07_Ju_04_09_RG.jpg,True,819,610,164383,164383,True,,
File:Book of Judges Chapter 5-1 (Bible Illustrations by Sweet Media).jpg,07_Ju_05_01_RG.jpg,True,819,610,141242,141242,True,,Deborah; Barak (Biblical figure); Line art without P180
File:Book of Judges Chapter 6-1 (Bible Illustrations by Sweet Media).jpg,07_Ju_06_01_RG.jpg,True,832,605,170093,170093,True,,
File:Book of Judges Chapter 6-2 (Bible Illustrations by Sweet Media).jpg,07_Ju_06_02_RG.jpg,True,827,610,191097,191097,True,,
File:Book of Judges Chapter 6-3 (Bible Illustrations by Sweet Media).jpg,07_Ju_06_03_RG.jpg,True,832,602,175583,175583,True,,
File:Book of Judges Chapter 6-4 (Bible Illustrations by Sweet Media).jpg,07_Ju_06_04_RG.jpg,True,823,610,186478,186478,True,,
File:Book of Judges Chapter 6-6 (Bible Illustrations by Sweet Media).jpg,07_Ju_06_06_RG.jpg,True,832,602,162019,162019,True,,Angels in Old Testament; Humans with angels; Line art without P180
File:Book of Judges Chapter 6-7 (Bible Illustrations by Sweet Media).jpg,07_Ju_06_07_RG.jpg,True,821,610,176432,176432,True,,
File:Book of Judges Chapter 6-8 (Bible Illustrations by Sweet Media).jpg,07_Ju_06_08_RG.jpg,True,832,608,158106,158106,True,,
File:Book of Judges Chapter 6-9 (Bible Illustrations by Sweet Media).jpg,07_Ju_06_09_RG.jpg,True,815,610,160776,160776,True,,
File:Book of Judges Chapter 7-1 (Bible Illustrations by Sweet Media).jpg,07_Ju_07_01_RG.jpg,True,832,598,160083,160083,True,,Line art without P180
File:Book of Judges Chapter 7-2 (Bible Illustrations by Sweet Media).jpg,07_Ju_07_02_RG.jpg,True,832,610,152401,152401,True,,
File:Book of Judges Chapter 7-3 (Bible Illustrations by Sweet Media).jpg,07_Ju_07_03_RG.jpg,True,830,610,184645,184645,True,,Line art without P180
File:Book of Judges Chapter 7-4 (Bible Illustrations by Sweet Media).jpg,07_Ju_07_04_RG.jpg,True,822,610,140497,140497,True,,Line art without P180
File:Book of Judges Chapter 7-5 (Bible Illustrations by Sweet Media).jpg,07_Ju_07_05_RG.jpg,True,822,610,183776,183776,True,,
File:Book of Judges Chapter 7-6 (Bible Illustrations by Sweet Media).jpg,07_Ju_07_06_RG.jpg,True,832,605,174025,174025,True,,
File:Book of Judges Chapter 7-7 (Bible Illustrations by Sweet Media).jpg,07_Ju_07_07_RG.jpg,True,832,596,172653,172653,True,,Line art without P180
File:Book of Judges Chapter 7-8 (Bible Illustrations by Sweet Media).jpg,07_Ju_07_08_RG.jpg,True,832,608,182460,182460,True,,
File:Book of Judges Chapter 8-1 (Bible Illustrations by Sweet Media).jpg,07_Ju_08_01_RG.jpg,True,832,607,173191,173191,True,,Line art without P180
File:Book of Judges Chapter 8-2 (Bible Illustrations by Sweet Media).jpg,07_Ju_08_02_RG.jpg,True,832,610,171614,171614,True,,
File:Book of Judges Chapter 8-3 (Bible Illustrations by Sweet Media).jpg,07_Ju_08_03_RG.jpg,True,832,603,176526,176526,True,,Line art without P180
File:Book of Judges Chapter 8-4 (Bible Illustrations by Sweet Media).jpg,07_Ju_08_04_RG.jpg,True,832,604,151518,151518,True,,Line art without P180
File:Book of Judges Chapter 8-5 (Bible Illustrations by Sweet Media).jpg,07_Ju_08_05_RG.jpg,True,832,608,173450,173450,True,,
File:Book of Judges Chapter 8-6 (Bible Illustrations by Sweet Media).jpg,07_Ju_08_06_RG.jpg,True,822,610,176303,176303,True,,
File:Book of Judges Chapter 8-7 (Bible Illustrations by Sweet Media).jpg,07_Ju_08_07_RG.jpg,True,803,610,154636,154636,True,,
File:Book of Judges Chapter 15-9 (Bible Illustrations by Sweet Media).jpg,07_Ju_15_09_RG.jpg,True,825,610,182671,182671,True,,
File:Book of Judges Chapter 16-1 (Bible Illustrations by Sweet Media).jpg,07_Ju_16_01_RG.jpg,True,827,610,149399,149399,True,,Book of Judges - Chapter 16; Line art without P180
File:Book of Judges Chapter 16-2 (Bible Illustrations by Sweet Media).jpg,07_Ju_16_02_RG.jpg,True,831,610,170935,170935,True,,Delilah (Bible)
File:Book of Judges Chapter 16-3 (Bible Illustrations by Sweet Media).jpg,07_Ju_16_03_RG.jpg,True,829,610,159058,159058,True,,Book of Judges - Chapter 16
File:Book of Judges Chapter 16-4 (Bible Illustrations by Sweet Media).jpg,07_Ju_16_04_RG.jpg,True,814,610,173236,173236,True,,Book of Judges - Chapter 16
File:Book of Judges Chapter 16-5 (Bible Illustrations by Sweet Media).jpg,07_Ju_16_05_RG.jpg,True,832,599,137296,137296,True,,Book of Judges - Chapter 16; Line art without P180
File:Book of Judges Chapter 16-6 (Bible Illustrations by Sweet Media).jpg,07_Ju_16_06_RG.jpg,True,832,605,176620,176620,True,,Book of Judges - Chapter 16
File:Book of Judges Chapter 16-7 (Bible Illustrations by Sweet Media).jpg,07_Ju_16_07_RG.jpg,True,832,602,188297,188297,True,,Book of Judges - Chapter 16
File:Book of Judges Chapter 16-8 (Bible Illustrations by Sweet Media).jpg,07_Ju_16_08_RG.jpg,True,832,582,162714,162714,True,,
File:Book of Judges Chapter 16-9 (Bible Illustrations by Sweet Media).jpg,07_Ju_16_09_RG.jpg,True,832,596,154296,154296,True,,Line art without P180
File:Book of Judges Chapter 16-10 (Bible Illustrations by Sweet Media).jpg,07_Ju_16_10_RG.jpg,True,832,605,176110,176110,True,,Line art without P180
File:Book of Judges Chapter 16-11 (Bible Illustrations by Sweet Media).jpg,07_Ju_16_11_RG.jpg,True,832,592,135009,135009,True,,
File:Book of Judges Chapter 16-12 (Bible Illustrations by Sweet Media).jpg,07_Ju_16_12_RG.jpg,True,819,610,184601,184601,True,,Book of Judges - Chapter 16; Death of Samson
File:Book of Judges Chapter 4-3 (Bible Illustrations by Sweet Media) (cropped).jpg,07_Ju_04_03_RG.jpg,True,377,488,55176,156884,False,,Deborah; Barak (Biblical figure)
File:Book of Judges Chapter 5-1 (Bible Illustrations by Sweet Media) (cropped).jpg,07_Ju_05_01_RG.jpg,True,395,433,56804,141242,False,,Deborah; Barak (Biblical figure)
File:Book of Revelation Chapter 1-1 (Bible Illustrations by Sweet Media).jpg,66_Re_01_01_RG.jpg,True,831,610,170555,170555,True,,Angels in New Testament; Humans with angels; Drawings of Saint John the Evangelist; Book of Revelation - Chapter 1; Line art without P180
File:Book of Revelation Chapter 1-2 (Bible Illustrations by Sweet Media).jpg,66_Re_01_02_RG.jpg,True,831,610,152155,152155,True,,Drawings of Saint John the Evangelist; Book of Revelation - Chapter 1; Line art without P180
File:Book of Revelation Chapter 9-1 (Bible Illustrations by Sweet Media).jpg,66_Re_09_01_RG.jpg,True,831,610,194660,194660,True,,Four Horsemen of the Apocalypse; Horsemen on Fire-Breathing Horses; Line art without P180
File:Book of Revelation Chapter 12-1 (Bible Illustrations by Sweet Media).jpg,66_Re_12_01_RG.jpg,True,831,610,159473,159473,True,,Woman of the Apocalypse's child is taken up to heaven
File:Book of Revelation Chapter 12-2 (Bible Illustrations by Sweet Media).jpg,66_Re_12_02_RG.jpg,True,831,610,189598,189598,True,,Dragon makes war on the Woman’s seed; Line art without P180
File:Book of Revelation Chapter 13-1 (Bible Illustrations by Sweet Media).jpg,66_Re_13_01_RG.jpg,True,831,610,168485,168485,True,,Beast from the sea
File:Book of Revelation Chapter 19-1 (Bible Illustrations by Sweet Media).jpg,66_Re_19_01_RG.jpg,True,831,610,173591,173591,True,,Beast and False prophet were cast into a lake of fire; Line art without P180
File:Book of Revelation Chapter 19-2 (Bible Illustrations by Sweet Media).jpg,66_Re_19_02_RG.jpg,True,831,610,170264,170264,True,,Devil is cast into the Lake of Fire
File:Book of Revelation Chapter 21-1 (Bible Illustrations by Sweet Media).jpg,66_Re_21_01_RG.jpg,True,831,610,154968,154968,True,,Second Coming of Jesus Christ; Book of Revelation - Chapter 21
File:Book of Revelation Chapter 21-2 (Bible Illustrations by Sweet Media).jpg,66_Re_21_02_RG.jpg,True,831,610,150107,150107,True,,Thrones; Christ in Majesty; Book of Revelation - Chapter 21; Line art without P180
File:Book of Revelation Chapter 21-3 (Bible Illustrations by Sweet Media).jpg,66_Re_21_03_RG.jpg,True,831,610,150563,150563,True,,Saints; Book of Revelation - Chapter 21
File:Book of Revelation Chapter 21-4 (Bible Illustrations by Sweet Media).jpg,66_Re_21_04_RG.jpg,True,832,610,92213,92213,True,,Objects with green background; Scrolls in art; Book of Revelation - Chapter 21
File:Book of Leviticus Chapter 1-1 (Bible Illustrations by Sweet Media).jpg,03_Le_01_01_RG.jpg,True,828,610,176206,176206,True,,Sacrifices in the Bible; Altar of Burnt Offering
File:Book of Leviticus Chapter 8-2 (Bible Illustrations by Sweet Media).jpg,03_Le_08_02_RG.jpg,True,808,610,160136,160136,True,,Sacrifices in the Bible
File:Book of Leviticus Chapter 10-1 (Bible Illustrations by Sweet Media).jpg,03_Le_10_01_RG.jpg,True,832,595,173040,173040,True,,Line art without P180
File:Book of Leviticus Chapter 10-2 (Bible Illustrations by Sweet Media).jpg,03_Le_10_02_RG.jpg,True,832,594,200561,200561,True,,Nadab and Abihu
File:Book of Leviticus Chapter 10-3 (Bible Illustrations by Sweet Media).jpg,03_Le_10_03_RG.jpg,True,830,610,159777,159777,True,,Line art without P180
File:Book of Nehemiah Chapter 1-1 (Bible Illustrations by Sweet Media).jpg,16_Ne_01_01_RG.jpg,True,831,610,173348,173348,True,,Line art without P180
File:Book of Nehemiah Chapter 2-1 (Bible Illustrations by Sweet Media).jpg,16_Ne_02_01_RG.jpg,True,831,610,182445,182445,True,,Line art without P180
File:Book of Nehemiah Chapter 2-2 (Bible Illustrations by Sweet Media).jpg,16_Ne_02_02_RG.jpg,True,831,610,172040,172040,True,,
File:Book of Nehemiah Chapter 2-3 (Bible Illustrations by Sweet Media).jpg,16_Ne_02_03_RG.jpg,True,831,610,158032,158032,True,,Line art without P180
File:Book of Nehemiah Chapter 2-4 (Bible Illustrations by Sweet Media).jpg,16_Ne_02_04_RG.jpg,True,831,610,166720,166720,True,,Line art without P180
File:Book of Nehemiah Chapter 2-5 (Bible Illustrations by Sweet Media).jpg,16_Ne_02_05_RG.jpg,True,831,610,175058,175058,True,,
File:Book of Nehemiah Chapter 3-1 (Bible Illustrations by Sweet Media).jpg,16_Ne_03_01_RG.jpg,True,831,610,156498,156498,True,,Line art without P180
File:Book of Nehemiah Chapter 4-2 (Bible Illustrations by Sweet Media).jpg,16_Ne_04_02_RG.jpg,True,831,610,144172,144172,True,,
File:Book of Nehemiah Chapter 4-3 (Bible Illustrations by Sweet Media).jpg,16_Ne_04_03_RG.jpg,True,831,610,156649,156649,True,,Line art without P180
File:Book of Nehemiah Chapter 6-1 (Bible Illustrations by Sweet Media).jpg,16_Ne_06_01_RG.jpg,True,831,610,158010,158010,True,,Line art without P180
File:Book of Nehemiah Chapter 6-2 (Bible Illustrations by Sweet Media).jpg,16_Ne_06_02_RG.jpg,True,831,610,162437,162437,True,,
File:Book of Numbers Chapter 12-1 (Bible Illustrations by Sweet Media).jpg,04_Nu_12_01_RG.jpg,True,828,610,159186,159186,True,,
File:Book of Numbers Chapter 12-2 (Bible Illustrations by Sweet Media).jpg,04_Nu_12_02_RG.jpg,True,832,604,146439,146439,True,,
File:Book of Numbers Chapter 12-3 (Bible Illustrations by Sweet Media).jpg,04_Nu_12_03_RG.jpg,True,832,605,126603,126603,True,,Miriam (Biblical figure)
File:Book of Numbers Chapter 13-1 (Bible Illustrations by Sweet Media).jpg,04_Nu_13_01_RG.jpg,True,822,610,141266,141266,True,,Line art without P180
File:Book of Numbers Chapter 13-2 (Bible Illustrations by Sweet Media).jpg,04_Nu_13_02_RG.jpg,True,818,610,177228,177228,True,,Illustrations of Moses
File:Book of Numbers Chapter 13-3 (Bible Illustrations by Sweet Media).jpg,04_Nu_13_03_RG.jpg,True,828,610,192788,192788,True,,
File:Book of Numbers Chapter 13-4 (Bible Illustrations by Sweet Media).jpg,04_Nu_13_04_RG.jpg,True,832,610,146446,146446,True,,Line art without P180
File:Book of Numbers Chapter 13-5 (Bible Illustrations by Sweet Media).jpg,04_Nu_13_05_RG.jpg,True,832,604,150935,150935,True,,
File:Book of Numbers Chapter 13-6 (Bible Illustrations by Sweet Media).jpg,04_Nu_13_06_RG.jpg,True,828,610,173695,173695,True,,
File:Book of Numbers Chapter 13-7 (Bible Illustrations by Sweet Media).jpg,04_Nu_13_07_RG.jpg,True,822,610,138656,138656,True,,
File:Book of Numbers Chapter 14-1 (Bible Illustrations by Sweet Media).jpg,04_Nu_14_01_RG.jpg,True,832,608,170398,170398,True,,Book of Numbers - Chapter 14
File:Book of Numbers Chapter 14-2 (Bible Illustrations by Sweet Media).jpg,04_Nu_14_02_RG.jpg,True,831,610,153615,153615,True,,Book of Numbers - Chapter 14
File:Book of Numbers Chapter 14-3 (Bible Illustrations by Sweet Media).jpg,04_Nu_14_03_RG.jpg,True,826,610,181533,181533,True,,Book of Numbers - Chapter 14
File:Book of Numbers Chapter 14-4 (Bible Illustrations by Sweet Media).jpg,04_Nu_14_04_RG.jpg,True,792,610,169015,169015,True,,Book of Numbers - Chapter 14
File:Book of Numbers Chapter 14-5 (Bible Illustrations by Sweet Media).jpg,04_Nu_14_05_RG.jpg,True,832,610,186595,186595,True,,Line art without P180; Book of Numbers - Chapter 14
File:Book of Numbers Chapter 21-1 (Bible Illustrations by Sweet Media).jpg,04_Nu_21_01_RG.jpg,True,832,608,152121,152121,True,,
File:Book of Numbers Chapter 21-2 (Bible Illustrations by Sweet Media).jpg,04_Nu_21_02_RG.jpg,True,811,610,95442,95442,True,,
File:Book of Numbers Chapter 22-1 (Bible Illustrations by Sweet Media).jpg,04_Nu_22_01_RG.jpg,True,822,610,140839,140839,True,,Bileam
File:Book of Numbers Chapter 22-2 (Bible Illustrations by Sweet Media).jpg,04_Nu_22_02_RG.jpg,True,822,610,129409,129409,True,,Bileam
File:Book of Numbers Chapter 22-3 (Bible Illustrations by Sweet Media).jpg,04_Nu_22_03_RG.jpg,True,831,610,120910,120910,True,,
File:Book of Numbers Chapter 22-4 (Bible Illustrations by Sweet Media).jpg,04_Nu_22_04_RG.jpg,True,822,610,119908,119908,True,,Bileam; Line art without P180
File:Book of Revelation Chapter 19-2 (Bible Illustrations by Sweet Media) (cropped).jpg,66_Re_19_02_RG.jpg,True,709,452,133653,170264,False,,Devil is cast into the Lake of Fire; Files uploaded by Alexis Jazz; Line art without P180
File:Epistle of James Chapter 1-2 (Bible Illustrations by Sweet Media).jpg,59_Ja_01_02_RG.jpg,True,831,610,142338,142338,True,,
File:Epistle of James Chapter 2-1 (Bible Illustrations by Sweet Media).jpg,59_Ja_02_01_RG.jpg,True,831,610,156304,156304,True,,
File:Epistle of James Chapter 2-2 (Bible Illustrations by Sweet Media).jpg,59_Ja_02_02_RG.jpg,True,831,610,145526,145526,True,,
File:Epistle of James Chapter 2-3 (Bible Illustrations by Sweet Media).jpg,59_Ja_02_03_RG.jpg,True,831,610,135938,135938,True,,
File:Epistle of James Chapter 2-4 (Bible Illustrations by Sweet Media).jpg,59_Ja_02_04_RG.jpg,True,831,610,153737,153737,True,,
File:Epistle to Titus Chapter 1-1 (Bible Illustrations by Sweet Media).jpg,56_Tit_01_01_RG.jpg,True,831,610,162786,162786,True,,
File:Book of Ruth Chapter 1-1 (Bible Illustrations by Sweet Media).jpg,08_Ru_01_01_RG.jpg,True,832,605,185547,185547,True,,
File:Book of Ruth Chapter 1-2 (Bible Illustrations by Sweet Media).jpg,08_Ru_01_02_RG.jpg,True,819,610,154887,154887,True,,Naomi; Orpah
File:Book of Ruth Chapter 1-3 (Bible Illustrations by Sweet Media).jpg,08_Ru_01_03_RG.jpg,True,822,610,155629,155629,True,,Naomi; Orpah; Line art without P180
File:Book of Ruth Chapter 1-4 (Bible Illustrations by Sweet Media).jpg,08_Ru_01_04_RG.jpg,True,832,608,156560,156560,True,,Naomi; Orpah
File:Book of Ruth Chapter 1-5 (Bible Illustrations by Sweet Media).jpg,08_Ru_01_05_RG.jpg,True,832,572,170499,170499,True,,Naomi; Orpah
File:Book of Ruth Chapter 1-6 (Bible Illustrations by Sweet Media).jpg,08_Ru_01_06_RG.jpg,True,830,610,154131,154131,True,,Orpah
File:Book of Ruth Chapter 1-7 (Bible Illustrations by Sweet Media).jpg,08_Ru_01_07_RG.jpg,True,824,610,154572,154572,True,,Naomi; Orpah; Line art without P180
File:Book of Ruth Chapter 1-8 (Bible Illustrations by Sweet Media).jpg,08_Ru_01_08_RG.jpg,True,832,603,127856,127856,True,,Naomi; Line art without P180
File:Book of Ruth Chapter 1-9 (Bible Illustrations by Sweet Media).jpg,08_Ru_01_09_RG.jpg,True,827,610,139644,139644,True,,Naomi
File:Book of Ruth Chapter 1-10 (Bible Illustrations by Sweet Media).jpg,08_Ru_01_10_RG.jpg,True,818,610,164009,164009,True,,Naomi
File:Book of Ruth Chapter 1-11 (Bible Illustrations by Sweet Media).jpg,08_Ru_01_11_RG.jpg,True,832,610,147106,147106,True,,Naomi
File:Book of Ruth Chapter 2-1 (Bible Illustrations by Sweet Media).jpg,08_Ru_02_01_RG.jpg,True,832,610,191506,191506,True,,Line art without P180
File:Book of Ruth Chapter 2-2 (Bible Illustrations by Sweet Media).jpg,08_Ru_02_02_RG.jpg,True,823,610,191611,191611,True,,Boaz
File:Book of Ruth Chapter 2-3 (Bible Illustrations by Sweet Media).jpg,08_Ru_02_03_RG.jpg,True,822,610,158741,158741,True,,Boaz
File:Book of Ruth Chapter 2-4 (Bible Illustrations by Sweet Media).jpg,08_Ru_02_04_RG.jpg,True,820,610,141393,141393,True,,Boaz; Line art without P180
File:Book of Ruth Chapter 2-5 (Bible Illustrations by Sweet Media).jpg,08_Ru_02_05_RG.jpg,True,822,610,144879,144879,True,,Boaz; Line art without P180
File:Book of Ruth Chapter 2-6 (Bible Illustrations by Sweet Media).jpg,08_Ru_02_06_RG.jpg,True,824,610,113206,113206,True,,Boaz
File:Book of Ruth Chapter 2-7 (Bible Illustrations by Sweet Media).jpg,08_Ru_02_07_RG.jpg,True,829,610,177694,177694,True,,Boaz
File:Book of Ruth Chapter 2-8 (Bible Illustrations by Sweet Media).jpg,08_Ru_02_08_RG.jpg,True,821,610,175466,175466,True,,Boaz; Line art without P180
File:Book of Ruth Chapter 2-9 (Bible Illustrations by Sweet Media).jpg,08_Ru_02_09_RG.jpg,True,832,600,163050,163050,True,,Naomi
File:Book of Ruth Chapter 2-10 (Bible Illustrations by Sweet Media).jpg,08_Ru_02_10_RG.jpg,True,832,608,154562,154562,True,,Naomi
File:Book of Ruth Chapter 2-11 (Bible Illustrations by Sweet Media).jpg,08_Ru_02_11_RG.jpg,True,832,605,169931,169931,True,,
File:Book of Ruth Chapter 2-12 (Bible Illustrations by Sweet Media).jpg,08_Ru_02_12_RG.jpg,True,832,602,167944,167944,True,,
File:Book of Ruth Chapter 3-1 (Bible Illustrations by Sweet Media).jpg,08_Ru_03_01_RG.jpg,True,832,582,127925,127925,True,,Naomi; Line art without P180
File:Book of Ruth Chapter 3-2 (Bible Illustrations by Sweet Media).jpg,08_Ru_03_02_RG.jpg,True,832,597,169774,169774,True,,Boaz; Line art without P180
File:Book of Ruth Chapter 3-3 (Bible Illustrations by Sweet Media).jpg,08_Ru_03_03_RG.jpg,True,832,600,149180,149180,True,,Boaz
File:Book of Ruth Chapter 3-4 (Bible Illustrations by Sweet Media).jpg,08_Ru_03_04_RG.jpg,True,827,610,158413,158413,True,,Boaz; Line art without P180
File:Book of Ruth Chapter 3-5 (Bible Illustrations by Sweet Media).jpg,08_Ru_03_05_RG.jpg,True,828,610,156929,156929,True,,Boaz; Line art without P180
File:Book of Ruth Chapter 4-1 (Bible Illustrations by Sweet Media).jpg,08_Ru_04_01_RG.jpg,True,828,610,168702,168702,True,,Boaz
File:Book of Ruth Chapter 4-2 (Bible Illustrations by Sweet Media).jpg,08_Ru_04_02_RG.jpg,True,825,610,162232,162232,True,,Boaz; Line art without P180
File:Book of Ruth Chapter 4-3 (Bible Illustrations by Sweet Media).jpg,08_Ru_04_03_RG.jpg,True,827,610,139046,139046,True,,Line art without P180
File:Book of Ruth Chapter 4-4 (Bible Illustrations by Sweet Media).jpg,08_Ru_04_04_RG.jpg,True,832,606,159906,159906,True,,Boaz
File:Book of Ruth Chapter 4-5 (Bible Illustrations by Sweet Media).jpg,08_Ru_04_05_RG.jpg,True,832,609,156624,156624,True,,Boaz; Line art without P180
File:Book of Ruth Chapter 4-6 (Bible Illustrations by Sweet Media).jpg,08_Ru_04_06_RG.jpg,True,818,610,137855,137855,True,,Obed; Boaz; Naomi; Line art without P180
File:First Book of Chronicles Chapter 10-1 (Bible Illustrations by Sweet Media).jpg,13_1Ch_10_01_RG.jpg,True,829,610,150968,150968,True,,
File:First Book of Chronicles Chapter 10-2 (Bible Illustrations by Sweet Media).jpg,13_1Ch_10_02_RG.jpg,True,824,610,168782,168782,True,,
File:First Book of Chronicles Chapter 10-3 (Bible Illustrations by Sweet Media).jpg,13_1Ch_10_03_RG.jpg,True,832,609,175867,175867,True,,Line art without P180
File:First Book of Chronicles Chapter 11-1 (Bible Illustrations by Sweet Media).jpg,13_1Ch_11_01_RG.jpg,True,832,608,159676,159676,True,,
File:First Book of Chronicles Chapter 13-1 (Bible Illustrations by Sweet Media).jpg,13_1Ch_13_01_RG.jpg,True,832,609,154755,154755,True,,
File:First Book of Chronicles Chapter 13-2 (Bible Illustrations by Sweet Media).jpg,13_1Ch_13_02_RG.jpg,True,831,610,155330,155330,True,,
File:First Book of Chronicles Chapter 13-4 (Bible Illustrations by Sweet Media).jpg,13_1Ch_13_04_RG.jpg,True,832,600,148865,148865,True,,
File:First Book of Chronicles Chapter 15-1 (Bible Illustrations by Sweet Media).jpg,13_1Ch_15_01_RG.jpg,True,825,610,147974,147974,True,,Line art without P180
File:First Book of Chronicles Chapter 15-2 (Bible Illustrations by Sweet Media).jpg,13_1Ch_15_02_RG.jpg,True,822,610,165641,165641,True,,
File:First Book of Chronicles Chapter 17-1 (Bible Illustrations by Sweet Media).jpg,13_1Ch_17_01_RG.jpg,True,832,605,153634,153634,True,,
File:First Book of Chronicles Chapter 22-1 (Bible Illustrations by Sweet Media).jpg,13_1Ch_22_01_RG.jpg,True,826,610,169946,169946,True,,Solomon in illustrations; David in illustrations; David and Solomon
File:First Book of Chronicles Chapter 24-1 (Bible Illustrations by Sweet Media).jpg,13_1Ch_24_01_RG.jpg,True,831,610,161272,161272,True,,
File:First Book of Chronicles Chapter 24-2 (Bible Illustrations by Sweet Media).jpg,13_1Ch_24_02_RG.jpg,True,831,610,175391,175391,True,,Line art without P180
File:First Book of Kings Chapter 1-1 (Bible Illustrations by Sweet Media).jpg,11_1Ki_01_01_RG.jpg,True,832,602,169847,169847,True,,Adonijah
File:First Book of Kings Chapter 1-2 (Bible Illustrations by Sweet Media).jpg,11_1Ki_01_02_RG.jpg,True,829,610,177056,177056,True,,Adonijah; Line art without P180
File:First Book of Kings Chapter 1-3 (Bible Illustrations by Sweet Media).jpg,11_1Ki_01_03_RG.jpg,True,827,610,160524,160524,True,,David and Bathsheba
File:First Book of Kings Chapter 1-4 (Bible Illustrations by Sweet Media).jpg,11_1Ki_01_04_RG.jpg,True,832,609,151459,151459,True,,Bathsheba makes an appeal to David
File:First Book of Kings Chapter 1-5 (Bible Illustrations by Sweet Media).jpg,11_1Ki_01_05_RG.jpg,True,806,610,159669,159669,True,,Solomon in illustrations; Line art without P180
File:First Book of Kings Chapter 1-6 (Bible Illustrations by Sweet Media).jpg,11_1Ki_01_06_RG.jpg,True,832,600,175781,175781,True,,Solomon in illustrations; Line art without P180
File:First Book of Kings Chapter 1-7 (Bible Illustrations by Sweet Media).jpg,11_1Ki_01_07_RG.jpg,True,832,608,166721,166721,True,,Adonijah
File:First Book of Kings Chapter 1-8 (Bible Illustrations by Sweet Media).jpg,11_1Ki_01_08_RG.jpg,True,829,610,169669,169669,True,,Adonijah
File:First Book of Kings Chapter 1-9 (Bible Illustrations by Sweet Media).jpg,11_1Ki_01_09_RG.jpg,True,832,600,150038,150038,True,,Adonijah; Solomon in illustrations
File:First Book of Kings Chapter 11-1 (Bible Illustrations by Sweet Media).jpg,11_1Ki_11_01_RG.jpg,True,832,608,174311,174311,True,,Idolatry of Solomon
File:First Book of Kings Chapter 11-2 (Bible Illustrations by Sweet Media).jpg,11_1Ki_11_02_RG.jpg,True,832,582,156454,156454,True,,Solomon in illustrations; Idolatry of Solomon
File:First Book of Kings Chapter 11-3 (Bible Illustrations by Sweet Media).jpg,11_1Ki_11_03_RG.jpg,True,824,610,164491,164491,True,,Solomon in illustrations; Line art without P180
File:First Book of Kings Chapter 11-4 (Bible Illustrations by Sweet Media).jpg,11_1Ki_11_04_RG.jpg,True,832,602,158299,158299,True,,Solomon in illustrations; Jeroboam
File:First Book of Kings Chapter 11-5 (Bible Illustrations by Sweet Media).jpg,11_1Ki_11_05_RG.jpg,True,829,610,142916,142916,True,,Ahijah and Jeroboam
File:First Book of Kings Chapter 11-6 (Bible Illustrations by Sweet Media).jpg,11_1Ki_11_06_RG.jpg,True,832,607,138051,138051,True,,Ahijah and Jeroboam
File:First Book of Kings Chapter 11-7 (Bible Illustrations by Sweet Media).jpg,11_1Ki_11_07_RG.jpg,True,832,607,143339,143339,True,,Ahijah and Jeroboam; Line art without P180
File:First Book of Kings Chapter 11-8 (Bible Illustrations by Sweet Media).jpg,11_1Ki_11_08_RG.jpg,True,832,603,137950,137950,True,,Ahijah and Jeroboam
File:First Book of Kings Chapter 11-9 (Bible Illustrations by Sweet Media).jpg,11_1Ki_11_09_RG.jpg,True,832,606,159560,159560,True,,Solomon in illustrations; Line art without P180
File:First Book of Kings Chapter 11-10 (Bible Illustrations by Sweet Media).jpg,11_1Ki_11_10_RG.jpg,True,829,610,176654,176654,True,,Solomon in illustrations; Line art without P180
File:First Book of Kings Chapter 12-1 (Bible Illustrations by Sweet Media).jpg,11_1Ki_12_01_RG.jpg,True,832,605,142043,142043,True,,Jeroboam
File:First Book of Kings Chapter 12-2 (Bible Illustrations by Sweet Media).jpg,11_1Ki_12_02_RG.jpg,True,824,610,145959,145959,True,,Line art without P180
File:First Book of Kings Chapter 12-6 (Bible Illustrations by Sweet Media).jpg,11_1Ki_12_06_RG.jpg,True,829,610,145932,145932,True,,Jeroboam
File:First Book of Kings Chapter 12-7 (Bible Illustrations by Sweet Media).jpg,11_1Ki_12_07_RG.jpg,True,819,610,157896,157896,True,,Idolatry of Jeroboam
File:First Book of Kings Chapter 13-1 (Bible Illustrations by Sweet Media).jpg,11_1Ki_13_01_RG.jpg,True,823,610,160052,160052,True,,
File:First Book of Kings Chapter 13-2 (Bible Illustrations by Sweet Media).jpg,11_1Ki_13_02_RG.jpg,True,831,610,159233,159233,True,,Idolatry of Jeroboam; Line art without P180
File:First Book of Kings Chapter 13-3 (Bible Illustrations by Sweet Media).jpg,11_1Ki_13_03_RG.jpg,True,823,610,163495,163495,True,,Elijah and Ahab
File:First Book of Kings Chapter 14-1 (Bible Illustrations by Sweet Media).jpg,11_1Ki_14_01_RG.jpg,True,817,610,155220,155220,True,,Jeroboam's wife
File:First Book of Kings Chapter 14-2 (Bible Illustrations by Sweet Media).jpg,11_1Ki_14_02_RG.jpg,True,832,599,147536,147536,True,,Jeroboam's wife; Line art without P180
File:First Book of Kings Chapter 14-3 (Bible Illustrations by Sweet Media).jpg,11_1Ki_14_03_RG.jpg,True,830,610,157812,157812,True,,Jeroboam's wife
File:First Book of Kings Chapter 14-4 (Bible Illustrations by Sweet Media).jpg,11_1Ki_14_04_RG.jpg,True,832,609,167832,167832,True,,Rehoboam
File:First Book of Kings Chapter 14-5 (Bible Illustrations by Sweet Media).jpg,11_1Ki_14_05_RG.jpg,True,831,610,188172,188172,True,,Construction of Temple of Solomon
File:First Book of Kings Chapter 16-1 (Bible Illustrations by Sweet Media).jpg,11_1Ki_16_01_RG.jpg,True,831,610,164306,164306,True,,Ahab
File:First Book of Kings Chapter 17-1 (Bible Illustrations by Sweet Media).jpg,11_1Ki_17_01_RG.jpg,True,832,609,138474,138474,True,,Elijah fed by ravens
File:First Book of Kings Chapter 17-2 (Bible Illustrations by Sweet Media).jpg,11_1Ki_17_02_RG.jpg,True,821,610,156947,156947,True,,Illustrations of Elijah; Line art without P180
File:First Book of Kings Chapter 17-3 (Bible Illustrations by Sweet Media).jpg,11_1Ki_17_03_RG.jpg,True,832,608,167838,167838,True,,Illustrations of Elijah; Widow of Sarepta
File:First Book of Kings Chapter 17-4 (Bible Illustrations by Sweet Media).jpg,11_1Ki_17_04_RG.jpg,True,832,606,146619,146619,True,,Widow of Sarepta; Line art without P180
File:First Book of Kings Chapter 17-5 (Bible Illustrations by Sweet Media).jpg,11_1Ki_17_05_RG.jpg,True,825,610,150441,150441,True,,Illustrations of Elijah; Widow of Sarepta; Line art without P180
File:First Book of Kings Chapter 17-6 (Bible Illustrations by Sweet Media).jpg,11_1Ki_17_06_RG.jpg,True,823,610,149940,149940,True,,Illustrations of Elijah; Widow of Sarepta; Line art without P180
File:First Book of Kings Chapter 17-7 (Bible Illustrations by Sweet Media).jpg,11_1Ki_17_07_RG.jpg,True,832,606,139055,139055,True,,Illustrations of Elijah
File:First Book of Kings Chapter 17-8 (Bible Illustrations by Sweet Media).jpg,11_1Ki_17_08_RG.jpg,True,832,589,135601,135601,True,,Illustrations of Elijah; Line art without P180
File:First Book of Kings Chapter 17-9 (Bible Illustrations by Sweet Media).jpg,11_1Ki_17_09_RG.jpg,True,818,610,154296,154296,True,,Illustrations of Elijah; Widow of Sarepta
File:First Book of Kings Chapter 18-1 (Bible Illustrations by Sweet Media).jpg,11_1Ki_18_01_RG.jpg,True,822,610,171511,171511,True,,Elijah and Ahab
File:First Book of Kings Chapter 18-2 (Bible Illustrations by Sweet Media).jpg,11_1Ki_18_02_RG.jpg,True,832,601,154538,154538,True,,Elijah and Ahab
File:First Book of Kings Chapter 18-10 (Bible Illustrations by Sweet Media).jpg,11_1Ki_18_10_RG.jpg,True,831,610,165991,165991,True,,Elijah and the prophets of Baal
File:First Book of Kings Chapter 18-11 (Bible Illustrations by Sweet Media).jpg,11_1Ki_18_11_RG.jpg,True,831,610,166369,166369,True,,Line art without P180
File:First Book of Kings Chapter 18-12 (Bible Illustrations by Sweet Media).jpg,11_1Ki_18_12_RG.jpg,True,831,610,156725,156725,True,,Elijah and Ahab
File:First Book of Chronicles Chapter 19-3 (Bible Illustrations by Sweet Media).jpg,13_1Ch_19_03_RG.jpg,True,832,597,156095,156095,True,,Beards in art; Hanun; Line art without P180
File:First Book of Kings Chapter 2-2 (Bible Illustrations by Sweet Media).jpg,11_1Ki_02_02_RG.jpg,True,816,610,175581,175581,True,,Solomon in illustrations; David and Solomon; Line art without P180
File:First Book of Kings Chapter 3-2 (Bible Illustrations by Sweet Media).jpg,11_1Ki_03_02_RG.jpg,True,832,606,159272,159272,True,,Solomon in illustrations
File:First Book of Kings Chapter 3-3 (Bible Illustrations by Sweet Media).jpg,11_1Ki_03_03_RG.jpg,True,832,606,160814,160814,True,,Solomon in illustrations
File:First Book of Kings Chapter 3-4 (Bible Illustrations by Sweet Media).jpg,11_1Ki_03_04_RG.jpg,True,832,603,152804,152804,True,,Solomon in illustrations; Line art without P180
File:First Book of Kings Chapter 3-5 (Bible Illustrations by Sweet Media).jpg,11_1Ki_03_05_RG.jpg,True,830,610,204346,204346,True,,Solomon in illustrations; Throne of Solomon
File:First Book of Kings Chapter 3-6 (Bible Illustrations by Sweet Media).jpg,11_1Ki_03_06_RG.jpg,True,832,610,135738,135738,True,,Solomon in illustrations
File:First Book of Kings Chapter 3-7 (Bible Illustrations by Sweet Media).jpg,11_1Ki_03_07_RG.jpg,True,832,588,163550,163550,True,,Throne of Solomon; Judgement of Solomon
File:First Book of Kings Chapter 3-8 (Bible Illustrations by Sweet Media).jpg,11_1Ki_03_08_RG.jpg,True,832,601,153673,153673,True,,Judgement of Solomon
File:First Book of Kings Chapter 3-9 (Bible Illustrations by Sweet Media).jpg,11_1Ki_03_09_RG.jpg,True,827,610,146700,146700,True,,Judgement of Solomon
File:First Book of Kings Chapter 3-10 (Bible Illustrations by Sweet Media).jpg,11_1Ki_03_10_RG.jpg,True,819,610,176735,176735,True,,Judgement of Solomon
File:First Book of Kings Chapter 3-11 (Bible Illustrations by Sweet Media).jpg,11_1Ki_03_11_RG.jpg,True,830,610,168070,168070,True,,Solomon in illustrations; Judgement of Solomon
File:First Book of Kings Chapter 3-12 (Bible Illustrations by Sweet Media).jpg,11_1Ki_03_12_RG.jpg,True,822,610,171055,171055,True,,Judgement of Solomon
File:First Book of Kings Chapter 6-1 (Bible Illustrations by Sweet Media).jpg,11_1Ki_06_01_RG.jpg,True,818,610,154634,154634,True,,
File:First Book of Kings Chapter 6-2 (Bible Illustrations by Sweet Media).jpg,11_1Ki_06_02_RG.jpg,True,832,605,187918,187918,True,,Construction of Temple of Solomon; Line art without P180
File:First Book of Kings Chapter 6-3 (Bible Illustrations by Sweet Media).jpg,11_1Ki_06_03_RG.jpg,True,832,598,194387,194387,True,,Construction of Temple of Solomon
File:First Book of Kings Chapter 8-2 (Bible Illustrations by Sweet Media).jpg,11_1Ki_08_02_RG.jpg,True,832,610,142966,142966,True,,Construction of Temple of Solomon
File:First Book of Kings Chapter 8-3 (Bible Illustrations by Sweet Media).jpg,11_1Ki_08_03_RG.jpg,True,832,605,145117,145117,True,,Boaz and Jachin; Construction of Temple of Solomon
File:First Book of Kings Chapter 8-4 (Bible Illustrations by Sweet Media).jpg,11_1Ki_08_04_RG.jpg,True,832,601,178060,178060,True,,Solomon in illustrations; Construction of Temple of Solomon; Line art without P180
File:First Book of Kings Chapter 9-1 (Bible Illustrations by Sweet Media).jpg,11_1Ki_09_01_RG.jpg,True,832,592,161061,161061,True,,Solomon in illustrations; Construction of Temple of Solomon
File:First Book of Kings Chapter 9-2 (Bible Illustrations by Sweet Media).jpg,11_1Ki_09_02_RG.jpg,True,823,610,183334,183334,True,,Solomon in illustrations; Construction of Temple of Solomon
File:First Book of Kings Chapter 18-3 (Bible Illustrations by Sweet Media).jpg,11_1Ki_18_03_RG.jpg,True,832,610,154665,154665,True,,Illustrations of Elijah
File:First Book of Kings Chapter 18-4 (Bible Illustrations by Sweet Media).jpg,11_1Ki_18_04_RG.jpg,True,828,610,130067,130067,True,,Illustrations of Elijah; Line art without P180
File:First Book of Kings Chapter 18-5 (Bible Illustrations by Sweet Media).jpg,11_1Ki_18_05_RG.jpg,True,821,610,162044,162044,True,,Elijah and the prophets of Baal; Line art without P180
File:First Book of Kings Chapter 18-6 (Bible Illustrations by Sweet Media).jpg,11_1Ki_18_06_RG.jpg,True,832,603,141130,141130,True,,Elijah and the prophets of Baal; Line art without P180
File:First Book of Kings Chapter 18-7 (Bible Illustrations by Sweet Media).jpg,11_1Ki_18_07_RG.jpg,True,831,610,176568,176568,True,,Elijah and the prophets of Baal
File:First Book of Kings Chapter 18-8 (Bible Illustrations by Sweet Media).jpg,11_1Ki_18_08_RG.jpg,True,831,610,151898,151898,True,,Elijah and the prophets of Baal; Line art without P180
File:First Book of Kings Chapter 18-9 (Bible Illustrations by Sweet Media).jpg,11_1Ki_18_09_RG.jpg,True,831,610,186535,186535,True,,Elijah and the prophets of Baal; Line art without P180
File:First Book of Kings Chapter 20-1 (Bible Illustrations by Sweet Media).jpg,11_1Ki_20_01_RG.jpg,True,831,610,139097,139097,True,,
File:First Book of Kings Chapter 20-2 (Bible Illustrations by Sweet Media).jpg,11_1Ki_20_02_RG.jpg,True,831,610,146423,146423,True,,
File:First Book of Kings Chapter 20-3 (Bible Illustrations by Sweet Media).jpg,11_1Ki_20_03_RG.jpg,True,831,610,185038,185038,True,,Line art without P180
File:First Book of Kings Chapter 20-4 (Bible Illustrations by Sweet Media).jpg,11_1Ki_20_04_RG.jpg,True,831,610,192060,192060,True,,
File:First Book of Kings Chapter 20-5 (Bible Illustrations by Sweet Media).jpg,11_1Ki_20_05_RG.jpg,True,831,610,151364,151364,True,,Line art without P180
File:First Book of Kings Chapter 20-6 (Bible Illustrations by Sweet Media).jpg,11_1Ki_20_06_RG.jpg,True,831,610,156276,156276,True,,Line art without P180
File:First Book of Kings Chapter 20-7 (Bible Illustrations by Sweet Media).jpg,11_1Ki_20_07_RG.jpg,True,831,610,149866,149866,True,,
File:First Book of Kings Chapter 20-8 (Bible Illustrations by Sweet Media).jpg,11_1Ki_20_08_RG.jpg,True,831,610,155681,155681,True,,
File:First Book of Kings Chapter 20-9 (Bible Illustrations by Sweet Media).jpg,11_1Ki_20_09_RG.jpg,True,831,610,162712,162712,True,,Line art without P180
File:First Book of Kings Chapter 20-10 (Bible Illustrations by Sweet Media).jpg,11_1Ki_20_10_RG.jpg,True,831,610,143926,143926,True,,
File:First Book of Kings Chapter 21-1 (Bible Illustrations by Sweet Media).jpg,11_1Ki_21_01_RG.jpg,True,831,610,165345,165345,True,,Ahab and Naboth; Line art without P180
File:First Book of Kings Chapter 21-2 (Bible Illustrations by Sweet Media).jpg,11_1Ki_21_02_RG.jpg,True,831,610,138463,138463,True,,Ahab
File:First Book of Kings Chapter 21-3 (Bible Illustrations by Sweet Media).jpg,11_1Ki_21_03_RG.jpg,True,831,610,156717,156717,True,,Ahab and Jezebel
File:First Book of Kings Chapter 21-4 (Bible Illustrations by Sweet Media).jpg,11_1Ki_21_04_RG.jpg,True,803,610,134502,134502,True,,Ahab and Jezebel
File:First Book of Kings Chapter 21-5 (Bible Illustrations by Sweet Media).jpg,11_1Ki_21_05_RG.jpg,True,831,610,165646,165646,True,,Jezebel
File:First Book of Kings Chapter 21-6 (Bible Illustrations by Sweet Media).jpg,11_1Ki_21_06_RG.jpg,True,831,610,166140,166140,True,,Ahab and Naboth
File:First Book of Kings Chapter 21-7 (Bible Illustrations by Sweet Media).jpg,11_1Ki_21_07_RG.jpg,True,820,610,162155,162155,True,,Naboth; Line art without P180
File:First Book of Kings Chapter 21-8 (Bible Illustrations by Sweet Media).jpg,11_1Ki_21_08_RG.jpg,True,831,610,163618,163618,True,,Ahab and Jezebel
File:First Book of Kings Chapter 21-9 (Bible Illustrations by Sweet Media).jpg,11_1Ki_21_09_RG.jpg,True,831,610,169757,169757,True,,Elijah and Ahab; Line art without P180
File:First Book of Kings Chapter 21-10 (Bible Illustrations by Sweet Media).jpg,11_1Ki_21_10_RG.jpg,True,831,610,128045,128045,True,,Ahab; Line art without P180
File:First Book of Samuel Chapter 1-1 (Bible Illustrations by Sweet Media).jpg,09_1Sa_01_01_RG.jpg,True,832,600,164563,164563,True,,"Hannah, mother of Samuel in illustrations; Line art without P180"
File:First Book of Samuel Chapter 1-2 (Bible Illustrations by Sweet Media).jpg,09_1Sa_01_02_RG.jpg,True,832,578,145498,145498,True,,"Hannah, mother of Samuel in illustrations"
File:First Book of Samuel Chapter 1-3 (Bible Illustrations by Sweet Media).jpg,09_1Sa_01_03_RG.jpg,True,832,578,145675,145675,True,,"Hannah, mother of Samuel in illustrations"
File:First Book of Samuel Chapter 1-4 (Bible Illustrations by Sweet Media).jpg,09_1Sa_01_04_RG.jpg,True,832,605,181244,181244,True,,"Hannah, mother of Samuel in illustrations"
File:First Book of Samuel Chapter 1-5 (Bible Illustrations by Sweet Media).jpg,09_1Sa_01_05_RG.jpg,True,832,605,178118,178118,True,,"Hannah, mother of Samuel in illustrations; Line art without P180"
File:First Book of Samuel Chapter 10-1 (Bible Illustrations by Sweet Media).jpg,09_1Sa_10_01_RG.jpg,True,830,610,147267,147267,True,,Line art without P180
File:First Book of Samuel Chapter 10-2 (Bible Illustrations by Sweet Media).jpg,09_1Sa_10_02_RG.jpg,True,829,610,175151,175151,True,,
File:First Book of Samuel Chapter 10-3 (Bible Illustrations by Sweet Media).jpg,09_1Sa_10_03_RG.jpg,True,828,610,168416,168416,True,,
File:First Book of Samuel Chapter 13-1 (Bible Illustrations by Sweet Media).jpg,09_1Sa_13_01_RG.jpg,True,828,610,212396,212396,True,,Line art without P180
File:First Book of Samuel Chapter 15-1 (Bible Illustrations by Sweet Media).jpg,09_1Sa_15_01_RG.jpg,True,832,608,169556,169556,True,,
File:First Book of Samuel Chapter 15-2 (Bible Illustrations by Sweet Media).jpg,09_1Sa_15_02_RG.jpg,True,832,603,169663,169663,True,,Line art without P180
File:First Book of Samuel Chapter 15-3 (Bible Illustrations by Sweet Media).jpg,09_1Sa_15_03_RG.jpg,True,826,610,208245,208245,True,,
File:First Book of Samuel Chapter 15-4 (Bible Illustrations by Sweet Media).jpg,09_1Sa_15_04_RG.jpg,True,813,610,162033,162033,True,,Line art without P180
File:First Book of Samuel Chapter 15-5 (Bible Illustrations by Sweet Media).jpg,09_1Sa_15_05_RG.jpg,True,816,610,152732,152732,True,,
File:First Book of Samuel Chapter 15-6 (Bible Illustrations by Sweet Media).jpg,09_1Sa_15_06_RG.jpg,True,813,610,148566,148566,True,,
File:First Book of Samuel Chapter 15-7 (Bible Illustrations by Sweet Media).jpg,09_1Sa_15_07_RG.jpg,True,831,610,161089,161089,True,,
File:First Book of Samuel Chapter 16-1 (Bible Illustrations by Sweet Media).jpg,09_1Sa_16_01_RG.jpg,True,815,610,143421,143421,True,,Line art without P180
File:First Book of Samuel Chapter 16-2 (Bible Illustrations by Sweet Media).jpg,09_1Sa_16_02_RG.jpg,True,832,604,166609,166609,True,,
File:First Book of Samuel Chapter 16-3 (Bible Illustrations by Sweet Media).jpg,09_1Sa_16_03_RG.jpg,True,814,610,166207,166207,True,,
File:First Book of Samuel Chapter 16-4 (Bible Illustrations by Sweet Media).jpg,09_1Sa_16_04_RG.jpg,True,824,610,160860,160860,True,,
File:First Book of Samuel Chapter 16-5 (Bible Illustrations by Sweet Media).jpg,09_1Sa_16_05_RG.jpg,True,781,610,144420,144420,True,,
File:First Book of Samuel Chapter 16-6 (Bible Illustrations by Sweet Media).jpg,09_1Sa_16_06_RG.jpg,True,832,600,171773,171773,True,,
File:First Book of Samuel Chapter 16-7 (Bible Illustrations by Sweet Media).jpg,09_1Sa_16_07_RG.jpg,True,832,600,177936,177936,True,,
File:First Book of Samuel Chapter 16-8 (Bible Illustrations by Sweet Media).jpg,09_1Sa_16_08_RG.jpg,True,815,610,139509,139509,True,,
File:First Book of Samuel Chapter 16-9 (Bible Illustrations by Sweet Media).jpg,09_1Sa_16_09_RG.jpg,True,832,601,162429,162429,True,,Line art without P180
File:First Book of Samuel Chapter 16-10 (Bible Illustrations by Sweet Media).jpg,09_1Sa_16_10_RG.jpg,True,830,610,145603,145603,True,,Line art without P180
File:First Book of Samuel Chapter 16-11 (Bible Illustrations by Sweet Media).jpg,09_1Sa_16_11_RG.jpg,True,832,604,133683,133683,True,,
File:First Book of Samuel Chapter 16-12 (Bible Illustrations by Sweet Media).jpg,09_1Sa_16_12_RG.jpg,True,820,610,174733,174733,True,,
File:First Book of Samuel Chapter 16-13 (Bible Illustrations by Sweet Media).jpg,09_1Sa_16_13_RG.jpg,True,832,596,169085,169085,True,,
File:First Book of Samuel Chapter 16-14 (Bible Illustrations by Sweet Media).jpg,09_1Sa_16_14_RG.jpg,True,832,605,167739,167739,True,,Line art without P180
File:First Book of Samuel Chapter 17-1 (Bible Illustrations by Sweet Media).jpg,09_1Sa_17_01_RG.jpg,True,832,603,161554,161554,True,,
File:First Book of Samuel Chapter 17-2 (Bible Illustrations by Sweet Media).jpg,09_1Sa_17_02_RG.jpg,True,815,610,162126,162126,True,,
File:First Book of Samuel Chapter 17-3 (Bible Illustrations by Sweet Media).jpg,09_1Sa_17_03_RG.jpg,True,817,610,158226,158226,True,,
File:First Book of Samuel Chapter 17-4 (Bible Illustrations by Sweet Media).jpg,09_1Sa_17_04_RG.jpg,True,826,610,162675,162675,True,,
File:First Book of Samuel Chapter 17-5 (Bible Illustrations by Sweet Media).jpg,09_1Sa_17_05_RG.jpg,True,830,610,173186,173186,True,,
File:First Book of Samuel Chapter 17-6 (Bible Illustrations by Sweet Media).jpg,09_1Sa_17_06_RG.jpg,True,824,610,148151,148151,True,,Line art without P180
File:First Book of Samuel Chapter 17-7 (Bible Illustrations by Sweet Media).jpg,09_1Sa_17_07_RG.jpg,True,832,606,179600,179600,True,,Line art without P180
File:First Book of Samuel Chapter 17-8 (Bible Illustrations by Sweet Media).jpg,09_1Sa_17_08_RG.jpg,True,815,610,146641,146641,True,,
File:First Book of Samuel Chapter 17-9 (Bible Illustrations by Sweet Media).jpg,09_1Sa_17_09_RG.jpg,True,822,610,185747,185747,True,,
File:First Book of Samuel Chapter 17-10 (Bible Illustrations by Sweet Media).jpg,09_1Sa_17_10_RG.jpg,True,817,610,137439,137439,True,,
File:First Book of Samuel Chapter 17-11 (Bible Illustrations by Sweet Media).jpg,09_1Sa_17_11_RG.jpg,True,824,610,162905,162905,True,,
File:First Book of Samuel Chapter 17-13 (Bible Illustrations by Sweet Media).jpg,09_1Sa_17_13_RG.jpg,True,832,600,169522,169522,True,,
File:First Book of Samuel Chapter 18-1 (Bible Illustrations by Sweet Media).jpg,09_1Sa_18_01_RG.jpg,True,832,603,170613,170613,True,,Line art without P180
File:First Book of Samuel Chapter 18-2 (Bible Illustrations by Sweet Media).jpg,09_1Sa_18_02_RG.jpg,True,749,610,129723,129723,True,,
File:First Book of Samuel Chapter 18-3 (Bible Illustrations by Sweet Media).jpg,09_1Sa_18_03_RG.jpg,True,832,603,138165,138165,True,,Line art without P180
File:First Book of Samuel Chapter 18-4 (Bible Illustrations by Sweet Media).jpg,09_1Sa_18_04_RG.jpg,True,832,606,149400,149400,True,,
File:First Book of Samuel Chapter 18-5 (Bible Illustrations by Sweet Media).jpg,09_1Sa_18_05_RG.jpg,True,832,608,162994,162994,True,,
File:First Book of Samuel Chapter 18-6 (Bible Illustrations by Sweet Media).jpg,09_1Sa_18_06_RG.jpg,True,811,610,155142,155142,True,,
File:First Book of Samuel Chapter 18-7 (Bible Illustrations by Sweet Media).jpg,09_1Sa_18_07_RG.jpg,True,832,606,163695,163695,True,,
File:First Book of Samuel Chapter 18-8 (Bible Illustrations by Sweet Media).jpg,09_1Sa_18_08_RG.jpg,True,676,610,132413,132413,True,,
File:First Book of Samuel Chapter 19-1 (Bible Illustrations by Sweet Media).jpg,09_1Sa_19_01_RG.jpg,True,832,588,117119,117119,True,,
File:First Book of Samuel Chapter 19-2 (Bible Illustrations by Sweet Media).jpg,09_1Sa_19_02_RG.jpg,True,832,602,140736,140736,True,,
File:First Book of Samuel Chapter 19-3 (Bible Illustrations by Sweet Media).jpg,09_1Sa_19_03_RG.jpg,True,832,607,153735,153735,True,,
File:First Book of Samuel Chapter 2-1 (Bible Illustrations by Sweet Media).jpg,09_1Sa_02_01_RG.jpg,True,832,600,162224,162224,True,,
File:First Book of Samuel Chapter 2-2 (Bible Illustrations by Sweet Media).jpg,09_1Sa_02_02_RG.jpg,True,822,610,161634,161634,True,,
File:First Book of Samuel Chapter 2-3 (Bible Illustrations by Sweet Media).jpg,09_1Sa_02_03_RG.jpg,True,823,610,148545,148545,True,,
File:First Book of Samuel Chapter 2-4 (Bible Illustrations by Sweet Media).jpg,09_1Sa_02_04_RG.jpg,True,832,601,210435,210435,True,,
File:First Book of Samuel Chapter 3-1 (Bible Illustrations by Sweet Media).jpg,09_1Sa_03_01_RG.jpg,True,832,610,198397,198397,True,,
File:First Book of Samuel Chapter 3-2 (Bible Illustrations by Sweet Media).jpg,09_1Sa_03_02_RG.jpg,True,832,604,182930,182930,True,,
File:First Book of Samuel Chapter 3-3 (Bible Illustrations by Sweet Media).jpg,09_1Sa_03_03_RG.jpg,True,832,603,151653,151653,True,,
File:First Book of Samuel Chapter 3-4 (Bible Illustrations by Sweet Media).jpg,09_1Sa_03_04_RG.jpg,True,832,596,174657,174657,True,,Line art without P180
File:First Book of Samuel Chapter 3-5 (Bible Illustrations by Sweet Media).jpg,09_1Sa_03_05_RG.jpg,True,832,604,179848,179848,True,,Line art without P180
File:First Book of Samuel Chapter 4-1 (Bible Illustrations by Sweet Media).jpg,09_1Sa_04_01_RG.jpg,True,831,610,177077,177077,True,,
File:First Book of Samuel Chapter 8-1 (Bible Illustrations by Sweet Media).jpg,09_1Sa_08_01_RG.jpg,True,832,606,163685,163685,True,,
File:First Book of Samuel Chapter 8-2 (Bible Illustrations by Sweet Media).jpg,09_1Sa_08_02_RG.jpg,True,829,610,148081,148081,True,,
File:First Book of Samuel Chapter 8-3 (Bible Illustrations by Sweet Media).jpg,09_1Sa_08_03_RG.jpg,True,822,610,180106,180106,True,,
File:First Book of Samuel Chapter 8-4 (Bible Illustrations by Sweet Media).jpg,09_1Sa_08_04_RG.jpg,True,832,603,152599,152599,True,,
File:First Book of Samuel Chapter 8-5 (Bible Illustrations by Sweet Media).jpg,09_1Sa_08_05_RG.jpg,True,832,608,151640,151640,True,,Line art without P180
File:First Book of Samuel Chapter 8-6 (Bible Illustrations by Sweet Media).jpg,09_1Sa_08_06_RG.jpg,True,832,572,155646,155646,True,,
File:First Book of Samuel Chapter 9-1 (Bible Illustrations by Sweet Media).jpg,09_1Sa_09_01_RG.jpg,True,823,610,169969,169969,True,,
File:First Book of Samuel Chapter 9-2 (Bible Illustrations by Sweet Media).jpg,09_1Sa_09_02_RG.jpg,True,832,607,141543,141543,True,,
File:First Book of Samuel Chapter 9-3 (Bible Illustrations by Sweet Media).jpg,09_1Sa_09_03_RG.jpg,True,810,610,174301,174301,True,,Line art without P180
File:First Book of Samuel Chapter 19-4 (Bible Illustrations by Sweet Media).jpg,09_1Sa_19_04_RG.jpg,True,832,601,167929,167929,True,,Teraphim
File:First Book of Samuel Chapter 19-5 (Bible Illustrations by Sweet Media).jpg,09_1Sa_19_05_RG.jpg,True,832,607,151331,151331,True,,
File:First Book of Samuel Chapter 20-1 (Bible Illustrations by Sweet Media).jpg,09_1Sa_20_01_RG.jpg,True,832,603,157724,157724,True,,David and Jonathan
File:First Book of Samuel Chapter 20-2 (Bible Illustrations by Sweet Media).jpg,09_1Sa_20_02_RG.jpg,True,832,597,162040,162040,True,,
File:First Book of Samuel Chapter 20-3 (Bible Illustrations by Sweet Media).jpg,09_1Sa_20_03_RG.jpg,True,832,604,154851,154851,True,,
File:First Book of Samuel Chapter 20-4 (Bible Illustrations by Sweet Media).jpg,09_1Sa_20_04_RG.jpg,True,832,604,162093,162093,True,,Line art without P180
File:First Book of Samuel Chapter 20-5 (Bible Illustrations by Sweet Media).jpg,09_1Sa_20_05_RG.jpg,True,832,599,174225,174225,True,,Line art without P180
File:First Book of Samuel Chapter 20-6 (Bible Illustrations by Sweet Media).jpg,09_1Sa_20_06_RG.jpg,True,824,610,167815,167815,True,,Line art without P180
File:First Book of Samuel Chapter 20-7 (Bible Illustrations by Sweet Media).jpg,09_1Sa_20_07_RG.jpg,True,821,610,132974,132974,True,,
File:First Book of Samuel Chapter 20-8 (Bible Illustrations by Sweet Media).jpg,09_1Sa_20_08_RG.jpg,True,826,610,144943,144943,True,,
File:First Book of Samuel Chapter 20-9 (Bible Illustrations by Sweet Media).jpg,09_1Sa_20_09_RG.jpg,True,832,599,151707,151707,True,,David and Jonathan
File:First Book of Samuel Chapter 20-10 (Bible Illustrations by Sweet Media).jpg,09_1Sa_20_10_RG.jpg,True,832,584,143293,143293,True,,David and Jonathan
File:First Book of Samuel Chapter 23-1 (Bible Illustrations by Sweet Media).jpg,09_1Sa_23_01_RG.jpg,True,828,610,171813,171813,True,,
File:First Book of Samuel Chapter 23-2 (Bible Illustrations by Sweet Media).jpg,09_1Sa_23_02_RG.jpg,True,832,603,160644,160644,True,,
File:First Book of Samuel Chapter 23-3 (Bible Illustrations by Sweet Media).jpg,09_1Sa_23_03_RG.jpg,True,832,601,152882,152882,True,,David and Jonathan
File:First Book of Samuel Chapter 23-4 (Bible Illustrations by Sweet Media).jpg,09_1Sa_23_04_RG.jpg,True,828,610,162748,162748,True,,
File:First Book of Samuel Chapter 23-5 (Bible Illustrations by Sweet Media).jpg,09_1Sa_23_05_RG.jpg,True,824,610,171683,171683,True,,
File:First Book of Samuel Chapter 23-6 (Bible Illustrations by Sweet Media).jpg,09_1Sa_23_06_RG.jpg,True,814,610,125081,125081,True,,Line art without P180
File:First Book of Samuel Chapter 24-1 (Bible Illustrations by Sweet Media).jpg,09_1Sa_24_01_RG.jpg,True,830,610,168382,168382,True,,
File:First Book of Samuel Chapter 24-2 (Bible Illustrations by Sweet Media).jpg,09_1Sa_24_02_RG.jpg,True,832,610,163118,163118,True,,
File:First Book of Samuel Chapter 24-3 (Bible Illustrations by Sweet Media).jpg,09_1Sa_24_03_RG.jpg,True,822,610,161991,161991,True,,
File:First Book of Samuel Chapter 24-4 (Bible Illustrations by Sweet Media).jpg,09_1Sa_24_04_RG.jpg,True,821,610,154285,154285,True,,
File:First Book of Samuel Chapter 24-5 (Bible Illustrations by Sweet Media).jpg,09_1Sa_24_05_RG.jpg,True,830,610,155078,155078,True,,
File:First Book of Samuel Chapter 26-1 (Bible Illustrations by Sweet Media).jpg,09_1Sa_26_01_RG.jpg,True,832,607,161881,161881,True,,Line art without P180
File:First Book of Samuel Chapter 28-1 (Bible Illustrations by Sweet Media).jpg,09_1Sa_28_01_RG.jpg,True,832,603,153574,153574,True,,
File:First Book of Samuel Chapter 28-2 (Bible Illustrations by Sweet Media).jpg,09_1Sa_28_02_RG.jpg,True,800,610,151455,151455,True,,
File:First Book of Samuel Chapter 28-3 (Bible Illustrations by Sweet Media).jpg,09_1Sa_28_03_RG.jpg,True,830,610,186659,186659,True,,
File:First Book of Samuel Chapter 28-4 (Bible Illustrations by Sweet Media).jpg,09_1Sa_28_04_RG.jpg,True,830,610,172085,172085,True,,Witch of Endor
File:First Book of Samuel Chapter 28-5 (Bible Illustrations by Sweet Media).jpg,09_1Sa_28_05_RG.jpg,True,832,608,157736,157736,True,,Witch of Endor; Line art without P180
File:First Book of Samuel Chapter 28-6 (Bible Illustrations by Sweet Media).jpg,09_1Sa_28_06_RG.jpg,True,832,606,187446,187446,True,,Line art without P180
File:First Book of Samuel Chapter 31-1 (Bible Illustrations by Sweet Media).jpg,09_1Sa_31_01_RG.jpg,True,823,610,161574,161574,True,,
File:First Epistle of John Chapter 2-1 (Bible Illustrations by Sweet Media).jpg,62_1Jn_02_01_RG.jpg,True,831,610,148263,148263,True,,First Epistle of John 2
File:First Epistle of John Chapter 3-1 (Bible Illustrations by Sweet Media).jpg,62_1Jn_03_01_RG.jpg,True,832,603,123131,123131,True,,First Epistle of John 3
File:First Epistle of John Chapter 3-2 (Bible Illustrations by Sweet Media).jpg,62_1Jn_03_02_RG.jpg,True,831,610,160575,160575,True,,First Epistle of John 3; Line art without P180
File:First Epistle of John Chapter 3-3 (Bible Illustrations by Sweet Media).jpg,62_1Jn_03_03_RG.jpg,True,831,610,161680,161680,True,,First Epistle of John 3
File:First Epistle of John Chapter 4-1 (Bible Illustrations by Sweet Media).jpg,62_1Jn_04_01_RG.jpg,True,831,610,146521,146521,True,,First Epistle of John 4
File:First Epistle to Timothy Chapter 1-2 (Bible Illustrations by Sweet Media).jpg,54_1Ti_01_02_RG.jpg,True,831,610,153063,153063,True,,Line art without P180
File:Gospel of John Chapter 1-1 (Bible Illustrations by Sweet Media).jpg,43_Jn_01_01_RG.jpg,True,832,598,187141,187141,True,John 01:19-20<br>John's testimony to Jesus,Saint John the Baptist in art
File:Gospel of John Chapter 1-2 (Bible Illustrations by Sweet Media).jpg,43_Jn_01_02_RG.jpg,True,831,610,177382,177382,True,John 01:21-28<br>The Baptism of Jesus,
File:Gospel of John Chapter 1-4 (Bible Illustrations by Sweet Media).jpg,43_Jn_01_04_RG.jpg,True,831,610,177137,177137,True,"John 01:29-35, 35-36<br>Andrew/Another",Jesus Christ and Saint John the Baptist; John the Baptist with lamb
File:Gospel of John Chapter 1-5 (Bible Illustrations by Sweet Media).jpg,43_Jn_01_05_RG.jpg,True,831,610,156948,156948,True,John 01:37-39a<br>Andrew/Another,Calling of Saints Peter and Andrew; Line art without P180
File:Gospel of John Chapter 1-6 (Bible Illustrations by Sweet Media).jpg,43_Jn_01_06_RG.jpg,True,831,610,153273,153273,True,John 01:39b<br>Andrew/Another,Bread and Christianity
File:Gospel of John Chapter 1-7 (Bible Illustrations by Sweet Media).jpg,43_Jn_01_07_RG.jpg,True,829,610,168356,168356,True,John 01:40-41<br>Simon,Calling of Saints Peter and Andrew; Line art without P180
File:Gospel of John Chapter 1-8 (Bible Illustrations by Sweet Media).jpg,43_Jn_01_08_RG.jpg,True,831,610,151033,151033,True,John 01:42<br>Simon,Calling of Saints Peter and Andrew; Apostles in art
File:Gospel of John Chapter 1-9 (Bible Illustrations by Sweet Media).jpg,43_Jn_01_09_RG.jpg,True,831,610,162815,162815,True,John 01:43-44<br>Philip/Nathaniel,
File:Gospel of John Chapter 1-10 (Bible Illustrations by Sweet Media).jpg,43_Jn_01_10_RG.jpg,True,831,610,172771,172771,True,John 01:45<br>Philip/Nathaniel,Line art without P180
File:Gospel of John Chapter 1-11 (Bible Illustrations by Sweet Media).jpg,43_Jn_01_11_RG.jpg,True,831,610,151620,151620,True,John 01:46<br>Philip/Nathaniel,Line art without P180
File:Gospel of John Chapter 1-12 (Bible Illustrations by Sweet Media).jpg,43_Jn_01_12_RG.jpg,True,831,610,163794,163794,True,John 01:47<br>Philip/Nathaniel,Line art without P180
File:Gospel of John Chapter 1-13 (Bible Illustrations by Sweet Media).jpg,43_Jn_01_13_RG.jpg,True,831,610,161016,161016,True,John 01:48<br>Philip/Nathaniel,
File:Gospel of John Chapter 1-14 (Bible Illustrations by Sweet Media).jpg,43_Jn_01_14_RG.jpg,True,831,610,148696,148696,True,John 01:49-51<br>Philip/Nathaniel,
File:Gospel of John Chapter 11-1 (Bible Illustrations by Sweet Media).jpg,43_Jn_11_01_RG.jpg,True,831,610,172641,172641,True,John 11:01-46<br>Jesus goes to Bethany to raise Lazarus,
File:Gospel of John Chapter 11-2 (Bible Illustrations by Sweet Media).jpg,43_Jn_11_02_RG.jpg,True,831,610,161110,161110,True,John 11:01-46<br>Jesus goes to Bethany to raise Lazarus,Line art without P180
File:Gospel of John Chapter 11-3 (Bible Illustrations by Sweet Media).jpg,43_Jn_11_03_RG.jpg,True,831,610,157992,157992,True,John 11:01-46<br>Jesus goes to Bethany to raise Lazarus,
File:Gospel of John Chapter 11-4 (Bible Illustrations by Sweet Media).jpg,43_Jn_11_04_RG.jpg,True,831,610,150259,150259,True,John 11:01-46<br>Jesus goes to Bethany to raise Lazarus,Line art without P180
File:Gospel of John Chapter 11-5 (Bible Illustrations by Sweet Media).jpg,43_Jn_11_05_RG.jpg,True,831,610,149262,149262,True,John 11:01-46<br>Jesus goes to Bethany to raise Lazarus,
File:Gospel of John Chapter 11-6 (Bible Illustrations by Sweet Media).jpg,43_Jn_11_06_RG.jpg,True,831,610,147014,147014,True,John 11:01-46<br>Jesus goes to Bethany to raise Lazarus,
File:Gospel of John Chapter 11-7 (Bible Illustrations by Sweet Media).jpg,43_Jn_11_07_RG.jpg,True,831,610,150814,150814,True,John 11:01-46<br>Jesus goes to Bethany to raise Lazarus,Line art without P180
File:Gospel of John Chapter 11-8 (Bible Illustrations by Sweet Media).jpg,43_Jn_11_08_RG.jpg,True,831,610,142426,142426,True,John 11:01-46<br>Jesus goes to Bethany to raise Lazarus,
File:Gospel of John Chapter 11-9 (Bible Illustrations by Sweet Media).jpg,43_Jn_11_09_RG.jpg,True,831,610,151533,151533,True,John 11:01-46<br>Jesus goes to Bethany to raise Lazarus,
File:Gospel of John Chapter 11-10 (Bible Illustrations by Sweet Media).jpg,43_Jn_11_10_RG.jpg,True,832,603,132148,132148,True,John 11:01-46<br>Jesus goes to Bethany to raise Lazarus,
File:Gospel of John Chapter 11-11 (Bible Illustrations by Sweet Media).jpg,43_Jn_11_11_RG.jpg,True,815,610,155360,155360,True,John 11:01-46<br>Jesus goes to Bethany to raise Lazarus,
File:Gospel of John Chapter 11-12 (Bible Illustrations by Sweet Media).jpg,43_Jn_11_12_RG.jpg,True,831,610,149458,149458,True,John 11:47-53<br>Jesus retreats to Ephraim,Line art without P180
File:Gospel of John Chapter 12-2 (Bible Illustrations by Sweet Media).jpg,43_Jn_12_02_RG.jpg,True,831,610,152074,152074,True,John 11:55-12:11 <br>Jesus anointed by Mary at Bethany,Anointing of Jesus Christ
File:Gospel of John Chapter 12-3 (Bible Illustrations by Sweet Media).jpg,43_Jn_12_03_RG.jpg,True,831,610,162277,162277,True,Luke 07:43-44a<br>Sinful women forgiven,Anointing of Jesus Christ
File:Gospel of John Chapter 13-1 (Bible Illustrations by Sweet Media).jpg,43_Jn_13_01_RG.jpg,True,831,610,163758,163758,True,John 13:01-20<br>Jesus washes the disciples’ feet,Foot wash basins; Servants of God
File:Gospel of John Chapter 13-2 (Bible Illustrations by Sweet Media).jpg,43_Jn_13_02_RG.jpg,True,831,610,171907,171907,True,John 13:01-20<br>Jesus washes the disciples’ feet,
File:Gospel of John Chapter 13-3 (Bible Illustrations by Sweet Media).jpg,43_Jn_13_03_RG.jpg,True,831,610,164802,164802,True,John 13:01-20<br>Jesus washes the disciples’ feet,Line art without P180
File:Gospel of John Chapter 13-4 (Bible Illustrations by Sweet Media).jpg,43_Jn_13_04_RG.jpg,True,820,610,134478,134478,True,John 13:31-35<br>The New Commandment,
File:Gospel of John Chapter 13-6 (Bible Illustrations by Sweet Media).jpg,43_Jn_13_06_RG.jpg,True,831,610,152392,152392,True,John 13:21-30<br>Jesus names Judas as His betrayer,
File:Gospel of John Chapter 18-1 (Bible Illustrations by Sweet Media).jpg,43_Jn_18_01_RG.jpg,True,831,610,172645,172645,True,<!-- Also files:Gospel of Matthew Chapter 26-23; of John Chapter 18-1 (Bible...).jpg-->Matthew 26:36-46<br>Luke 22:40<br>John 18:01<br>Jesus' Prayer at Gathsemene,
File:Gospel of John Chapter 18-2 (Bible Illustrations by Sweet Media).jpg,43_Jn_18_02_RG.jpg,True,831,610,192855,192855,True,<!-- Also files:Gospel of Matthew Chapter 26-28; of John Chapter 18-2 (Bible...).jpg-->Matthew 26:47-56<br>Luke 22:49-50<br>John 18:02-11<br>Betrayal and Arrest (around midnight?),Saint Peter; Drawings of swords
File:Gospel of John Chapter 18-3 (Bible Illustrations by Sweet Media).jpg,43_Jn_18_03_RG.jpg,True,831,610,166623,166623,True,<!-- Also files:Gospel of Matthew Chapter 26-29; of John Chapter 18-3 (Bible...).jpg-->Matthew 26:58<br>Luke 22:55<br>John 18:18<br>Peter by the Fire,
File:Gospel of John Chapter 18-4 (Bible Illustrations by Sweet Media).jpg,43_Jn_18_04_RG.jpg,True,831,610,156982,156982,True,<!-- Also files:Gospel of Matthew Chapter 26-36; of John Chapter 18-4 (Bible...).jpg-->Matthew 26:69-75<br>Luke 22:56b<br>John 18:15-17<br>Peter's Denial of Jesus (4 a.m.),Line art without P180
File:Gospel of John Chapter 18-5 (Bible Illustrations by Sweet Media).jpg,43_Jn_18_05_RG.jpg,True,821,610,159907,159907,True,<!-- Also files:Gospel of Matthew Chapter 26-37; of John Chapter 18-5 (Bible...).jpg-->Matthew 26:69-75<br>Luke 22:57<br>John 18:25-27<br>Peter's Denial of Jesus (4 a.m.),Saint Peter; Denial
File:Gospel of John Chapter 18-6 (Bible Illustrations by Sweet Media).jpg,43_Jn_18_06_RG.jpg,True,831,610,160248,160248,True,"<!-- Also files:Gospel of Matthew Chapter 27-1; of John Chapter 18-6 (Bible...).jpg-->Matthew 27:02,11-14<br>Luke 23:01-2<br>John 18:28-32<br>Jesus' 1st Appearance before Pilate",
File:Gospel of John Chapter 18-7 (Bible Illustrations by Sweet Media).jpg,43_Jn_18_07_RG.jpg,True,831,610,153762,153762,True,"<!-- Also files:Gospel of Matthew Chapter 27-2; of John Chapter 18-7 (Bible...).jpg-->Matthew 27:02,11-14<br>Luke 23:03a<br>John 18:33-36<br>Jesus' 1st Appearance before Pilate",Pontius Pilate
File:Gospel of John Chapter 18-8 (Bible Illustrations by Sweet Media).jpg,43_Jn_18_08_RG.jpg,True,831,610,159463,159463,True,"<!-- Also files:Gospel of Matthew Chapter 27-3; of John Chapter 18-8 (Bible...).jpg-->Matthew 27:02,11-14<br>Luke 23:03b<br>John 18:37-38a<br>Jesus' 1st Appearance before Pilate",
File:Gospel of John Chapter 18-9 (Bible Illustrations by Sweet Media).jpg,43_Jn_18_09_RG.jpg,True,831,610,161583,161583,True,<!-- Also Gospel of John Chapter 18-9 (Bible...).jpg--><br>Luke 23:04<br>John 18:38b-39<br>Jesus' 1st Appearance before Pilate,
File:Gospel of John Chapter 18-10 (Bible Illustrations by Sweet Media).jpg,43_Jn_18_10_RG.jpg,True,831,610,161917,161917,True,<!-- Also files:Gospel of Matthew Chapter 27-4; of John Chapter 18-10 (Bible...).jpg-->Matthew 27:15-21<br>Luke 23:05<br>John 18:40<br>Jesus' 1st Appearance before Pilate,
File:First Book of Samuel Chapter 9-4 (Bible Illustrations by Sweet Media).jpg,09_1Sa_09_04_RG.jpg,True,813,610,171388,171388,True,,
File:First Book of Samuel Chapter 9-5 (Bible Illustrations by Sweet Media).jpg,09_1Sa_09_05_RG.jpg,True,828,610,174022,174022,True,,
File:Gospel of John Chapter 2-1 (Bible Illustrations by Sweet Media).jpg,43_Jn_02_01_RG.jpg,True,831,610,188113,188113,True,John 02:1-2<br>Marriage feast at Cana,Marriage at Cana
File:Gospel of John Chapter 2-2 (Bible Illustrations by Sweet Media).jpg,43_Jn_02_02_RG.jpg,True,831,610,186942,186942,True,John 02:1-2<br>Marriage feast at Cana,Marriage at Cana; Line art without P180
File:Gospel of John Chapter 2-3 (Bible Illustrations by Sweet Media).jpg,43_Jn_02_03_RG.jpg,True,831,610,166723,166723,True,John 02:3a<br>Marriage feast at Cana,Marriage at Cana
File:Gospel of John Chapter 2-4 (Bible Illustrations by Sweet Media).jpg,43_Jn_02_04_RG.jpg,True,831,610,169264,169264,True,John 02:3b-4<br>Marriage feast at Cana,Marriage at Cana
File:Gospel of John Chapter 2-5 (Bible Illustrations by Sweet Media).jpg,43_Jn_02_05_RG.jpg,True,831,610,140214,140214,True,John 02:5-6<br>Marriage feast at Cana,Marriage at Cana
File:Gospel of John Chapter 2-6 (Bible Illustrations by Sweet Media).jpg,43_Jn_02_06_RG.jpg,True,831,610,138490,138490,True,John 02:7<br>Marriage feast at Cana,Marriage at Cana; Line art without P180
File:Gospel of John Chapter 2-7 (Bible Illustrations by Sweet Media).jpg,43_Jn_02_07_RG.jpg,True,831,610,165538,165538,True,John 02:8<br>Marriage feast at Cana,Marriage at Cana
File:Gospel of John Chapter 2-8 (Bible Illustrations by Sweet Media).jpg,43_Jn_02_08_RG.jpg,True,831,610,170283,170283,True,John 02:9a<br>Marriage feast at Cana,Marriage at Cana
File:Gospel of John Chapter 2-9 (Bible Illustrations by Sweet Media).jpg,43_Jn_02_09_RG.jpg,True,831,610,171008,171008,True,John 02:9b-10<br>Marriage feast at Cana,Marriage at Cana
File:Gospel of John Chapter 2-10 (Bible Illustrations by Sweet Media).jpg,43_Jn_02_10_RG.jpg,True,831,610,165149,165149,True,John 02:9b-10<br>Marriage feast at Cana,Marriage at Cana; Line art without P180
File:Gospel of John Chapter 2-11 (Bible Illustrations by Sweet Media).jpg,43_Jn_02_11_RG.jpg,True,831,610,163227,163227,True,John 02:11<br>Marriage feast at Cana,Marriage at Cana
File:Gospel of John Chapter 2-12 (Bible Illustrations by Sweet Media).jpg,43_Jn_02_12_RG.jpg,True,831,610,170285,170285,True,John 02:12<br>Short trip to Capernaum,Line art without P180
File:Gospel of John Chapter 3-1 (Bible Illustrations by Sweet Media).jpg,43_Jn_03_01_RG.jpg,True,765,610,108984,108984,True,John 03:01-21<br>Jesus and Nicodemus,
File:Gospel of John Chapter 3-2 (Bible Illustrations by Sweet Media).jpg,43_Jn_03_02_RG.jpg,True,827,610,166599,166599,True,John 03:01-21<br>Jesus and Nicodemus,Jesus Christ and Nicodemus
File:Gospel of John Chapter 3-3 (Bible Illustrations by Sweet Media).jpg,43_Jn_03_03_RG.jpg,True,816,610,164421,164421,True,John 03:22-24<br>Jesus disciples' and John baptizing,
File:Gospel of John Chapter 3-4 (Bible Illustrations by Sweet Media).jpg,43_Jn_03_04_RG.jpg,True,818,610,150776,150776,True,John 03:01-21<br>Jesus and Nicodemus,
File:Gospel of John Chapter 4-1 (Bible Illustrations by Sweet Media).jpg,43_Jn_04_01_RG.jpg,True,831,610,168102,168102,True,John 04:05-42<br>Jesus and the Samaritan woman (Nov. of 27),Samaritan woman at the well in drawings; Line art without P180
File:Gospel of John Chapter 4-2 (Bible Illustrations by Sweet Media).jpg,43_Jn_04_02_RG.jpg,True,831,610,152678,152678,True,John 04:05-42<br>Jesus and the Samaritan woman (Nov. of 27),Samaritan woman at the well in drawings
File:Gospel of John Chapter 4-3 (Bible Illustrations by Sweet Media).jpg,43_Jn_04_03_RG.jpg,True,831,610,143118,143118,True,John 04:05-42<br>Jesus and the Samaritan woman (Nov. of 27),
File:Gospel of John Chapter 4-4 (Bible Illustrations by Sweet Media).jpg,43_Jn_04_04_RG.jpg,True,831,610,164427,164427,True,John 04:05-42<br>Jesus and the Samaritan woman (Nov. of 27),Samaritan woman at the well in drawings; Line art without P180
File:Gospel of John Chapter 4-5 (Bible Illustrations by Sweet Media).jpg,43_Jn_04_05_RG.jpg,True,831,610,132820,132820,True,John 04:05-42<br>Jesus and the Samaritan woman (Nov. of 27),Samaritan woman at the well in drawings
File:Gospel of John Chapter 4-6 (Bible Illustrations by Sweet Media).jpg,43_Jn_04_06_RG.jpg,True,831,610,168901,168901,True,John 04:05-42<br>Jesus and the Samaritan woman (Nov. of 27),Samaritan woman at the well in drawings
File:Gospel of John Chapter 4-7 (Bible Illustrations by Sweet Media).jpg,43_Jn_04_07_RG.jpg,True,831,610,155766,155766,True,John 04:05-42<br>Jesus and the Samaritan woman (Nov. of 27),Samaritan woman at the well in drawings
File:Gospel of John Chapter 4-8 (Bible Illustrations by Sweet Media).jpg,43_Jn_04_08_RG.jpg,True,831,610,160564,160564,True,John 04:05-42<br>Jesus and the Samaritan woman (Nov. of 27),Samaritan woman at the well in drawings
File:Gospel of John Chapter 4-9 (Bible Illustrations by Sweet Media).jpg,43_Jn_04_09_RG.jpg,True,831,610,141762,141762,True,John 04:05-42<br>Jesus and the Samaritan woman (Nov. of 27),Samaritan woman at the well in drawings
File:Gospel of John Chapter 4-10 (Bible Illustrations by Sweet Media).jpg,43_Jn_04_10_RG.jpg,True,831,610,146923,146923,True,John 04:05-42<br>Jesus and the Samaritan woman (Nov. of 27),Samaritan woman at the well in drawings; Line art without P180
File:Gospel of John Chapter 4-11 (Bible Illustrations by Sweet Media).jpg,43_Jn_04_11_RG.jpg,True,831,610,171706,171706,True,John 04:05-43<br>Jesus and the Samaritan woman (Nov. of 27),Samaritan woman at the well in drawings; Line art without P180
File:Gospel of John Chapter 6-1 (Bible Illustrations by Sweet Media).jpg,43_Jn_06_01_RG.jpg,True,831,610,149142,149142,True,<!-- Also files:Gospel of Matthew Chapter 14-11; of John Chapter 6-1 (Bible...).jpg-->Matthew 14:13-21<br>Luke 09:10b-11a<br>John 06:1-2<br>Jesus retreats to the wilderness,
File:Gospel of John Chapter 6-2 (Bible Illustrations by Sweet Media).jpg,43_Jn_06_02_RG.jpg,True,831,610,146304,146304,True,John 05:02-47<br>Healing of the lame man at Bethesda pool,
File:Gospel of John Chapter 6-3 (Bible Illustrations by Sweet Media).jpg,43_Jn_06_03_RG.jpg,True,831,610,141188,141188,True,"<!-- Also files:Gospel of Matthew Chapter 14-13; of John Chapter 6-3 (Bible...).jpg-->Matthew 14:13-21<br>Luke 09:12<br>John 06:3, 7<br>Jesus feeds 5000",
File:Gospel of John Chapter 6-4 (Bible Illustrations by Sweet Media).jpg,43_Jn_06_04_RG.jpg,True,831,610,144571,144571,True,<!-- Also files:Gospel of Matthew Chapter 14-14; of John Chapter 6-4 (Bible...).jpg-->Matthew 14:13-21<br>Luke 09:13a<br>John 06:5-6<br>Jesus feeds 5000,Line art without P180
File:Gospel of John Chapter 6-5 (Bible Illustrations by Sweet Media).jpg,43_Jn_06_05_RG.jpg,True,831,610,155419,155419,True,<!-- Also files:Gospel of Matthew Chapter 14-15; of John Chapter 6-5 (Bible...).jpg-->Matthew 14:13-21<br>Luke 09:13b<br>John 06:8<br>Jesus feeds 5000,
File:Gospel of John Chapter 6-6 (Bible Illustrations by Sweet Media).jpg,43_Jn_06_06_RG.jpg,True,831,610,161734,161734,True,"John 06:08-9<br>Jesus retreats to the wilderness, feeds 5000",
File:Gospel of John Chapter 6-7 (Bible Illustrations by Sweet Media).jpg,43_Jn_06_07_RG.jpg,True,831,610,181667,181667,True,"<!-- Also files:Gospel of Matthew Chapter 14-16; of John Chapter 6-7 (Bible...).jpg-->Matthew 14:13-21<br>Luke 09:14-15<br>John 06:10, 14<br>Jesus feeds 5000",
File:Gospel of John Chapter 6-10 (Bible Illustrations by Sweet Media).jpg,43_Jn_06_10_RG.jpg,True,831,610,172024,172024,True,<!-- Also files:Gospel of Matthew Chapter 14-19; of John Chapter 6-10 (Bible...).jpg-->Matthew 14:13-21<br>Luke 09:17<br>John 06:12-13<br>Jesus feeds 5000,Feeding the multitude in art; Bread and Christianity; Prints of the Miracles of Jesus Christ; Line art without P180
File:Gospel of John Chapter 19-2 (Bible Illustrations by Sweet Media).jpg,43_Jn_19_02_RG.jpg,True,831,610,146514,146514,True,John 19:18-27<br>Jesus' first 3 hours on the cross,Pontius Pilate
File:Gospel of John Chapter 19-3 (Bible Illustrations by Sweet Media).jpg,43_Jn_19_03_RG.jpg,True,831,610,165338,165338,True,John 19:06-16a<br>Pilate's decision to crucify Jesus,
File:Gospel of John Chapter 19-4 (Bible Illustrations by Sweet Media).jpg,43_Jn_19_04_RG.jpg,True,831,610,169813,169813,True,<!-- Also files:Gospel of Matthew Chapter 27-7; of John Chapter 19-4 (Bible...).jpg-->Matthew 27:31-34<br>Luke 23:26a<br>John 19:16<br>Jesus led to the cross,Line art without P180
File:Gospel of John Chapter 19-6 (Bible Illustrations by Sweet Media).jpg,43_Jn_19_06_RG.jpg,True,822,610,190122,190122,True,<!-- Also files:Gospel of Matthew Chapter 27-10; of John Chapter 19-6 (Bible...).jpg-->Matthew 27:35-44<br>Luke 23:33-34a<br>John 19:18-20<br>Jesus' first 3 hours on the cross,Line art without P180
File:Gospel of John Chapter 19-7 (Bible Illustrations by Sweet Media).jpg,43_Jn_19_07_RG.jpg,True,811,610,165985,165985,True,<!-- Also files:Gospel of Matthew Chapter 27-11; of John Chapter 19-7 (Bible...).jpg-->Matthew 27:35-44<br>Luke 23:34b<br>John 19:23-24<br>Jesus' first 3 hours on the cross,
File:Gospel of John Chapter 19-9 (Bible Illustrations by Sweet Media).jpg,43_Jn_19_09_RG.jpg,True,831,610,139725,139725,True,<!-- Also files:Gospel of Matthew Chapter 27-16; of John Chapter 19-9 (Bible...).jpg-->Matthew 27:45-50<br>Luke 23:46<br>John 19:28-30<br>Jesus last 3 hours on the cross,Line art without P180
File:Gospel of John Chapter 19-10 (Bible Illustrations by Sweet Media).jpg,43_Jn_19_10_RG.jpg,True,810,610,152696,152696,True,<!-- Also files:Gospel of Matthew Chapter 27-19; of John Chapter 19-10 (Bible...).jpg-->Matthew 27:57-60<br>Luke 23:50-52<br>John 19:38<br>Jesus' body is buried by Joseph of Arimathea and Nicodemus,Joseph of Arimathea before Pilate; Line art without P180
File:Gospel of John Chapter 19-11 (Bible Illustrations by Sweet Media).jpg,43_Jn_19_11_RG.jpg,True,813,610,138167,0,,<!-- Also files:Gospel of Matthew Chapter 27-20; of John Chapter 19-11 (Bible...).jpg-->Matthew 27:57-60<br>Luke 23:53-54<br>John 19:39-42<br>Jesus' body is buried by Joseph of Arimathea and Nicodemus,Joseph of Arimathea; Line art without P180
File:Gospel of John Chapter 20-1 (Bible Illustrations by Sweet Media).jpg,43_Jn_20_01_RG.jpg,True,831,610,130673,130673,True,Matthew 28:01<br>Women visit the tomb,Women at the grave in illustrations
File:Gospel of John Chapter 20-2 (Bible Illustrations by Sweet Media).jpg,43_Jn_20_02_RG.jpg,True,831,610,193235,193235,True,Matthew 28:02-4<br>The Stone is rolled away,Angels in New Testament; Resurrection angel; Resurrection; Line art without P180
File:Gospel of John Chapter 20-3 (Bible Illustrations by Sweet Media).jpg,43_Jn_20_03_RG.jpg,True,831,610,153164,153164,True,John 20:26-31<br>Appearance to the 11 including Thomas,Doubting Saint Thomas; Line art without P180
File:Gospel of John Chapter 20-4 (Bible Illustrations by Sweet Media).jpg,43_Jn_20_04_RG.jpg,True,831,610,163273,163273,True,John 20:26-31<br>Appearance to the 11 including Thomas,Five Holy Wounds; Doubting Saint Thomas; Line art without P180
File:Gospel of John Chapter 20-5 (Bible Illustrations by Sweet Media).jpg,43_Jn_20_05_RG.jpg,True,831,610,142269,142269,True,John 20:26-31<br>Appearance to the 11 including Thomas,
File:Gospel of John Chapter 20-6 (Bible Illustrations by Sweet Media).jpg,43_Jn_20_06_RG.jpg,True,831,610,150241,150241,True,John 20:26-31<br>Appearance to the 11 including Thomas,Line art without P180
File:Gospel of John Chapter 20-7 (Bible Illustrations by Sweet Media).jpg,43_Jn_20_07_RG.jpg,True,821,610,158744,158744,True,John 20:19-25<br>To the Disciples in the Room,
File:Gospel of Luke Chapter 1-1 (Bible Illustrations by Sweet Media).jpg,42_Lk_01_01_RG.jpg,True,831,610,171400,171400,True,Luke 01:05-7<br>Announcement of the Baptist's birth,
File:Gospel of Luke Chapter 1-2 (Bible Illustrations by Sweet Media).jpg,42_Lk_01_02_RG.jpg,True,831,610,182017,182017,True,Luke 01:11-12<br>Announcement of the Baptist's birth,Zechariah (priest); Angels pointing up; Angels; Angels in New Testament
File:Gospel of Luke Chapter 1-3 (Bible Illustrations by Sweet Media).jpg,42_Lk_01_03_RG.jpg,True,831,610,186326,186326,True,Luke 01:13-17<br>Announcement of the Baptist's birth,
File:Gospel of Luke Chapter 1-4 (Bible Illustrations by Sweet Media).jpg,42_Lk_01_04_RG.jpg,True,831,610,175022,175022,True,Luke 01:19-20<br>Announcement of the Baptist's birth,Zechariah (priest); Angels facing left; Angels
File:Gospel of Luke Chapter 1-5 (Bible Illustrations by Sweet Media).jpg,42_Lk_01_05_RG.jpg,True,831,610,173559,173559,True,Luke 01:18<br>Announcement of the Baptist's birth,
File:Gospel of Luke Chapter 1-6 (Bible Illustrations by Sweet Media).jpg,42_LK_01_06_RG.jpg,True,831,610,167171,167171,True,Luke 01:21-23<br>Announcement of the Baptist's birth,Zechariah (priest)
File:Gospel of Luke Chapter 1-7 (Bible Illustrations by Sweet Media).jpg,42_Lk_01_07_RG.jpg,True,831,610,159729,159729,True,Luke 01:57-58<br>Birth of John the Baptist/Zechariah as priest,Line art without P180
File:Gospel of Luke Chapter 1-8 (Bible Illustrations by Sweet Media).jpg,42_Lk_01_08_RG.jpg,True,831,610,149478,149478,True,Luke 01:59-61<br>Birth of John the Baptist/Zechariah as priest,
File:Gospel of Luke Chapter 1-9 (Bible Illustrations by Sweet Media).jpg,42_Lk_01_09_RG.jpg,True,831,610,160172,160172,True,Luke 01:62-66<br>Birth of John the Baptist/Zechariah as priest,Zechariah (priest); Literacy; Saint John the Baptist in art
File:Gospel of Luke Chapter 1-10 (Bible Illustrations by Sweet Media).jpg,42_Lk_01_10_RG.jpg,True,831,610,119723,119723,True,Luke 01:80<br>Birth of John the Baptist/Zechariah as priest,
File:Gospel of Luke Chapter 1-11 (Bible Illustrations by Sweet Media).jpg,42_Lk_01_11_RG.jpg,True,831,610,148339,148339,True,Luke 01:26-29<br>Announcement of Jesus' birth to Mary,Drawings of the Annunciation; Humans with angels; Angels in New Testament; Annunciation; Our Lady of Graces; Line art without P180
File:Gospel of Luke Chapter 1-12 (Bible Illustrations by Sweet Media).jpg,42_Lk_01_12_RG.jpg,True,831,610,180420,180420,True,Luke 01:30-33<br>Announcement of Jesus' birth to Mary,Drawings of the Annunciation; Angels in New Testament
File:Gospel of Luke Chapter 1-13 (Bible Illustrations by Sweet Media).jpg,42_Lk_01_13_RG.jpg,True,831,610,153772,153772,True,Luke 01:34-37<br>Announcement of Jesus' birth to Mary,Drawings of the Annunciation; Humans with angels; Angels in New Testament; Annunciation
File:Gospel of Luke Chapter 1-14 (Bible Illustrations by Sweet Media).jpg,42_Lk_01_14_RG.jpg,True,831,610,126857,126857,True,Luke 01:38<br>Announcement of Jesus' birth to Mary,Drawings of the Annunciation; Prayer
File:Gospel of Luke Chapter 1-15 (Bible Illustrations by Sweet Media).jpg,42_Lk_01_15_RG.jpg,True,831,610,149006,149006,True,Luke 01:39-42<br>Mary visits Elizabeth,Visitation (Bible)
File:Gospel of Luke Chapter 1-16 (Bible Illustrations by Sweet Media).jpg,42_Lk_01_16_RG.jpg,True,831,610,139540,139540,True,Luke 01:43-45<br>Mary visits Elizabeth,
File:Gospel of Luke Chapter 1-17 (Bible Illustrations by Sweet Media).jpg,42_Lk_01_17_RG.jpg,True,831,610,182722,182722,True,Luke 01:56<br>Mary visits Elizabeth,
File:Gospel of Luke Chapter 10-1 (Bible Illustrations by Sweet Media).jpg,42_Lk_10_01_RG.jpg,True,831,610,146756,146756,True,Luke 10:25-27<br>Parable of the Good Samaritan,Line art without P180
File:Gospel of Luke Chapter 10-2 (Bible Illustrations by Sweet Media).jpg,42_Lk_10_02_RG.jpg,True,831,610,134471,134471,True,Luke 10:28<br>Parable of the Good Samaritan,
File:Gospel of Luke Chapter 10-3 (Bible Illustrations by Sweet Media).jpg,42_Lk_10_03_RG.jpg,True,831,610,146973,146973,True,Luke 10:29<br>Parable of the Good Samaritan,
File:Gospel of Luke Chapter 10-4 (Bible Illustrations by Sweet Media).jpg,42_Lk_10_04_RG.jpg,True,831,610,137067,137067,True,Luke 10:30a<br>Parable of the Good Samaritan,
File:Gospel of Luke Chapter 10-5 (Bible Illustrations by Sweet Media).jpg,42_Lk_10_05_RG.jpg,True,831,610,124619,124619,True,Luke 10:30a<br>Parable of the Good Samaritan,
File:Gospel of Luke Chapter 10-6 (Bible Illustrations by Sweet Media).jpg,42_Lk_10_06_RG.jpg,True,831,610,142290,142290,True,Luke 10:30b<br>Parable of the Good Samaritan,
File:Gospel of Luke Chapter 10-7 (Bible Illustrations by Sweet Media).jpg,42_Lk_10_07_RG.jpg,True,831,610,129575,129575,True,Luke 10:31<br>Parable of the Good Samaritan,
File:Gospel of Luke Chapter 10-8 (Bible Illustrations by Sweet Media).jpg,42_Lk_10_08_RG.jpg,True,831,610,140540,140540,True,Luke 10:32<br>Parable of the Good Samaritan,
File:Gospel of Luke Chapter 10-9 (Bible Illustrations by Sweet Media).jpg,42_Lk_10_09_RG.jpg,True,804,610,141008,141008,True,Luke 10:33-34a<br>Parable of the Good Samaritan,
File:Gospel of Luke Chapter 10-10 (Bible Illustrations by Sweet Media).jpg,42_Lk_10_10_RG.jpg,True,818,610,148434,148434,True,Luke 10:34b<br>Parable of the Good Samaritan,
File:Gospel of Luke Chapter 10-11 (Bible Illustrations by Sweet Media).jpg,42_Lk_10_11_RG.jpg,True,819,610,135148,135148,True,Luke 10:35<br>Parable of the Good Samaritan,
File:Gospel of Luke Chapter 10-12 (Bible Illustrations by Sweet Media).jpg,42_Lk_10_12_RG.jpg,True,831,610,134006,134006,True,Luke 10:36-37<br>Parable of the Good Samaritan,
File:Gospel of Luke Chapter 11-1 (Bible Illustrations by Sweet Media).jpg,42_Lk_11_01_RG.jpg,True,831,610,160759,160759,True,"<!-- Also Gospel of Matthew Chapter 8-15 (Bible...).jpg-->Matthew 12:22-30<br>Luke 11:14<br>Mute healed, Jesus accused of using Satan, People demand a sign",
File:Gospel of Luke Chapter 15-1 (Bible Illustrations by Sweet Media).jpg,42_Lk_15_01_RG.jpg,True,831,610,170632,170632,True,Luke 15:02<br>Parable of the Lost Son,
File:Gospel of Luke Chapter 15-2 (Bible Illustrations by Sweet Media).jpg,42_Lk_15_02_RG.jpg,True,831,610,135865,135865,True,Luke 15:11-12<br>Parable of the Lost Son,Prodigal son
File:Gospel of Luke Chapter 15-3 (Bible Illustrations by Sweet Media).jpg,42_Lk_15_03_RG.jpg,True,798,610,120545,120545,True,Luke 15:14<br>Parable of the Lost Son,Prodigal son
File:Gospel of Luke Chapter 15-4 (Bible Illustrations by Sweet Media).jpg,42_Lk_15_04_RG.jpg,True,831,610,138101,138101,True,Luke 15:15-16<br>Parable of the Lost Son,Prodigal son; Prodigal son as Swineherd
File:Gospel of Luke Chapter 15-10 (Bible Illustrations by Sweet Media).jpg,42_Lk_15_10_RG.jpg,True,831,610,148709,148709,True,Luke 15:28b<br>Parable of the Lost Son,Prodigal son
File:Gospel of Luke Chapter 15-11 (Bible Illustrations by Sweet Media).jpg,42_Lk_15_11_RG.jpg,True,831,610,148247,148247,True,Luke 15:29-30<br>Parable of the Lost Son,Prodigal son
File:Gospel of Luke Chapter 15-12 (Bible Illustrations by Sweet Media).jpg,42_Lk_15_12_RG.jpg,True,831,610,149827,149827,True,Luke 15:31-32<br>Parable of the Lost Son,Prodigal son
File:Gospel of John Chapter 6-8 (Bible Illustrations by Sweet Media).jpg,43_Jn_06_08_RG.jpg,True,831,610,114664,114664,True,<!-- Also files:Gospel of Matthew Chapter 14-17; of John Chapter 6-8 (Bible...).jpg-->Matthew 14:13-21<br>Luke 09:16a<br>John 06:11a<br>Jesus feeds 5000,Feeding the multitude in art; Prayer; Bread and Christianity
File:Gospel of John Chapter 6-9 (Bible Illustrations by Sweet Media).jpg,43_Jn_06_09_RG.jpg,True,831,610,173354,173354,True,<!-- Also files:Gospel of Matthew Chapter 14-18; of John Chapter 6-9 (Bible...).jpg-->Matthew 14:13-21<br>Luke 09:16b<br>John 06:11b<br>Jesus feeds 5000,Feeding the multitude in art; Bread and Christianity; Apostles in art
File:Gospel of John Chapter 9-1 (Bible Illustrations by Sweet Media).jpg,43_Jn_09_01_RG.jpg,True,831,610,163642,163642,True,John 09:01-41<br>Healing a man born blind,
File:Gospel of John Chapter 9-2 (Bible Illustrations by Sweet Media).jpg,43_Jn_09_02_RG.jpg,True,831,610,158797,158797,True,John 09:01-41<br>Healing a man born blind,
File:Gospel of John Chapter 9-3 (Bible Illustrations by Sweet Media).jpg,43_Jn_09_03_RG.jpg,True,831,610,154794,154794,True,John 09:01-41<br>Healing a man born blind,
File:Gospel of John Chapter 9-4 (Bible Illustrations by Sweet Media).jpg,43_Jn_09_04_RG.jpg,True,831,610,149545,149545,True,John 09:01-41<br>Healing a man born blind,Line art without P180
File:Gospel of John Chapter 9-5 (Bible Illustrations by Sweet Media).jpg,43_Jn_09_05_RG.jpg,True,832,603,152153,152153,True,John 09:01-41<br>Healing a man born blind,
File:Gospel of John Chapter 9-6 (Bible Illustrations by Sweet Media).jpg,43_Jn_09_06_RG.jpg,True,831,610,148848,148848,True,John 09:01-41<br>Healing a man born blind,
File:Gospel of John Chapter 9-7 (Bible Illustrations by Sweet Media).jpg,43_Jn_09_07_RG.jpg,True,831,610,163326,163326,True,John 09:01-41<br>Healing a man born blind,
File:Gospel of John Chapter 9-8 (Bible Illustrations by Sweet Media).jpg,43_Jn_09_08_RG.jpg,True,831,610,132770,132770,True,John 09:01-41<br>Healing a man born blind,
File:Gospel of John Chapter 9-9 (Bible Illustrations by Sweet Media).jpg,43_Jn_09_09_RG.jpg,True,831,610,155995,155995,True,John 09:01-41<br>Healing a man born blind,
File:Gospel of John Chapter 9-10 (Bible Illustrations by Sweet Media).jpg,43_Jn_09_10_RG.jpg,True,831,610,135777,135777,True,John 09:01-41<br>Healing a man born blind,Line art without P180
File:Gospel of John Chapter 9-11 (Bible Illustrations by Sweet Media).jpg,43_Jn_09_11_RG.jpg,True,831,610,134226,134226,True,John 09:01-41<br>Healing a man born blind,
File:Gospel of Luke Chapter 2-1 (Bible Illustrations by Sweet Media).jpg,42_Lk_02_01_RG.jpg,True,831,610,159582,159582,True,Luke 02:01-5<br>The Birth of Jesus,Journey to Bethlehem; Birth and childhood of Jesus Christ; Refugees in art
File:Gospel of Luke Chapter 2-2 (Bible Illustrations by Sweet Media).jpg,42_Lk_02_02_RG.jpg,True,831,610,190348,190348,True,Luke 02:06-7<br>The Birth of Jesus,Drawings of the Holy Family; Nativity of Jesus Christ
File:Gospel of Luke Chapter 2-10 (Bible Illustrations by Sweet Media).jpg,42_Lk_02_10_RG.jpg,True,831,610,164932,164932,True,Luke 02:28-33<br>Jesus' presentation at the Temple,Drawings of the Holy Family; Nunc dimittis; Line art without P180
File:Gospel of Luke Chapter 2-11 (Bible Illustrations by Sweet Media).jpg,42_Lk_02_11_RG.jpg,True,831,610,156281,156281,True,Luke 02:34-35<br>Jesus' presentation at the Temple,Drawings of the Holy Family; Presentation of Jesus Christ at the Temple
File:Gospel of Luke Chapter 2-12 (Bible Illustrations by Sweet Media).jpg,42_Lk_02_12_RG.jpg,True,817,610,154726,154726,True,Luke 02:39-40<br>Return to Nazareth,Jesus Christ as a child; House of Nazareth
File:Gospel of Luke Chapter 2-13 (Bible Illustrations by Sweet Media).jpg,42_Lk_02_13_RG.jpg,True,831,610,138093,138093,True,Luke 02:41-42<br>Jesus in the temple at 12,Mary and Joseph; Line art without P180
File:Gospel of Luke Chapter 2-14 (Bible Illustrations by Sweet Media).jpg,42_Lk_02_14_RG.jpg,True,831,610,180577,180577,True,Luke 02:43-44a<br>Jesus in the temple at 12,Mary and Joseph
File:Gospel of Luke Chapter 2-15 (Bible Illustrations by Sweet Media).jpg,42_Lk_02_15_RG.jpg,True,831,610,153003,153003,True,Luke 02:44b<br>Jesus in the temple at 12,Loss of the Child Jesus; Line art without P180
File:Gospel of Luke Chapter 2-16 (Bible Illustrations by Sweet Media).jpg,42_Lk_02_16_RG.jpg,True,831,610,156016,156016,True,Luke 02:45<br>Jesus in the temple at 12,Loss of the Child Jesus
File:Gospel of Luke Chapter 2-17 (Bible Illustrations by Sweet Media).jpg,42_Lk_02_17_RG.jpg,True,831,610,159966,159966,True,Luke 02:47-48a<br>Jesus in the temple at 12,Illustrations of Jesus Christ among the doctors
File:Gospel of Luke Chapter 2-18 (Bible Illustrations by Sweet Media).jpg,42_Lk_02_18_RG.jpg,True,831,610,152486,152486,True,Luke 02:46<br>Jesus in the temple at 12,Mary and Joseph; Illustrations of Jesus Christ among the doctors
File:Gospel of Luke Chapter 2-19 (Bible Illustrations by Sweet Media).jpg,42_Lk_02_19_RG.jpg,True,831,610,163283,163283,True,Luke 02:48b<br>Jesus in the temple at 12,Drawings of the Holy Family; Illustrations of Jesus Christ among the doctors; Line art without P180
File:Gospel of Luke Chapter 2-20 (Bible Illustrations by Sweet Media).jpg,42_Lk_02_20_RG.jpg,True,831,610,118809,118809,True,Luke 02:49-50<br>Jesus in the temple at 12,
File:Gospel of Luke Chapter 2-21 (Bible Illustrations by Sweet Media).jpg,42_Lk_02_21_RG.jpg,True,831,610,154835,154835,True,Luke 02:51<br>Jesus in the temple at 12,Jesus Christ as a child; House of Nazareth; Line art without P180
File:Gospel of Luke Chapter 2-22 (Bible Illustrations by Sweet Media).jpg,42_Lk_02_22_RG.jpg,True,831,610,160974,160974,True,Luke 02:52<br>Summary - Jesus Childhood,Saint Joseph as carpenter
File:Gospel of Luke Chapter 15-5 (Bible Illustrations by Sweet Media).jpg,42_Lk_15_05_RG.jpg,True,831,610,137659,137659,True,Luke 15:17-19<br>Parable of the Lost Son,Prodigal son
File:Gospel of Luke Chapter 15-6 (Bible Illustrations by Sweet Media).jpg,42_Lk_15_06_RG.jpg,True,827,610,138494,138494,True,Luke 15:20b<br>Parable of the Lost Son,Prodigal son
File:Gospel of Luke Chapter 15-7 (Bible Illustrations by Sweet Media).jpg,42_Lk_15_07_RG.jpg,True,831,610,137590,137590,True,Luke 15:21<br>Parable of the Lost Son,Prodigal son
File:Gospel of Luke Chapter 15-8 (Bible Illustrations by Sweet Media).jpg,42_Lk_15_08_RG.jpg,True,831,610,140994,140994,True,Luke 15:22-24<br>Parable of the Lost Son,Prodigal son
File:Gospel of Luke Chapter 15-9 (Bible Illustrations by Sweet Media).jpg,42_Lk_15_09_RG.jpg,True,831,610,153970,153970,True,Luke 15:25-28a<br>Parable of the Lost Son,Prodigal son
File:Gospel of Luke Chapter 17-1 (Bible Illustrations by Sweet Media).jpg,42_Lk_17_01_RG.jpg,True,831,610,156211,156211,True,Luke 17:12-14a<br>Ten lepers healed,
File:Gospel of Luke Chapter 17-2 (Bible Illustrations by Sweet Media).jpg,42_Lk_17_02_RG.jpg,True,831,610,155058,155058,True,Luke 17:14b<br>Ten lepers healed,Line art without P180
File:Gospel of Luke Chapter 17-3 (Bible Illustrations by Sweet Media).jpg,42_Lk_17_03_RG.jpg,True,831,610,148973,148973,True,Luke 17:15-16<br>Ten lepers healed,
File:Gospel of Luke Chapter 17-4 (Bible Illustrations by Sweet Media).jpg,42_Lk_17_04_RG.jpg,True,831,610,145911,145911,True,Luke 17:17-18<br>Ten lepers healed,
File:Gospel of Luke Chapter 17-5 (Bible Illustrations by Sweet Media).jpg,42_Lk_17_05_RG.jpg,True,831,610,138396,138396,True,Luke 17:19<br>Ten lepers healed,
File:Gospel of Luke Chapter 18-1 (Bible Illustrations by Sweet Media).jpg,42_Lk_18_01_RG.jpg,True,831,610,155153,155153,True,Luke 18:09<br>Parable of the Pharisee and Tax Collector,
File:Gospel of Luke Chapter 18-2 (Bible Illustrations by Sweet Media).jpg,42_Lk_18_02_RG.jpg,True,824,610,122033,122033,True,Luke 18:10<br>Parable of the Pharisee and Tax Collector,
File:Gospel of Luke Chapter 18-3 (Bible Illustrations by Sweet Media).jpg,42_Lk_18_03_RG.jpg,True,815,610,131048,131048,True,Luke 18:11<br>Parable of the Pharisee and Tax Collector,
File:Gospel of Luke Chapter 18-4 (Bible Illustrations by Sweet Media).jpg,42_Lk_18_04_RG.jpg,True,824,610,139757,139757,True,Luke 18:12<br>Parable of the Pharisee and Tax Collector,
File:Gospel of Luke Chapter 18-5 (Bible Illustrations by Sweet Media).jpg,42_Lk_18_05_RG.jpg,True,822,610,118835,118835,True,Luke 18:13<br>Parable of the Pharisee and Tax Collector,
File:Gospel of Luke Chapter 18-6 (Bible Illustrations by Sweet Media).jpg,42_Lk_18_06_RG.jpg,True,831,610,143895,143895,True,Luke 18:14<br>Parable of the Pharisee and Tax Collector,
File:Gospel of Luke Chapter 18-9 (Bible Illustrations by Sweet Media).jpg,42_Lk_18_09_RG.jpg,True,831,610,144807,144807,True,<!-- Also Gospel of Matthew Chapter 19-3 (Bible...).jpg-->Matthew 19:16-26<br>Luke 18:21<br>The rich young man,
File:Gospel of Luke Chapter 18-12 (Bible Illustrations by Sweet Media).jpg,42_Lk_18_12_RG.jpg,True,831,610,158969,158969,True,<!-- Also Gospel of Matthew Chapter 19-6 (Bible...).jpg-->Matthew 19:16-26<br>Luke 18:24-25<br>The rich young man,
File:Gospel of Luke Chapter 18-13 (Bible Illustrations by Sweet Media).jpg,42_Lk_18_13_RG.jpg,True,831,610,150043,150043,True,<!-- Also Gospel of Matthew Chapter 19-7 (Bible...).jpg-->Matthew 19:27-30<br>Luke 18:26<br>The rich young man,Line art without P180
File:Gospel of Luke Chapter 18-15 (Bible Illustrations by Sweet Media).jpg,42_Lk_18_15_RG.jpg,True,831,610,160988,160988,True,<!-- Also Gospel of Matthew Chapter 19-9 (Bible...).jpg-->Matthew 19:27-30<br>Luke 18:28<br>Rewards for service,Line art without P180
File:Gospel of Luke Chapter 18-17 (Bible Illustrations by Sweet Media).jpg,42_Lk_18_17_RG.jpg,True,831,610,155481,155481,True,Luke 18:35-39a<br>The blind man healed at Jericho,
File:Gospel of Luke Chapter 18-18 (Bible Illustrations by Sweet Media).jpg,42_Lk_18_18_RG.jpg,True,831,610,143644,143644,True,Luke 18:39b<br>The blind man healed at Jericho,Line art without P180
File:Gospel of Luke Chapter 18-19 (Bible Illustrations by Sweet Media).jpg,42_Lk_18_19_RG.jpg,True,831,610,158323,158323,True,Luke 18:40a<br>The blind man healed at Jericho,
File:Gospel of Luke Chapter 18-20 (Bible Illustrations by Sweet Media).jpg,42_Lk_18_20_RG.jpg,True,831,610,152469,152469,True,Luke 18:40b-42<br>The blind man healed at Jericho,
File:Gospel of Luke Chapter 18-21 (Bible Illustrations by Sweet Media).jpg,42_Lk_18_21_RG.jpg,True,831,610,149777,149777,True,Luke 18:43<br>The blind man healed at Jericho,
File:Gospel of Luke Chapter 19-1 (Bible Illustrations by Sweet Media).jpg,42_Lk_19_01_RG.jpg,True,831,610,152688,152688,True,Luke 19:01-3<br>Zachaeus,Zacchaeus
File:Gospel of Luke Chapter 19-2 (Bible Illustrations by Sweet Media).jpg,42_Lk_19_02_RG.jpg,True,818,610,168479,168479,True,Luke 19:04<br>Zachaeus,Zacchaeus
File:Gospel of Luke Chapter 19-3 (Bible Illustrations by Sweet Media).jpg,42_Lk_19_03_RG.jpg,True,831,610,172679,172679,True,Luke 19:05<br>Zachaeus,Zacchaeus; Line art without P180
File:Gospel of Luke Chapter 19-4 (Bible Illustrations by Sweet Media).jpg,42_Lk_19_04_RG.jpg,True,831,610,138856,138856,True,Luke 19:06-7<br>Zachaeus,Zacchaeus
File:Gospel of Luke Chapter 19-5 (Bible Illustrations by Sweet Media).jpg,42_Lk_19_05_RG.jpg,True,831,610,132896,132896,True,Luke 19:08<br>Zachaeus,Zacchaeus; Line art without P180
File:Gospel of Luke Chapter 19-6 (Bible Illustrations by Sweet Media).jpg,42_Lk_19_06_RG.jpg,True,831,610,150803,150803,True,Luke 19:09-10<br>Zachaeus,Zacchaeus
File:Gospel of Luke Chapter 19-8 (Bible Illustrations by Sweet Media).jpg,42_Lk_19_08_RG.jpg,True,831,610,153351,153351,True,<!-- Also Gospel of Matthew Chapter 21-2 (Bible...).jpg-->Matthew 21:01-11<br>Luke 19:32-34<br>The Triumphal Entry,Triumphal entry into Jerusalem
File:Gospel of Luke Chapter 19-11 (Bible Illustrations by Sweet Media).jpg,42_Lk_19_11_RG.jpg,True,831,610,178978,178978,True,<!-- Also Gospel of Matthew Chapter 21-5 (Bible...).jpg-->Matthew 21:01-11<br>Luke 19:37-38<br>The Triumphal Entry,Triumphal entry into Jerusalem; Line art without P180
File:Gospel of Luke Chapter 19-15 (Bible Illustrations by Sweet Media).jpg,42_Lk_19_15_RG.jpg,True,831,610,147335,147335,True,Luke 19:47b-48<br>2nd cleansing of the Temple,Cleansing of the Temple
File:Gospel of Luke Chapter 19-16 (Bible Illustrations by Sweet Media).jpg,42_Lk_19_16_RG.jpg,True,831,610,144197,144197,True,,Cleansing of the Temple
File:Gospel of Luke Chapter 2-3 (Bible Illustrations by Sweet Media).jpg,42_Lk_02_03_RG.jpg,True,831,610,168710,168710,True,Luke 02:08-9<br>The Shepherd's Joy,Angels in the air; Angels in art; Annunciation to the Shepherds
File:Gospel of Luke Chapter 2-4 (Bible Illustrations by Sweet Media).jpg,42_Lk_02_04_RG.jpg,True,831,610,172366,172366,True,Luke 02:10-12<br>The Shepherd's Joy,Line art without P180
File:Gospel of Luke Chapter 2-5 (Bible Illustrations by Sweet Media).jpg,42_Lk_02_05_RG.jpg,True,831,610,183101,183101,True,Luke 02:16<br>The Shepherd's Joy,Drawings of the Holy Family; Adoration of the Shepherds; Saint Joseph in art
File:Gospel of Luke Chapter 2-6 (Bible Illustrations by Sweet Media).jpg,42_Lk_02_06_RG.jpg,True,831,610,160578,160578,True,Luke 02:17-20<br>The Shepherd's Joy,Drawings of the Holy Family
File:Gospel of Luke Chapter 2-7 (Bible Illustrations by Sweet Media).jpg,42_Lk_02_07_RG.jpg,True,831,610,150080,150080,True,Luke 02:21<br>Jesus' circumcision,Drawings of the Holy Family; Presentation of Jesus Christ at the Temple
File:Gospel of Luke Chapter 2-8 (Bible Illustrations by Sweet Media).jpg,42_Lk_02_08_RG.jpg,True,831,610,164880,164880,True,Luke 02:22-26<br>Jesus' presentation at the Temple,Drawings of the Holy Family; Presentation of Jesus Christ at the Temple
File:Gospel of Luke Chapter 2-9 (Bible Illustrations by Sweet Media).jpg,42_Lk_02_09_RG.jpg,True,831,610,169294,169294,True,Luke 02:27<br>Jesus' presentation at the Temple,Drawings of the Holy Family; Presentation of Jesus Christ at the Temple
File:Gospel of Luke Chapter 20-7 (Bible Illustrations by Sweet Media).jpg,42_Lk_20_07_RG.jpg,True,831,610,138462,138462,True,<!-- Also Gospel of Matthew Chapter 22-7 (Bible...).jpg-->Matthew 22:15-22<br>Luke 20:22<br>Paying tribute to Caesar,
File:Gospel of Luke Chapter 20-11 (Bible Illustrations by Sweet Media).jpg,42_Lk_20_11_RG.jpg,True,831,610,138579,138579,True,<!-- Also Gospel of Matthew Chapter 22-11 (Bible...).jpg-->Matthew 22:15-22<br>Luke 20:26<br>Paying tribute to Caesar,
File:Gospel of Luke Chapter 20-12 (Bible Illustrations by Sweet Media).jpg,42_Lk_20_12_RG.jpg,True,815,610,155059,155059,True,Luke 20:09<br>Parable of the vineyard,The Tenants in the Vineyard
File:Gospel of Luke Chapter 20-13 (Bible Illustrations by Sweet Media).jpg,42_Lk_20_13_RG.jpg,True,813,610,150627,150627,True,Luke 20:10-11<br>Parable of the vineyard,The Tenants in the Vineyard
File:Gospel of Luke Chapter 20-14 (Bible Illustrations by Sweet Media).jpg,42_Lk_20_14_RG.jpg,True,831,610,151773,151773,True,Luke 20:12<br>Parable of the vineyard,The Tenants in the Vineyard
File:Gospel of Luke Chapter 20-15 (Bible Illustrations by Sweet Media).jpg,42_Lk_20_15_RG.jpg,True,831,610,146455,146455,True,Luke 20:13<br>Parable of the vineyard,The Tenants in the Vineyard
File:Gospel of Luke Chapter 20-16 (Bible Illustrations by Sweet Media).jpg,42_Lk_20_16_RG.jpg,True,812,610,147894,147894,True,Luke 20:15-16a<br>Parable of the vineyard,The Tenants in the Vineyard
File:Gospel of Luke Chapter 20-17 (Bible Illustrations by Sweet Media).jpg,42_Lk_20_17_RG.jpg,True,831,610,134341,134341,True,Luke 20:17-18<br>Parable of the vineyard,The Tenants in the Vineyard
File:Gospel of Luke Chapter 21-2 (Bible Illustrations by Sweet Media).jpg,42_Lk_21_02_RG.jpg,True,831,610,151391,151391,True,Luke 21:01<br>The widow's gift,Offerings in art
File:Gospel of Luke Chapter 21-3 (Bible Illustrations by Sweet Media).jpg,42_Lk_21_03_RG.jpg,True,831,610,145404,145404,True,Luke 21:01<br>The widow's gift,Offering plates
File:Gospel of Luke Chapter 21-4 (Bible Illustrations by Sweet Media).jpg,42_Lk_21_04_RG.jpg,True,831,610,138557,138557,True,Luke 21:02<br>The widow's gift,Alms; Line art without P180
File:Gospel of Luke Chapter 22-1 (Bible Illustrations by Sweet Media).jpg,42_Lk_22_01_RG.jpg,True,831,610,154386,154386,True,<!-- Also Gospel of Matthew Chapter 26-2 (Bible...).jpg-->Matthew 26:14-16<br>Luke 22:01-2<br>Judas betrays Jesus,
File:Gospel of Luke Chapter 22-2 (Bible Illustrations by Sweet Media).jpg,42_Lk_22_02_RG.jpg,True,831,610,167453,167453,True,<!-- Also Gospel of Matthew Chapter 26-3 (Bible...).jpg-->Matthew 26:14-16<br>Luke 22:03<br>Judas betrays Jesus,
File:Gospel of Luke Chapter 22-3 (Bible Illustrations by Sweet Media).jpg,42_Lk_22_03_RG.jpg,True,831,610,164824,164824,True,<!-- Also Gospel of Matthew Chapter 26-4 (Bible...).jpg-->Matthew 26:14-16<br>Luke 22:04-5<br>Judas betrays Jesus,Judas Iscariot in art
File:Gospel of Luke Chapter 22-4 (Bible Illustrations by Sweet Media).jpg,42_Lk_22_04_RG.jpg,True,831,610,169566,169566,True,<!-- Also Gospel of Matthew Chapter 26-5 (Bible...).jpg-->Matthew 26:14-16<br>Luke 22:06a<br>Judas betrays Jesus,
File:Gospel of Luke Chapter 22-7 (Bible Illustrations by Sweet Media).jpg,42_Lk_22_07_RG.jpg,True,831,610,153618,153618,True,<!-- Also Gospel of Matthew Chapter 26-8 (Bible...).jpg-->Matthew 26:17-19<br>Luke 22:10-12<br>Preparations for Passover meal,
File:Gospel of Luke Chapter 22-8 (Bible Illustrations by Sweet Media).jpg,42_Lk_22_08_RG.jpg,True,831,610,141758,141758,True,Luke 22:13a<br>Preparations for Passover meal,
File:Gospel of Luke Chapter 22-9 (Bible Illustrations by Sweet Media).jpg,42_Lk_22_09_RG.jpg,True,831,610,142770,142770,True,<!-- Also Gospel of Matthew Chapter 26-9 (Bible...).jpg-->Matthew 26:17-19<br>Luke 22:13a<br>Preparations for Passover meal,
File:Gospel of Luke Chapter 22-10 (Bible Illustrations by Sweet Media).jpg,42_Lk_22_10_RG.jpg,True,831,610,142526,142526,True,<!-- Also Gospel of Matthew Chapter 26-10 (Bible...).jpg-->Matthew 26:17-19<br>Luke 22:13a<br>Preparations for Passover meal,Line art without P180
File:Gospel of Luke Chapter 22-11 (Bible Illustrations by Sweet Media).jpg,42_Lk_22_11_RG.jpg,True,831,610,147496,147496,True,<!-- Also Gospel of Matthew Chapter 26-11 (Bible...).jpg-->Matthew 26:17-19<br>Luke 22:13b<br>Preparations for Passover meal,Wine bottles in art
File:Gospel of Luke Chapter 22-12 (Bible Illustrations by Sweet Media).jpg,42_Lk_22_12_RG.jpg,True,831,610,155152,155152,True,<!-- Also Gospel of Matthew Chapter 26-12 (Bible...).jpg-->Matthew 26:17-19<br>Luke 22:14-15<br>Preparations for Passover meal,
File:Gospel of Luke Chapter 22-13 (Bible Illustrations by Sweet Media).jpg,42_Lk_22_13_RG.jpg,True,831,610,166713,166713,True,<!-- Also Gospel of Matthew Chapter 26-13 (Bible...).jpg-->Matthew 26:26-29<br>Luke 22:16<br>Preparations for Passover meal,
File:Gospel of Luke Chapter 22-18 (Bible Illustrations by Sweet Media).jpg,42_Lk_22_18_RG.jpg,True,810,610,150239,150239,True,"<!-- Also files:Gospel of Matthew Chapter 26-19, of John Chapter 13-10 (Bible...).jpg-->Matthew 26:31-35<br>Luke 22:33<br>John 13:36<br>Jesus predicts Peter's denial",
File:Gospel of Luke Chapter 22-19 (Bible Illustrations by Sweet Media).jpg,42_Lk_22_19_RG.jpg,True,831,610,159204,159204,True,"<!-- Also files:Gospel of Matthew Chapter 26-20, of John Chapter 13-11 (Bible...).jpg-->Matthew 26:31-35<br>Luke 22:34<br>John 13:38<br>Jesus predicts Peter's denial",
File:Gospel of Luke Chapter 22-20 (Bible Illustrations by Sweet Media).jpg,42_Lk_22_20_RG.jpg,True,831,610,175580,175580,True,<!-- Also files:Gospel of Matthew Chapter 26-21; of John Chapter 13-12 (Bible...).jpg-->Matthew 26:31-35<br>Luke 22<br>John 13:37<br>Jesus predicts Peter's denial,Line art without P180
File:Gospel of Luke Chapter 23-7 (Bible Illustrations by Sweet Media).jpg,42_Lk_23_07_RG.jpg,True,831,610,153706,153706,True,Luke 23:18-23a<br>Jesus' 2nd trial before Pilate,
File:Gospel of Luke Chapter 23-10 (Bible Illustrations by Sweet Media).jpg,42_Lk_23_10_RG.jpg,True,808,610,180951,180951,True,<!-- Also Gospel of Matthew Chapter 27-9 (Bible...).jpg-->Matthew 27:31-34<br>Luke 23:26b<br>Jesus led to the cross,Drawings of Crucifixion of Christ
File:Gospel of Luke Chapter 23-16 (Bible Illustrations by Sweet Media).jpg,42_Lk_23_16_RG.jpg,True,813,610,137653,137653,True,<!-- Also Gospel of Matthew Chapter 27-15 (Bible...).jpg-->Matthew 27:45-50<br>Luke 23:44-45a<br>Jesus last 3 hours on the cross,
File:Gospel of Luke Chapter 23-19 (Bible Illustrations by Sweet Media).jpg,42_Lk_23_19_RG.jpg,True,763,610,132211,132211,True,<!-- Also Gospel of Matthew Chapter 27-18 (Bible...).jpg-->Matthew 27:51-56<br>Luke 23:47<br>Events accompanying Jesus' death,Drawings of Crucifixion of Christ
File:Gospel of Luke Chapter 24-3 (Bible Illustrations by Sweet Media).jpg,42_Lk_24_03_RG.jpg,True,831,610,142401,142401,True,<!-- Also Gospel of Matthew Chapter 28-3 (Bible...).jpg-->Matthew 28:05-8<br>Luke 24:02<br>Women find the tomb empty,Angels in New Testament; Resurrection angel
File:Gospel of Luke Chapter 24-7 (Bible Illustrations by Sweet Media).jpg,42_Lk_24_07_RG.jpg,True,831,610,127412,127412,True,,Line art without P180
File:Gospel of Luke Chapter 24-8 (Bible Illustrations by Sweet Media).jpg,42_Lk_24_08_RG.jpg,True,831,610,144293,144293,True,Luke 24:13-14<br>To the two on the Emmaus' Road,
File:Gospel of Luke Chapter 24-10 (Bible Illustrations by Sweet Media).jpg,42_Lk_24_10_RG.jpg,True,831,610,147319,147319,True,Luke 24:18-19a<br>To the two on the Emmaus' Road,
File:Gospel of Luke Chapter 24-11 (Bible Illustrations by Sweet Media).jpg,42_Lk_24_11_RG.jpg,True,831,610,137650,137650,True,Luke 24:19b<br>To the two on the Emmaus' Road,
File:Gospel of Luke Chapter 24-12 (Bible Illustrations by Sweet Media).jpg,42_Lk_24_12_RG.jpg,True,831,610,149441,149441,True,Luke 24:20-21<br>To the two on the Emmaus' Road,
File:Gospel of Luke Chapter 24-13 (Bible Illustrations by Sweet Media).jpg,42_Lk_24_13_RG.jpg,True,831,610,142830,142830,True,Luke 24:22-24<br>To the two on the Emmaus' Road,
File:Gospel of Luke Chapter 24-14 (Bible Illustrations by Sweet Media).jpg,42_Lk_24_14_RG.jpg,True,831,610,149458,149458,True,Luke 24:25-26<br>To the two on the Emmaus' Road,Emmaus; Jesus Christ teaching
File:Gospel of Luke Chapter 24-15 (Bible Illustrations by Sweet Media).jpg,42_Lk_24_15_RG.jpg,True,831,610,168348,168348,True,Luke 24:27<br>To the two on the Emmaus' Road,Line art without P180
File:Gospel of Luke Chapter 24-16 (Bible Illustrations by Sweet Media).jpg,42_Lk_24_16_RG.jpg,True,831,610,155286,155286,True,Luke 24:28-29<br>To the two on the Emmaus' Road,Emmaus
File:Gospel of Luke Chapter 24-17 (Bible Illustrations by Sweet Media).jpg,42_Lk_24_17_RG.jpg,True,831,610,157108,157108,True,Luke 24:30-31<br>To the two on the Emmaus' Road,Bread and Christianity; Eucharist in art; Line art without P180
File:Gospel of Luke Chapter 24-18 (Bible Illustrations by Sweet Media).jpg,42_Lk_24_18_RG.jpg,True,831,610,165543,165543,True,Luke 24:33-35<br>Report of the two/Appearance to Peter,
File:Gospel of Luke Chapter 24-19 (Bible Illustrations by Sweet Media).jpg,42_Lk_24_19_RG.jpg,True,831,610,159181,159181,True,Luke 24:41<br>To the Disciples in the Room,Bread and Christianity; Resurrection of Christ
File:Gospel of Luke Chapter 24-20 (Bible Illustrations by Sweet Media).jpg,42_Lk_24_20_RG.jpg,True,831,610,151149,151149,True,Luke 24:44<br>Appearance to the Disciples in Jerusalem,Apostles in art; Five Holy Wounds; Line art without P180
File:Gospel of Luke Chapter 3-2 (Bible Illustrations by Sweet Media).jpg,42_Lk_03_02_RG.jpg,True,831,610,149224,149224,True,Luke 03:02b<br>The Preaching of John,John the Baptist wearing fur
File:Gospel of Luke Chapter 3-6 (Bible Illustrations by Sweet Media).jpg,42_Lk_03_06_RG.jpg,True,831,610,170647,170647,True,Luke 03:10-11<br>The Preaching of John,
File:Gospel of Luke Chapter 3-7 (Bible Illustrations by Sweet Media).jpg,42_Lk_03_07_RG.jpg,True,831,610,168008,168008,True,Luke 03:12-13<br>The Preaching of John,
File:Gospel of Luke Chapter 3-8 (Bible Illustrations by Sweet Media).jpg,42_Lk_03_08_RG.jpg,True,831,610,164980,164980,True,Luke 03:14<br>The Preaching of John,
File:Gospel of Luke Chapter 3-9 (Bible Illustrations by Sweet Media).jpg,42_Lk_03_09_RG.jpg,True,831,610,183463,183463,True,Luke 03:15<br>The Preaching of John,Line art without P180
File:Gospel of Luke Chapter 4-9 (Bible Illustrations by Sweet Media).jpg,42_Lk_04_09_RG.jpg,True,831,610,155510,155510,True,Luke 04:16-21<br>Jesus rejected 1st time at Nazareth,
File:Gospel of Luke Chapter 4-10 (Bible Illustrations by Sweet Media).jpg,42_Lk_04_10_RG.jpg,True,831,610,162623,162623,True,Luke 04:17a<br>Jesus rejected 1st time at Nazareth,
File:Gospel of Luke Chapter 4-11 (Bible Illustrations by Sweet Media).jpg,42_Lk_04_11_RG.jpg,True,831,610,145942,145942,True,Luke 04:17b-19<br>Jesus rejected 1st time at Nazareth,
File:Gospel of Luke Chapter 4-12 (Bible Illustrations by Sweet Media).jpg,42_Lk_04_12_RG.jpg,True,831,610,132461,132461,True,Luke 04:17b-19<br>Jesus rejected 1st time at Nazareth,
File:Gospel of Luke Chapter 4-13 (Bible Illustrations by Sweet Media).jpg,42_Lk_04_13_RG.jpg,True,831,610,150052,150052,True,Luke 04:20-21<br>Jesus rejected 1st time at Nazareth,
File:Gospel of Luke Chapter 4-14 (Bible Illustrations by Sweet Media).jpg,42_Lk_04_14_RG.jpg,True,831,610,152558,152558,True,Luke 04:22<br>Jesus rejected 1st time at Nazareth,
File:Gospel of Luke Chapter 4-15 (Bible Illustrations by Sweet Media).jpg,42_Lk_04_15_RG.jpg,True,831,610,117111,117111,True,Luke 04:23<br>Jesus rejected 1st time at Nazareth,Line art without P180
File:Gospel of Luke Chapter 4-16 (Bible Illustrations by Sweet Media).jpg,42_Lk_04_16_RG.jpg,True,831,610,136227,136227,True,Luke 04:24-27<br>Jesus rejected 1st time at Nazareth,
File:Gospel of Luke Chapter 4-17 (Bible Illustrations by Sweet Media).jpg,42_Lk_04_17_RG.jpg,True,831,610,168787,168787,True,Luke 04:28<br>Jesus rejected 1st time at Nazareth,
File:Gospel of Luke Chapter 4-18 (Bible Illustrations by Sweet Media).jpg,42_Lk_04_18_RG.jpg,True,831,610,165351,165351,True,Luke 04:29<br>Jesus rejected 1st time at Nazareth,Line art without P180
File:Gospel of Luke Chapter 4-19 (Bible Illustrations by Sweet Media).jpg,42_Lk_04_19_RG.jpg,True,831,610,169803,169803,True,Luke 04:30<br>Jesus rejected 1st time at Nazareth,Line art without P180
File:Gospel of Luke Chapter 5-2 (Bible Illustrations by Sweet Media).jpg,42_Lk_05_02_RG.jpg,True,831,610,142577,142577,True,<!-- Also Gospel of Mark Chapter 2-4 (Bible...).jpg--><br>Mark 02:01-12<br>Luke 05:18<br>Jesus heals a paralytic,Paralytic lowered through the roof
File:Gospel of Luke Chapter 5-3 (Bible Illustrations by Sweet Media).jpg,42_Lk_05_03_RG.jpg,True,831,610,156947,156947,True,Luke 05:19a<br>Jesus heals a paralytic,Paralytic lowered through the roof; Line art without P180
File:Gospel of Luke Chapter 5-10 (Bible Illustrations by Sweet Media).jpg,42_Lk_05_10_RG.jpg,True,831,610,140845,140845,True,<!-- Also Gospel of Mark Chapter 2-12 (Bible...).jpg--><br>Mark 02:01-12<br>Luke 05:26<br>Jesus heals a paralytic,
File:Gospel of Luke Chapter 5-14 (Bible Illustrations by Sweet Media).jpg,42_Lk_05_14_RG.jpg,True,831,610,151042,151042,True,Luke 05:30<br>Conflict over fasting,
File:Gospel of Luke Chapter 5-15 (Bible Illustrations by Sweet Media).jpg,42_Lk_05_15_RG.jpg,True,831,610,161469,161469,True,Luke 05:30<br>Conflict over fasting,Pharisees; Line art without P180
File:Gospel of Luke Chapter 6-5 (Bible Illustrations by Sweet Media).jpg,42_Lk_06_05_RG.jpg,True,831,610,128056,128056,True,<!-- Also Gospel of Matthew Chapter 12-2 (Bible...).jpg-->Matthew 12:01-8<br>Luke 06:02<br>Conflict over eating grain on the Sabbath,Pharisees
File:Gospel of Luke Chapter 6-9 (Bible Illustrations by Sweet Media).jpg,42_Lk_06_09_RG.jpg,True,831,610,155325,155325,True,<!-- Also Gospel of Matthew Chapter 12-6 (Bible...).jpg-->Matthew 12:09-14<br>Luke 06:09-10a<br>Healing of the man with the shriveled hand,Healing of the man with the withered hand
File:Gospel of Luke Chapter 6-15 (Bible Illustrations by Sweet Media).jpg,42_Lk_06_15_RG.jpg,True,831,610,156575,156575,True,Matthew 05:01-7:29<br>Luke 06:29a<br>Sermon on the Mount / Plain,Line art without P180
File:Gospel of Luke Chapter 6-16 (Bible Illustrations by Sweet Media).jpg,42_Lk_06_16_RG.jpg,True,831,610,147693,147693,True,Matthew 05:01-7:29<br>Luke 06:30<br>Sermon on the Mount / Plain,
File:Gospel of Luke Chapter 6-17 (Bible Illustrations by Sweet Media).jpg,42_Lk_06_17_RG.jpg,True,831,610,152271,152271,True,<!-- Also Gospel of Matthew Chapter 7-1 (Bible...).jpg-->Matthew 05:01-7:29<br>Luke 06:38<br>Sermon on the Mount / Plain,
File:Gospel of Luke Chapter 7-2 (Bible Illustrations by Sweet Media).jpg,42_Lk_07_02_RG.jpg,True,831,610,142301,142301,True,Luke 07:02<br>Healing of the centurion’s Servant,Line art without P180
File:Gospel of Luke Chapter 7-3 (Bible Illustrations by Sweet Media).jpg,42_Lk_07_03_RG.jpg,True,831,610,163033,163033,True,Luke 07:03<br>Healing of the centurion’s Servant,Line art without P180
File:Gospel of Luke Chapter 7-4 (Bible Illustrations by Sweet Media).jpg,42_Lk_07_04_RG.jpg,True,831,610,164969,164969,True,Luke 07:04-5<br>Healing of the centurion’s Servant,
File:Gospel of Luke Chapter 7-5 (Bible Illustrations by Sweet Media).jpg,42_Lk_07_05_RG.jpg,True,831,610,140871,140871,True,Luke 07:06a<br>Healing of the centurion’s Servant,
File:Gospel of Luke Chapter 7-7 (Bible Illustrations by Sweet Media).jpg,42_Lk_07_07_RG.jpg,True,831,610,137862,137862,True,Luke 07:09a<br>Healing of the centurion’s Servant,
File:Gospel of Luke Chapter 7-9 (Bible Illustrations by Sweet Media).jpg,42_Lk_07_09_RG.jpg,True,831,610,135863,135863,True,<!-- Also Gospel of Matthew Chapter 8-8 (Bible...).jpg-->Matthew 08:05-13<br>Luke 07:10<br>Healing of the centurion’s Servant,
File:Gospel of Luke Chapter 7-10 (Bible Illustrations by Sweet Media).jpg,42_Lk_07_10_RG.jpg,True,831,610,150082,150082,True,Luke 07:39<br>Sinful women forgiven,Anointing of Jesus Christ; Line art without P180
File:Gospel of Luke Chapter 7-11 (Bible Illustrations by Sweet Media).jpg,42_Lk_07_11_RG.jpg,True,831,610,140482,140482,True,Luke 07:40<br>Sinful women forgiven,
File:Gospel of Luke Chapter 7-12 (Bible Illustrations by Sweet Media).jpg,42_Lk_07_12_RG.jpg,True,831,610,141825,141825,True,Luke 07:41<br>Sinful women forgiven,Line art without P180
File:Gospel of Luke Chapter 7-13 (Bible Illustrations by Sweet Media).jpg,42_Lk_07_13_RG.jpg,True,831,610,150820,150820,True,Luke 07:42<br>Sinful women forgiven,
File:Gospel of Luke Chapter 7-15 (Bible Illustrations by Sweet Media).jpg,42_Lk_07_15_RG.jpg,True,831,610,128473,128473,True,Luke 07:44b-46<br>Sinful women forgiven,Anointing of Jesus Christ
File:Gospel of Luke Chapter 7-16 (Bible Illustrations by Sweet Media).jpg,42_Lk_07_16_RG.jpg,True,831,610,147747,147747,True,Luke 07:47<br>Sinful women forgiven,
File:Gospel of Luke Chapter 7-17 (Bible Illustrations by Sweet Media).jpg,42_Lk_07_17_RG.jpg,True,831,610,145830,145830,True,Luke 07:48<br>Sinful women forgiven,Line art without P180
File:Gospel of Luke Chapter 7-18 (Bible Illustrations by Sweet Media).jpg,42_Lk_07_18_RG.jpg,True,831,610,140289,140289,True,Luke 07:50<br>Sinful women forgiven,Anointing of Jesus Christ
File:Gospel of Luke Chapter 8-5 (Bible Illustrations by Sweet Media).jpg,42_Lk_08_05_RG.jpg,True,831,610,162834,162834,True,<!-- Also Gospel of Matthew Chapter 13-5 (Bible...).jpg-->Matthew 13:10-17<br>Luke 08:09<br>The purpose of the parables,Line art without P180
File:Gospel of Luke Chapter 8-6 (Bible Illustrations by Sweet Media).jpg,42_Lk_08_06_RG.jpg,True,831,610,165593,165593,True,<!-- Also Gospel of Matthew Chapter 13-7 (Bible...).jpg-->Matthew 13:10-17<br>Luke 08:09-11a<br>The purpose of the parables,Apostles in art
File:Gospel of Luke Chapter 8-7 (Bible Illustrations by Sweet Media).jpg,42_Lk_08_07_RG.jpg,True,800,610,132533,132533,True,<!-- Also Gospel of Matthew Chapter 13-8 (Bible...).jpg-->Matthew 13:18-23<br>Luke 08:11b-12<br>Jesus' explanation of the sower parable,Line art without P180
File:Gospel of Luke Chapter 8-10 (Bible Illustrations by Sweet Media).jpg,42_Lk_08_10_RG.jpg,True,824,610,140760,140760,True,<!-- Also Gospel of Matthew Chapter 13-11 (Bible...).jpg-->Matthew 13:18-23<br>Luke 08:15<br>Jesus' explanation of the sower parable,Line art without P180
File:Gospel of Luke Chapter 8-17 (Bible Illustrations by Sweet Media).jpg,42_Lk_08_17_RG.jpg,True,831,610,155590,155590,True,Luke 08:27a<br>Jesus' heals demoniac at Gesarenes,Line art without P180
File:Gospel of Luke Chapter 8-19 (Bible Illustrations by Sweet Media).jpg,42_Lk_08_19_RG.jpg,True,817,610,134382,134382,True,<!-- Also Gospel of Matthew Chapter 8-17 (Bible...).jpg-->Matthew 08:28-34<br>Luke 08:29b<br>Jesus' heals demoniac at Gesarenes,Demons in Christianity
File:Gospel of Luke Chapter 8-20 (Bible Illustrations by Sweet Media).jpg,42_Lk_08_20_RG.jpg,True,831,610,142081,142081,True,<!-- Also Gospel of Matthew Chapter 8-16 (Bible...).jpg-->Matthew 08:28-34<br>Luke 08:28a<br>Jesus' heals demoniac at Gesarenes,
File:Gospel of Luke Chapter 8-25 (Bible Illustrations by Sweet Media).jpg,42_Lk_08_25_RG.jpg,True,831,610,140470,140470,True,Luke 08:35b-36<br>Jesus' heals demoniac at Gesarenes,Evil spirits sent into swine
File:Gospel of Luke Chapter 8-28 (Bible Illustrations by Sweet Media).jpg,42_Lk_08_28_RG.jpg,True,831,610,153961,153961,True,Luke 08:39b<br>Jesus' heals demoniac at Gesarenes,Line art without P180
File:Gospel of Luke Chapter 24-9 (Bible Illustrations by Sweet Media).jpg,42_Lk_24_09_RG.jpg,True,831,610,136198,136198,True,Luke 24:15-17a<br>To the two on the Emmaus' Road,
File:Gospel of Matthew Chapter 1-1 (Bible Illustrations by Sweet Media).jpg,40_Mt_01_01_RG.jpg,True,831,610,174167,174167,True,Matthew 01:18-25a<br>Announcement of Jesus' birth to Joseph,Line art without P180
File:Gospel of Matthew Chapter 1-2 (Bible Illustrations by Sweet Media).jpg,40_Mt_01_02_RG.jpg,True,831,610,190369,190369,True,Matthew 01:18-25a<br>Announcement of Jesus' birth to Joseph,
File:Gospel of Matthew Chapter 1-3 (Bible Illustrations by Sweet Media).jpg,40_Mt_01_03_RG.jpg,True,831,610,148166,148166,True,Matthew 01:18-25a<br>Announcement of Jesus' birth to Joseph,Doubt of Saint Joseph; Line art without P180
File:Gospel of Matthew Chapter 1-4 (Bible Illustrations by Sweet Media).jpg,40_Mt_01_04_RG.jpg,True,831,610,160899,160899,True,Matthew 01:18-25a<br>Announcement of Jesus' birth to Joseph,Dream of Saint Joseph; Angels; Angels in New Testament
File:Gospel of Matthew Chapter 1-5 (Bible Illustrations by Sweet Media).jpg,40_Mt_01_05_RG.jpg,True,831,610,160090,160090,True,Matthew 01:18-25a<br>Announcement of Jesus' birth to Joseph,Mary and Joseph; Husbands and wives in art
File:Gospel of Matthew Chapter 10-7 (Bible Illustrations by Sweet Media).jpg,40_Mt_10_07_RG.jpg,True,831,610,143218,143218,True,Matthew 10:05-15<br>Jesus sends the 12 to preach/heal,
File:Gospel of Matthew Chapter 10-10 (Bible Illustrations by Sweet Media).jpg,40_Mt_10_10_RG.jpg,True,831,610,152764,152764,True,"Matthew 10:16-36,39-42, 11:1<br>Jesus prepares disciples for persecution",
File:Gospel of Matthew Chapter 10-11 (Bible Illustrations by Sweet Media).jpg,40_Mt_10_11_RG.jpg,True,831,610,160445,160445,True,"Matthew 10:16-36,39-42, 11:1<br>Jesus prepares disciples for persecution",Line art without P180
File:Gospel of Matthew Chapter 10-14 (Bible Illustrations by Sweet Media).jpg,40_Mt_10_14_RG.jpg,True,831,610,154382,154382,True,"Matthew 10:16-36,39-42, 11:1<br>Jesus prepares disciples for persecution",Line art without P180
File:Gospel of Matthew Chapter 13-14 (Bible Illustrations by Sweet Media).jpg,40_Mt_13_14_RG.jpg,True,831,610,148534,148534,True,Matthew 13:33<br>Parable of the leaven,The Leaven
File:Gospel of Mark Chapter 1-1 (Bible Illustrations by Sweet Media).jpg,41_Mk_01_01_RG.jpg,True,831,610,166609,166609,True,Matthew 03:01-12<br>The Preaching of John,Saint John the Baptist in art; John the Baptist wearing fur; Honeycombs in art
File:Gospel of Mark Chapter 1-2 (Bible Illustrations by Sweet Media).jpg,41_Mk_01_02_RG.jpg,True,831,610,152182,152182,True,<!-- Also Gospel of Matthew Chapter 3-2 (Bible...).jpg-->Matthew 03:01-12<br>Luke 03:03b-6<br>The Preaching of John,Saint John the Baptist in art
File:Gospel of Mark Chapter 1-11 (Bible Illustrations by Sweet Media).jpg,41_Mk_01_11_RG.jpg,True,831,610,166292,166292,True,Mark 01:21-28<br>Demoniac healed in Synagogue,Line art without P180
File:Gospel of Mark Chapter 1-13 (Bible Illustrations by Sweet Media).jpg,41_Mk_01_13_RG.jpg,True,831,610,152865,152865,True,Mark 01:21-28<br>Demoniac healed in Synagogue,Line art without P180
File:Gospel of Mark Chapter 1-19 (Bible Illustrations by Sweet Media).jpg,41_Mk_01_19_RG.jpg,True,831,610,186777,186777,True,Matthew 04:12<br>John placed in prison,Saint John the Baptist in art; Herod Antipas; Herodias; Street preachers
File:Gospel of Mark Chapter 2-2 (Bible Illustrations by Sweet Media).jpg,41_Mk_02_02_RG.jpg,True,831,610,139269,139269,True,Mark 02:01-12<br>Jesus heals a paralytic,Paralytic lowered through the roof
File:Gospel of Mark Chapter 2-19 (Bible Illustrations by Sweet Media).jpg,41_Mk_02_19_RG.jpg,True,831,610,163437,163437,True,<!-- Also Gospel of Matthew Chapter 12-1 (Bible...).jpg-->Matthew 12:01-8<br>Luke 06:01<br>Conflict over eating grain on the Sabbath,Disciples of Jesus; Apostles in art; Line art without P180
File:Gospel of Mark Chapter 4-1 (Bible Illustrations by Sweet Media).jpg,41_Mk_04_01_RG.jpg,True,831,610,117634,117634,True,<!-- Also Gospel of Matthew Chapter 13-1 (Bible...).jpg-->Matthew 13:01-19<br>Luke 08:04-5<br>Parable of the Sower,Prints of the Parable of the Sower; Men with birds in art; People with headgear
File:Gospel of Mark Chapter 4-2 (Bible Illustrations by Sweet Media).jpg,41_Mk_04_02_RG.jpg,True,831,610,177349,177349,True,<!-- Also Gospel of Matthew Chapter 13-2 (Bible...).jpg-->Matthew 13:01-19<br>Luke 08:06<br>Parable of the Sower,Prints of the Parable of the Sower
File:Gospel of Mark Chapter 4-3 (Bible Illustrations by Sweet Media).jpg,41_Mk_04_03_RG.jpg,True,831,610,183219,183219,True,<!-- Also Gospel of Matthew Chapter 13-3 (Bible...).jpg-->Matthew 13:01-19<br>Luke 08:07<br>Parable of the Sower,Prints of the Parable of the Sower
File:Gospel of Mark Chapter 4-4 (Bible Illustrations by Sweet Media).jpg,41_Mk_04_04_RG.jpg,True,831,610,200399,200399,True,<!-- Also Gospel of Matthew Chapter 13-4 (Bible...).jpg-->Matthew 13:01-19<br>Luke 08:08<br>Parable of the Sower,Prints of the Parable of the Sower
File:Gospel of Mark Chapter 4-8 (Bible Illustrations by Sweet Media).jpg,41_Mk_04_08_RG.jpg,True,831,610,156808,156808,True,<!-- Also Gospel of Matthew Chapter 13-9 (Bible...).jpg-->Matthew 13:18-23<br>Luke 08:13<br>Jesus' explanation of the sower parable,Paintings of the Good Samaritan
File:Gospel of Mark Chapter 4-11 (Bible Illustrations by Sweet Media).jpg,41_Mk_04_11_RG.jpg,True,831,610,142398,142398,True,Matthew 13:31-32<br>Parable of the mustard seed,Parable of the Mustard Seed
File:Gospel of Mark Chapter 4-12 (Bible Illustrations by Sweet Media).jpg,41_Mk_04_12_RG.jpg,True,831,610,147991,147991,True,,Parable of the Mustard Seed
File:Gospel of Mark Chapter 4-17 (Bible Illustrations by Sweet Media).jpg,41_Mk_04_17_RG.jpg,True,831,610,152977,152977,True,<!-- Also Gospel of Matthew Chapter 8-14 (Bible...).jpg-->Matthew 08:18-27<br>Luke 08:25b<br>Jesus calms the storm,Calming the storm
File:Gospel of Mark Chapter 5-9 (Bible Illustrations by Sweet Media).jpg,41_Mk_05_09_RG.jpg,True,831,610,175360,175360,True,<!-- Also Gospel of Matthew Chapter 8-19 (Bible...).jpg-->Matthew 08:28-34<br>Luke 08:33<br>Jesus' heals demoniac at Gesarenes,Evil spirits sent into swine; Demons in Christianity; Line art without P180
File:Gospel of Mark Chapter 6-3 (Bible Illustrations by Sweet Media).jpg,41_Mk_06_03_RG.jpg,True,831,610,208341,208341,True,Matthew 14:03-12<br>The death of John the Baptist,Feast of Herod
File:Gospel of Mark Chapter 6-4 (Bible Illustrations by Sweet Media).jpg,41_Mk_06_04_RG.jpg,True,831,610,174636,174636,True,Matthew 14:03-12<br>The death of John the Baptist,Feast of Herod
File:Gospel of Mark Chapter 6-6 (Bible Illustrations by Sweet Media).jpg,41_Mk_06_06_RG.jpg,True,831,610,191461,191461,True,Matthew 14:03-12<br>The death of John the Baptist,Feast of Herod
File:Gospel of Mark Chapter 6-7 (Bible Illustrations by Sweet Media).jpg,41_Mk_06_07_RG.jpg,True,831,610,160343,160343,True,Matthew 14:03-12<br>The death of John the Baptist,Herodias; Salome with the head of John the Baptist; Decapitations of people in art
File:Gospel of Mark Chapter 6-8 (Bible Illustrations by Sweet Media).jpg,41_Mk_06_08_RG.jpg,True,831,610,170601,170601,True,Matthew 14:03-12<br>The death of John the Baptist,Saint John the Baptist in art
File:Gospel of Mark Chapter 6-9 (Bible Illustrations by Sweet Media).jpg,41_Mk_06_09_RG.jpg,True,831,610,189778,189778,True,Matthew 14:01-2<br>Herod's anxiety over Jesus,
File:Gospel of Mark Chapter 6-10 (Bible Illustrations by Sweet Media).jpg,41_Mk_06_10_RG.jpg,True,831,610,145916,145916,True,Matthew 10:05-15<br>Jesus sends the 12 to preach/heal,Seventy Disciples; Line art without P180
File:Gospel of Mark Chapter 6-11 (Bible Illustrations by Sweet Media).jpg,41_Mk_06_11_RG.jpg,True,831,610,144613,144613,True,<!-- Also Gospel of Matthew Chapter 10-9 (Bible...).jpg-->Matthew 10:05-15<br>Luke 09:05<br>Jesus sends the 12 to preach/heal,Seventy Disciples
File:Gospel of Mark Chapter 10-13 (Bible Illustrations by Sweet Media).jpg,41_Mk_10_13_RG.jpg,True,831,610,131718,131718,True,Mark 10:35-45<br>Selfish request of James and John,
File:Gospel of Mark Chapter 10-15 (Bible Illustrations by Sweet Media).jpg,41_Mk_10_15_RG.jpg,True,831,610,154792,154792,True,Mark 10:35-45<br>Selfish request of James and John,Line art without P180
File:Gospel of Mark Chapter 10-18 (Bible Illustrations by Sweet Media).jpg,41_Mk_10_18_RG.jpg,True,831,610,142882,142882,True,Mark 10:35-45<br>Selfish request of James and John,
File:Gospel of Mark Chapter 11-6 (Bible Illustrations by Sweet Media).jpg,41_Mk_11_06_RG.jpg,True,807,610,152128,152128,True,Matthew 21:12-17<br>2nd cleansing of the Temple,Cleansing of the Temple
File:Gospel of Mark Chapter 12-12 (Bible Illustrations by Sweet Media).jpg,41_Mk_12_12_RG.jpg,True,812,610,147608,147608,True,Mark 12:01-12<br>Parable of the vineyard,The Tenants in the Vineyard
File:Gospel of Mark Chapter 12-13 (Bible Illustrations by Sweet Media).jpg,41_Mk_12_13_RG.jpg,True,798,610,137043,137043,True,Mark 12:01-12<br>Parable of the vineyard,The Tenants in the Vineyard
File:Gospel of Mark Chapter 12-14 (Bible Illustrations by Sweet Media).jpg,41_Mk_12_14_RG.jpg,True,831,610,159786,159786,True,Mark 12:01-12<br>Parable of the vineyard,The Tenants in the Vineyard
File:Gospel of Mark Chapter 15-22 (Bible Illustrations by Sweet Media).jpg,41_Mk_15_22_RG.jpg,True,814,610,151478,151478,True,Matthew 27:62-66<br>Tomb is secured by the Roman guard,Line art without P180
File:Gospel of Mark Chapter 15-23 (Bible Illustrations by Sweet Media).jpg,41_Mk_15_23_RG.jpg,True,799,610,138819,138819,True,Matthew 27:62-66<br>Tomb is secured by the Roman guard,
File:Gospel of Mark Chapter 16-4 (Bible Illustrations by Sweet Media).jpg,41_Mk_16_04_RG.jpg,True,831,610,131328,131328,True,Matthew 28:05-8<br> Women find the tomb empty,Line art without P180
File:Gospel of Mark Chapter 16-5 (Bible Illustrations by Sweet Media).jpg,41_Mk_16_05_RG.jpg,True,831,610,150797,150797,True,<!-- Also Gospel of Matthew Chapter 28-5 (Bible...).jpg-->Matthew 28:05-8<br>Luke 24:04-8<br>Women find the tomb empty,Resurrection of Christ; Mary Magdalene
File:Gospel of Luke Chapter 8-9 (Bible Illustrations by Sweet Media).jpg,42_Lk_08_09_RG.jpg,True,831,610,151312,151312,True,<!-- Also Gospel of Matthew Chapter 13-10 (Bible...).jpg-->Matthew 13:18-23<br>Luke 08:14<br>Jesus' explanation of the sower parable,
File:Gospel of Luke Chapter 9-15 (Bible Illustrations by Sweet Media).jpg,42_Lk_09_15_RG.jpg,True,831,610,146084,146084,True,<!-- Also Gospel of Matthew Chapter 16-1 (Bible...).jpg-->Matthew 16:13-20<br>Luke 09:18-19<br>Jesus proclaimed Messiah at Caesarea Ph.,
File:Gospel of Luke Chapter 9-16 (Bible Illustrations by Sweet Media).jpg,42_Lk_09_16_RG.jpg,True,831,610,143817,143817,True,<!-- Also Gospel of Matthew Chapter 16-2 (Bible...).jpg-->Matthew 16:13-20<br>Luke 09:20a<br>Jesus proclaimed Messiah at Caesarea Ph.,Line art without P180
File:Gospel of Luke Chapter 9-17 (Bible Illustrations by Sweet Media).jpg,42_Lk_09_17_RG.jpg,True,831,610,147122,147122,True,<!-- Also Gospel of Matthew Chapter 16-3 (Bible...).jpg-->Matthew 16:13-20<br>Luke 09:20b<br>Jesus proclaimed Messiah at Caesarea Ph.,
File:Gospel of Luke Chapter 9-20 (Bible Illustrations by Sweet Media).jpg,42_Lk_09_20_RG.jpg,True,831,610,138386,138386,True,Matthew 16:13-20<br>Jesus proclaimed Messiah at Caesarea Ph.,
File:Psalms Chapter 119-1 (Bible Illustrations by Sweet Media).jpg,19_Ps_119_01_RG.jpg,True,832,603,173661,173661,True,,Psalm 119
File:Psalms Chapter 119-2 (Bible Illustrations by Sweet Media).jpg,19_Ps_119_02_RG.jpg,True,832,607,163221,163221,True,,Psalm 119
File:Gospel of Matthew Chapter 2-1 (Bible Illustrations by Sweet Media).jpg,40_Mt_02_01_RG.jpg,True,831,610,175756,175756,True,Matthew 02:01-12<br>Wisemen from the East,Journey of the Three Wise Men
File:Gospel of Matthew Chapter 2-2 (Bible Illustrations by Sweet Media).jpg,40_Mt_02_02_RG.jpg,True,831,610,174744,174744,True,Matthew 02:01-12<br>Wisemen from the East,Journey of the Three Wise Men
File:Gospel of Matthew Chapter 2-3 (Bible Illustrations by Sweet Media).jpg,40_Mt_02_03_RG.jpg,True,831,610,177118,177118,True,Matthew 02:01-12<br>Wisemen from the East,Journey of the Three Wise Men; Line art without P180
File:Gospel of Matthew Chapter 2-4 (Bible Illustrations by Sweet Media).jpg,40_Mt_02_04_RG.jpg,True,831,610,177952,177952,True,Matthew 02:01-12<br>Wisemen from the East,Magi before Herod the Great
File:Gospel of Matthew Chapter 2-5 (Bible Illustrations by Sweet Media).jpg,40_Mt_02_05_RG.jpg,True,831,610,187881,187881,True,Matthew 02:01-12<br>Wisemen from the East,Prophecy; Scrolls in art; Magi before Herod the Great; Line art without P180
File:Gospel of Matthew Chapter 2-6 (Bible Illustrations by Sweet Media).jpg,40_Mt_02_06_RG.jpg,True,2000,1446,1501862,168710,False,Matthew 02:01-12<br>Wisemen from the East,Magi before Herod the Great
File:Gospel of Matthew Chapter 2-7 (Bible Illustrations by Sweet Media).jpg,40_Mt_02_07_RG.jpg,True,831,610,164399,164399,True,Matthew 02:01-12<br>Wisemen from the East,Drawings of the Adoration of the Magi; Line art without P180
File:Gospel of Matthew Chapter 2-8 (Bible Illustrations by Sweet Media).jpg,40_Mt_02_08_RG.jpg,True,831,610,162698,162698,True,Matthew 02:01-12<br>Wisemen from the East,Journey of the Three Wise Men
File:Gospel of Matthew Chapter 2-9 (Bible Illustrations by Sweet Media).jpg,40_Mt_02_09_RG.jpg,True,831,610,145249,0,,Matthew 02:13-18<br>Escape to Egypt/Herod's fury,Dream of Saint Joseph; Angels in New Testament; Dreams in New Testament; Dreams; Line art without P180
File:Gospel of Matthew Chapter 2-10 (Bible Illustrations by Sweet Media).jpg,40_Mt_02_10_RG.jpg,True,831,610,178249,178249,True,Matthew 02:13-18<br>Escape to Egypt/Herod's fury,Drawings of the Massacre of the Innocents
File:Gospel of Matthew Chapter 2-11 (Bible Illustrations by Sweet Media).jpg,40_Mt_02_11_RG.jpg,True,831,610,150627,150627,True,Matthew 02:19-23<br>Return to Nazareth,Dream of Saint Joseph
File:Gospel of Matthew Chapter 2-12 (Bible Illustrations by Sweet Media).jpg,40_Mt_02_12_RG.jpg,True,831,610,178833,178833,True,Matthew 02:19-23<br>Return to Nazareth,Drawings of the Flight into Egypt; Refugees in art
File:Gospel of Matthew Chapter 3-4 (Bible Illustrations by Sweet Media).jpg,40_Mt_03_04_RG.jpg,True,831,610,176373,176373,True,<!-- Also Gospel of Matthew Chapter 3-4 (Bible...).jpg-->Matthew 03:01-12<br>Luke 03:07-9<br>The Preaching of John,Saint John the Baptist in art
File:Gospel of Matthew Chapter 5-4 (Bible Illustrations by Sweet Media).jpg,40_Mt_05_04_RG.jpg,True,818,610,153072,153072,True,Matthew 05:01-7:29<br>Sermon on the Mount / Plain,
File:Gospel of Matthew Chapter 5-7 (Bible Illustrations by Sweet Media).jpg,40_Mt_05_07_RG.jpg,True,831,610,151898,151898,True,Matthew 05:01-7:29<br>Sermon on the Mount / Plain,Line art without P180
File:Gospel of Matthew Chapter 5-8 (Bible Illustrations by Sweet Media).jpg,40_Mt_05_08_RG.jpg,True,831,610,137955,137955,True,Matthew 05:01-7:29<br>Sermon on the Mount / Plain,
File:Gospel of Matthew Chapter 6-1 (Bible Illustrations by Sweet Media).jpg,40_Mt_06_01_RG.jpg,True,831,610,154288,154288,True,Matthew 05:01-7:29<br>Sermon on the Mount / Plain,
File:Gospel of Matthew Chapter 7-2 (Bible Illustrations by Sweet Media).jpg,40_Mt_07_02_RG.jpg,True,831,610,162480,162480,True,Matthew 05:01-7:29<br>Sermon on the Mount / Plain,
File:Gospel of Matthew Chapter 8-5 (Bible Illustrations by Sweet Media).jpg,40_Mt_08_05_RG.jpg,True,831,610,168488,168488,True,Matthew 08:05-13<br>Healing of the centurion’s Servant,
File:Gospel of Matthew Chapter 8-6 (Bible Illustrations by Sweet Media).jpg,40_Mt_08_06_RG.jpg,True,831,610,153815,153815,True,Matthew 08:05-13<br>Healing of the centurion’s Servant,
File:Gospel of Matthew Chapter 8-16 (Bible Illustrations by Sweet Media).jpg,40_Mt_08_16_RG.jpg,True,831,610,164749,164749,True,Matthew 08:28<br>Jesus' heals demoniac at Gesarenes,Evil spirits sent into swine; Exorcism in christian art; Demons in Christianity
File:Gospel of Matthew Chapter 13-15 (Bible Illustrations by Sweet Media).jpg,40_Mt_13_15_RG.jpg,True,831,610,150415,150415,True,Matthew 13:24-30<br>Parable of the wheat/tares,Parable of the Tares
File:Gospel of Matthew Chapter 13-16 (Bible Illustrations by Sweet Media).jpg,40_Mt_13_16_RG.jpg,True,831,610,139461,139461,True,Matthew 13:24-30<br>Parable of the wheat/tares,Parable of the Tares
File:Gospel of Matthew Chapter 13-17 (Bible Illustrations by Sweet Media).jpg,40_Mt_13_17_RG.jpg,True,831,610,145579,145579,True,Matthew 13:24-30<br>Parable of the wheat/tares,Parable of the Tares; Line art without P180
File:Gospel of Matthew Chapter 13-18 (Bible Illustrations by Sweet Media).jpg,40_Mt_13_18_RG.jpg,True,807,610,129431,129431,True,Matthew 13:44-46<br>Parable of Treasure in the field/Pearl,Line art without P180
File:Gospel of Matthew Chapter 13-19 (Bible Illustrations by Sweet Media).jpg,40_Mt_13_19_RG.jpg,True,831,610,148736,148736,True,Matthew 13:44-46<br>Parable of Treasure in the field/Pearl,
File:Gospel of Matthew Chapter 14-1 (Bible Illustrations by Sweet Media).jpg,40_Mt_14_01_RG.jpg,True,831,610,190198,190198,True,Matthew 14:03-12<br>The death of John the Baptist,Line art without P180
File:Gospel of Matthew Chapter 14-2 (Bible Illustrations by Sweet Media).jpg,40_Mt_14_02_RG.jpg,True,831,610,163002,163002,True,Matthew 14:03-12<br>The death of John the Baptist,Saint John the Baptist in art; Decapitations of people in art
File:Gospel of Matthew Chapter 14-3 (Bible Illustrations by Sweet Media).jpg,40_Mt_14_03_RG.jpg,True,831,610,177936,177936,True,Matthew 14:03-12<br>The death of John the Baptist,Herodias
File:Gospel of Matthew Chapter 14-6 (Bible Illustrations by Sweet Media).jpg,40_Mt_14_06_RG.jpg,True,831,610,191793,191793,True,Matthew 14:03-12<br>The death of John the Baptist,Feast of Herod
File:Gospel of Matthew Chapter 14-28 (Bible Illustrations by Sweet Media).jpg,40_Mt_14_28_RG.jpg,True,831,610,172980,172980,True,Matthew 14:24-33<br>Jesus walks on water,
File:Gospel of Matthew Chapter 17-14 (Bible Illustrations by Sweet Media).jpg,40_Mt_17_14_RG.jpg,True,831,610,152502,152502,True,Matthew 17:14-21<br>Luke 09:39-40<br>Demoniac boy healed,
File:Gospel of Matthew Chapter 18-2 (Bible Illustrations by Sweet Media).jpg,40_Mt_18_02_RG.jpg,True,831,610,162124,162124,True,Matthew 18:21-35<br>Parable on forgiveness,
File:Gospel of Matthew Chapter 18-3 (Bible Illustrations by Sweet Media).jpg,40_Mt_18_03_RG.jpg,True,831,610,154122,154122,True,Matthew 18:21-35<br>Parable on forgiveness,
File:Gospel of Matthew Chapter 18-4 (Bible Illustrations by Sweet Media).jpg,40_Mt_18_04_RG.jpg,True,831,610,153609,153609,True,Matthew 18:21-35<br>Parable on forgiveness,
File:Gospel of Matthew Chapter 18-5 (Bible Illustrations by Sweet Media).jpg,40_Mt_18_05_RG.jpg,True,831,610,146268,146268,True,Matthew 18:21-35<br>Parable on forgiveness,
File:Gospel of Matthew Chapter 18-6 (Bible Illustrations by Sweet Media).jpg,40_Mt_18_06_RG.jpg,True,831,610,155840,0,,Matthew 18:21-35<br>Parable on forgiveness,
File:Gospel of Matthew Chapter 18-7 (Bible Illustrations by Sweet Media).jpg,40_Mt_18_07_RG.jpg,True,831,610,138727,138727,True,Matthew 18:21-35<br>Parable on forgiveness,
File:Gospel of Matthew Chapter 18-8 (Bible Illustrations by Sweet Media).jpg,40_Mt_18_08_RG.jpg,True,831,610,144965,144965,True,Matthew 18:21-35<br>Parable on forgiveness,
File:Gospel of Matthew Chapter 18-9 (Bible Illustrations by Sweet Media).jpg,40_Mt_18_09_RG.jpg,True,831,610,158992,158992,True,Matthew 18:21-35<br>Parable on forgiveness,Line art without P180
File:Gospel of Matthew Chapter 18-10 (Bible Illustrations by Sweet Media).jpg,40_Mt_18_10_RG.jpg,True,819,610,160212,160212,True,Matthew 18:21-35<br>Parable on forgiveness,
File:Gospel of Matthew Chapter 26-6 (Bible Illustrations by Sweet Media).jpg,40_Mt_26_06_RG.jpg,True,831,610,167314,167314,True,<!-- Also Gospel of Matthew Chapter 26-6 (Bible...).jpg-->Matthew 26:14-16<br>Luke 22:06b<br>Judas betrays Jesus,
File:Gospel of Matthew Chapter 26-30 (Bible Illustrations by Sweet Media).jpg,40_Mt_26_30_RG.jpg,True,831,610,162855,162855,True,"Matthew 26:57,59-68<br>Trial before Caiphas",
File:Gospel of Matthew Chapter 26-31 (Bible Illustrations by Sweet Media).jpg,40_Mt_26_31_RG.jpg,True,831,610,160465,160465,True,"Matthew 26:57,59-68<br>Trial before Caiphas",Jesus before Caiaphas
File:Gospel of Matthew Chapter 26-38 (Bible Illustrations by Sweet Media).jpg,40_Mt_26_38_RG.jpg,True,831,610,149478,149478,True,<!-- Also Gospel of Matthew Chapter 26-38 (Bible...).jpg-->Matthew 26:69-75<br>Luke 22:60-61<br>Peter's Denial of Jesus (4 a.m.),Peter's denial
File:Gospel of Matthew Chapter 26-39 (Bible Illustrations by Sweet Media).jpg,40_Mt_26_39_RG.jpg,True,831,610,133461,133461,True,<!-- Also Gospel of Matthew Chapter 26-39 (Bible...).jpg-->Matthew 26:69-75<br>Luke 22:62<br>Peter's Denial of Jesus (4 a.m.),Peter's denial; Line art without P180
File:Gospel of Matthew Chapter 27-21 (Bible Illustrations by Sweet Media).jpg,40_Mt_27_21_RG.jpg,True,814,610,153895,153895,True,Matthew 27:62-66<br>Tomb is secured by the Roman guard,
File:Gospel of Matthew Chapter 28-6 (Bible Illustrations by Sweet Media).jpg,40_Mt_28_06_RG.jpg,True,831,610,119876,119876,True,Matthew 28:09-10<br>Appearances to other women,
File:Psalms Chapter 23-1 (Bible Illustrations by Sweet Media).jpg,19_Ps_23_01_RG.jpg,True,832,610,190774,190774,True,,Psalm 23; Jesus Christ as the Good Shepherd
File:Psalms Chapter 23-2 (Bible Illustrations by Sweet Media).jpg,19_Ps_23_02_RG.jpg,True,823,610,180151,180151,True,,Psalm 23
File:Psalms Chapter 23-3 (Bible Illustrations by Sweet Media).jpg,19_Ps_23_03_RG.jpg,True,832,607,161680,161680,True,,Psalm 23
File:Psalms Chapter 25-1 (Bible Illustrations by Sweet Media).jpg,19_Ps_25_01_RG.jpg,True,830,610,151024,151024,True,,Psalm 25; Line art without P180
File:Psalms Chapter 31-1 (Bible Illustrations by Sweet Media).jpg,19_Ps_31_01_RG.jpg,True,832,607,165145,165145,True,,Psalm 31
File:Psalms Chapter 51-1 (Bible Illustrations by Sweet Media).jpg,19_Ps_51_01_RG.jpg,True,831,610,169257,169257,True,,Psalm 51; Line art without P180
File:Psalms Chapter 52-1 (Bible Illustrations by Sweet Media).jpg,19_Ps_52_01_RG.jpg,True,827,610,166866,166866,True,,Psalm 52
File:Second Book of Chronicles Chapter 1-1 (Bible Illustrations by Sweet Media).jpg,14_2Ch_01_01_RG.jpg,True,832,602,154325,154325,True,,Line art without P180
File:Second Book of Chronicles Chapter 2-1 (Bible Illustrations by Sweet Media).jpg,14_2Ch_02_01_RG.jpg,True,827,610,168949,168949,True,,
File:Second Book of Chronicles Chapter 3-2 (Bible Illustrations by Sweet Media).jpg,14_2Ch_03_02_RG.jpg,True,832,608,187139,187139,True,,Construction of Temple of Solomon
File:Second Book of Chronicles Chapter 6-2 (Bible Illustrations by Sweet Media).jpg,14_2Ch_06_02_RG.jpg,True,824,610,167289,167289,True,,Solomon in illustrations; Construction of Temple of Solomon
File:Second Book of Chronicles Chapter 10-1 (Bible Illustrations by Sweet Media).jpg,14_2Ch_10_01_RG.jpg,True,827,610,165888,165888,True,,Rehoboam
File:Second Book of Chronicles Chapter 10-2 (Bible Illustrations by Sweet Media).jpg,14_2Ch_10_02_RG.jpg,True,832,609,154076,154076,True,,Rehoboam
File:Second Book of Chronicles Chapter 10-3 (Bible Illustrations by Sweet Media).jpg,14_2Ch_10_03_RG.jpg,True,832,609,156991,156991,True,,Rehoboam; Line art without P180
File:Second Book of Chronicles Chapter 24-3 (Bible Illustrations by Sweet Media).jpg,14_2Ch_24_03_RG.jpg,True,794,610,173630,173630,True,,
File:Second Book of Chronicles Chapter 34-4 (Bible Illustrations by Sweet Media).jpg,14_2Ch_34_04_RG.jpg,True,831,610,164480,164480,True,,
File:Second Book of Chronicles Chapter 34-5 (Bible Illustrations by Sweet Media).jpg,14_2Ch_34_05_RG.jpg,True,831,610,151409,151409,True,,
File:Second Book of Chronicles Chapter 35-1 (Bible Illustrations by Sweet Media).jpg,14_2Ch_35_01_RG.jpg,True,831,610,160250,160250,True,,Line art without P180
File:Second Book of Kings Chapter 2-1 (Bible Illustrations by Sweet Media).jpg,12_2Ki_02_01_RG.jpg,True,831,610,162662,162662,True,,Elijah and Elisha; Line art without P180
File:Second Book of Kings Chapter 2-2 (Bible Illustrations by Sweet Media).jpg,12_2Ki_02_02_RG.jpg,True,831,610,154331,154331,True,,Elijah and Elisha
File:Second Book of Kings Chapter 2-3 (Bible Illustrations by Sweet Media).jpg,12_2Ki_02_03_RG.jpg,True,831,610,129236,129236,True,,Elijah and Elisha
File:Second Book of Kings Chapter 2-4 (Bible Illustrations by Sweet Media).jpg,12_2Ki_02_04_RG.jpg,True,831,610,153174,153174,True,,Elijah and Elisha
File:Second Book of Kings Chapter 2-5 (Bible Illustrations by Sweet Media).jpg,12_2Ki_02_05_RG.jpg,True,831,610,180206,180206,True,,Elijah and Elisha; Line art without P180
File:Second Book of Kings Chapter 2-10 (Bible Illustrations by Sweet Media).jpg,12_2Ki_02_10_RG.jpg,True,831,610,121655,121655,True,,Elisha in illustrations
File:Second Book of Kings Chapter 2-11 (Bible Illustrations by Sweet Media).jpg,12_2Ki_02_11_RG.jpg,True,831,610,155145,155145,True,,Elisha in illustrations
File:Second Book of Kings Chapter 11-1 (Bible Illustrations by Sweet Media).jpg,12_2Ki_11_01_RG.jpg,True,831,610,152205,152205,True,,
File:Second Book of Kings Chapter 11-2 (Bible Illustrations by Sweet Media).jpg,12_2Ki_11_02_RG.jpg,True,831,610,176662,176662,True,,
File:Second Book of Kings Chapter 11-3 (Bible Illustrations by Sweet Media).jpg,12_2Ki_11_03_RG.jpg,True,831,610,167835,167835,True,,
File:Second Book of Kings Chapter 11-4 (Bible Illustrations by Sweet Media).jpg,12_2Ki_11_04_RG.jpg,True,831,610,160785,160785,True,,
File:Second Book of Kings Chapter 11-5 (Bible Illustrations by Sweet Media).jpg,12_2Ki_11_05_RG.jpg,True,831,610,155798,155798,True,,
File:Second Book of Kings Chapter 12-1 (Bible Illustrations by Sweet Media).jpg,12_2Ki_12_01_RG.jpg,True,831,610,161968,161968,True,,
File:Second Book of Kings Chapter 12-2 (Bible Illustrations by Sweet Media).jpg,12_2Ki_12_02_RG.jpg,True,831,610,126659,126659,True,,
File:Second Book of Kings Chapter 12-3 (Bible Illustrations by Sweet Media).jpg,12_2Ki_12_03_RG.jpg,True,831,610,162167,162167,True,,
File:Second Book of Kings Chapter 15-1 (Bible Illustrations by Sweet Media).jpg,12_2Ki_15_01_RG.jpg,True,831,610,168836,168836,True,,
File:Second Book of Kings Chapter 15-2 (Bible Illustrations by Sweet Media).jpg,12_2Ki_15_02_RG.jpg,True,831,610,176259,176259,True,,
File:Second Book of Kings Chapter 15-3 (Bible Illustrations by Sweet Media).jpg,12_2Ki_15_03_RG.jpg,True,831,610,174393,174393,True,,Line art without P180
File:Second Book of Kings Chapter 15-4 (Bible Illustrations by Sweet Media).jpg,12_2Ki_15_04_RG.jpg,True,831,610,155865,155865,True,,Line art without P180
File:Second Book of Kings Chapter 17-1 (Bible Illustrations by Sweet Media).jpg,12_2Ki_17_01_RG.jpg,True,831,610,148861,148861,True,,
File:Second Book of Kings Chapter 17-2 (Bible Illustrations by Sweet Media).jpg,12_2Ki_17_02_RG.jpg,True,831,610,172077,172077,True,,
File:Second Book of Kings Chapter 17-3 (Bible Illustrations by Sweet Media).jpg,12_2Ki_17_03_RG.jpg,True,831,610,162748,162748,True,,
File:Second Book of Kings Chapter 17-4 (Bible Illustrations by Sweet Media).jpg,12_2Ki_17_04_RG.jpg,True,831,610,175010,175010,True,,
File:Second Book of Kings Chapter 17-5 (Bible Illustrations by Sweet Media).jpg,12_2Ki_17_05_RG.jpg,True,831,610,134150,134150,True,,
File:Second Book of Kings Chapter 18-1 (Bible Illustrations by Sweet Media).jpg,12_2Ki_18_01_RG.jpg,True,831,610,172104,172104,True,,
File:Second Book of Kings Chapter 18-2 (Bible Illustrations by Sweet Media).jpg,12_2Ki_18_02_RG.jpg,True,831,610,155940,155940,True,,
File:Second Book of Kings Chapter 18-3 (Bible Illustrations by Sweet Media).jpg,12_2Ki_18_03_RG.jpg,True,831,610,172992,172992,True,,
File:Second Book of Kings Chapter 18-4 (Bible Illustrations by Sweet Media).jpg,12_2Ki_18_04_RG.jpg,True,831,610,175380,175380,True,,
File:Second Book of Kings Chapter 18-5 (Bible Illustrations by Sweet Media).jpg,12_2Ki_18_05_RG.jpg,True,792,610,137356,137356,True,,Line art without P180
File:Second Book of Kings Chapter 18-6 (Bible Illustrations by Sweet Media).jpg,12_2Ki_18_06_RG.jpg,True,831,610,163346,163346,True,,
File:Second Book of Kings Chapter 19-2 (Bible Illustrations by Sweet Media).jpg,12_2Ki_19_02_RG.jpg,True,831,610,171085,171085,True,,
File:Second Book of Kings Chapter 19-4 (Bible Illustrations by Sweet Media).jpg,12_2Ki_19_04_RG.jpg,True,831,610,167789,167789,True,,
File:Second Book of Kings Chapter 2-6 (Bible Illustrations by Sweet Media).jpg,12_2Ki_02_06_RG.jpg,True,831,610,154650,154650,True,,Elijah and Elisha
File:Second Book of Kings Chapter 2-7 (Bible Illustrations by Sweet Media).jpg,12_2Ki_02_07_RG.jpg,True,831,610,159831,159831,True,,Elijah and Elisha; Line art without P180
File:Second Book of Kings Chapter 2-8 (Bible Illustrations by Sweet Media).jpg,12_2Ki_02_08_RG.jpg,True,831,610,185424,185424,True,,Elijah and Elisha; Elijah's ascension
File:Second Book of Kings Chapter 2-9 (Bible Illustrations by Sweet Media).jpg,12_2Ki_02_09_RG.jpg,True,831,610,150493,150493,True,,Elisha in illustrations
File:Second Book of Kings Chapter 4-1 (Bible Illustrations by Sweet Media).jpg,12_2Ki_04_01_RG.jpg,True,831,610,178256,178256,True,,Elisha in illustrations; The woman of Shunem
File:Second Book of Kings Chapter 4-2 (Bible Illustrations by Sweet Media).jpg,12_2Ki_04_02_RG.jpg,True,366,610,71010,71010,True,,Elisha in illustrations
File:Second Book of Kings Chapter 4-3 (Bible Illustrations by Sweet Media).jpg,12_2Ki_04_03_RG.jpg,True,501,610,101321,101321,True,,Elisha and the widow's oil
File:Second Book of Kings Chapter 4-4 (Bible Illustrations by Sweet Media).jpg,12_2Ki_04_04_RG.jpg,True,464,610,74143,74143,True,,Elisha in illustrations
File:Second Book of Kings Chapter 4-5 (Bible Illustrations by Sweet Media).jpg,12_2Ki_04_05_RG.jpg,True,831,610,144012,144012,True,,Elisha in illustrations; The woman of Shunem
File:Second Book of Kings Chapter 4-6 (Bible Illustrations by Sweet Media).jpg,12_2Ki_04_06_RG.jpg,True,831,610,142427,142427,True,,Elisha in illustrations
File:Second Book of Kings Chapter 4-7 (Bible Illustrations by Sweet Media).jpg,12_2Ki_04_07_RG.jpg,True,831,610,153184,153184,True,,The woman of Shunem; Line art without P180
File:Second Book of Kings Chapter 4-8 (Bible Illustrations by Sweet Media).jpg,12_2Ki_04_08_RG.jpg,True,831,610,171742,171742,True,,The woman of Shunem
File:Second Book of Kings Chapter 4-9 (Bible Illustrations by Sweet Media).jpg,12_2Ki_04_09_RG.jpg,True,831,610,147716,147716,True,,The woman of Shunem
File:Second Book of Kings Chapter 4-10 (Bible Illustrations by Sweet Media).jpg,12_2Ki_04_10_RG.jpg,True,831,610,164985,164985,True,,The woman of Shunem
File:Second Book of Kings Chapter 4-11 (Bible Illustrations by Sweet Media).jpg,12_2Ki_04_11_RG.jpg,True,831,610,160296,160296,True,,Elisha in illustrations; The woman of Shunem
File:Second Book of Kings Chapter 4-12 (Bible Illustrations by Sweet Media).jpg,12_2Ki_04_12_RG.jpg,True,831,610,132954,132954,True,,Elisha in illustrations; The woman of Shunem
File:Second Book of Kings Chapter 4-13 (Bible Illustrations by Sweet Media).jpg,12_2Ki_04_13_RG.jpg,True,831,610,142457,142457,True,,Elisha in illustrations; The woman of Shunem
File:Second Book of Kings Chapter 4-14 (Bible Illustrations by Sweet Media).jpg,12_2Ki_04_14_RG.jpg,True,831,610,151330,151330,True,,Elisha in illustrations; The woman of Shunem
File:Second Book of Kings Chapter 5-1 (Bible Illustrations by Sweet Media).jpg,12_2Ki_05_01_RG.jpg,True,821,610,123327,123327,True,,Naaman; Line art without P180
File:Second Book of Kings Chapter 5-2 (Bible Illustrations by Sweet Media).jpg,12_2Ki_05_02_RG.jpg,True,831,610,163537,163537,True,,Naaman
File:Second Book of Kings Chapter 5-3 (Bible Illustrations by Sweet Media).jpg,12_2Ki_05_03_RG.jpg,True,831,610,142679,142679,True,,Naaman
File:Second Book of Kings Chapter 5-4 (Bible Illustrations by Sweet Media).jpg,12_2Ki_05_04_RG.jpg,True,831,610,160953,160953,True,,Naaman
File:Second Book of Kings Chapter 5-5 (Bible Illustrations by Sweet Media).jpg,12_2Ki_05_05_RG.jpg,True,831,610,162608,162608,True,,Joram
File:Second Book of Kings Chapter 5-6 (Bible Illustrations by Sweet Media).jpg,12_2Ki_05_06_RG.jpg,True,831,610,165465,165465,True,,Joram; Line art without P180
File:Second Book of Kings Chapter 5-7 (Bible Illustrations by Sweet Media).jpg,12_2Ki_05_07_RG.jpg,True,831,610,169430,169430,True,,Naaman; Gehazi
File:Second Book of Kings Chapter 5-8 (Bible Illustrations by Sweet Media).jpg,12_2Ki_05_08_RG.jpg,True,831,610,165924,165924,True,,Naaman
File:Second Book of Kings Chapter 5-9 (Bible Illustrations by Sweet Media).jpg,12_2Ki_05_09_RG.jpg,True,831,610,160282,160282,True,,Naaman; Line art without P180
File:Second Book of Kings Chapter 5-10 (Bible Illustrations by Sweet Media).jpg,12_2Ki_05_10_RG.jpg,True,831,610,154063,154063,True,,Naaman
File:Second Book of Kings Chapter 5-11 (Bible Illustrations by Sweet Media).jpg,12_2Ki_05_11_RG.jpg,True,831,610,160714,160714,True,,Naaman; Elisha in illustrations; Gehazi
File:Second Book of Kings Chapter 5-12 (Bible Illustrations by Sweet Media).jpg,12_2Ki_05_12_RG.jpg,True,831,610,159551,159551,True,,Elisha in illustrations; Gehazi
File:Second Book of Kings Chapter 22-1 (Bible Illustrations by Sweet Media).jpg,12_2Ki_22_01_RG.jpg,True,831,610,163723,163723,True,,
File:Second Book of Kings Chapter 22-2 (Bible Illustrations by Sweet Media).jpg,12_2Ki_22_02_RG.jpg,True,831,610,174758,174758,True,,
File:Second Book of Kings Chapter 22-3 (Bible Illustrations by Sweet Media).jpg,12_2Ki_22_03_RG.jpg,True,831,610,145192,145192,True,,
File:Second Book of Kings Chapter 22-4 (Bible Illustrations by Sweet Media).jpg,12_2Ki_22_04_RG.jpg,True,831,610,151851,151851,True,,Line art without P180
File:Second Book of Kings Chapter 23-2 (Bible Illustrations by Sweet Media).jpg,12_2Ki_23_02_RG.jpg,True,831,610,160911,160911,True,,
File:Second Book of Kings Chapter 23-3 (Bible Illustrations by Sweet Media).jpg,12_2Ki_23_03_RG.jpg,True,831,610,180256,180256,True,,
File:Second Book of Kings Chapter 23-4 (Bible Illustrations by Sweet Media).jpg,12_2Ki_23_04_RG.jpg,True,831,610,164950,164950,True,,
File:Second Book of Kings Chapter 23-5 (Bible Illustrations by Sweet Media).jpg,12_2Ki_23_05_RG.jpg,True,831,610,146824,146824,True,,
File:Second Book of Kings Chapter 23-7 (Bible Illustrations by Sweet Media).jpg,12_2Ki_23_07_RG.jpg,True,831,610,145679,145679,True,,
File:Second Book of Kings Chapter 24-1 (Bible Illustrations by Sweet Media).jpg,12_2Ki_24_01_RG.jpg,True,831,610,151955,151955,True,,Line art without P180
File:Second Book of Kings Chapter 24-2 (Bible Illustrations by Sweet Media).jpg,12_2Ki_24_02_RG.jpg,True,831,610,170320,170320,True,,
File:Second Book of Kings Chapter 24-3 (Bible Illustrations by Sweet Media).jpg,12_2Ki_24_03_RG.jpg,True,831,610,133495,133495,True,,
File:Second Book of Kings Chapter 24-4 (Bible Illustrations by Sweet Media).jpg,12_2Ki_24_04_RG.jpg,True,831,610,171507,171507,True,,
File:Second Book of Kings Chapter 24-5 (Bible Illustrations by Sweet Media).jpg,12_2Ki_24_05_RG.jpg,True,831,610,173742,173742,True,,
File:Second Book of Kings Chapter 25-1 (Bible Illustrations by Sweet Media).jpg,12_2Ki_25_01_RG.jpg,True,831,610,146067,146067,True,,Line art without P180
File:Second Book of Kings Chapter 25-2 (Bible Illustrations by Sweet Media).jpg,12_2Ki_25_02_RG.jpg,True,831,610,165894,165894,True,,Line art without P180
File:Second Book of Kings Chapter 25-4 (Bible Illustrations by Sweet Media).jpg,12_2Ki_25_04_RG.jpg,True,831,610,195246,195246,True,,
File:Second Book of Kings Chapter 25-5 (Bible Illustrations by Sweet Media).jpg,12_2Ki_25_05_RG.jpg,True,831,610,194620,194620,True,,
File:Second Book of Kings Chapter 25-6 (Bible Illustrations by Sweet Media).jpg,12_2Ki_25_06_RG.jpg,True,831,610,181614,181614,True,,
File:Second Book of Kings Chapter 25-7 (Bible Illustrations by Sweet Media).jpg,12_2Ki_25_07_RG.jpg,True,831,610,178509,178509,True,,
File:Second Book of Samuel Chapter 1-1 (Bible Illustrations by Sweet Media).jpg,10_2Sa_01_01_RG.jpg,True,811,610,113803,113803,True,,Line art without P180
File:Second Book of Samuel Chapter 5-1 (Bible Illustrations by Sweet Media).jpg,10_2Sa_05_01_RG.jpg,True,823,610,158366,158366,True,,Line art without P180
File:Second Book of Samuel Chapter 6-2 (Bible Illustrations by Sweet Media).jpg,10_2Sa_06_02_RG.jpg,True,824,610,140212,140212,True,,Second Book of Samuel - Chapter 6; Line art without P180
File:Second Book of Samuel Chapter 6-5 (Bible Illustrations by Sweet Media).jpg,10_2Sa_06_05_RG.jpg,True,828,610,146310,146310,True,,Second Book of Samuel - Chapter 6
File:Second Book of Samuel Chapter 6-7 (Bible Illustrations by Sweet Media).jpg,10_2Sa_06_07_RG.jpg,True,829,610,140419,140419,True,,Second Book of Samuel - Chapter 6
File:Second Book of Samuel Chapter 9-1 (Bible Illustrations by Sweet Media).jpg,10_2Sa_09_01_RG.jpg,True,795,610,163697,163697,True,,
File:Second Book of Samuel Chapter 9-2 (Bible Illustrations by Sweet Media).jpg,10_2Sa_09_02_RG.jpg,True,832,603,137176,137176,True,,
File:Second Book of Samuel Chapter 9-3 (Bible Illustrations by Sweet Media).jpg,10_2Sa_09_03_RG.jpg,True,818,610,162308,162308,True,,
File:Second Book of Samuel Chapter 9-4 (Bible Illustrations by Sweet Media).jpg,10_2Sa_09_04_RG.jpg,True,832,591,151940,151940,True,,
File:Second Book of Samuel Chapter 9-5 (Bible Illustrations by Sweet Media).jpg,10_2Sa_09_05_RG.jpg,True,832,600,177723,177723,True,,
File:Second Book of Samuel Chapter 10-1 (Bible Illustrations by Sweet Media).jpg,10_2Sa_10_01_RG.jpg,True,828,610,150928,150928,True,,
File:Second Book of Samuel Chapter 10-2 (Bible Illustrations by Sweet Media).jpg,10_2Sa_10_02_RG.jpg,True,832,597,162322,162322,True,,
File:Second Book of Samuel Chapter 10-4 (Bible Illustrations by Sweet Media).jpg,10_2Sa_10_04_RG.jpg,True,832,603,141161,141161,True,,Line art without P180
File:Second Book of Samuel Chapter 10-5 (Bible Illustrations by Sweet Media).jpg,10_2Sa_10_05_RG.jpg,True,832,599,125781,125781,True,,
File:Second Book of Samuel Chapter 10-6 (Bible Illustrations by Sweet Media).jpg,10_2Sa_10_06_RG.jpg,True,832,608,162568,162568,True,,
File:Second Book of Samuel Chapter 10-7 (Bible Illustrations by Sweet Media).jpg,10_2Sa_10_07_RG.jpg,True,822,610,183123,183123,True,,
File:Second Book of Samuel Chapter 11-1 (Bible Illustrations by Sweet Media).jpg,10_2Sa_11_01_RG.jpg,True,831,610,165056,165056,True,,Bathsheba at her bath
File:Second Book of Samuel Chapter 11-2 (Bible Illustrations by Sweet Media).jpg,10_2Sa_11_02_RG.jpg,True,828,610,148744,148744,True,,David and Bathsheba; Line art without P180
File:Second Book of Samuel Chapter 11-3 (Bible Illustrations by Sweet Media).jpg,10_2Sa_11_03_RG.jpg,True,827,610,170764,170764,True,,Line art without P180
File:Second Book of Samuel Chapter 11-4 (Bible Illustrations by Sweet Media).jpg,10_2Sa_11_04_RG.jpg,True,830,610,157037,157037,True,,David and Bathsheba; Line art without P180
File:Second Book of Samuel Chapter 12-1 (Bible Illustrations by Sweet Media).jpg,10_2Sa_12_01_RG.jpg,True,824,610,146674,146674,True,,
File:Second Book of Samuel Chapter 12-2 (Bible Illustrations by Sweet Media).jpg,10_2Sa_12_02_RG.jpg,True,824,610,153841,153841,True,,
File:Second Book of Samuel Chapter 12-3 (Bible Illustrations by Sweet Media).jpg,10_2Sa_12_03_RG.jpg,True,824,610,139296,139296,True,,Line art without P180
File:Second Book of Samuel Chapter 12-4 (Bible Illustrations by Sweet Media).jpg,10_2Sa_12_04_RG.jpg,True,832,599,138322,138322,True,,
File:Second Book of Samuel Chapter 12-5 (Bible Illustrations by Sweet Media).jpg,10_2Sa_12_05_RG.jpg,True,831,610,158070,158070,True,,
File:Second Book of Samuel Chapter 12-6 (Bible Illustrations by Sweet Media).jpg,10_2Sa_12_06_RG.jpg,True,827,610,159962,159962,True,,Death of Bathsheba's firstborn son; Line art without P180
File:Second Book of Samuel Chapter 12-7 (Bible Illustrations by Sweet Media).jpg,10_2Sa_12_07_RG.jpg,True,831,610,154890,154890,True,,Death of Bathsheba's firstborn son
File:Second Book of Samuel Chapter 12-8 (Bible Illustrations by Sweet Media).jpg,10_2Sa_12_08_RG.jpg,True,832,609,151188,151188,True,,David and Bathsheba; Line art without P180
File:Second Book of Samuel Chapter 13-1 (Bible Illustrations by Sweet Media).jpg,10_2Sa_13_01_RG.jpg,True,825,610,170418,170418,True,,
File:Second Book of Samuel Chapter 13-2 (Bible Illustrations by Sweet Media).jpg,10_2Sa_13_02_RG.jpg,True,832,608,159858,159858,True,,Line art without P180
File:Second Book of Samuel Chapter 14-1 (Bible Illustrations by Sweet Media).jpg,10_2Sa_14_01_RG.jpg,True,829,610,150222,150222,True,,Tamar (2 Samuel)
File:Second Book of Samuel Chapter 14-2 (Bible Illustrations by Sweet Media).jpg,10_2Sa_14_02_RG.jpg,True,832,606,152777,152777,True,,
File:Second Book of Samuel Chapter 14-3 (Bible Illustrations by Sweet Media).jpg,10_2Sa_14_03_RG.jpg,True,824,610,160065,160065,True,,
File:Second Book of Samuel Chapter 14-4 (Bible Illustrations by Sweet Media).jpg,10_2Sa_14_04_RG.jpg,True,832,603,170294,170294,True,,
File:Second Book of Samuel Chapter 15-1 (Bible Illustrations by Sweet Media).jpg,10_2Sa_15_01_RG.jpg,True,832,604,174863,174863,True,,
File:Second Book of Samuel Chapter 15-2 (Bible Illustrations by Sweet Media).jpg,10_2Sa_15_02_RG.jpg,True,832,600,158740,158740,True,,
File:Second Book of Samuel Chapter 15-3 (Bible Illustrations by Sweet Media).jpg,10_2Sa_15_03_RG.jpg,True,825,610,154349,154349,True,,
File:Second Book of Samuel Chapter 15-4 (Bible Illustrations by Sweet Media).jpg,10_2Sa_15_04_RG.jpg,True,832,602,136288,136288,True,,
File:Second Book of Samuel Chapter 15-5 (Bible Illustrations by Sweet Media).jpg,10_2Sa_15_05_RG.jpg,True,832,609,133316,133316,True,,
File:Second Book of Samuel Chapter 15-6 (Bible Illustrations by Sweet Media).jpg,10_2Sa_15_06_RG.jpg,True,832,604,156329,156329,True,,
File:Second Book of Samuel Chapter 15-7 (Bible Illustrations by Sweet Media).jpg,10_2Sa_15_07_RG.jpg,True,832,608,158186,158186,True,,
File:Second Book of Samuel Chapter 15-8 (Bible Illustrations by Sweet Media).jpg,10_2Sa_15_08_RG.jpg,True,832,606,169569,169569,True,,
File:Second Book of Samuel Chapter 15-9 (Bible Illustrations by Sweet Media).jpg,10_2Sa_15_09_RG.jpg,True,832,596,149522,149522,True,,
File:Second Book of Samuel Chapter 17-1 (Bible Illustrations by Sweet Media).jpg,10_2Sa_17_01_RG.jpg,True,832,606,167742,167742,True,,Line art without P180
File:Second Book of Samuel Chapter 18-1 (Bible Illustrations by Sweet Media).jpg,10_2Sa_18_01_RG.jpg,True,831,610,188858,188858,True,,Second Book of Samuel - Chapter 18; Line art without P180
File:Second Book of Samuel Chapter 18-2 (Bible Illustrations by Sweet Media).jpg,10_2Sa_18_02_RG.jpg,True,832,609,180453,180453,True,,
File:Second Book of Samuel Chapter 18-3 (Bible Illustrations by Sweet Media).jpg,10_2Sa_18_03_RG.jpg,True,832,610,180878,180878,True,,
File:Second Book of Samuel Chapter 18-4 (Bible Illustrations by Sweet Media).jpg,10_2Sa_18_04_RG.jpg,True,832,604,152663,152663,True,,
File:Second Book of Samuel Chapter 18-5 (Bible Illustrations by Sweet Media).jpg,10_2Sa_18_05_RG.jpg,True,832,609,156729,156729,True,,
File:Second Book of Samuel Chapter 18-6 (Bible Illustrations by Sweet Media).jpg,10_2Sa_18_06_RG.jpg,True,825,610,177372,177372,True,,
File:Second Epistle to Timothy Chapter 1-1 (Bible Illustrations by Sweet Media).jpg,55_2Ti_01_01_RG.jpg,True,831,610,149998,149998,True,,People writing
File:Second Epistle to Timothy Chapter 2-1 (Bible Illustrations by Sweet Media).jpg,55_2Ti_02_01_RG.jpg,True,831,610,155203,155203,True,,
File:Second Epistle to Timothy Chapter 2-2 (Bible Illustrations by Sweet Media).jpg,55_2Ti_02_02_RG.jpg,True,831,610,150940,150940,True,,
File:Second Epistle to Timothy Chapter 2-3 (Bible Illustrations by Sweet Media).jpg,55_2Ti_02_03_RG.jpg,True,831,610,151418,151418,True,,Line art without P180
File:Second Epistle to Timothy Chapter 4-1 (Bible Illustrations by Sweet Media).jpg,55_2Ti_04_01_RG.jpg,True,831,610,161273,161273,True,,
File:Second Epistle to Timothy Chapter 4-2 (Bible Illustrations by Sweet Media).jpg,55_2Ti_04_02_RG.jpg,True,831,610,141937,141937,True,,
File:Second Epistle to Timothy Chapter 4-3 (Bible Illustrations by Sweet Media).jpg,55_2Ti_04_03_RG.jpg,True,831,610,160597,160597,True,,
File:Second Epistle to Timothy Chapter 4-4 (Bible Illustrations by Sweet Media).jpg,55_2Ti_04_04_RG.jpg,True,831,610,151304,151304,True,,
