commons_title,rg_files_same_bytes,page,caption
File:Gospel of Luke Chapter 1-1 (Bible Illustrations by Sweet Media).jpg,42_Lk_01_01_RG.jpg,Gospel harmony (Sweet Publishing),Luke 01:05-7 / Announcement of the Baptist's birth
File:Gospel of Luke Chapter 1-1 (Bible Illustrations by Sweet Media).jpg,42_Lk_01_01_RG.jpg,Gospel of Luke,Luke 01:05-7 / Announcement of the Baptist's birth
File:Gospel of Luke Chapter 1-1 (Bible Illustrations by Sweet Media).jpg,42_Lk_01_01_RG.jpg,Nativity,Luke 01:05-7 / Announcement of the Baptist's birth
File:Gospel of Luke Chapter 1-2 (Bible Illustrations by Sweet Media).jpg,42_Lk_01_02_RG.jpg,Gospel harmony (Sweet Publishing),Luke 01:11-12 / Announcement of the Baptist's birth
File:Gospel of Luke Chapter 1-2 (Bible Illustrations by Sweet Media).jpg,42_Lk_01_02_RG.jpg,Gospel of Luke,Luke 01:11-12 / Announcement of the Baptist's birth
File:Gospel of Luke Chapter 1-2 (Bible Illustrations by Sweet Media).jpg,42_Lk_01_02_RG.jpg,Nativity,Luke 01:11-12 / Announcement of the Baptist's birth
File:Gospel of Luke Chapter 1-3 (Bible Illustrations by Sweet Media).jpg,42_Lk_01_03_RG.jpg,Gospel harmony (Sweet Publishing),Luke 01:13-17 / Announcement of the Baptist's birth
File:Gospel of Luke Chapter 1-3 (Bible Illustrations by Sweet Media).jpg,42_Lk_01_03_RG.jpg,Gospel of Luke,Luke 01:13-17 / Announcement of the Baptist's birth
File:Gospel of Luke Chapter 1-3 (Bible Illustrations by Sweet Media).jpg,42_Lk_01_03_RG.jpg,Nativity,Luke 01:13-17 / Announcement of the Baptist's birth
File:Gospel of Luke Chapter 1-5 (Bible Illustrations by Sweet Media).jpg,42_Lk_01_05_RG.jpg,Gospel harmony (Sweet Publishing),Luke 01:18 / Announcement of the Baptist's birth
File:Gospel of Luke Chapter 1-5 (Bible Illustrations by Sweet Media).jpg,42_Lk_01_05_RG.jpg,Gospel of Luke,Luke 01:18 / Announcement of the Baptist's birth
File:Gospel of Luke Chapter 1-5 (Bible Illustrations by Sweet Media).jpg,42_Lk_01_05_RG.jpg,Nativity,Luke 01:18 / Announcement of the Baptist's birth
File:Gospel of Luke Chapter 1-4 (Bible Illustrations by Sweet Media).jpg,42_Lk_01_04_RG.jpg,Gospel harmony (Sweet Publishing),Luke 01:19-20 / Announcement of the Baptist's birth
File:Gospel of Luke Chapter 1-4 (Bible Illustrations by Sweet Media).jpg,42_Lk_01_04_RG.jpg,Gospel of Luke,Luke 01:19-20 / Announcement of the Baptist's birth
File:Gospel of Luke Chapter 1-4 (Bible Illustrations by Sweet Media).jpg,42_Lk_01_04_RG.jpg,Nativity,Luke 01:19-20 / Announcement of the Baptist's birth
File:Gospel of Luke Chapter 1-6 (Bible Illustrations by Sweet Media).jpg,42_LK_01_06_RG.jpg,Gospel harmony (Sweet Publishing),Luke 01:21-23 / Announcement of the Baptist's birth
File:Gospel of Luke Chapter 1-6 (Bible Illustrations by Sweet Media).jpg,42_LK_01_06_RG.jpg,Gospel of Luke,Luke 01:21-23 / Announcement of the Baptist's birth
File:Gospel of Luke Chapter 1-6 (Bible Illustrations by Sweet Media).jpg,42_LK_01_06_RG.jpg,Nativity,Luke 01:21-23 / Announcement of the Baptist's birth
File:Gospel of Luke Chapter 1-11 (Bible Illustrations by Sweet Media).jpg,42_Lk_01_11_RG.jpg,Gospel harmony (Sweet Publishing),Luke 01:26-29 / Announcement of Jesus' birth to Mary
File:Gospel of Luke Chapter 1-11 (Bible Illustrations by Sweet Media).jpg,42_Lk_01_11_RG.jpg,Gospel of Luke,Luke 01:26-29 / Announcement of Jesus' birth to Mary
File:Gospel of Luke Chapter 1-12 (Bible Illustrations by Sweet Media).jpg,42_Lk_01_12_RG.jpg,Gospel harmony (Sweet Publishing),Luke 01:30-33 / Announcement of Jesus' birth to Mary
File:Gospel of Luke Chapter 1-12 (Bible Illustrations by Sweet Media).jpg,42_Lk_01_12_RG.jpg,Gospel of Luke,Luke 01:30-33 / Announcement of Jesus' birth to Mary
File:Gospel of Luke Chapter 1-13 (Bible Illustrations by Sweet Media).jpg,42_Lk_01_13_RG.jpg,Gospel harmony (Sweet Publishing),Luke 01:34-37 / Announcement of Jesus' birth to Mary
File:Gospel of Luke Chapter 1-13 (Bible Illustrations by Sweet Media).jpg,42_Lk_01_13_RG.jpg,Gospel of Luke,Luke 01:34-37 / Announcement of Jesus' birth to Mary
File:Gospel of Luke Chapter 1-14 (Bible Illustrations by Sweet Media).jpg,42_Lk_01_14_RG.jpg,Gospel harmony (Sweet Publishing),Luke 01:38 / Announcement of Jesus' birth to Mary
File:Gospel of Luke Chapter 1-14 (Bible Illustrations by Sweet Media).jpg,42_Lk_01_14_RG.jpg,Gospel of Luke,Luke 01:38 / Announcement of Jesus' birth to Mary
File:Gospel of Matthew Chapter 1-1 (Bible Illustrations by Sweet Media).jpg,40_Mt_01_01_RG.jpg,Gospel harmony (Sweet Publishing),Matthew 01:18-25a / Announcement of Jesus' birth to Joseph
File:Gospel of Matthew Chapter 1-1 (Bible Illustrations by Sweet Media).jpg,40_Mt_01_01_RG.jpg,Gospel of Matthew,Matthew 01:18a / Announcement of Jesus' birth to Joseph
File:Gospel of Matthew Chapter 1-1 (Bible Illustrations by Sweet Media).jpg,40_Mt_01_01_RG.jpg,Nativity,Matthew 01:18-25a / Announcement of Jesus' birth to Joseph
File:Gospel of Matthew Chapter 1-2 (Bible Illustrations by Sweet Media).jpg,40_Mt_01_02_RG.jpg,Gospel harmony (Sweet Publishing),Matthew 01:18-25a / Announcement of Jesus' birth to Joseph
File:Gospel of Matthew Chapter 1-2 (Bible Illustrations by Sweet Media).jpg,40_Mt_01_02_RG.jpg,Gospel of Matthew,Matthew 01:18b / Announcement of Jesus' birth to Joseph
File:Gospel of Matthew Chapter 1-2 (Bible Illustrations by Sweet Media).jpg,40_Mt_01_02_RG.jpg,Nativity,Matthew 01:18-25a / Announcement of Jesus' birth to Joseph
File:Gospel of Matthew Chapter 1-3 (Bible Illustrations by Sweet Media).jpg,40_Mt_01_03_RG.jpg,Gospel harmony (Sweet Publishing),Matthew 01:18-25a / Announcement of Jesus' birth to Joseph
File:Gospel of Matthew Chapter 1-3 (Bible Illustrations by Sweet Media).jpg,40_Mt_01_03_RG.jpg,Gospel of Matthew,Matthew 01:19 / Announcement of Jesus' birth to Joseph
File:Gospel of Matthew Chapter 1-3 (Bible Illustrations by Sweet Media).jpg,40_Mt_01_03_RG.jpg,Nativity,Matthew 01:18-25a / Announcement of Jesus' birth to Joseph
File:Gospel of Matthew Chapter 1-4 (Bible Illustrations by Sweet Media).jpg,40_Mt_01_04_RG.jpg,Gospel harmony (Sweet Publishing),Matthew 01:18-25a / Announcement of Jesus' birth to Joseph
File:Gospel of Matthew Chapter 1-4 (Bible Illustrations by Sweet Media).jpg,40_Mt_01_04_RG.jpg,Gospel of Matthew,Matthew 01:20-23 / Announcement of Jesus' birth to Joseph
File:Gospel of Matthew Chapter 1-4 (Bible Illustrations by Sweet Media).jpg,40_Mt_01_04_RG.jpg,Nativity,Matthew 01:18-25a / Announcement of Jesus' birth to Joseph
File:Gospel of Matthew Chapter 1-5 (Bible Illustrations by Sweet Media).jpg,40_Mt_01_05_RG.jpg,Gospel harmony (Sweet Publishing),Matthew 01:18-25a / Announcement of Jesus' birth to Joseph
File:Gospel of Matthew Chapter 1-5 (Bible Illustrations by Sweet Media).jpg,40_Mt_01_05_RG.jpg,Gospel of Matthew,Matthew 01:24-25a / Announcement of Jesus' birth to Joseph
File:Gospel of Matthew Chapter 1-5 (Bible Illustrations by Sweet Media).jpg,40_Mt_01_05_RG.jpg,Nativity,Matthew 01:18-25a / Announcement of Jesus' birth to Joseph
File:Book of Isaiah Chapter 7-1 (Bible Illustrations by Sweet Media).jpg,23_Is_07_01_RG.jpg 40_Mt_01_06_RG.jpg,Gospel harmony (Sweet Publishing),Matthew 01:18-25a / Announcement of Jesus' birth to Joseph
File:Book of Isaiah Chapter 7-1 (Bible Illustrations by Sweet Media).jpg,23_Is_07_01_RG.jpg 40_Mt_01_06_RG.jpg,Gospel of Matthew,Matthew 01:18-25a / Announcement of Jesus' birth to Joseph
File:Gospel of Luke Chapter 1-15 (Bible Illustrations by Sweet Media).jpg,42_Lk_01_15_RG.jpg,Gospel harmony (Sweet Publishing),Luke 01:39-42 / Mary visits Elizabeth
File:Gospel of Luke Chapter 1-15 (Bible Illustrations by Sweet Media).jpg,42_Lk_01_15_RG.jpg,Gospel of Luke,Luke 01:39-42 / Mary visits Elizabeth
File:Gospel of Luke Chapter 1-15 (Bible Illustrations by Sweet Media).jpg,42_Lk_01_15_RG.jpg,Nativity,Luke 01:39-42 / Mary visits Elizabeth
File:Gospel of Luke Chapter 1-16 (Bible Illustrations by Sweet Media).jpg,42_Lk_01_16_RG.jpg,Gospel harmony (Sweet Publishing),Luke 01:43-45 / Mary visits Elizabeth
File:Gospel of Luke Chapter 1-16 (Bible Illustrations by Sweet Media).jpg,42_Lk_01_16_RG.jpg,Gospel of Luke,Luke 01:43-45 / Mary visits Elizabeth
File:Gospel of Luke Chapter 1-16 (Bible Illustrations by Sweet Media).jpg,42_Lk_01_16_RG.jpg,Nativity,Luke 01:43-45 / Mary visits Elizabeth
File:Gospel of Luke Chapter 1-17 (Bible Illustrations by Sweet Media).jpg,42_Lk_01_17_RG.jpg,Gospel harmony (Sweet Publishing),Luke 01:56 / Mary visits Elizabeth
File:Gospel of Luke Chapter 1-17 (Bible Illustrations by Sweet Media).jpg,42_Lk_01_17_RG.jpg,Gospel of Luke,Luke 01:56 / Mary visits Elizabeth
File:Gospel of Luke Chapter 1-17 (Bible Illustrations by Sweet Media).jpg,42_Lk_01_17_RG.jpg,Nativity,Luke 01:56 / Mary visits Elizabeth
File:Gospel of Luke Chapter 1-7 (Bible Illustrations by Sweet Media).jpg,42_Lk_01_07_RG.jpg,Gospel harmony (Sweet Publishing),Luke 01:57-58 / Birth of John the Baptist/Zechariah as priest
File:Gospel of Luke Chapter 1-7 (Bible Illustrations by Sweet Media).jpg,42_Lk_01_07_RG.jpg,Gospel of Luke,Luke 01:57-58 / Birth of John the Baptist/Zechariah as priest
File:Gospel of Luke Chapter 1-7 (Bible Illustrations by Sweet Media).jpg,42_Lk_01_07_RG.jpg,Nativity,Luke 01:57-58 / Birth of John the Baptist/Zechariah as priest
File:Gospel of Luke Chapter 1-8 (Bible Illustrations by Sweet Media).jpg,42_Lk_01_08_RG.jpg,Gospel harmony (Sweet Publishing),Luke 01:59-61 / Birth of John the Baptist/Zechariah as priest
File:Gospel of Luke Chapter 1-8 (Bible Illustrations by Sweet Media).jpg,42_Lk_01_08_RG.jpg,Gospel of Luke,Luke 01:59-61 / Birth of John the Baptist/Zechariah as priest
File:Gospel of Luke Chapter 1-8 (Bible Illustrations by Sweet Media).jpg,42_Lk_01_08_RG.jpg,Nativity,Luke 01:59-61 / Birth of John the Baptist/Zechariah as priest
File:Gospel of Luke Chapter 1-9 (Bible Illustrations by Sweet Media).jpg,42_Lk_01_09_RG.jpg,Gospel harmony (Sweet Publishing),Luke 01:62-66 / Birth of John the Baptist/Zechariah as priest
File:Gospel of Luke Chapter 1-9 (Bible Illustrations by Sweet Media).jpg,42_Lk_01_09_RG.jpg,Gospel of Luke,Luke 01:62-66 / Birth of John the Baptist/Zechariah as priest
File:Gospel of Luke Chapter 1-9 (Bible Illustrations by Sweet Media).jpg,42_Lk_01_09_RG.jpg,Nativity,Luke 01:62-66 / Birth of John the Baptist/Zechariah as priest
File:Gospel of Luke Chapter 1-10 (Bible Illustrations by Sweet Media).jpg,42_Lk_03_01_RG.jpg 42_Lk_01_10_RG.jpg,Gospel harmony (Sweet Publishing),Luke 01:80 / Birth of John the Baptist/Zechariah as priest
File:Gospel of Luke Chapter 1-10 (Bible Illustrations by Sweet Media).jpg,42_Lk_03_01_RG.jpg 42_Lk_01_10_RG.jpg,Gospel harmony (Sweet Publishing),Luke 03:03a / The Preaching of John
File:Gospel of Luke Chapter 1-10 (Bible Illustrations by Sweet Media).jpg,42_Lk_03_01_RG.jpg 42_Lk_01_10_RG.jpg,Gospel of Luke,Luke 01:80 / Birth of John the Baptist/Zechariah as priest
File:Gospel of Luke Chapter 1-10 (Bible Illustrations by Sweet Media).jpg,42_Lk_03_01_RG.jpg 42_Lk_01_10_RG.jpg,Gospel of Luke,Luke 03:03a / The Preaching of John
File:Gospel of Luke Chapter 1-10 (Bible Illustrations by Sweet Media).jpg,42_Lk_03_01_RG.jpg 42_Lk_01_10_RG.jpg,Nativity,Luke 01:80 / Birth of John the Baptist/Zechariah as priest
File:Gospel of Luke Chapter 2-1 (Bible Illustrations by Sweet Media).jpg,42_Lk_02_01_RG.jpg,Gospel harmony (Sweet Publishing),Luke 02:01-5 / The Birth of Jesus
File:Gospel of Luke Chapter 2-1 (Bible Illustrations by Sweet Media).jpg,42_Lk_02_01_RG.jpg,Gospel of Luke,Luke 02:01-5 / The Birth of Jesus
File:Gospel of Luke Chapter 2-1 (Bible Illustrations by Sweet Media).jpg,42_Lk_02_01_RG.jpg,Joseph,Luke 02:01-5 / Journey to Bethlehem
File:Gospel of Luke Chapter 2-2 (Bible Illustrations by Sweet Media).jpg,42_Lk_02_02_RG.jpg,Gospel harmony (Sweet Publishing),Luke 02:06-7 / The Birth of Jesus
File:Gospel of Luke Chapter 2-2 (Bible Illustrations by Sweet Media).jpg,42_Lk_02_02_RG.jpg,Gospel of Luke,Luke 02:06-7 / The Birth of Jesus
File:Gospel of Luke Chapter 2-2 (Bible Illustrations by Sweet Media).jpg,42_Lk_02_02_RG.jpg,Joseph,Luke 02:06-7 / The Birth of Jesus
File:Gospel of Luke Chapter 2-3 (Bible Illustrations by Sweet Media).jpg,42_Lk_02_03_RG.jpg,Gospel harmony (Sweet Publishing),Luke 02:08-9 / The Shepherd's Joy
File:Gospel of Luke Chapter 2-3 (Bible Illustrations by Sweet Media).jpg,42_Lk_02_03_RG.jpg,Gospel of Luke,Luke 02:08-9 / The Shepherd's Joy
File:Gospel of Luke Chapter 2-3 (Bible Illustrations by Sweet Media).jpg,42_Lk_02_03_RG.jpg,Nativity,Luke 02:08-9 / The Shepherd's Joy
File:Gospel of Luke Chapter 2-4 (Bible Illustrations by Sweet Media).jpg,42_Lk_02_04_RG.jpg,Gospel harmony (Sweet Publishing),Luke 02:10-12 / The Shepherd's Joy
File:Gospel of Luke Chapter 2-4 (Bible Illustrations by Sweet Media).jpg,42_Lk_02_04_RG.jpg,Gospel of Luke,Luke 02:10-12 / The Shepherd's Joy
File:Gospel of Luke Chapter 2-4 (Bible Illustrations by Sweet Media).jpg,42_Lk_02_04_RG.jpg,Nativity,Luke 02:10-12 / The Shepherd's Joy
File:Gospel of Luke Chapter 2-5 (Bible Illustrations by Sweet Media).jpg,42_Lk_02_05_RG.jpg,Gospel harmony (Sweet Publishing),Luke 02:16 / The Shepherd's Joy
File:Gospel of Luke Chapter 2-5 (Bible Illustrations by Sweet Media).jpg,42_Lk_02_05_RG.jpg,Gospel of Luke,Luke 02:16 / The Shepherd's Joy
File:Gospel of Luke Chapter 2-5 (Bible Illustrations by Sweet Media).jpg,42_Lk_02_05_RG.jpg,Joseph,Luke 02:16 / Adoration of the shepherds
File:Gospel of Luke Chapter 2-5 (Bible Illustrations by Sweet Media).jpg,42_Lk_02_05_RG.jpg,Nativity,Luke 02:16 / The Shepherd's Joy
File:Gospel of Luke Chapter 2-6 (Bible Illustrations by Sweet Media).jpg,42_Lk_02_06_RG.jpg,Gospel harmony (Sweet Publishing),Luke 02:17-20 / The Shepherd's Joy
File:Gospel of Luke Chapter 2-6 (Bible Illustrations by Sweet Media).jpg,42_Lk_02_06_RG.jpg,Gospel of Luke,Luke 02:17-20 / The Shepherd's Joy
File:Gospel of Luke Chapter 2-6 (Bible Illustrations by Sweet Media).jpg,42_Lk_02_06_RG.jpg,Joseph,Luke 02:17-20 / Adoration of the shepherds
File:Gospel of Luke Chapter 2-6 (Bible Illustrations by Sweet Media).jpg,42_Lk_02_06_RG.jpg,Nativity,Luke 02:17-20 / The Shepherd's Joy
File:Gospel of Luke Chapter 2-7 (Bible Illustrations by Sweet Media).jpg,42_Lk_02_07_RG.jpg,Gospel harmony (Sweet Publishing),Luke 02:21 / Jesus' circumcision
File:Gospel of Luke Chapter 2-7 (Bible Illustrations by Sweet Media).jpg,42_Lk_02_07_RG.jpg,Gospel of Luke,Luke 02:21 / Jesus' circumcision
File:Gospel of Luke Chapter 2-7 (Bible Illustrations by Sweet Media).jpg,42_Lk_02_07_RG.jpg,Joseph,Luke 02:21 / Jesus' circumcision
File:Gospel of Luke Chapter 2-7 (Bible Illustrations by Sweet Media).jpg,42_Lk_02_07_RG.jpg,Nativity,Luke 02:21 / Jesus' circumcision
File:Gospel of Luke Chapter 2-8 (Bible Illustrations by Sweet Media).jpg,42_Lk_02_08_RG.jpg,Gospel harmony (Sweet Publishing),Luke 02:22-26 / Jesus' presentation at the Temple
File:Gospel of Luke Chapter 2-8 (Bible Illustrations by Sweet Media).jpg,42_Lk_02_08_RG.jpg,Gospel of Luke,Luke 02:22-26 / Jesus' presentation at the Temple
File:Gospel of Luke Chapter 2-8 (Bible Illustrations by Sweet Media).jpg,42_Lk_02_08_RG.jpg,Joseph,Luke 02:22-26 / Jesus' presentation at the Temple
File:Gospel of Luke Chapter 2-8 (Bible Illustrations by Sweet Media).jpg,42_Lk_02_08_RG.jpg,Nativity,Luke 02:22-26 / Jesus' presentation at the Temple
File:Gospel of Luke Chapter 2-9 (Bible Illustrations by Sweet Media).jpg,42_Lk_02_09_RG.jpg,Gospel harmony (Sweet Publishing),Luke 02:27 / Jesus' presentation at the Temple
File:Gospel of Luke Chapter 2-9 (Bible Illustrations by Sweet Media).jpg,42_Lk_02_09_RG.jpg,Gospel of Luke,Luke 02:27 / Jesus' presentation at the Temple
File:Gospel of Luke Chapter 2-9 (Bible Illustrations by Sweet Media).jpg,42_Lk_02_09_RG.jpg,Joseph,Luke 02:27 / Jesus' presentation at the Temple
File:Gospel of Luke Chapter 2-9 (Bible Illustrations by Sweet Media).jpg,42_Lk_02_09_RG.jpg,Nativity,Luke 02:27 / Jesus' presentation at the Temple
File:Gospel of Luke Chapter 2-10 (Bible Illustrations by Sweet Media).jpg,42_Lk_02_10_RG.jpg,Gospel harmony (Sweet Publishing),Luke 02:28-33 / Jesus' presentation at the Temple
File:Gospel of Luke Chapter 2-10 (Bible Illustrations by Sweet Media).jpg,42_Lk_02_10_RG.jpg,Gospel of Luke,Luke 02:28-33 / Jesus' presentation at the Temple
File:Gospel of Luke Chapter 2-10 (Bible Illustrations by Sweet Media).jpg,42_Lk_02_10_RG.jpg,Joseph,Luke 02:28-33 / Jesus' presentation at the Temple
File:Gospel of Luke Chapter 2-10 (Bible Illustrations by Sweet Media).jpg,42_Lk_02_10_RG.jpg,Nativity,Luke 02:28-33 / Jesus' presentation at the Temple
File:Gospel of Luke Chapter 2-11 (Bible Illustrations by Sweet Media).jpg,42_Lk_02_11_RG.jpg,Gospel harmony (Sweet Publishing),Luke 02:34-35 / Jesus' presentation at the Temple
File:Gospel of Luke Chapter 2-11 (Bible Illustrations by Sweet Media).jpg,42_Lk_02_11_RG.jpg,Gospel of Luke,Luke 02:34-35 / Jesus' presentation at the Temple
File:Gospel of Luke Chapter 2-11 (Bible Illustrations by Sweet Media).jpg,42_Lk_02_11_RG.jpg,Joseph,Luke 02:34-35 / Jesus' presentation at the Temple
File:Gospel of Luke Chapter 2-11 (Bible Illustrations by Sweet Media).jpg,42_Lk_02_11_RG.jpg,Nativity,Luke 02:34-35 / Jesus' presentation at the Temple
File:Gospel of Matthew Chapter 2-1 (Bible Illustrations by Sweet Media).jpg,40_Mt_02_01_RG.jpg,Gospel harmony (Sweet Publishing),Matthew 02:01-12 / Wisemen from the East
File:Gospel of Matthew Chapter 2-1 (Bible Illustrations by Sweet Media).jpg,40_Mt_02_01_RG.jpg,Gospel of Matthew,Matthew 02:01-02 / Wisemen from the East
File:Gospel of Matthew Chapter 2-1 (Bible Illustrations by Sweet Media).jpg,40_Mt_02_01_RG.jpg,Nativity,Matthew 02:01-12 / Wisemen from the East
File:Gospel of Matthew Chapter 2-2 (Bible Illustrations by Sweet Media).jpg,40_Mt_02_02_RG.jpg,Gospel harmony (Sweet Publishing),Matthew 02:01-12 / Wisemen from the East
File:Gospel of Matthew Chapter 2-2 (Bible Illustrations by Sweet Media).jpg,40_Mt_02_02_RG.jpg,Gospel of Matthew,Matthew 02:09-10 / Wisemen from the East
File:Gospel of Matthew Chapter 2-3 (Bible Illustrations by Sweet Media).jpg,40_Mt_02_03_RG.jpg,Gospel harmony (Sweet Publishing),Matthew 02:01-12 / Wisemen from the East
File:Gospel of Matthew Chapter 2-3 (Bible Illustrations by Sweet Media).jpg,40_Mt_02_03_RG.jpg,Gospel of Matthew,Matthew 02:03 / Wisemen from the East
File:Gospel of Matthew Chapter 2-3 (Bible Illustrations by Sweet Media).jpg,40_Mt_02_03_RG.jpg,Nativity,Matthew 02:01-12 / Wisemen from the East
File:Gospel of Matthew Chapter 2-4 (Bible Illustrations by Sweet Media).jpg,40_Mt_02_04_RG.jpg,Gospel harmony (Sweet Publishing),Matthew 02:01-12 / Wisemen from the East
File:Gospel of Matthew Chapter 2-4 (Bible Illustrations by Sweet Media).jpg,40_Mt_02_04_RG.jpg,Gospel of Matthew,Matthew 02:04 / Wisemen from the East
File:Gospel of Matthew Chapter 2-4 (Bible Illustrations by Sweet Media).jpg,40_Mt_02_04_RG.jpg,Nativity,Matthew 02:01-12 / Wisemen from the East
File:Gospel of Matthew Chapter 2-5 (Bible Illustrations by Sweet Media).jpg,40_Mt_02_05_RG.jpg,Gospel harmony (Sweet Publishing),Matthew 02:01-12 / Wisemen from the East
File:Gospel of Matthew Chapter 2-5 (Bible Illustrations by Sweet Media).jpg,40_Mt_02_05_RG.jpg,Gospel of Matthew,Matthew 02:05-06 / Wisemen from the East
File:Gospel of Matthew Chapter 2-5 (Bible Illustrations by Sweet Media).jpg,40_Mt_02_05_RG.jpg,Nativity,Matthew 02:01-12 / Wisemen from the East
File:Gospel of Matthew Chapter 2-6 (Bible Illustrations by Sweet Media).jpg,,Gospel harmony (Sweet Publishing),Matthew 02:01-12 / Wisemen from the East
File:Gospel of Matthew Chapter 2-6 (Bible Illustrations by Sweet Media).jpg,,Gospel of Matthew,Matthew 02:07-08 / Wisemen from the East
File:Gospel of Matthew Chapter 2-6 (Bible Illustrations by Sweet Media).jpg,,Nativity,Matthew 02:01-12 / Wisemen from the East
File:Gospel of Matthew Chapter 2-7 (Bible Illustrations by Sweet Media).jpg,40_Mt_02_07_RG.jpg,Gospel harmony (Sweet Publishing),Matthew 02:01-12 / Wisemen from the East
File:Gospel of Matthew Chapter 2-7 (Bible Illustrations by Sweet Media).jpg,40_Mt_02_07_RG.jpg,Gospel of Matthew,Matthew 02:11 / Wisemen from the East
File:Gospel of Matthew Chapter 2-7 (Bible Illustrations by Sweet Media).jpg,40_Mt_02_07_RG.jpg,Nativity,Matthew 02:01-12 / Wisemen from the East
File:Gospel of Matthew Chapter 2-8 (Bible Illustrations by Sweet Media).jpg,40_Mt_02_08_RG.jpg,Gospel harmony (Sweet Publishing),Matthew 02:01-12 / Wisemen from the East
File:Gospel of Matthew Chapter 2-8 (Bible Illustrations by Sweet Media).jpg,40_Mt_02_08_RG.jpg,Gospel of Matthew,Matthew 02:12 / Wisemen from the East
File:Gospel of Matthew Chapter 2-8 (Bible Illustrations by Sweet Media).jpg,40_Mt_02_08_RG.jpg,Nativity,Matthew 02:01-12 / Wisemen from the East
File:Gospel of Matthew Chapter 2-9 (Bible Illustrations by Sweet Media).jpg,,Gospel harmony (Sweet Publishing),Matthew 02:13-18 / Escape to Egypt/Herod's fury
File:Gospel of Matthew Chapter 2-9 (Bible Illustrations by Sweet Media).jpg,,Gospel of Matthew,Matthew 02:13-15 / Escape to Egypt/Herod's fury
File:Gospel of Matthew Chapter 2-9 (Bible Illustrations by Sweet Media).jpg,,Nativity,Matthew 02:13-18 / Escape to Egypt/Herod's fury
File:Gospel of Matthew Chapter 2-9 (Bible Illustrations by Sweet Media).jpg,,Nativity,''[[:w:St. Joseph's dream|Joseph's 2nd dream]]''  / <small>[[wikisource:Bible (American Standard)/Matthew#2:13|Matthew 2:13]] </small>
File:Gospel of Matthew Chapter 2-10 (Bible Illustrations by Sweet Media).jpg,40_Mt_02_10_RG.jpg,Gospel harmony (Sweet Publishing),Matthew 02:13-18 / Escape to Egypt/Herod's fury
File:Gospel of Matthew Chapter 2-10 (Bible Illustrations by Sweet Media).jpg,40_Mt_02_10_RG.jpg,Gospel of Matthew,Matthew 02:16-18 / Escape to Egypt/Herod's fury
File:Gospel of Matthew Chapter 2-10 (Bible Illustrations by Sweet Media).jpg,40_Mt_02_10_RG.jpg,Nativity,Matthew 02:13-18 / Escape to Egypt/Herod's fury
File:Gospel of Luke Chapter 2-12 (Bible Illustrations by Sweet Media).jpg,42_Lk_02_12_RG.jpg,Gospel harmony (Sweet Publishing),Luke 02:39-40 / Return to Nazareth
File:Gospel of Luke Chapter 2-12 (Bible Illustrations by Sweet Media).jpg,42_Lk_02_12_RG.jpg,Gospel of Luke,Luke 02:39-40 / Return to Nazareth
File:Gospel of Luke Chapter 2-12 (Bible Illustrations by Sweet Media).jpg,42_Lk_02_12_RG.jpg,Joseph,Luke 02:39-40 / Return to Nazareth
File:Gospel of Matthew Chapter 2-11 (Bible Illustrations by Sweet Media).jpg,40_Mt_02_11_RG.jpg,Gospel harmony (Sweet Publishing),Matthew 02:19-23 / Return to Nazareth
File:Gospel of Matthew Chapter 2-11 (Bible Illustrations by Sweet Media).jpg,40_Mt_02_11_RG.jpg,Gospel of Matthew,Matthew 02:19-21 / Return to Nazareth
File:Gospel of Matthew Chapter 2-11 (Bible Illustrations by Sweet Media).jpg,40_Mt_02_11_RG.jpg,Nativity,Matthew 02:19-23 / Return to Nazareth
File:Gospel of Matthew Chapter 2-12 (Bible Illustrations by Sweet Media).jpg,40_Mt_02_12_RG.jpg,Gospel harmony (Sweet Publishing),Matthew 02:19-23 / Return to Nazareth
File:Gospel of Matthew Chapter 2-12 (Bible Illustrations by Sweet Media).jpg,40_Mt_02_12_RG.jpg,Gospel of Matthew,Matthew 02:22-23 / Return to Nazareth
File:Gospel of Matthew Chapter 2-12 (Bible Illustrations by Sweet Media).jpg,40_Mt_02_12_RG.jpg,Nativity,Matthew 02:19-23 / Return to Nazareth
File:Gospel of Luke Chapter 2-13 (Bible Illustrations by Sweet Media).jpg,42_Lk_02_13_RG.jpg,Gospel harmony (Sweet Publishing),Luke 02:41-42 / Jesus in the temple at 12
File:Gospel of Luke Chapter 2-13 (Bible Illustrations by Sweet Media).jpg,42_Lk_02_13_RG.jpg,Gospel of Luke,Luke 02:41-42 / Jesus in the temple at 12
File:Gospel of Luke Chapter 2-13 (Bible Illustrations by Sweet Media).jpg,42_Lk_02_13_RG.jpg,Joseph,Luke 02:41-42 / Jesus in the temple at 12
File:Gospel of Luke Chapter 2-14 (Bible Illustrations by Sweet Media).jpg,42_Lk_02_14_RG.jpg,Gospel harmony (Sweet Publishing),Luke 02:43-44a / Jesus in the temple at 12
File:Gospel of Luke Chapter 2-14 (Bible Illustrations by Sweet Media).jpg,42_Lk_02_14_RG.jpg,Gospel of Luke,Luke 02:43-44a / Jesus in the temple at 12
File:Gospel of Luke Chapter 2-14 (Bible Illustrations by Sweet Media).jpg,42_Lk_02_14_RG.jpg,Joseph,Luke 02:43-44a / Jesus in the temple at 12
File:Gospel of Luke Chapter 2-15 (Bible Illustrations by Sweet Media).jpg,42_Lk_02_15_RG.jpg,Gospel harmony (Sweet Publishing),Luke 02:44b / Jesus in the temple at 12
File:Gospel of Luke Chapter 2-15 (Bible Illustrations by Sweet Media).jpg,42_Lk_02_15_RG.jpg,Gospel of Luke,Luke 02:44b / Jesus in the temple at 12
File:Gospel of Luke Chapter 2-15 (Bible Illustrations by Sweet Media).jpg,42_Lk_02_15_RG.jpg,Joseph,Luke 02:44b / Jesus in the temple at 12
File:Gospel of Luke Chapter 2-16 (Bible Illustrations by Sweet Media).jpg,42_Lk_02_16_RG.jpg,Gospel harmony (Sweet Publishing),Luke 02:45 / Jesus in the temple at 12
File:Gospel of Luke Chapter 2-16 (Bible Illustrations by Sweet Media).jpg,42_Lk_02_16_RG.jpg,Gospel of Luke,Luke 02:45 / Jesus in the temple at 12
File:Gospel of Luke Chapter 2-16 (Bible Illustrations by Sweet Media).jpg,42_Lk_02_16_RG.jpg,Joseph,Luke 02:45 / Jesus in the temple at 12
File:Gospel of Luke Chapter 2-18 (Bible Illustrations by Sweet Media).jpg,42_Lk_02_18_RG.jpg,Gospel harmony (Sweet Publishing),Luke 02:46 / Jesus in the temple at 12
File:Gospel of Luke Chapter 2-18 (Bible Illustrations by Sweet Media).jpg,42_Lk_02_18_RG.jpg,Gospel of Luke,Luke 02:46 / Jesus in the temple at 12
File:Gospel of Luke Chapter 2-18 (Bible Illustrations by Sweet Media).jpg,42_Lk_02_18_RG.jpg,Joseph,Luke 02:46 / Jesus in the temple at 12
File:Gospel of Luke Chapter 2-17 (Bible Illustrations by Sweet Media).jpg,42_Lk_02_17_RG.jpg,Gospel harmony (Sweet Publishing),Luke 02:47-48a / Jesus in the temple at 12
File:Gospel of Luke Chapter 2-17 (Bible Illustrations by Sweet Media).jpg,42_Lk_02_17_RG.jpg,Gospel of Luke,Luke 02:47-48a / Jesus in the temple at 12
File:Gospel of Luke Chapter 2-17 (Bible Illustrations by Sweet Media).jpg,42_Lk_02_17_RG.jpg,Joseph,Luke 02:47-48a / Jesus in the temple at 12
File:Gospel of Luke Chapter 2-19 (Bible Illustrations by Sweet Media).jpg,42_Lk_02_19_RG.jpg,Gospel harmony (Sweet Publishing),Luke 02:48b / Jesus in the temple at 12
File:Gospel of Luke Chapter 2-19 (Bible Illustrations by Sweet Media).jpg,42_Lk_02_19_RG.jpg,Gospel of Luke,Luke 02:48b / Jesus in the temple at 12
File:Gospel of Luke Chapter 2-19 (Bible Illustrations by Sweet Media).jpg,42_Lk_02_19_RG.jpg,Joseph,Luke 02:48b / Jesus in the temple at 12
File:Gospel of Luke Chapter 2-20 (Bible Illustrations by Sweet Media).jpg,42_Lk_02_20_RG.jpg,Gospel harmony (Sweet Publishing),Luke 02:49-50 / Jesus in the temple at 12
File:Gospel of Luke Chapter 2-20 (Bible Illustrations by Sweet Media).jpg,42_Lk_02_20_RG.jpg,Gospel of Luke,Luke 02:49-50 / Jesus in the temple at 12
File:Gospel of Luke Chapter 2-21 (Bible Illustrations by Sweet Media).jpg,42_Lk_02_21_RG.jpg,Gospel harmony (Sweet Publishing),Luke 02:51 / Jesus in the temple at 12
File:Gospel of Luke Chapter 2-21 (Bible Illustrations by Sweet Media).jpg,42_Lk_02_21_RG.jpg,Gospel of Luke,Luke 02:51 / Jesus in the temple at 12
File:Gospel of Luke Chapter 2-22 (Bible Illustrations by Sweet Media).jpg,42_Lk_02_22_RG.jpg,Gospel harmony (Sweet Publishing),Luke 02:52 / Summary - Jesus Childhood
File:Gospel of Luke Chapter 2-22 (Bible Illustrations by Sweet Media).jpg,42_Lk_02_22_RG.jpg,Gospel of Luke,Luke 02:52 / Summary - Jesus Childhood
File:Gospel of Luke Chapter 2-22 (Bible Illustrations by Sweet Media).jpg,42_Lk_02_22_RG.jpg,Joseph,Luke 02:52 / Joseph the carpenter
File:Gospel of Luke Chapter 3-2 (Bible Illustrations by Sweet Media).jpg,42_Lk_03_02_RG.jpg,Gospel harmony (Sweet Publishing),Luke 03:02b / The Preaching of John
File:Gospel of Luke Chapter 3-2 (Bible Illustrations by Sweet Media).jpg,42_Lk_03_02_RG.jpg,Gospel of Luke,Luke 03:02b / The Preaching of John
File:Gospel of Mark Chapter 1-2 (Bible Illustrations by Sweet Media).jpg,42_Lk_03_03_RG.jpg 41_Mk_01_02_RG.jpg 40_Mt_03_02_RG.jpg,Gospel harmony (Sweet Publishing),<!-- Also Gospel of Matthew Chapter 3-2 (Bible...).jpg-->Matthew 03:01-12 / Luke 03:03b-6 / The Preaching of John
File:Gospel of Mark Chapter 1-2 (Bible Illustrations by Sweet Media).jpg,42_Lk_03_03_RG.jpg 41_Mk_01_02_RG.jpg 40_Mt_03_02_RG.jpg,Gospel of Luke,Luke 03:03b-6 / The Preaching of John
File:Gospel of Mark Chapter 1-2 (Bible Illustrations by Sweet Media).jpg,42_Lk_03_03_RG.jpg 41_Mk_01_02_RG.jpg 40_Mt_03_02_RG.jpg,Gospel of Matthew,Matthew 03:03-04 / The Preaching of John
File:Gospel of Matthew Chapter 3-4 (Bible Illustrations by Sweet Media).jpg,42_Lk_03_05_RG.jpg 40_Mt_03_04_RG.jpg,Gospel harmony (Sweet Publishing),<!-- Also Gospel of Matthew Chapter 3-4 (Bible...).jpg-->Matthew 03:01-12 / Luke 03:07-9 / The Preaching of John
File:Gospel of Matthew Chapter 3-4 (Bible Illustrations by Sweet Media).jpg,42_Lk_03_05_RG.jpg 40_Mt_03_04_RG.jpg,Gospel of Luke,Luke 03:07-9 / The Preaching of John
File:Gospel of Matthew Chapter 3-4 (Bible Illustrations by Sweet Media).jpg,42_Lk_03_05_RG.jpg 40_Mt_03_04_RG.jpg,Gospel of Matthew,Matthew 03:07-09 / The Preaching of John
File:Gospel of Luke Chapter 3-6 (Bible Illustrations by Sweet Media).jpg,42_Lk_03_06_RG.jpg,Gospel harmony (Sweet Publishing),Luke 03:10-11 / The Preaching of John
File:Gospel of Luke Chapter 3-6 (Bible Illustrations by Sweet Media).jpg,42_Lk_03_06_RG.jpg,Gospel of Luke,Luke 03:10-11 / The Preaching of John
File:Gospel of Luke Chapter 3-7 (Bible Illustrations by Sweet Media).jpg,42_Lk_03_07_RG.jpg,Gospel harmony (Sweet Publishing),Luke 03:12-13 / The Preaching of John
File:Gospel of Luke Chapter 3-7 (Bible Illustrations by Sweet Media).jpg,42_Lk_03_07_RG.jpg,Gospel of Luke,Luke 03:12-13 / The Preaching of John
File:Gospel of Luke Chapter 3-8 (Bible Illustrations by Sweet Media).jpg,42_Lk_03_08_RG.jpg,Gospel harmony (Sweet Publishing),Luke 03:14 / The Preaching of John
File:Gospel of Luke Chapter 3-8 (Bible Illustrations by Sweet Media).jpg,42_Lk_03_08_RG.jpg,Gospel of Luke,Luke 03:14 / The Preaching of John
File:Gospel of Luke Chapter 3-9 (Bible Illustrations by Sweet Media).jpg,42_Lk_03_09_RG.jpg,Gospel harmony (Sweet Publishing),Luke 03:15 / The Preaching of John
File:Gospel of Luke Chapter 3-9 (Bible Illustrations by Sweet Media).jpg,42_Lk_03_09_RG.jpg,Gospel of Luke,Luke 03:15 / The Preaching of John
File:Gospel of Mark Chapter 1-1 (Bible Illustrations by Sweet Media).jpg,41_Mk_01_01_RG.jpg 40_Mt_03_01_RG.jpg,Gospel harmony (Sweet Publishing),Matthew 03:01-12 / The Preaching of John
File:Gospel of Mark Chapter 1-1 (Bible Illustrations by Sweet Media).jpg,41_Mk_01_01_RG.jpg 40_Mt_03_01_RG.jpg,Gospel of Matthew,Matthew 03:01-02 / The Preaching of John
File:Gospel of Mark Chapter 1-3 (Bible Illustrations by Sweet Media).jpg,42_Lk_03_04_RG.jpg 41_Mk_01_03_RG.jpg 40_Mt_03_03_RG.jpg,Gospel harmony (Sweet Publishing),Matthew 03:01-12 / The Preaching of John
File:Gospel of Mark Chapter 1-3 (Bible Illustrations by Sweet Media).jpg,42_Lk_03_04_RG.jpg 41_Mk_01_03_RG.jpg 40_Mt_03_03_RG.jpg,Gospel harmony (Sweet Publishing),Luke 03:21a / The Baptism of Jesus
File:Gospel of Mark Chapter 1-3 (Bible Illustrations by Sweet Media).jpg,42_Lk_03_04_RG.jpg 41_Mk_01_03_RG.jpg 40_Mt_03_03_RG.jpg,Gospel of Luke,Luke 03:21a / The Baptism of Jesus
File:Gospel of Mark Chapter 1-3 (Bible Illustrations by Sweet Media).jpg,42_Lk_03_04_RG.jpg 41_Mk_01_03_RG.jpg 40_Mt_03_03_RG.jpg,Gospel of Matthew,Matthew 03:05-06 / The Preaching of John
File:Gospel of Mark Chapter 1-5 (Bible Illustrations by Sweet Media).jpg,41_Mk_01_05_RG.jpg 40_Mt_03_06_RG.jpg,Gospel harmony (Sweet Publishing),Matthew 03:13-17 / The Baptism of Jesus
File:Gospel of Mark Chapter 1-5 (Bible Illustrations by Sweet Media).jpg,41_Mk_01_05_RG.jpg 40_Mt_03_06_RG.jpg,Gospel of Matthew,Matthew 03:13-14 / The Baptism of Jesus
File:Gospel of Matthew Chapter 3-7 (Bible Illustrations by Sweet Media).jpg,41_Mk_01_06_RG.jpg 40_Mt_03_07_RG.jpg,Gospel harmony (Sweet Publishing),Matthew 03:13-17 / The Baptism of Jesus
File:Gospel of Matthew Chapter 3-7 (Bible Illustrations by Sweet Media).jpg,41_Mk_01_06_RG.jpg 40_Mt_03_07_RG.jpg,Gospel of Matthew,Matthew 03:15-16 / The Baptism of Jesus
File:Gospel of John Chapter 1-2 (Bible Illustrations by Sweet Media).jpg,43_Jn_01_02_RG.jpg,Gospel harmony (Sweet Publishing),John 01:21-28 / The Baptism of Jesus
File:Gospel of John Chapter 1-2 (Bible Illustrations by Sweet Media).jpg,43_Jn_01_02_RG.jpg,Gospel of John,John 01:21-28 / The Baptism of Jesus
File:Gospel of Mark Chapter 1-8 (Bible Illustrations by Sweet Media).jpg,42_Lk_04_01_RG.jpg 41_Mk_01_08_RG.jpg 40_Mt_04_01_RG.jpg,Gospel harmony (Sweet Publishing),<!-- Also Gospel of Matthew Chapter 4-1 (Bible...).jpg-->Matthew 04:01-11 / Luke 04:01-2 / The Temptation of Jesus
File:Gospel of Mark Chapter 1-8 (Bible Illustrations by Sweet Media).jpg,42_Lk_04_01_RG.jpg 41_Mk_01_08_RG.jpg 40_Mt_04_01_RG.jpg,Gospel of Luke,04:01-2 / The Temptation of Jesus
File:Gospel of Mark Chapter 1-8 (Bible Illustrations by Sweet Media).jpg,42_Lk_04_01_RG.jpg 41_Mk_01_08_RG.jpg 40_Mt_04_01_RG.jpg,Gospel of Matthew,Matthew 04:01-02 / The Temptation of Jesus
File:Gospel of Matthew Chapter 4-2 (Bible Illustrations by Sweet Media).jpg,42_Lk_04_02_RG.jpg 41_Mk_01_09_RG.jpg,Gospel harmony (Sweet Publishing),<!-- Also Gospel of Matthew Chapter 4-2 (Bible...).jpg-->Matthew 04:01-11 / Luke 04:03 / The Temptation of Jesus
File:Gospel of Matthew Chapter 4-2 (Bible Illustrations by Sweet Media).jpg,42_Lk_04_02_RG.jpg 41_Mk_01_09_RG.jpg,Gospel of Luke,04:03 / The Temptation of Jesus
File:Gospel of Matthew Chapter 4-2 (Bible Illustrations by Sweet Media).jpg,42_Lk_04_02_RG.jpg 41_Mk_01_09_RG.jpg,Gospel of Matthew,Matthew 04:03 / The Temptation of Jesus
File:Gospel of Luke Chapter 4-3 (Bible Illustrations by Sweet Media).jpg,42_Lk_04_03_RG.jpg 40_Mt_04_03_RG.jpg,Gospel harmony (Sweet Publishing),<!-- Also Gospel of Matthew Chapter 4-3 (Bible...).jpg-->Matthew 04:01-11 / Luke 04:04 / The Temptation of Jesus
File:Gospel of Luke Chapter 4-3 (Bible Illustrations by Sweet Media).jpg,42_Lk_04_03_RG.jpg 40_Mt_04_03_RG.jpg,Gospel of Luke,04:04 / The Temptation of Jesus
File:Gospel of Luke Chapter 4-4 (Bible Illustrations by Sweet Media).jpg,42_Lk_04_04_RG.jpg 40_Mt_04_04_RG.jpg,Gospel harmony (Sweet Publishing),<!-- Also Gospel of Matthew Chapter 4-4 (Bible...).jpg-->Matthew 04:01-11 / Luke 04:09-11 / The Temptation of Jesus
File:Gospel of Luke Chapter 4-4 (Bible Illustrations by Sweet Media).jpg,42_Lk_04_04_RG.jpg 40_Mt_04_04_RG.jpg,Gospel of Luke,04:09-11 / The Temptation of Jesus
File:Gospel of Luke Chapter 4-4 (Bible Illustrations by Sweet Media).jpg,42_Lk_04_04_RG.jpg 40_Mt_04_04_RG.jpg,Gospel of Matthew,Matthew 04:05-06 / The Temptation of Jesus
File:Gospel of Luke Chapter 4-5 (Bible Illustrations by Sweet Media).jpg,42_Lk_04_05_RG.jpg 40_Mt_04_05_RG.jpg,Gospel harmony (Sweet Publishing),<!-- Also Gospel of Matthew Chapter 4-5 (Bible...).jpg-->Matthew 04:01-11 / Luke 04:12 / The Temptation of Jesus
File:Gospel of Luke Chapter 4-5 (Bible Illustrations by Sweet Media).jpg,42_Lk_04_05_RG.jpg 40_Mt_04_05_RG.jpg,Gospel of Luke,04:12 / The Temptation of Jesus
File:Gospel of Luke Chapter 4-6 (Bible Illustrations by Sweet Media).jpg,42_Lk_04_06_RG.jpg 40_Mt_04_06_RG.jpg,Gospel harmony (Sweet Publishing),<!-- Also Gospel of Matthew Chapter 4-6 (Bible...).jpg-->Matthew 04:01-11 / Luke 04:05-7 / The Temptation of Jesus
File:Gospel of Luke Chapter 4-6 (Bible Illustrations by Sweet Media).jpg,42_Lk_04_06_RG.jpg 40_Mt_04_06_RG.jpg,Gospel of Luke,04:05-7 / The Temptation of Jesus
File:Gospel of Luke Chapter 4-6 (Bible Illustrations by Sweet Media).jpg,42_Lk_04_06_RG.jpg 40_Mt_04_06_RG.jpg,Gospel of Matthew,Matthew 04:08-09 / The Temptation of Jesus
File:Gospel of Luke Chapter 4-7 (Bible Illustrations by Sweet Media).jpg,42_Lk_04_07_RG.jpg 40_Mt_04_07_RG.jpg,Gospel harmony (Sweet Publishing),<!-- Also Gospel of Matthew Chapter 4-7 (Bible...).jpg-->Matthew 04:01-11 / Luke 04:08 / The Temptation of Jesus
File:Gospel of Luke Chapter 4-7 (Bible Illustrations by Sweet Media).jpg,42_Lk_04_07_RG.jpg 40_Mt_04_07_RG.jpg,Gospel of Luke,04:08 / The Temptation of Jesus
File:Gospel of Luke Chapter 4-7 (Bible Illustrations by Sweet Media).jpg,42_Lk_04_07_RG.jpg 40_Mt_04_07_RG.jpg,Gospel of Matthew,Matthew 04:10 / The Temptation of Jesus
File:Gospel of Luke Chapter 4-8 (Bible Illustrations by Sweet Media).jpg,42_Lk_04_08_RG.jpg 40_Mt_04_08_RG.jpg,Gospel harmony (Sweet Publishing),<!-- Also Gospel of Matthew Chapter 4-8 (Bible...).jpg-->Matthew 04:01-11 / Luke 04:13 / The Temptation of Jesus
File:Gospel of Luke Chapter 4-8 (Bible Illustrations by Sweet Media).jpg,42_Lk_04_08_RG.jpg 40_Mt_04_08_RG.jpg,Gospel of Luke,04:13 / The Temptation of Jesus
File:Gospel of Luke Chapter 4-8 (Bible Illustrations by Sweet Media).jpg,42_Lk_04_08_RG.jpg 40_Mt_04_08_RG.jpg,Gospel of Matthew,Matthew 04:11 / The Temptation of Jesus
File:Gospel of John Chapter 1-1 (Bible Illustrations by Sweet Media).jpg,42_Lk_03_10_RG.jpg 43_Jn_01_01_RG.jpg 41_Mk_01_04_RG.jpg 40_Mt_03_05_RG.jpg,Gospel harmony (Sweet Publishing),John 01:19-20 / John's testimony to Jesus
File:Gospel of John Chapter 1-1 (Bible Illustrations by Sweet Media).jpg,42_Lk_03_10_RG.jpg 43_Jn_01_01_RG.jpg 41_Mk_01_04_RG.jpg 40_Mt_03_05_RG.jpg,Gospel of John,John 01:19-20 / John's testimony to Jesus
File:Gospel of John Chapter 1-3 (Bible Illustrations by Sweet Media).jpg,42_Lk_03_11_RG.jpg 43_Jn_01_03_RG.jpg 41_Mk_01_07_RG.jpg 40_Mt_03_08_RG.jpg,Gospel harmony (Sweet Publishing),John 01:32-33 / Andrew/Another
File:Gospel of John Chapter 1-3 (Bible Illustrations by Sweet Media).jpg,42_Lk_03_11_RG.jpg 43_Jn_01_03_RG.jpg 41_Mk_01_07_RG.jpg 40_Mt_03_08_RG.jpg,Gospel of John,John 01:32-33 / Andrew/Another
File:Gospel of John Chapter 1-4 (Bible Illustrations by Sweet Media).jpg,43_Jn_01_04_RG.jpg,Gospel harmony (Sweet Publishing),"John 01:29-35, 35-36 / Andrew/Another"
File:Gospel of John Chapter 1-4 (Bible Illustrations by Sweet Media).jpg,43_Jn_01_04_RG.jpg,Gospel of John,"John 01:29-35, 35-36 / Andrew/Another"
File:Gospel of John Chapter 1-5 (Bible Illustrations by Sweet Media).jpg,43_Jn_01_05_RG.jpg,Gospel harmony (Sweet Publishing),John 01:37-39a / Andrew/Another
File:Gospel of John Chapter 1-5 (Bible Illustrations by Sweet Media).jpg,43_Jn_01_05_RG.jpg,Gospel of John,John 01:37-39a / Andrew/Another
File:Gospel of John Chapter 1-6 (Bible Illustrations by Sweet Media).jpg,43_Jn_01_06_RG.jpg,Gospel harmony (Sweet Publishing),John 01:39b / Andrew/Another
File:Gospel of John Chapter 1-6 (Bible Illustrations by Sweet Media).jpg,43_Jn_01_06_RG.jpg,Gospel of John,John 01:39b / Andrew/Another
File:Gospel of John Chapter 1-7 (Bible Illustrations by Sweet Media).jpg,43_Jn_01_07_RG.jpg,Gospel harmony (Sweet Publishing),John 01:40-41 / Simon
File:Gospel of John Chapter 1-7 (Bible Illustrations by Sweet Media).jpg,43_Jn_01_07_RG.jpg,Gospel of John,John 01:40-41 / Simon
File:Gospel of John Chapter 1-8 (Bible Illustrations by Sweet Media).jpg,43_Jn_01_08_RG.jpg,Gospel harmony (Sweet Publishing),John 01:42 / Simon
File:Gospel of John Chapter 1-8 (Bible Illustrations by Sweet Media).jpg,43_Jn_01_08_RG.jpg,Gospel of John,John 01:42 / Simon
File:Gospel of John Chapter 1-9 (Bible Illustrations by Sweet Media).jpg,43_Jn_01_09_RG.jpg,Gospel harmony (Sweet Publishing),John 01:43-44 / Philip/Nathaniel
File:Gospel of John Chapter 1-9 (Bible Illustrations by Sweet Media).jpg,43_Jn_01_09_RG.jpg,Gospel of John,John 01:43-44 / Philip/Nathaniel
File:Gospel of John Chapter 1-10 (Bible Illustrations by Sweet Media).jpg,43_Jn_01_10_RG.jpg,Gospel harmony (Sweet Publishing),John 01:45 / Philip/Nathaniel
File:Gospel of John Chapter 1-10 (Bible Illustrations by Sweet Media).jpg,43_Jn_01_10_RG.jpg,Gospel of John,John 01:45 / Philip/Nathaniel
File:Gospel of John Chapter 1-11 (Bible Illustrations by Sweet Media).jpg,18_Jb_32_01_RG.jpg 43_Jn_01_11_RG.jpg,Gospel harmony (Sweet Publishing),John 01:46 / Philip/Nathaniel
File:Gospel of John Chapter 1-11 (Bible Illustrations by Sweet Media).jpg,18_Jb_32_01_RG.jpg 43_Jn_01_11_RG.jpg,Gospel of John,John 01:46 / Philip/Nathaniel
File:Gospel of John Chapter 1-12 (Bible Illustrations by Sweet Media).jpg,43_Jn_01_12_RG.jpg,Gospel harmony (Sweet Publishing),John 01:47 / Philip/Nathaniel
File:Gospel of John Chapter 1-12 (Bible Illustrations by Sweet Media).jpg,43_Jn_01_12_RG.jpg,Gospel of John,John 01:47 / Philip/Nathaniel
File:Gospel of John Chapter 1-13 (Bible Illustrations by Sweet Media).jpg,43_Jn_01_13_RG.jpg,Gospel harmony (Sweet Publishing),John 01:48 / Philip/Nathaniel
File:Gospel of John Chapter 1-13 (Bible Illustrations by Sweet Media).jpg,43_Jn_01_13_RG.jpg,Gospel of John,John 01:48 / Philip/Nathaniel
File:Gospel of John Chapter 1-14 (Bible Illustrations by Sweet Media).jpg,43_Jn_01_14_RG.jpg,Gospel harmony (Sweet Publishing),John 01:49-51 / Philip/Nathaniel
File:Gospel of John Chapter 1-14 (Bible Illustrations by Sweet Media).jpg,43_Jn_01_14_RG.jpg,Gospel of John,John 01:49-51 / Philip/Nathaniel
File:Gospel of John Chapter 2-1 (Bible Illustrations by Sweet Media).jpg,43_Jn_02_01_RG.jpg,Gospel harmony (Sweet Publishing),John 02:1-2 / Marriage feast at Cana
File:Gospel of John Chapter 2-1 (Bible Illustrations by Sweet Media).jpg,43_Jn_02_01_RG.jpg,Gospel of John,John 02:1-2 / Marriage feast at Cana
File:Gospel of John Chapter 2-2 (Bible Illustrations by Sweet Media).jpg,43_Jn_02_02_RG.jpg,Gospel harmony (Sweet Publishing),John 02:1-2 / Marriage feast at Cana
File:Gospel of John Chapter 2-2 (Bible Illustrations by Sweet Media).jpg,43_Jn_02_02_RG.jpg,Gospel of John,John 02:1-2 / Marriage feast at Cana
File:Gospel of John Chapter 2-3 (Bible Illustrations by Sweet Media).jpg,43_Jn_02_03_RG.jpg,Gospel harmony (Sweet Publishing),John 02:3a / Marriage feast at Cana
File:Gospel of John Chapter 2-3 (Bible Illustrations by Sweet Media).jpg,43_Jn_02_03_RG.jpg,Gospel of John,John 02:3a / Marriage feast at Cana
File:Gospel of John Chapter 2-4 (Bible Illustrations by Sweet Media).jpg,43_Jn_02_04_RG.jpg,Gospel harmony (Sweet Publishing),John 02:3b-4 / Marriage feast at Cana
File:Gospel of John Chapter 2-4 (Bible Illustrations by Sweet Media).jpg,43_Jn_02_04_RG.jpg,Gospel of John,John 02:3b-4 / Marriage feast at Cana
File:Gospel of John Chapter 2-5 (Bible Illustrations by Sweet Media).jpg,43_Jn_02_05_RG.jpg,Gospel harmony (Sweet Publishing),John 02:5-6 / Marriage feast at Cana
File:Gospel of John Chapter 2-5 (Bible Illustrations by Sweet Media).jpg,43_Jn_02_05_RG.jpg,Gospel of John,John 02:5-6 / Marriage feast at Cana
File:Gospel of John Chapter 2-6 (Bible Illustrations by Sweet Media).jpg,43_Jn_02_06_RG.jpg,Gospel harmony (Sweet Publishing),John 02:7 / Marriage feast at Cana
File:Gospel of John Chapter 2-6 (Bible Illustrations by Sweet Media).jpg,43_Jn_02_06_RG.jpg,Gospel of John,John 02:7 / Marriage feast at Cana
File:Gospel of John Chapter 2-7 (Bible Illustrations by Sweet Media).jpg,43_Jn_02_07_RG.jpg,Gospel harmony (Sweet Publishing),John 02:8 / Marriage feast at Cana
File:Gospel of John Chapter 2-7 (Bible Illustrations by Sweet Media).jpg,43_Jn_02_07_RG.jpg,Gospel of John,John 02:8 / Marriage feast at Cana
File:Gospel of John Chapter 2-8 (Bible Illustrations by Sweet Media).jpg,43_Jn_02_08_RG.jpg,Gospel harmony (Sweet Publishing),John 02:9a / Marriage feast at Cana
File:Gospel of John Chapter 2-8 (Bible Illustrations by Sweet Media).jpg,43_Jn_02_08_RG.jpg,Gospel of John,John 02:9a / Marriage feast at Cana
File:Gospel of John Chapter 2-9 (Bible Illustrations by Sweet Media).jpg,43_Jn_02_09_RG.jpg,Gospel harmony (Sweet Publishing),John 02:9b-10 / Marriage feast at Cana
File:Gospel of John Chapter 2-9 (Bible Illustrations by Sweet Media).jpg,43_Jn_02_09_RG.jpg,Gospel of John,John 02:9b-10 / Marriage feast at Cana
File:Gospel of John Chapter 2-10 (Bible Illustrations by Sweet Media).jpg,43_Jn_02_10_RG.jpg,Gospel harmony (Sweet Publishing),John 02:9b-10 / Marriage feast at Cana
File:Gospel of John Chapter 2-10 (Bible Illustrations by Sweet Media).jpg,43_Jn_02_10_RG.jpg,Gospel of John,John 02:9b-10 / Marriage feast at Cana
File:Gospel of John Chapter 2-11 (Bible Illustrations by Sweet Media).jpg,43_Jn_02_11_RG.jpg,Gospel harmony (Sweet Publishing),John 02:11 / Marriage feast at Cana
File:Gospel of John Chapter 2-11 (Bible Illustrations by Sweet Media).jpg,43_Jn_02_11_RG.jpg,Gospel of John,John 02:11 / Marriage feast at Cana
File:Gospel of John Chapter 2-12 (Bible Illustrations by Sweet Media).jpg,43_Jn_02_12_RG.jpg,Gospel harmony (Sweet Publishing),John 02:12 / Short trip to Capernaum
File:Gospel of John Chapter 2-12 (Bible Illustrations by Sweet Media).jpg,43_Jn_02_12_RG.jpg,Gospel of John,John 02:12 / Short trip to Capernaum
File:Gospel of John Chapter 3-1 (Bible Illustrations by Sweet Media).jpg,17_Es_03_01_RG.jpg 43_Jn_03_01_RG.jpg,Gospel harmony (Sweet Publishing),John 03:01-21 / Jesus and Nicodemus
File:Gospel of John Chapter 3-1 (Bible Illustrations by Sweet Media).jpg,17_Es_03_01_RG.jpg 43_Jn_03_01_RG.jpg,Gospel of John,John 03:1-2 / Jesus and Nicodemus
File:Gospel of John Chapter 3-2 (Bible Illustrations by Sweet Media).jpg,43_Jn_03_02_RG.jpg,Gospel harmony (Sweet Publishing),John 03:01-21 / Jesus and Nicodemus
File:Gospel of John Chapter 3-2 (Bible Illustrations by Sweet Media).jpg,43_Jn_03_02_RG.jpg,Gospel of John,John 03:3-21 / Jesus and Nicodemus
File:Gospel of John Chapter 3-4 (Bible Illustrations by Sweet Media).jpg,43_Jn_03_04_RG.jpg,Gospel harmony (Sweet Publishing),John 03:01-21 / Jesus and Nicodemus
File:Gospel of John Chapter 3-4 (Bible Illustrations by Sweet Media).jpg,43_Jn_03_04_RG.jpg,Gospel of John,John 03:9 / Jesus and Nicodemus
File:Gospel of John Chapter 3-3 (Bible Illustrations by Sweet Media).jpg,43_Jn_03_03_RG.jpg,Gospel harmony (Sweet Publishing),John 03:22-24 / Jesus disciples' and John baptizing
File:Gospel of John Chapter 3-3 (Bible Illustrations by Sweet Media).jpg,43_Jn_03_03_RG.jpg,Gospel of John,John 03:22 / Jesus disciples' and John baptizing
File:Gospel of Mark Chapter 1-19 (Bible Illustrations by Sweet Media).jpg,42_Lk_03_12_RG.jpg 41_Mk_01_19_RG.jpg 40_Mt_04_09_RG.jpg,Gospel harmony (Sweet Publishing),Matthew 04:12 / John placed in prison
File:Gospel of Mark Chapter 1-19 (Bible Illustrations by Sweet Media).jpg,42_Lk_03_12_RG.jpg 41_Mk_01_19_RG.jpg 40_Mt_04_09_RG.jpg,Gospel harmony (Sweet Publishing),Luke 03:19 / Jesus leaves for Galilee
File:Gospel of Mark Chapter 1-19 (Bible Illustrations by Sweet Media).jpg,42_Lk_03_12_RG.jpg 41_Mk_01_19_RG.jpg 40_Mt_04_09_RG.jpg,Gospel of Luke,Luke 03:19 / Jesus leaves for Galilee
File:Gospel of Mark Chapter 1-19 (Bible Illustrations by Sweet Media).jpg,42_Lk_03_12_RG.jpg 41_Mk_01_19_RG.jpg 40_Mt_04_09_RG.jpg,Gospel of Matthew,Matthew 04:12 / John placed in prison
File:Gospel of John Chapter 4-1 (Bible Illustrations by Sweet Media).jpg,43_Jn_04_01_RG.jpg,Gospel harmony (Sweet Publishing),John 04:05-42 / Jesus and the Samaritan woman (Nov. of 27)
File:Gospel of John Chapter 4-1 (Bible Illustrations by Sweet Media).jpg,43_Jn_04_01_RG.jpg,Gospel of John,John 04:4-6 / Jesus and the Samaritan woman (Nov. of 27)
File:Gospel of John Chapter 4-2 (Bible Illustrations by Sweet Media).jpg,43_Jn_04_02_RG.jpg,Gospel harmony (Sweet Publishing),John 04:05-42 / Jesus and the Samaritan woman (Nov. of 27)
File:Gospel of John Chapter 4-2 (Bible Illustrations by Sweet Media).jpg,43_Jn_04_02_RG.jpg,Gospel of John,John 04:7-9 / Jesus and the Samaritan woman (Nov. of 27)
File:Gospel of John Chapter 4-3 (Bible Illustrations by Sweet Media).jpg,43_Jn_04_03_RG.jpg,Gospel harmony (Sweet Publishing),John 04:05-42 / Jesus and the Samaritan woman (Nov. of 27)
File:Gospel of John Chapter 4-3 (Bible Illustrations by Sweet Media).jpg,43_Jn_04_03_RG.jpg,Gospel of John,John 04:10 / Jesus and the Samaritan woman (Nov. of 27)
File:Gospel of John Chapter 4-4 (Bible Illustrations by Sweet Media).jpg,43_Jn_04_04_RG.jpg,Gospel harmony (Sweet Publishing),John 04:05-42 / Jesus and the Samaritan woman (Nov. of 27)
File:Gospel of John Chapter 4-4 (Bible Illustrations by Sweet Media).jpg,43_Jn_04_04_RG.jpg,Gospel of John,John 04:11-12 / Jesus and the Samaritan woman (Nov. of 27)
File:Gospel of John Chapter 4-5 (Bible Illustrations by Sweet Media).jpg,43_Jn_04_05_RG.jpg,Gospel harmony (Sweet Publishing),John 04:05-42 / Jesus and the Samaritan woman (Nov. of 27)
File:Gospel of John Chapter 4-5 (Bible Illustrations by Sweet Media).jpg,43_Jn_04_05_RG.jpg,Gospel of John,John 04:13-15 / Jesus and the Samaritan woman (Nov. of 27)
File:Gospel of John Chapter 4-6 (Bible Illustrations by Sweet Media).jpg,43_Jn_04_06_RG.jpg,Gospel harmony (Sweet Publishing),John 04:05-42 / Jesus and the Samaritan woman (Nov. of 27)
File:Gospel of John Chapter 4-6 (Bible Illustrations by Sweet Media).jpg,43_Jn_04_06_RG.jpg,Gospel of John,John 04:16-18 / Jesus and the Samaritan woman (Nov. of 27)
File:Gospel of John Chapter 4-7 (Bible Illustrations by Sweet Media).jpg,43_Jn_04_07_RG.jpg,Gospel harmony (Sweet Publishing),John 04:05-42 / Jesus and the Samaritan woman (Nov. of 27)
File:Gospel of John Chapter 4-7 (Bible Illustrations by Sweet Media).jpg,43_Jn_04_07_RG.jpg,Gospel of John,John 04:19-20 / Jesus and the Samaritan woman (Nov. of 27)
File:Gospel of John Chapter 4-8 (Bible Illustrations by Sweet Media).jpg,43_Jn_04_08_RG.jpg,Gospel harmony (Sweet Publishing),John 04:05-42 / Jesus and the Samaritan woman (Nov. of 27)
File:Gospel of John Chapter 4-8 (Bible Illustrations by Sweet Media).jpg,43_Jn_04_08_RG.jpg,Gospel of John,John 04:21-25 / Jesus and the Samaritan woman (Nov. of 27)
File:Gospel of John Chapter 4-9 (Bible Illustrations by Sweet Media).jpg,43_Jn_04_09_RG.jpg,Gospel harmony (Sweet Publishing),John 04:05-42 / Jesus and the Samaritan woman (Nov. of 27)
File:Gospel of John Chapter 4-9 (Bible Illustrations by Sweet Media).jpg,43_Jn_04_09_RG.jpg,Gospel of John,John 04:26 / Jesus and the Samaritan woman (Nov. of 27)
File:Gospel of John Chapter 4-10 (Bible Illustrations by Sweet Media).jpg,43_Jn_04_10_RG.jpg,Gospel harmony (Sweet Publishing),John 04:05-42 / Jesus and the Samaritan woman (Nov. of 27)
File:Gospel of John Chapter 4-10 (Bible Illustrations by Sweet Media).jpg,43_Jn_04_10_RG.jpg,Gospel of John,John 04:28-29 / Jesus and the Samaritan woman (Nov. of 27)
File:Gospel of Mark Chapter 1-14 (Bible Illustrations by Sweet Media).jpg,42_Lk_04_20_RG.jpg 41_Mk_01_14_RG.jpg 40_Mt_08_01_RG.jpg,Gospel harmony (Sweet Publishing),Matthew 04:17 / Jesus arrives in Galilee
File:Gospel of Mark Chapter 1-14 (Bible Illustrations by Sweet Media).jpg,42_Lk_04_20_RG.jpg 41_Mk_01_14_RG.jpg 40_Mt_08_01_RG.jpg,Gospel harmony (Sweet Publishing),Luke 04:31a / Jesus' stays at Capernaum
File:Gospel of Mark Chapter 1-14 (Bible Illustrations by Sweet Media).jpg,42_Lk_04_20_RG.jpg 41_Mk_01_14_RG.jpg 40_Mt_08_01_RG.jpg,Gospel of Luke,04:31a / Jesus' stays at Capernaum
File:Gospel of Mark Chapter 1-14 (Bible Illustrations by Sweet Media).jpg,42_Lk_04_20_RG.jpg 41_Mk_01_14_RG.jpg 40_Mt_08_01_RG.jpg,Gospel of Matthew,Matthew 04:17 / Jesus arrives in Galilee
File:Gospel of Mark Chapter 1-14 (Bible Illustrations by Sweet Media).jpg,42_Lk_04_20_RG.jpg 41_Mk_01_14_RG.jpg 40_Mt_08_01_RG.jpg,Gospel of Matthew,Matthew 04:17 / Jesus arrives in Galilee
File:Gospel of John Chapter 4-11 (Bible Illustrations by Sweet Media).jpg,43_Jn_04_11_RG.jpg,Gospel harmony (Sweet Publishing),John 04:05-43 / Jesus and the Samaritan woman (Nov. of 27)
File:Gospel of John Chapter 4-11 (Bible Illustrations by Sweet Media).jpg,43_Jn_04_11_RG.jpg,Gospel of John,"John 04:30, 39-42 / Jesus and the Samaritan woman (Nov. of 27)"
File:Gospel of Luke Chapter 4-9 (Bible Illustrations by Sweet Media).jpg,42_Lk_04_09_RG.jpg,Gospel harmony (Sweet Publishing),Luke 04:16-21 / Jesus rejected 1st time at Nazareth
File:Gospel of Luke Chapter 4-9 (Bible Illustrations by Sweet Media).jpg,42_Lk_04_09_RG.jpg,Gospel of Luke,04:16-21 / Jesus rejected 1st time at Nazareth
File:Gospel of Luke Chapter 4-10 (Bible Illustrations by Sweet Media).jpg,42_Lk_04_10_RG.jpg,Gospel harmony (Sweet Publishing),Luke 04:17a / Jesus rejected 1st time at Nazareth
File:Gospel of Luke Chapter 4-10 (Bible Illustrations by Sweet Media).jpg,42_Lk_04_10_RG.jpg,Gospel of Luke,04:17a / Jesus rejected 1st time at Nazareth
File:Gospel of Luke Chapter 4-11 (Bible Illustrations by Sweet Media).jpg,42_Lk_04_11_RG.jpg,Gospel harmony (Sweet Publishing),Luke 04:17b-19 / Jesus rejected 1st time at Nazareth
File:Gospel of Luke Chapter 4-11 (Bible Illustrations by Sweet Media).jpg,42_Lk_04_11_RG.jpg,Gospel of Luke,04:17b-19 / Jesus rejected 1st time at Nazareth
File:Gospel of Luke Chapter 4-12 (Bible Illustrations by Sweet Media).jpg,42_Lk_04_12_RG.jpg,Gospel harmony (Sweet Publishing),Luke 04:17b-19 / Jesus rejected 1st time at Nazareth
File:Gospel of Luke Chapter 4-12 (Bible Illustrations by Sweet Media).jpg,42_Lk_04_12_RG.jpg,Gospel of Luke,04:17b-19 / Jesus rejected 1st time at Nazareth
File:Gospel of Luke Chapter 4-13 (Bible Illustrations by Sweet Media).jpg,42_Lk_04_13_RG.jpg,Gospel harmony (Sweet Publishing),Luke 04:20-21 / Jesus rejected 1st time at Nazareth
File:Gospel of Luke Chapter 4-13 (Bible Illustrations by Sweet Media).jpg,42_Lk_04_13_RG.jpg,Gospel of Luke,04:20-21 / Jesus rejected 1st time at Nazareth
File:Gospel of Luke Chapter 4-14 (Bible Illustrations by Sweet Media).jpg,42_Lk_04_14_RG.jpg,Gospel harmony (Sweet Publishing),Luke 04:22 / Jesus rejected 1st time at Nazareth
File:Gospel of Luke Chapter 4-14 (Bible Illustrations by Sweet Media).jpg,42_Lk_04_14_RG.jpg,Gospel of Luke,04:22 / Jesus rejected 1st time at Nazareth
File:Gospel of Luke Chapter 4-15 (Bible Illustrations by Sweet Media).jpg,42_Lk_04_15_RG.jpg,Gospel harmony (Sweet Publishing),Luke 04:23 / Jesus rejected 1st time at Nazareth
File:Gospel of Luke Chapter 4-15 (Bible Illustrations by Sweet Media).jpg,42_Lk_04_15_RG.jpg,Gospel of Luke,04:23 / Jesus rejected 1st time at Nazareth
File:Gospel of Luke Chapter 4-16 (Bible Illustrations by Sweet Media).jpg,42_Lk_04_16_RG.jpg,Gospel harmony (Sweet Publishing),Luke 04:24-27 / Jesus rejected 1st time at Nazareth
File:Gospel of Luke Chapter 4-16 (Bible Illustrations by Sweet Media).jpg,42_Lk_04_16_RG.jpg,Gospel of Luke,04:24-27 / Jesus rejected 1st time at Nazareth
File:Gospel of Luke Chapter 4-17 (Bible Illustrations by Sweet Media).jpg,42_Lk_04_17_RG.jpg,Gospel harmony (Sweet Publishing),Luke 04:28 / Jesus rejected 1st time at Nazareth
File:Gospel of Luke Chapter 4-17 (Bible Illustrations by Sweet Media).jpg,42_Lk_04_17_RG.jpg,Gospel of Luke,04:28 / Jesus rejected 1st time at Nazareth
File:Gospel of Luke Chapter 4-18 (Bible Illustrations by Sweet Media).jpg,42_Lk_04_18_RG.jpg,Gospel harmony (Sweet Publishing),Luke 04:29 / Jesus rejected 1st time at Nazareth
File:Gospel of Luke Chapter 4-18 (Bible Illustrations by Sweet Media).jpg,42_Lk_04_18_RG.jpg,Gospel of Luke,04:29 / Jesus rejected 1st time at Nazareth
File:Gospel of Luke Chapter 4-19 (Bible Illustrations by Sweet Media).jpg,42_Lk_04_19_RG.jpg,Gospel harmony (Sweet Publishing),Luke 04:30 / Jesus rejected 1st time at Nazareth
File:Gospel of Luke Chapter 4-19 (Bible Illustrations by Sweet Media).jpg,42_Lk_04_19_RG.jpg,Gospel of Luke,04:30 / Jesus rejected 1st time at Nazareth
File:Gospel of Mark Chapter 1-10 (Bible Illustrations by Sweet Media).jpg,41_Mk_01_10_RG.jpg,Gospel harmony (Sweet Publishing),Mark 01:21-28 / Demoniac healed in Synagogue
File:Gospel of Mark Chapter 1-11 (Bible Illustrations by Sweet Media).jpg,41_Mk_01_11_RG.jpg,Gospel harmony (Sweet Publishing),Mark 01:21-28 / Demoniac healed in Synagogue
File:Gospel of Mark Chapter 1-12 (Bible Illustrations by Sweet Media).jpg,41_Mk_01_12_RG.jpg,Gospel harmony (Sweet Publishing),Mark 01:21-28 / Demoniac healed in Synagogue
File:Gospel of Mark Chapter 1-13 (Bible Illustrations by Sweet Media).jpg,41_Mk_01_13_RG.jpg,Gospel harmony (Sweet Publishing),Mark 01:21-28 / Demoniac healed in Synagogue
File:Gospel of Mark Chapter 1-15 (Bible Illustrations by Sweet Media).jpg,42_Lk_04_21_RG.jpg 41_Mk_01_15_RG.jpg 40_Mt_08_02_RG.jpg,Gospel harmony (Sweet Publishing),<!-- Also Gospel of Matthew Chapter 8-2 (Bible...).jpg--> / Luke 04:38-39 / Jesus' heals Peter's mother-in-law
File:Gospel of Mark Chapter 1-15 (Bible Illustrations by Sweet Media).jpg,42_Lk_04_21_RG.jpg 41_Mk_01_15_RG.jpg 40_Mt_08_02_RG.jpg,Gospel of Luke,04:38-39 / Jesus' heals Peter's mother-in-law
File:Gospel of Luke Chapter 4-22 (Bible Illustrations by Sweet Media).jpg,42_LK_04_22_RG.jpg 40_Mt_15_01_RG.jpg,Gospel harmony (Sweet Publishing),Luke 04:40-41 / Others healed in the evening
File:Gospel of Luke Chapter 4-22 (Bible Illustrations by Sweet Media).jpg,42_LK_04_22_RG.jpg 40_Mt_15_01_RG.jpg,Gospel harmony (Sweet Publishing),Matthew 15:29-31 / Jesus' many miracles
File:Gospel of Luke Chapter 4-22 (Bible Illustrations by Sweet Media).jpg,42_LK_04_22_RG.jpg 40_Mt_15_01_RG.jpg,Gospel of Luke,04:40-41 / Others healed in the evening
File:Gospel of Luke Chapter 4-22 (Bible Illustrations by Sweet Media).jpg,42_LK_04_22_RG.jpg 40_Mt_15_01_RG.jpg,Gospel of Matthew,Matthew 15:29-31 / Jesus' many miracles
File:Gospel of Luke Chapter 4-23 (Bible Illustrations by Sweet Media).jpg,42_Lk_04_23_RG.jpg 41_Mk_01_17_RG.jpg,Gospel harmony (Sweet Publishing),Luke 04:42a / Jesus prays alone
File:Gospel of Luke Chapter 4-23 (Bible Illustrations by Sweet Media).jpg,42_Lk_04_23_RG.jpg 41_Mk_01_17_RG.jpg,Gospel of Luke,04:42a / Jesus prays alone
File:Gospel of Luke Chapter 4-24 (Bible Illustrations by Sweet Media).jpg,42_Lk_04_24_RG.jpg 41_Mk_01_18_RG.jpg,Gospel harmony (Sweet Publishing),Luke 04:42a / Jesus prays alone
File:Gospel of Luke Chapter 4-24 (Bible Illustrations by Sweet Media).jpg,42_Lk_04_24_RG.jpg 41_Mk_01_18_RG.jpg,Gospel of Luke,04:42a / Jesus prays alone
File:Gospel of Mark Chapter 2-1 (Bible Illustrations by Sweet Media).jpg,41_Mk_02_01_RG.jpg,Gospel harmony (Sweet Publishing),Mark 02:01-12 / Jesus heals a paralytic
File:Gospel of Mark Chapter 2-2 (Bible Illustrations by Sweet Media).jpg,41_Mk_02_02_RG.jpg,Gospel harmony (Sweet Publishing),Mark 02:01-12 / Jesus heals a paralytic
File:Gospel of Luke Chapter 5-1 (Bible Illustrations by Sweet Media).jpg,42_Lk_05_01_RG.jpg 41_Mk_02_03_RG.jpg,Gospel harmony (Sweet Publishing),<!-- Also Gospel of Mark Chapter 2-3 (Bible...).jpg--> / Mark 02:01-12 / Luke 05:17 / Jesus heals a paralytic
File:Gospel of Luke Chapter 5-1 (Bible Illustrations by Sweet Media).jpg,42_Lk_05_01_RG.jpg 41_Mk_02_03_RG.jpg,Gospel of Luke,Luke 05:17 / Jesus heals a paralytic
File:Gospel of Luke Chapter 5-2 (Bible Illustrations by Sweet Media).jpg,42_Lk_05_02_RG.jpg 41_Mk_02_04_RG.jpg,Gospel harmony (Sweet Publishing),<!-- Also Gospel of Mark Chapter 2-4 (Bible...).jpg--> / Mark 02:01-12 / Luke 05:18 / Jesus heals a paralytic
File:Gospel of Luke Chapter 5-2 (Bible Illustrations by Sweet Media).jpg,42_Lk_05_02_RG.jpg 41_Mk_02_04_RG.jpg,Gospel of Luke,Luke 05:18 / Jesus heals a paralytic
File:Gospel of Luke Chapter 5-3 (Bible Illustrations by Sweet Media).jpg,42_Lk_05_03_RG.jpg 41_Mk_02_05_RG.jpg,Gospel harmony (Sweet Publishing),Luke 05:19a / Jesus heals a paralytic
File:Gospel of Luke Chapter 5-3 (Bible Illustrations by Sweet Media).jpg,42_Lk_05_03_RG.jpg 41_Mk_02_05_RG.jpg,Gospel of Luke,Luke 05:19a / Jesus heals a paralytic
File:Gospel of Luke Chapter 5-4 (Bible Illustrations by Sweet Media).jpg,42_Lk_05_04_RG.jpg 41_Mk_02_06_RG.jpg,Gospel harmony (Sweet Publishing),Luke 05:19b / Jesus heals a paralytic
File:Gospel of Luke Chapter 5-4 (Bible Illustrations by Sweet Media).jpg,42_Lk_05_04_RG.jpg 41_Mk_02_06_RG.jpg,Gospel of Luke,Luke 05:19b / Jesus heals a paralytic
File:Gospel of Mark Chapter 2-7 (Bible Illustrations by Sweet Media).jpg,42_Lk_05_05_RG.jpg 41_Mk_02_07_RG.jpg,Gospel harmony (Sweet Publishing),Luke 05:20 / Jesus heals a paralytic
File:Gospel of Mark Chapter 2-7 (Bible Illustrations by Sweet Media).jpg,42_Lk_05_05_RG.jpg 41_Mk_02_07_RG.jpg,Gospel of Luke,Luke 05:20 / Jesus heals a paralytic
File:Gospel of Luke Chapter 5-6 (Bible Illustrations by Sweet Media).jpg,42_Lk_05_06_RG.jpg 41_Mk_02_08_RG.jpg,Gospel harmony (Sweet Publishing),Luke 05:21 / Jesus heals a paralytic
File:Gospel of Luke Chapter 5-6 (Bible Illustrations by Sweet Media).jpg,42_Lk_05_06_RG.jpg 41_Mk_02_08_RG.jpg,Gospel of Luke,Luke 05:21 / Jesus heals a paralytic
File:Gospel of Luke Chapter 5-7 (Bible Illustrations by Sweet Media).jpg,42_Lk_05_07_RG.jpg 41_Mk_02_09_RG.jpg,Gospel harmony (Sweet Publishing),Luke 05:22-23 / Jesus heals a paralytic
File:Gospel of Luke Chapter 5-7 (Bible Illustrations by Sweet Media).jpg,42_Lk_05_07_RG.jpg 41_Mk_02_09_RG.jpg,Gospel of Luke,Luke 05:22-23 / Jesus heals a paralytic
File:Gospel of Luke Chapter 5-8 (Bible Illustrations by Sweet Media).jpg,42_Lk_05_08_RG.jpg 41_Mk_02_10_RG.jpg,Gospel harmony (Sweet Publishing),Luke 05:24 / Jesus heals a paralytic
File:Gospel of Luke Chapter 5-8 (Bible Illustrations by Sweet Media).jpg,42_Lk_05_08_RG.jpg 41_Mk_02_10_RG.jpg,Gospel of Luke,Luke 05:24 / Jesus heals a paralytic
File:Gospel of Luke Chapter 5-9 (Bible Illustrations by Sweet Media).jpg,42_Lk_05_09_RG.jpg 41_Mk_02_11_RG.jpg,Gospel harmony (Sweet Publishing),Luke 05:25 / Jesus heals a paralytic
File:Gospel of Luke Chapter 5-9 (Bible Illustrations by Sweet Media).jpg,42_Lk_05_09_RG.jpg 41_Mk_02_11_RG.jpg,Gospel of Luke,Luke 05:25-26 / Jesus heals a paralytic
File:Gospel of Luke Chapter 5-10 (Bible Illustrations by Sweet Media).jpg,42_Lk_05_10_RG.jpg 41_Mk_02_12_RG.jpg,Gospel harmony (Sweet Publishing),<!-- Also Gospel of Mark Chapter 2-12 (Bible...).jpg--> / Mark 02:01-12 / Luke 05:26 / Jesus heals a paralytic
File:Gospel of Luke Chapter 5-11 (Bible Illustrations by Sweet Media).jpg,42_Lk_05_11_RG.jpg 41_Mk_02_13_RG.jpg,Gospel harmony (Sweet Publishing),Luke 05:27a / Jesus calls Matthew & eats at his home
File:Gospel of Luke Chapter 5-11 (Bible Illustrations by Sweet Media).jpg,42_Lk_05_11_RG.jpg 41_Mk_02_13_RG.jpg,Gospel of Luke,Luke 05:27a / Jesus calls Matthew & eats at his home
File:Gospel of Luke Chapter 5-12 (Bible Illustrations by Sweet Media).jpg,42_Lk_05_12_RG.jpg 41_Mk_02_14_RG.jpg,Gospel harmony (Sweet Publishing),Luke 05:27b-28 / Jesus calls Matthew & eats at his home
File:Gospel of Luke Chapter 5-12 (Bible Illustrations by Sweet Media).jpg,42_Lk_05_12_RG.jpg 41_Mk_02_14_RG.jpg,Gospel of Luke,Luke 05:27b-28 / Jesus calls Matthew & eats at his home
File:Gospel of Mark Chapter 2-15 (Bible Illustrations by Sweet Media).jpg,42_Lk_05_13_RG.jpg 41_Mk_02_15_RG.jpg,Gospel harmony (Sweet Publishing),Luke 05:29 / Jesus calls Matthew & eats at his home
File:Gospel of Mark Chapter 2-15 (Bible Illustrations by Sweet Media).jpg,42_Lk_05_13_RG.jpg 41_Mk_02_15_RG.jpg,Gospel of Luke,Luke 05:29 / Jesus calls Matthew & eats at his home
File:Gospel of Luke Chapter 5-14 (Bible Illustrations by Sweet Media).jpg,42_Lk_05_14_RG.jpg 41_Mk_02_16_RG.jpg,Gospel harmony (Sweet Publishing),Luke 05:30 / Conflict over fasting
File:Gospel of Luke Chapter 5-14 (Bible Illustrations by Sweet Media).jpg,42_Lk_05_14_RG.jpg 41_Mk_02_16_RG.jpg,Gospel of Luke,Luke 05:30 / Conflict over fasting
File:Gospel of Luke Chapter 5-15 (Bible Illustrations by Sweet Media).jpg,42_Lk_05_15_RG.jpg 41_Mk_02_17_RG.jpg,Gospel harmony (Sweet Publishing),Luke 05:30 / Conflict over fasting
File:Gospel of Luke Chapter 5-15 (Bible Illustrations by Sweet Media).jpg,42_Lk_05_15_RG.jpg 41_Mk_02_17_RG.jpg,Gospel of Luke,Luke 05:30 / Conflict over fasting
File:Gospel of Luke Chapter 5-16 (Bible Illustrations by Sweet Media).jpg,42_Lk_05_16_RG.jpg 41_Mk_02_18_RG.jpg,Gospel harmony (Sweet Publishing),Luke 05:31-32 / Conflict over fasting
File:Gospel of Luke Chapter 5-16 (Bible Illustrations by Sweet Media).jpg,42_Lk_05_16_RG.jpg 41_Mk_02_18_RG.jpg,Gospel of Luke,Luke 05:31-32 / Conflict over fasting
File:Gospel of John Chapter 6-2 (Bible Illustrations by Sweet Media).jpg,43_Jn_06_02_RG.jpg,Gospel harmony (Sweet Publishing),John 05:02-47 / Healing of the lame man at Bethesda pool
File:Gospel of John Chapter 6-2 (Bible Illustrations by Sweet Media).jpg,43_Jn_06_02_RG.jpg,Gospel of John,John 05:2-9 / Healing of the lame man at Bethesda pool
File:Gospel of Mark Chapter 2-19 (Bible Illustrations by Sweet Media).jpg,42_Lk_06_04_RG.jpg 41_Mk_02_19_RG.jpg 40_Mt_12_01_RG.jpg,Gospel harmony (Sweet Publishing),<!-- Also Gospel of Matthew Chapter 12-1 (Bible...).jpg-->Matthew 12:01-8 / Luke 06:01 / Conflict over eating grain on the Sabbath
File:Gospel of Mark Chapter 2-19 (Bible Illustrations by Sweet Media).jpg,42_Lk_06_04_RG.jpg 41_Mk_02_19_RG.jpg 40_Mt_12_01_RG.jpg,Gospel of Luke,Luke 06:01 / Conflict over eating grain on the Sabbath
File:Gospel of Mark Chapter 2-19 (Bible Illustrations by Sweet Media).jpg,42_Lk_06_04_RG.jpg 41_Mk_02_19_RG.jpg 40_Mt_12_01_RG.jpg,Gospel of Matthew,Matthew 12:01-8 / Conflict over eating grain on the Sabbath
File:Gospel of Luke Chapter 6-5 (Bible Illustrations by Sweet Media).jpg,42_Lk_06_05_RG.jpg 41_Mk_02_20_RG.jpg 40_Mt_12_02_RG.jpg,Gospel harmony (Sweet Publishing),<!-- Also Gospel of Matthew Chapter 12-2 (Bible...).jpg-->Matthew 12:01-8 / Luke 06:02 / Conflict over eating grain on the Sabbath
File:Gospel of Luke Chapter 6-5 (Bible Illustrations by Sweet Media).jpg,42_Lk_06_05_RG.jpg 41_Mk_02_20_RG.jpg 40_Mt_12_02_RG.jpg,Gospel of Luke,Luke 06:02 / Conflict over eating grain on the Sabbath
File:Gospel of Luke Chapter 6-5 (Bible Illustrations by Sweet Media).jpg,42_Lk_06_05_RG.jpg 41_Mk_02_20_RG.jpg 40_Mt_12_02_RG.jpg,Gospel of Matthew,Matthew 12:01-8 / Conflict over eating grain on the Sabbath
File:Gospel of Mark Chapter 2-21 (Bible Illustrations by Sweet Media).jpg,42_Lk_06_06_RG.jpg 41_Mk_02_21_RG.jpg 40_Mt_12_03_RG.jpg,Gospel harmony (Sweet Publishing),<!-- Also Gospel of Matthew Chapter 12-3 (Bible...).jpg-->Matthew 12:01-8 / Luke 06:03-4 / Conflict over eating grain on the Sabbath
File:Gospel of Mark Chapter 2-21 (Bible Illustrations by Sweet Media).jpg,42_Lk_06_06_RG.jpg 41_Mk_02_21_RG.jpg 40_Mt_12_03_RG.jpg,Gospel of Luke,Luke 06:03-4 / Conflict over eating grain on the Sabbath
File:Gospel of Mark Chapter 2-21 (Bible Illustrations by Sweet Media).jpg,42_Lk_06_06_RG.jpg 41_Mk_02_21_RG.jpg 40_Mt_12_03_RG.jpg,Gospel of Matthew,Matthew 12:01-8 / Conflict over eating grain on the Sabbath
File:Gospel of Matthew Chapter 12-4 (Bible Illustrations by Sweet Media).jpg,42_Lk_06_07_RG.jpg 41_Mk_02_22_RG.jpg 40_Mt_12_04_RG.jpg,Gospel harmony (Sweet Publishing),<!-- Also Gospel of Matthew Chapter 12-4 (Bible...).jpg-->Matthew 12:01-8 / Luke 06:05 / Conflict over eating grain on the Sabbath
File:Gospel of Matthew Chapter 12-4 (Bible Illustrations by Sweet Media).jpg,42_Lk_06_07_RG.jpg 41_Mk_02_22_RG.jpg 40_Mt_12_04_RG.jpg,Gospel of Luke,Luke 06:05 / Conflict over eating grain on the Sabbath
File:Gospel of Matthew Chapter 12-4 (Bible Illustrations by Sweet Media).jpg,42_Lk_06_07_RG.jpg 41_Mk_02_22_RG.jpg 40_Mt_12_04_RG.jpg,Gospel of Matthew,Matthew 12:01-8 / Conflict over eating grain on the Sabbath
File:Gospel of Luke Chapter 6-11 (Bible Illustrations by Sweet Media).jpg,42_Lk_06_11_RG.jpg 41_Mk_03_08_RG.jpg 40_Mt_12_08_RG.jpg,Gospel harmony (Sweet Publishing),Matthew 12:09-14 / Luke 06:06-7 / Healing of the man with the shriveled hand
File:Gospel of Luke Chapter 6-11 (Bible Illustrations by Sweet Media).jpg,42_Lk_06_11_RG.jpg 41_Mk_03_08_RG.jpg 40_Mt_12_08_RG.jpg,Gospel of Luke,Luke 06:06-7 / Healing of the man with the shriveled hand
File:Gospel of Luke Chapter 6-10 (Bible Illustrations by Sweet Media).jpg,42_Lk_06_10_RG.jpg 41_Mk_03_07_RG.jpg 40_Mt_12_07_RG.jpg,Gospel harmony (Sweet Publishing),Matthew 12:09-14 / Luke 06:08a / Healing of the man with the shriveled hand
File:Gospel of Luke Chapter 6-10 (Bible Illustrations by Sweet Media).jpg,42_Lk_06_10_RG.jpg 41_Mk_03_07_RG.jpg 40_Mt_12_07_RG.jpg,Gospel of Luke,Luke 06:08a / Healing of the man with the shriveled hand
File:Gospel of Mark Chapter 2-23 (Bible Illustrations by Sweet Media).jpg,42_Lk_06_08_RG.jpg 41_Mk_02_23_RG.jpg 40_Mt_12_05_RG.jpg,Gospel harmony (Sweet Publishing),<!-- Also Gospel of Matthew Chapter 12-5 (Bible...).jpg-->Matthew 12:09-14 / Luke 06:08b / Healing of the man with the shriveled hand
File:Gospel of Mark Chapter 2-23 (Bible Illustrations by Sweet Media).jpg,42_Lk_06_08_RG.jpg 41_Mk_02_23_RG.jpg 40_Mt_12_05_RG.jpg,Gospel of Luke,Luke 06:08b / Healing of the man with the shriveled hand
File:Gospel of Mark Chapter 2-23 (Bible Illustrations by Sweet Media).jpg,42_Lk_06_08_RG.jpg 41_Mk_02_23_RG.jpg 40_Mt_12_05_RG.jpg,Gospel of Matthew,Matthew 12:09-14 / Healing of the man with the shriveled hand
File:Gospel of Luke Chapter 6-9 (Bible Illustrations by Sweet Media).jpg,42_Lk_06_09_RG.jpg 41_Mk_03_06_RG.jpg 40_Mt_12_06_RG.jpg,Gospel harmony (Sweet Publishing),<!-- Also Gospel of Matthew Chapter 12-6 (Bible...).jpg-->Matthew 12:09-14 / Luke 06:09-10a / Healing of the man with the shriveled hand
File:Gospel of Luke Chapter 6-9 (Bible Illustrations by Sweet Media).jpg,42_Lk_06_09_RG.jpg 41_Mk_03_06_RG.jpg 40_Mt_12_06_RG.jpg,Gospel of Luke,Luke 06:09-10a / Healing of the man with the shriveled hand
File:Gospel of Luke Chapter 6-9 (Bible Illustrations by Sweet Media).jpg,42_Lk_06_09_RG.jpg 41_Mk_03_06_RG.jpg 40_Mt_12_06_RG.jpg,Gospel of Matthew,Matthew 12:09-14 / Healing of the man with the shriveled hand
File:Gospel of Luke Chapter 6-12 (Bible Illustrations by Sweet Media).jpg,42_Lk_06_12_RG.jpg 41_Mk_03_09_RG.jpg,Gospel harmony (Sweet Publishing),Matthew 12:09-14 / Luke 06:10b-11 / Healing of the man with the shriveled hand
File:Gospel of Luke Chapter 6-12 (Bible Illustrations by Sweet Media).jpg,42_Lk_06_12_RG.jpg 41_Mk_03_09_RG.jpg,Gospel of Luke,Luke 06:10b-11 / Healing of the man with the shriveled hand
File:Gospel of Mark Chapter 3-1 (Bible Illustrations by Sweet Media).jpg,41_Mk_03_01_RG.jpg,Gospel harmony (Sweet Publishing),Mark 03:07-12 / Continuation of healing ministry
File:Gospel of Mark Chapter 3-2 (Bible Illustrations by Sweet Media).jpg,42_Lk_06_01_RG.jpg 41_Mk_03_02_RG.jpg 40_Mt_10_01_RG.jpg,Gospel harmony (Sweet Publishing),<!-- Also Gospel of Matthew Chapter 10-1 (Bible...).jpg-->Matthew 10:02-4 / Luke 06:13-14a / Appointment of the 12
File:Gospel of Mark Chapter 3-2 (Bible Illustrations by Sweet Media).jpg,42_Lk_06_01_RG.jpg 41_Mk_03_02_RG.jpg 40_Mt_10_01_RG.jpg,Gospel of Luke,Luke 06:13-14a / Appointment of the 12
File:Gospel of Mark Chapter 3-2 (Bible Illustrations by Sweet Media).jpg,42_Lk_06_01_RG.jpg 41_Mk_03_02_RG.jpg 40_Mt_10_01_RG.jpg,Gospel of Matthew,Matthew 10:02-4 / Appointment of the 12
File:Gospel of Mark Chapter 3-3 (Bible Illustrations by Sweet Media).jpg,42_Lk_06_02_RG.jpg 41_Mk_03_03_RG.jpg 40_Mt_10_02_RG.jpg,Gospel harmony (Sweet Publishing),<!-- Also Gospel of Matthew Chapter 10-2 (Bible...).jpg-->Matthew 10:02-4 / Luke 06:14b-15a / Appointment of the 12
File:Gospel of Mark Chapter 3-3 (Bible Illustrations by Sweet Media).jpg,42_Lk_06_02_RG.jpg 41_Mk_03_03_RG.jpg 40_Mt_10_02_RG.jpg,Gospel of Luke,Luke 06:14b-15a / Appointment of the 12
File:Gospel of Mark Chapter 3-3 (Bible Illustrations by Sweet Media).jpg,42_Lk_06_02_RG.jpg 41_Mk_03_03_RG.jpg 40_Mt_10_02_RG.jpg,Gospel of Matthew,Matthew 10:02-4 / Appointment of the 12
File:Gospel of Mark Chapter 3-4 (Bible Illustrations by Sweet Media).jpg,42_Lk_06_03_RG.jpg 41_Mk_03_04_RG.jpg 40_Mt_10_03_RG.jpg,Gospel harmony (Sweet Publishing),<!-- Also Gospel of Matthew Chapter 10-3 (Bible...).jpg-->Matthew 10:02-4 / Luke 06:15b-16 / Appointment of the 12
File:Gospel of Mark Chapter 3-4 (Bible Illustrations by Sweet Media).jpg,42_Lk_06_03_RG.jpg 41_Mk_03_04_RG.jpg 40_Mt_10_03_RG.jpg,Gospel of Luke,Luke 06:15b-16 / Appointment of the 12
File:Gospel of Mark Chapter 3-4 (Bible Illustrations by Sweet Media).jpg,42_Lk_06_03_RG.jpg 41_Mk_03_04_RG.jpg 40_Mt_10_03_RG.jpg,Gospel of Matthew,Matthew 10:02-4 / Appointment of the 12
File:Gospel of Mark Chapter 3-5 (Bible Illustrations by Sweet Media).jpg,42_Lk_09_01_RG.jpg 41_Mk_03_05_RG.jpg 40_Mt_10_04_RG.jpg,Gospel harmony (Sweet Publishing),<!-- Also Gospel of Mark Chapter 3-5 (Bible...).jpg-->Matthew 10:02-4 / Mark 03:13-19 / Appointment of the 12
File:Gospel of Mark Chapter 3-5 (Bible Illustrations by Sweet Media).jpg,42_Lk_09_01_RG.jpg 41_Mk_03_05_RG.jpg 40_Mt_10_04_RG.jpg,Gospel harmony (Sweet Publishing),Luke 09:01-2 / Jesus sends the 12 to preach/heal
File:Gospel of Mark Chapter 3-5 (Bible Illustrations by Sweet Media).jpg,42_Lk_09_01_RG.jpg 41_Mk_03_05_RG.jpg 40_Mt_10_04_RG.jpg,Gospel of Luke,Luke 09:01-2 / Jesus sends the 12 to preach/heal
File:Gospel of Mark Chapter 3-5 (Bible Illustrations by Sweet Media).jpg,42_Lk_09_01_RG.jpg 41_Mk_03_05_RG.jpg 40_Mt_10_04_RG.jpg,Gospel of Matthew,Matthew 10:02-4 / Appointment of the 12
File:Gospel of Matthew Chapter 5-1 (Bible Illustrations by Sweet Media).jpg,40_Mt_05_01_RG.jpg,Gospel harmony (Sweet Publishing),Matthew 05:01-7:29 / Sermon on the Mount / Plain
File:Gospel of Matthew Chapter 5-1 (Bible Illustrations by Sweet Media).jpg,40_Mt_05_01_RG.jpg,Gospel of Matthew,Matthew 05:01-7:29 / Sermon on the Mount / Plain
File:Gospel of Luke Chapter 6-13 (Bible Illustrations by Sweet Media).jpg,42_Lk_06_13_RG.jpg 40_Mt_05_02_RG.jpg,Gospel harmony (Sweet Publishing),Matthew 05:01-7:29 / Luke 06:20-45 / Sermon on the Mount / Plain
File:Gospel of Luke Chapter 6-13 (Bible Illustrations by Sweet Media).jpg,42_Lk_06_13_RG.jpg 40_Mt_05_02_RG.jpg,Gospel of Luke,Luke 06:20-45 / Sermon on the Mount / Plain
File:Gospel of Luke Chapter 6-14 (Bible Illustrations by Sweet Media).jpg,42_Lk_06_14_RG.jpg 40_Mt_05_03_RG.jpg,Gospel harmony (Sweet Publishing),Matthew 05:01-7:29 / Luke 06:20-45 / Sermon on the Mount / Plain
File:Gospel of Luke Chapter 6-14 (Bible Illustrations by Sweet Media).jpg,42_Lk_06_14_RG.jpg 40_Mt_05_03_RG.jpg,Gospel of Luke,Luke 06:20-45 / Sermon on the Mount / Plain
File:Gospel of Matthew Chapter 5-4 (Bible Illustrations by Sweet Media).jpg,40_Mt_05_04_RG.jpg,Gospel harmony (Sweet Publishing),Matthew 05:01-7:29 / Sermon on the Mount / Plain
File:Gospel of Matthew Chapter 5-4 (Bible Illustrations by Sweet Media).jpg,40_Mt_05_04_RG.jpg,Gospel of Matthew,Matthew 05:01-7:29 / Sermon on the Mount / Plain
File:Gospel of Luke Chapter 6-15 (Bible Illustrations by Sweet Media).jpg,42_Lk_06_15_RG.jpg 40_Mt_05_05_RG.jpg,Gospel harmony (Sweet Publishing),Matthew 05:01-7:29 / Luke 06:29a / Sermon on the Mount / Plain
File:Gospel of Luke Chapter 6-15 (Bible Illustrations by Sweet Media).jpg,42_Lk_06_15_RG.jpg 40_Mt_05_05_RG.jpg,Gospel of Luke,Luke 06:29a / Sermon on the Mount / Plain
File:Gospel of Luke Chapter 6-16 (Bible Illustrations by Sweet Media).jpg,42_Lk_06_16_RG.jpg 40_Mt_05_06_RG.jpg,Gospel harmony (Sweet Publishing),Matthew 05:01-7:29 / Luke 06:30 / Sermon on the Mount / Plain
File:Gospel of Luke Chapter 6-16 (Bible Illustrations by Sweet Media).jpg,42_Lk_06_16_RG.jpg 40_Mt_05_06_RG.jpg,Gospel of Luke,Luke 06:30 / Sermon on the Mount / Plain
File:Gospel of Matthew Chapter 5-7 (Bible Illustrations by Sweet Media).jpg,40_Mt_05_07_RG.jpg,Gospel harmony (Sweet Publishing),Matthew 05:01-7:29 / Sermon on the Mount / Plain
File:Gospel of Matthew Chapter 5-7 (Bible Illustrations by Sweet Media).jpg,40_Mt_05_07_RG.jpg,Gospel of Matthew,Matthew 05:01-7:29 / Sermon on the Mount / Plain
File:Gospel of Matthew Chapter 5-8 (Bible Illustrations by Sweet Media).jpg,40_Mt_05_08_RG.jpg,Gospel harmony (Sweet Publishing),Matthew 05:01-7:29 / Sermon on the Mount / Plain
File:Gospel of Matthew Chapter 5-8 (Bible Illustrations by Sweet Media).jpg,40_Mt_05_08_RG.jpg,Gospel of Matthew,Matthew 05:01-7:29 / Sermon on the Mount / Plain
File:Gospel of Luke Chapter 6-18 (Bible Illustrations by Sweet Media).jpg,42_Lk_06_18_RG.jpg 40_Mt_05_09_RG.jpg,Gospel harmony (Sweet Publishing),<!-- Also Gospel of Matthew Chapter 5-9 (Bible...).jpg-->Matthew 05:01-7:29 / Luke 06:46-49 / Sermon on the Mount / Plain
File:Gospel of Luke Chapter 6-18 (Bible Illustrations by Sweet Media).jpg,42_Lk_06_18_RG.jpg 40_Mt_05_09_RG.jpg,Gospel of Luke,Luke 06:46-49 / Sermon on the Mount / Plain
File:Gospel of Luke Chapter 6-18 (Bible Illustrations by Sweet Media).jpg,42_Lk_06_18_RG.jpg 40_Mt_05_09_RG.jpg,Gospel of Matthew,Matthew 05:01-7:29 / Sermon on the Mount / Plain
File:Gospel of Matthew Chapter 6-1 (Bible Illustrations by Sweet Media).jpg,40_Mt_06_01_RG.jpg,Gospel harmony (Sweet Publishing),Matthew 05:01-7:29 / Sermon on the Mount / Plain
File:Gospel of Matthew Chapter 6-1 (Bible Illustrations by Sweet Media).jpg,40_Mt_06_01_RG.jpg,Gospel of Matthew,Matthew 05:01-7:29 / Sermon on the Mount / Plain
File:Gospel of Luke Chapter 6-17 (Bible Illustrations by Sweet Media).jpg,42_Lk_06_17_RG.jpg 40_Mt_07_01_RG.jpg,Gospel harmony (Sweet Publishing),<!-- Also Gospel of Matthew Chapter 7-1 (Bible...).jpg-->Matthew 05:01-7:29 / Luke 06:38 / Sermon on the Mount / Plain
File:Gospel of Luke Chapter 6-17 (Bible Illustrations by Sweet Media).jpg,42_Lk_06_17_RG.jpg 40_Mt_07_01_RG.jpg,Gospel of Luke,Luke 06:38 / Sermon on the Mount / Plain
File:Gospel of Luke Chapter 6-17 (Bible Illustrations by Sweet Media).jpg,42_Lk_06_17_RG.jpg 40_Mt_07_01_RG.jpg,Gospel of Matthew,Matthew 05:01-7:29 / Sermon on the Mount / Plain
File:Gospel of Matthew Chapter 7-2 (Bible Illustrations by Sweet Media).jpg,40_Mt_07_02_RG.jpg,Gospel harmony (Sweet Publishing),Matthew 05:01-7:29 / Sermon on the Mount / Plain
File:Gospel of Matthew Chapter 7-2 (Bible Illustrations by Sweet Media).jpg,40_Mt_07_02_RG.jpg,Gospel of Matthew,Matthew 05:01-7:29 / Sermon on the Mount / Plain
File:Gospel of Luke Chapter 7-2 (Bible Illustrations by Sweet Media).jpg,42_Lk_07_02_RG.jpg,Gospel harmony (Sweet Publishing),Luke 07:02 / Healing of the centurion’s Servant
File:Gospel of Luke Chapter 7-2 (Bible Illustrations by Sweet Media).jpg,42_Lk_07_02_RG.jpg,Gospel of Luke,Luke 07:02 / Healing of the centurion’s Servant
File:Gospel of Luke Chapter 7-3 (Bible Illustrations by Sweet Media).jpg,42_Lk_07_03_RG.jpg,Gospel harmony (Sweet Publishing),Luke 07:03 / Healing of the centurion’s Servant
File:Gospel of Luke Chapter 7-3 (Bible Illustrations by Sweet Media).jpg,42_Lk_07_03_RG.jpg,Gospel of Luke,Luke 07:03 / Healing of the centurion’s Servant
File:Gospel of Luke Chapter 7-4 (Bible Illustrations by Sweet Media).jpg,42_Lk_07_04_RG.jpg,Gospel harmony (Sweet Publishing),Luke 07:04-5 / Healing of the centurion’s Servant
File:Gospel of Luke Chapter 7-4 (Bible Illustrations by Sweet Media).jpg,42_Lk_07_04_RG.jpg,Gospel of Luke,Luke 07:04-5 / Healing of the centurion’s Servant
File:Gospel of Luke Chapter 7-5 (Bible Illustrations by Sweet Media).jpg,42_Lk_07_05_RG.jpg,Gospel harmony (Sweet Publishing),Luke 07:06a / Healing of the centurion’s Servant
File:Gospel of Luke Chapter 7-5 (Bible Illustrations by Sweet Media).jpg,42_Lk_07_05_RG.jpg,Gospel of Luke,Luke 07:06a / Healing of the centurion’s Servant
File:Gospel of Matthew Chapter 8-3 (Bible Illustrations by Sweet Media).jpg,42_Lk_07_06_RG.jpg 40_Mt_08_03_RG.jpg,Gospel harmony (Sweet Publishing),<!-- Also Gospel of Matthew Chapter 8-3 (Bible...).jpg-->Matthew 08:05-13 / Luke 07:06b-8 / Healing of the centurion’s Servant
File:Gospel of Matthew Chapter 8-3 (Bible Illustrations by Sweet Media).jpg,42_Lk_07_06_RG.jpg 40_Mt_08_03_RG.jpg,Gospel of Luke,Luke 07:06b-8 / Healing of the centurion’s Servant
File:Gospel of Matthew Chapter 8-3 (Bible Illustrations by Sweet Media).jpg,42_Lk_07_06_RG.jpg 40_Mt_08_03_RG.jpg,Gospel of Matthew,Matthew 08:05-13 / Healing of the centurion’s Servant
File:Gospel of Luke Chapter 7-7 (Bible Illustrations by Sweet Media).jpg,42_Lk_07_07_RG.jpg,Gospel harmony (Sweet Publishing),Luke 07:09a / Healing of the centurion’s Servant
File:Gospel of Luke Chapter 7-7 (Bible Illustrations by Sweet Media).jpg,42_Lk_07_07_RG.jpg,Gospel of Luke,Luke 07:09a / Healing of the centurion’s Servant
File:Gospel of Luke Chapter 7-8 (Bible Illustrations by Sweet Media).jpg,42_Lk_07_08_RG.jpg 40_Mt_08_04_RG.jpg,Gospel harmony (Sweet Publishing),<!-- Also Gospel of Matthew Chapter 8-4 (Bible...).jpg-->Matthew 08:05-13 / Luke 07:09b / Healing of the centurion’s Servant
File:Gospel of Luke Chapter 7-8 (Bible Illustrations by Sweet Media).jpg,42_Lk_07_08_RG.jpg 40_Mt_08_04_RG.jpg,Gospel of Luke,Luke 07:09b / Healing of the centurion’s Servant
File:Gospel of Luke Chapter 7-8 (Bible Illustrations by Sweet Media).jpg,42_Lk_07_08_RG.jpg 40_Mt_08_04_RG.jpg,Gospel of Matthew,Matthew 08:05-13 / Healing of the centurion’s Servant
File:Gospel of Matthew Chapter 8-5 (Bible Illustrations by Sweet Media).jpg,40_Mt_08_05_RG.jpg,Gospel harmony (Sweet Publishing),Matthew 08:05-13 / Healing of the centurion’s Servant
File:Gospel of Matthew Chapter 8-5 (Bible Illustrations by Sweet Media).jpg,40_Mt_08_05_RG.jpg,Gospel of Matthew,Matthew 08:05-13 / Healing of the centurion’s Servant
File:Gospel of Matthew Chapter 8-6 (Bible Illustrations by Sweet Media).jpg,40_Mt_08_06_RG.jpg,Gospel harmony (Sweet Publishing),Matthew 08:05-13 / Healing of the centurion’s Servant
File:Gospel of Matthew Chapter 8-6 (Bible Illustrations by Sweet Media).jpg,40_Mt_08_06_RG.jpg,Gospel of Matthew,Matthew 08:05-13 / Healing of the centurion’s Servant
File:Gospel of Matthew Chapter 8-7 (Bible Illustrations by Sweet Media).jpg,40_Mt_08_07_RG.jpg,Gospel harmony (Sweet Publishing),Matthew 08:05-13 / Healing of the centurion’s Servant
File:Gospel of Matthew Chapter 8-7 (Bible Illustrations by Sweet Media).jpg,40_Mt_08_07_RG.jpg,Gospel of Matthew,Matthew 08:05-13 / Healing of the centurion’s Servant
File:Gospel of Luke Chapter 7-9 (Bible Illustrations by Sweet Media).jpg,42_Lk_07_09_RG.jpg 40_Mt_08_08_RG.jpg,Gospel harmony (Sweet Publishing),<!-- Also Gospel of Matthew Chapter 8-8 (Bible...).jpg-->Matthew 08:05-13 / Luke 07:10 / Healing of the centurion’s Servant
File:Gospel of Luke Chapter 7-9 (Bible Illustrations by Sweet Media).jpg,42_Lk_07_09_RG.jpg 40_Mt_08_08_RG.jpg,Gospel of Luke,Luke 07:10 / Healing of the centurion’s Servant
File:Gospel of Luke Chapter 7-9 (Bible Illustrations by Sweet Media).jpg,42_Lk_07_09_RG.jpg 40_Mt_08_08_RG.jpg,Gospel of Matthew,Matthew 08:05-13 / Healing of the centurion’s Servant
File:Gospel of Luke Chapter 7-10 (Bible Illustrations by Sweet Media).jpg,42_Lk_07_10_RG.jpg,Gospel harmony (Sweet Publishing),Luke 07:39 / Sinful women forgiven
File:Gospel of Luke Chapter 7-10 (Bible Illustrations by Sweet Media).jpg,42_Lk_07_10_RG.jpg,Gospel of Luke,Luke 07:39 / Sinful women forgiven
File:Gospel of Luke Chapter 7-11 (Bible Illustrations by Sweet Media).jpg,42_Lk_07_11_RG.jpg,Gospel harmony (Sweet Publishing),Luke 07:40 / Sinful women forgiven
File:Gospel of Luke Chapter 7-11 (Bible Illustrations by Sweet Media).jpg,42_Lk_07_11_RG.jpg,Gospel of Luke,Luke 07:40 / Sinful women forgiven
File:Gospel of Luke Chapter 7-12 (Bible Illustrations by Sweet Media).jpg,42_Lk_07_12_RG.jpg,Gospel harmony (Sweet Publishing),Luke 07:41 / Sinful women forgiven
File:Gospel of Luke Chapter 7-12 (Bible Illustrations by Sweet Media).jpg,42_Lk_07_12_RG.jpg,Gospel of Luke,Luke 07:41 / Sinful women forgiven
File:Gospel of Luke Chapter 7-13 (Bible Illustrations by Sweet Media).jpg,42_Lk_07_13_RG.jpg,Gospel harmony (Sweet Publishing),Luke 07:42 / Sinful women forgiven
File:Gospel of Luke Chapter 7-13 (Bible Illustrations by Sweet Media).jpg,42_Lk_07_13_RG.jpg,Gospel of Luke,Luke 07:42 / Sinful women forgiven
File:Gospel of John Chapter 12-3 (Bible Illustrations by Sweet Media).jpg,42_Lk_07_14_RG.jpg 43_Jn_12_03_RG.jpg,Gospel harmony (Sweet Publishing),Luke 07:43-44a / Sinful women forgiven
File:Gospel of John Chapter 12-3 (Bible Illustrations by Sweet Media).jpg,42_Lk_07_14_RG.jpg 43_Jn_12_03_RG.jpg,Gospel harmony (Sweet Publishing),John 11:55-12:11  / Jesus anointed by Mary at Bethany
File:Gospel of John Chapter 12-3 (Bible Illustrations by Sweet Media).jpg,42_Lk_07_14_RG.jpg 43_Jn_12_03_RG.jpg,Gospel of Luke,Luke 07:43-44a / Sinful women forgiven
File:Gospel of John Chapter 12-3 (Bible Illustrations by Sweet Media).jpg,42_Lk_07_14_RG.jpg 43_Jn_12_03_RG.jpg,Gospel of John,John 12:04-8 / Jesus anointed by Mary at Bethany
File:Gospel of Luke Chapter 7-15 (Bible Illustrations by Sweet Media).jpg,42_Lk_07_15_RG.jpg,Gospel harmony (Sweet Publishing),Luke 07:44b-46 / Sinful women forgiven
File:Gospel of Luke Chapter 7-15 (Bible Illustrations by Sweet Media).jpg,42_Lk_07_15_RG.jpg,Gospel of Luke,Luke 07:44b-46 / Sinful women forgiven
File:Gospel of Luke Chapter 7-16 (Bible Illustrations by Sweet Media).jpg,42_Lk_07_16_RG.jpg,Gospel harmony (Sweet Publishing),Luke 07:47 / Sinful women forgiven
File:Gospel of Luke Chapter 7-16 (Bible Illustrations by Sweet Media).jpg,42_Lk_07_16_RG.jpg,Gospel of Luke,Luke 07:47 / Sinful women forgiven
File:Gospel of Luke Chapter 7-17 (Bible Illustrations by Sweet Media).jpg,42_Lk_07_17_RG.jpg,Gospel harmony (Sweet Publishing),Luke 07:48 / Sinful women forgiven
File:Gospel of Luke Chapter 7-17 (Bible Illustrations by Sweet Media).jpg,42_Lk_07_17_RG.jpg,Gospel of Luke,Luke 07:48 / Sinful women forgiven
File:Gospel of Luke Chapter 7-18 (Bible Illustrations by Sweet Media).jpg,42_Lk_07_18_RG.jpg,Gospel harmony (Sweet Publishing),Luke 07:50 / Sinful women forgiven
File:Gospel of Luke Chapter 7-18 (Bible Illustrations by Sweet Media).jpg,42_Lk_07_18_RG.jpg,Gospel of Luke,Luke 07:50 / Sinful women forgiven
File:Gospel of Luke Chapter 11-1 (Bible Illustrations by Sweet Media).jpg,42_Lk_11_01_RG.jpg 40_Mt_08_15_RG.jpg,Gospel harmony (Sweet Publishing),"<!-- Also Gospel of Matthew Chapter 8-15 (Bible...).jpg-->Matthew 12:22-30 / Luke 11:14 / Mute healed, Jesus accused of using Satan, People demand a sign"
File:Gospel of Luke Chapter 11-1 (Bible Illustrations by Sweet Media).jpg,42_Lk_11_01_RG.jpg 40_Mt_08_15_RG.jpg,Gospel of Luke,"Luke 11:14 / Mute healed, Jesus accused of using Satan"
File:Gospel of Luke Chapter 11-2 (Bible Illustrations by Sweet Media).jpg,42_Lk_11_02_RG.jpg 40_Mt_12_10_RG.jpg,Gospel harmony (Sweet Publishing),"<!-- Also Gospel of Matthew Chapter 12-10 (Bible...).jpg-->Matthew 12:22-30 / Luke 11:15 / Mute healed, Jesus accused of using Satan, People demand a sign"
File:Gospel of Luke Chapter 11-2 (Bible Illustrations by Sweet Media).jpg,42_Lk_11_02_RG.jpg 40_Mt_12_10_RG.jpg,Gospel of Luke,"Luke 11:15 / Mute healed, Jesus accused of using Satan"
File:Gospel of Luke Chapter 11-2 (Bible Illustrations by Sweet Media).jpg,42_Lk_11_02_RG.jpg 40_Mt_12_10_RG.jpg,Gospel of Matthew,"Matthew 12:22-30 / Mute healed, Jesus accused of using Satan"
File:Gospel of Mark Chapter 3-10 (Bible Illustrations by Sweet Media).jpg,42_Lk_11_03_RG.jpg 41_Mk_03_10_RG.jpg 40_Mt_12_11_RG.jpg,Gospel harmony (Sweet Publishing),"<!-- Also Gospel of Matthew Chapter 12-11 (Bible...).jpg-->Matthew 12:38-45 / Luke 11:17-18 / Mute healed, Jesus accused of using Satan, People demand a sign"
File:Gospel of Mark Chapter 3-10 (Bible Illustrations by Sweet Media).jpg,42_Lk_11_03_RG.jpg 41_Mk_03_10_RG.jpg 40_Mt_12_11_RG.jpg,Gospel of Luke,"Luke 11:17-18 / Mute healed, Jesus accused of using Satan"
File:Gospel of Matthew Chapter 12-12 (Bible Illustrations by Sweet Media).jpg,42_Lk_11_04_RG.jpg 41_Mk_03_11_RG.jpg 40_Mt_12_12_RG.jpg,Gospel harmony (Sweet Publishing),"<!-- Also Gospel of Matthew Chapter 12-12 (Bible...).jpg-->Matthew 12:38-45 / Luke 11:19-20 / Mute healed, Jesus accused of using Satan, People demand a sign"
File:Gospel of Matthew Chapter 12-12 (Bible Illustrations by Sweet Media).jpg,42_Lk_11_04_RG.jpg 41_Mk_03_11_RG.jpg 40_Mt_12_12_RG.jpg,Gospel of Luke,"Luke 11:19-20 / Mute healed, Jesus accused of using Satan"
File:Gospel of Matthew Chapter 12-12 (Bible Illustrations by Sweet Media).jpg,42_Lk_11_04_RG.jpg 41_Mk_03_11_RG.jpg 40_Mt_12_12_RG.jpg,Gospel of Matthew,Matthew 12:38-45 / The People demand a sign
File:Gospel of Mark Chapter 4-1 (Bible Illustrations by Sweet Media).jpg,42_Lk_08_01_RG.jpg 41_Mk_04_01_RG.jpg 40_Mt_13_01_RG.jpg,Gospel harmony (Sweet Publishing),<!-- Also Gospel of Matthew Chapter 13-1 (Bible...).jpg-->Matthew 13:01-19 / Luke 08:04-5 / Parable of the Sower
File:Gospel of Mark Chapter 4-1 (Bible Illustrations by Sweet Media).jpg,42_Lk_08_01_RG.jpg 41_Mk_04_01_RG.jpg 40_Mt_13_01_RG.jpg,Gospel of Luke,Luke 08:04-5 / Parable of the Sower
File:Gospel of Mark Chapter 4-1 (Bible Illustrations by Sweet Media).jpg,42_Lk_08_01_RG.jpg 41_Mk_04_01_RG.jpg 40_Mt_13_01_RG.jpg,Gospel of Matthew,Matthew 13:03-04 / Parable of the Sower
File:Gospel of Mark Chapter 4-2 (Bible Illustrations by Sweet Media).jpg,42_Lk_08_02_RG.jpg 41_Mk_04_02_RG.jpg 40_Mt_13_02_RG.jpg,Gospel harmony (Sweet Publishing),<!-- Also Gospel of Matthew Chapter 13-2 (Bible...).jpg-->Matthew 13:01-19 / Luke 08:06 / Parable of the Sower
File:Gospel of Mark Chapter 4-2 (Bible Illustrations by Sweet Media).jpg,42_Lk_08_02_RG.jpg 41_Mk_04_02_RG.jpg 40_Mt_13_02_RG.jpg,Gospel of Luke,Luke 08:06 / Parable of the Sower
File:Gospel of Mark Chapter 4-2 (Bible Illustrations by Sweet Media).jpg,42_Lk_08_02_RG.jpg 41_Mk_04_02_RG.jpg 40_Mt_13_02_RG.jpg,Gospel of Matthew,Matthew 13:05-06 / Parable of the Sower
File:Gospel of Mark Chapter 4-3 (Bible Illustrations by Sweet Media).jpg,42_Lk_08_03_RG.jpg 41_Mk_04_03_RG.jpg 40_Mt_13_03_RG.jpg,Gospel harmony (Sweet Publishing),<!-- Also Gospel of Matthew Chapter 13-3 (Bible...).jpg-->Matthew 13:01-19 / Luke 08:07 / Parable of the Sower
File:Gospel of Mark Chapter 4-3 (Bible Illustrations by Sweet Media).jpg,42_Lk_08_03_RG.jpg 41_Mk_04_03_RG.jpg 40_Mt_13_03_RG.jpg,Gospel of Luke,Luke 08:07 / Parable of the Sower
File:Gospel of Mark Chapter 4-3 (Bible Illustrations by Sweet Media).jpg,42_Lk_08_03_RG.jpg 41_Mk_04_03_RG.jpg 40_Mt_13_03_RG.jpg,Gospel of Matthew,Matthew 13:07 / Parable of the Sower
File:Gospel of Mark Chapter 4-4 (Bible Illustrations by Sweet Media).jpg,42_Lk_08_04_RG.jpg 41_Mk_04_04_RG.jpg 40_Mt_13_04_RG.jpg,Gospel harmony (Sweet Publishing),<!-- Also Gospel of Matthew Chapter 13-4 (Bible...).jpg-->Matthew 13:01-19 / Luke 08:08 / Parable of the Sower
File:Gospel of Mark Chapter 4-4 (Bible Illustrations by Sweet Media).jpg,42_Lk_08_04_RG.jpg 41_Mk_04_04_RG.jpg 40_Mt_13_04_RG.jpg,Gospel of Luke,Luke 08:08 / Parable of the Sower
File:Gospel of Mark Chapter 4-4 (Bible Illustrations by Sweet Media).jpg,42_Lk_08_04_RG.jpg 41_Mk_04_04_RG.jpg 40_Mt_13_04_RG.jpg,Gospel of Matthew,Matthew 13:08-09 / Parable of the Sower
File:Gospel of Luke Chapter 8-5 (Bible Illustrations by Sweet Media).jpg,42_Lk_08_05_RG.jpg 41_Mk_04_05_RG.jpg 40_Mt_13_05_RG.jpg,Gospel harmony (Sweet Publishing),<!-- Also Gospel of Matthew Chapter 13-5 (Bible...).jpg-->Matthew 13:10-17 / Luke 08:09 / The purpose of the parables
File:Gospel of Luke Chapter 8-5 (Bible Illustrations by Sweet Media).jpg,42_Lk_08_05_RG.jpg 41_Mk_04_05_RG.jpg 40_Mt_13_05_RG.jpg,Gospel of Luke,Luke 08:09 / The purpose of the parables
File:Gospel of Luke Chapter 8-6 (Bible Illustrations by Sweet Media).jpg,42_Lk_08_06_RG.jpg 41_Mk_04_06_RG.jpg 40_Mt_13_07_RG.jpg,Gospel harmony (Sweet Publishing),<!-- Also Gospel of Matthew Chapter 13-7 (Bible...).jpg-->Matthew 13:10-17 / Luke 08:09-11a / The purpose of the parables
File:Gospel of Luke Chapter 8-6 (Bible Illustrations by Sweet Media).jpg,42_Lk_08_06_RG.jpg 41_Mk_04_06_RG.jpg 40_Mt_13_07_RG.jpg,Gospel of Luke,Luke 08:09-11a / The purpose of the parables
File:Gospel of Luke Chapter 8-6 (Bible Illustrations by Sweet Media).jpg,42_Lk_08_06_RG.jpg 41_Mk_04_06_RG.jpg 40_Mt_13_07_RG.jpg,Gospel of Matthew,Matthew 13:10-17 / The purpose of the parables
File:Gospel of Matthew Chapter 13-6 (Bible Illustrations by Sweet Media).jpg,40_Mt_13_06_RG.jpg,Gospel harmony (Sweet Publishing),Matthew 13:10-17 / The purpose of the parables
File:Gospel of Matthew Chapter 13-6 (Bible Illustrations by Sweet Media).jpg,40_Mt_13_06_RG.jpg,Gospel of Matthew,Matthew 13:10-17 / The purpose of the parables
File:Gospel of Luke Chapter 8-7 (Bible Illustrations by Sweet Media).jpg,42_Lk_08_07_RG.jpg 41_Mk_04_07_RG.jpg 40_Mt_13_08_RG.jpg,Gospel harmony (Sweet Publishing),<!-- Also Gospel of Matthew Chapter 13-8 (Bible...).jpg-->Matthew 13:18-23 / Luke 08:11b-12 / Jesus' explanation of the sower parable
File:Gospel of Luke Chapter 8-7 (Bible Illustrations by Sweet Media).jpg,42_Lk_08_07_RG.jpg 41_Mk_04_07_RG.jpg 40_Mt_13_08_RG.jpg,Gospel of Luke,Luke 08:11b-12 / Jesus' explanation of the sower parable
File:Gospel of Luke Chapter 8-7 (Bible Illustrations by Sweet Media).jpg,42_Lk_08_07_RG.jpg 41_Mk_04_07_RG.jpg 40_Mt_13_08_RG.jpg,Gospel of Matthew,Matthew 13:18-23 / Jesus' explanation of the sower parable
File:Gospel of Mark Chapter 4-8 (Bible Illustrations by Sweet Media).jpg,42_Lk_08_08_RG.jpg 41_Mk_04_08_RG.jpg 40_Mt_13_09_RG.jpg,Gospel harmony (Sweet Publishing),<!-- Also Gospel of Matthew Chapter 13-9 (Bible...).jpg-->Matthew 13:18-23 / Luke 08:13 / Jesus' explanation of the sower parable
File:Gospel of Mark Chapter 4-8 (Bible Illustrations by Sweet Media).jpg,42_Lk_08_08_RG.jpg 41_Mk_04_08_RG.jpg 40_Mt_13_09_RG.jpg,Gospel of Luke,Luke 08:13 / Jesus' explanation of the sower parable
File:Gospel of Mark Chapter 4-8 (Bible Illustrations by Sweet Media).jpg,42_Lk_08_08_RG.jpg 41_Mk_04_08_RG.jpg 40_Mt_13_09_RG.jpg,Gospel of Matthew,Matthew 13:18-23 / Jesus' explanation of the sower parable
File:Gospel of Luke Chapter 8-9 (Bible Illustrations by Sweet Media).jpg,42_Lk_08_09_RG.jpg 41_Mk_04_09_RG.jpg 40_Mt_13_10_RG.jpg,Gospel harmony (Sweet Publishing),<!-- Also Gospel of Matthew Chapter 13-10 (Bible...).jpg-->Matthew 13:18-23 / Luke 08:14 / Jesus' explanation of the sower parable
File:Gospel of Luke Chapter 8-9 (Bible Illustrations by Sweet Media).jpg,42_Lk_08_09_RG.jpg 41_Mk_04_09_RG.jpg 40_Mt_13_10_RG.jpg,Gospel of Luke,Luke 08:14 / Jesus' explanation of the sower parable
File:Gospel of Luke Chapter 8-9 (Bible Illustrations by Sweet Media).jpg,42_Lk_08_09_RG.jpg 41_Mk_04_09_RG.jpg 40_Mt_13_10_RG.jpg,Gospel of Matthew,Matthew 13:18-23 / Jesus' explanation of the sower parable
File:Gospel of Luke Chapter 8-10 (Bible Illustrations by Sweet Media).jpg,42_Lk_08_10_RG.jpg 41_Mk_04_10_RG.jpg 40_Mt_13_11_RG.jpg,Gospel harmony (Sweet Publishing),<!-- Also Gospel of Matthew Chapter 13-11 (Bible...).jpg-->Matthew 13:18-23 / Luke 08:15 / Jesus' explanation of the sower parable
File:Gospel of Luke Chapter 8-10 (Bible Illustrations by Sweet Media).jpg,42_Lk_08_10_RG.jpg 41_Mk_04_10_RG.jpg 40_Mt_13_11_RG.jpg,Gospel of Luke,Luke 08:15 / Jesus' explanation of the sower parable
File:Gospel of Luke Chapter 8-10 (Bible Illustrations by Sweet Media).jpg,42_Lk_08_10_RG.jpg 41_Mk_04_10_RG.jpg 40_Mt_13_11_RG.jpg,Gospel of Matthew,Matthew 13:18-23 / Jesus' explanation of the sower parable
File:Gospel of Matthew Chapter 13-15 (Bible Illustrations by Sweet Media).jpg,40_Mt_13_15_RG.jpg,Gospel harmony (Sweet Publishing),Matthew 13:24-30 / Parable of the wheat/tares
File:Gospel of Matthew Chapter 13-15 (Bible Illustrations by Sweet Media).jpg,40_Mt_13_15_RG.jpg,Gospel of Matthew,Matthew 13:24-30 / Parable of the wheat/tares
File:Gospel of Matthew Chapter 13-16 (Bible Illustrations by Sweet Media).jpg,40_Mt_13_16_RG.jpg,Gospel harmony (Sweet Publishing),Matthew 13:24-30 / Parable of the wheat/tares
File:Gospel of Matthew Chapter 13-16 (Bible Illustrations by Sweet Media).jpg,40_Mt_13_16_RG.jpg,Gospel of Matthew,Matthew 13:24-30 / Parable of the wheat/tares
File:Gospel of Matthew Chapter 13-17 (Bible Illustrations by Sweet Media).jpg,40_Mt_13_17_RG.jpg,Gospel harmony (Sweet Publishing),Matthew 13:24-30 / Parable of the wheat/tares
File:Gospel of Matthew Chapter 13-17 (Bible Illustrations by Sweet Media).jpg,40_Mt_13_17_RG.jpg,Gospel of Matthew,Matthew 13:24-30 / Parable of the wheat/tares
File:Gospel of Mark Chapter 4-11 (Bible Illustrations by Sweet Media).jpg,41_Mk_04_11_RG.jpg 40_Mt_13_12_RG.jpg,Gospel harmony (Sweet Publishing),Matthew 13:31-32 / Parable of the mustard seed
File:Gospel of Mark Chapter 4-11 (Bible Illustrations by Sweet Media).jpg,41_Mk_04_11_RG.jpg 40_Mt_13_12_RG.jpg,Gospel of Matthew,Matthew 13:31-32 / Parable of the mustard seed
File:Gospel of Matthew Chapter 13-14 (Bible Illustrations by Sweet Media).jpg,40_Mt_13_14_RG.jpg,Gospel harmony (Sweet Publishing),Matthew 13:33 / Parable of the leaven
File:Gospel of Matthew Chapter 13-14 (Bible Illustrations by Sweet Media).jpg,40_Mt_13_14_RG.jpg,Gospel of Matthew,Matthew 13:33 / Parable of the leaven
File:Gospel of Luke Chapter 9-2 (Bible Illustrations by Sweet Media).jpg,42_Lk_09_02_RG.jpg 40_Mt_13_20_RG.jpg,Gospel harmony (Sweet Publishing),Matthew 13:34-35 / Teaching by parables
File:Gospel of Luke Chapter 9-2 (Bible Illustrations by Sweet Media).jpg,42_Lk_09_02_RG.jpg 40_Mt_13_20_RG.jpg,Gospel harmony (Sweet Publishing),Luke 09:10a / The 12 return from preaching
File:Gospel of Luke Chapter 9-2 (Bible Illustrations by Sweet Media).jpg,42_Lk_09_02_RG.jpg 40_Mt_13_20_RG.jpg,Gospel of Luke,Luke 09:10a / The 12 return from preaching
File:Gospel of Luke Chapter 9-2 (Bible Illustrations by Sweet Media).jpg,42_Lk_09_02_RG.jpg 40_Mt_13_20_RG.jpg,Gospel of Matthew,Matthew 13:34-35 / Teaching by parables
File:Gospel of Matthew Chapter 13-21 (Bible Illustrations by Sweet Media).jpg,42_Lk_09_03_RG.jpg 40_Mt_13_21_RG.jpg,Gospel harmony (Sweet Publishing),Matthew 13:34-35 / Teaching by parables
File:Gospel of Matthew Chapter 13-21 (Bible Illustrations by Sweet Media).jpg,42_Lk_09_03_RG.jpg 40_Mt_13_21_RG.jpg,Gospel of Luke,Luke 09:10a / The 12 return from preaching
File:Gospel of Matthew Chapter 13-21 (Bible Illustrations by Sweet Media).jpg,42_Lk_09_03_RG.jpg 40_Mt_13_21_RG.jpg,Gospel of Matthew,Matthew 13:34-35 / Teaching by parables
File:Gospel of Matthew Chapter 13-23 (Bible Illustrations by Sweet Media).jpg,40_Mt_13_23_RG.jpg,Gospel harmony (Sweet Publishing),Matthew 13:34-35 / Teaching by parables
File:Gospel of Matthew Chapter 13-23 (Bible Illustrations by Sweet Media).jpg,40_Mt_13_23_RG.jpg,Gospel of Matthew,Matthew 13:34-35 / Teaching by parables
File:Gospel of Luke Chapter 9-4 (Bible Illustrations by Sweet Media).jpg,42_Lk_09_04_RG.jpg 40_Mt_13_22_RG.jpg,Gospel harmony (Sweet Publishing),Matthew 13:36-43 / The wheat and tares explained
File:Gospel of Luke Chapter 9-4 (Bible Illustrations by Sweet Media).jpg,42_Lk_09_04_RG.jpg 40_Mt_13_22_RG.jpg,Gospel harmony (Sweet Publishing),Luke 09:03-4 / Jesus sends the 12 to preach/heal
File:Gospel of Luke Chapter 9-4 (Bible Illustrations by Sweet Media).jpg,42_Lk_09_04_RG.jpg 40_Mt_13_22_RG.jpg,Gospel of Luke,Luke 09:03-4 / Jesus sends the 12 to preach/heal
File:Gospel of Luke Chapter 9-4 (Bible Illustrations by Sweet Media).jpg,42_Lk_09_04_RG.jpg 40_Mt_13_22_RG.jpg,Gospel of Matthew,Matthew 13:36-43 / The wheat and tares explained
File:Gospel of Matthew Chapter 13-18 (Bible Illustrations by Sweet Media).jpg,40_Mt_13_18_RG.jpg,Gospel harmony (Sweet Publishing),Matthew 13:44-46 / Parable of Treasure in the field/Pearl
File:Gospel of Matthew Chapter 13-18 (Bible Illustrations by Sweet Media).jpg,40_Mt_13_18_RG.jpg,Gospel of Matthew,Matthew 13:44-46 / Parable of Treasure in the field/Pearl
File:Gospel of Matthew Chapter 13-19 (Bible Illustrations by Sweet Media).jpg,40_Mt_13_19_RG.jpg,Gospel harmony (Sweet Publishing),Matthew 13:44-46 / Parable of Treasure in the field/Pearl
File:Gospel of Matthew Chapter 13-19 (Bible Illustrations by Sweet Media).jpg,40_Mt_13_19_RG.jpg,Gospel of Matthew,Matthew 13:44-46 / Parable of Treasure in the field/Pearl
File:Gospel of Mark Chapter 5-1 (Bible Illustrations by Sweet Media).jpg,42_Lk_08_11_RG.jpg 41_Mk_05_01_RG.jpg 40_Mt_08_09_RG.jpg,Gospel harmony (Sweet Publishing),<!-- Also Gospel of Matthew Chapter 8-9 (Bible...).jpg-->Matthew 08:18-27 / Luke 08:22-23a / Jesus calms the storm
File:Gospel of Mark Chapter 5-1 (Bible Illustrations by Sweet Media).jpg,42_Lk_08_11_RG.jpg 41_Mk_05_01_RG.jpg 40_Mt_08_09_RG.jpg,Gospel harmony (Sweet Publishing),Mark 05:01-20 / Jesus' heals demoniac at Gesarenes
File:Gospel of Mark Chapter 5-1 (Bible Illustrations by Sweet Media).jpg,42_Lk_08_11_RG.jpg 41_Mk_05_01_RG.jpg 40_Mt_08_09_RG.jpg,Gospel of Luke,Luke 08:22-23a / Jesus calms the storm
File:Gospel of Mark Chapter 5-1 (Bible Illustrations by Sweet Media).jpg,42_Lk_08_11_RG.jpg 41_Mk_05_01_RG.jpg 40_Mt_08_09_RG.jpg,Gospel of Matthew,Matthew 08:18 / Jesus calms the storm
File:Gospel of Matthew Chapter 8-10 (Bible Illustrations by Sweet Media).jpg,42_Lk_08_12_RG.jpg 41_Mk_04_13_RG.jpg 40_Mt_08_10_RG.jpg,Gospel harmony (Sweet Publishing),<!-- Also Gospel of Matthew Chapter 8-10 (Bible...).jpg-->Matthew 08:18-27 / Luke 08:22-25 / Jesus calms the storm
File:Gospel of Matthew Chapter 8-10 (Bible Illustrations by Sweet Media).jpg,42_Lk_08_12_RG.jpg 41_Mk_04_13_RG.jpg 40_Mt_08_10_RG.jpg,Gospel of Luke,Luke 08:22-25 / Jesus calms the storm
File:Gospel of Matthew Chapter 8-10 (Bible Illustrations by Sweet Media).jpg,42_Lk_08_12_RG.jpg 41_Mk_04_13_RG.jpg 40_Mt_08_10_RG.jpg,Gospel of Matthew,Matthew 08:24 / Jesus calms the storm
File:Gospel of Mark Chapter 4-14 (Bible Illustrations by Sweet Media).jpg,42_Lk_08_13_RG.jpg 41_Mk_04_14_RG.jpg 40_Mt_08_11_RG.jpg,Gospel harmony (Sweet Publishing),<!-- Also Gospel of Matthew Chapter 8-11 (Bible...).jpg-->Matthew 08:18-27 / Luke 08:24a / Jesus calms the storm
File:Gospel of Mark Chapter 4-14 (Bible Illustrations by Sweet Media).jpg,42_Lk_08_13_RG.jpg 41_Mk_04_14_RG.jpg 40_Mt_08_11_RG.jpg,Gospel of Luke,Luke 08:24a / Jesus calms the storm
File:Gospel of Mark Chapter 4-14 (Bible Illustrations by Sweet Media).jpg,42_Lk_08_13_RG.jpg 41_Mk_04_14_RG.jpg 40_Mt_08_11_RG.jpg,Gospel of Matthew,Matthew 08:25 / Jesus calms the storm
File:Gospel of Matthew Chapter 8-12 (Bible Illustrations by Sweet Media).jpg,42_Lk_08_14_RG.jpg 41_Mk_04_15_RG.jpg 40_Mt_08_12_RG.jpg,Gospel harmony (Sweet Publishing),<!-- Also Gospel of Matthew Chapter 8-12 (Bible...).jpg-->Matthew 08:18-27 / Luke 08:24b / Jesus calms the storm
File:Gospel of Matthew Chapter 8-12 (Bible Illustrations by Sweet Media).jpg,42_Lk_08_14_RG.jpg 41_Mk_04_15_RG.jpg 40_Mt_08_12_RG.jpg,Gospel of Luke,Luke 08:24b / Jesus calms the storm
File:Gospel of Matthew Chapter 8-12 (Bible Illustrations by Sweet Media).jpg,42_Lk_08_14_RG.jpg 41_Mk_04_15_RG.jpg 40_Mt_08_12_RG.jpg,Gospel of Matthew,Matthew 08:26a / Jesus calms the storm
File:Gospel of Luke Chapter 8-15 (Bible Illustrations by Sweet Media).jpg,42_Lk_08_15_RG.jpg 41_Mk_04_16_RG.jpg 40_Mt_08_13_RG.jpg,Gospel harmony (Sweet Publishing),<!-- Also Gospel of Matthew Chapter 8-13 (Bible...).jpg-->Matthew 08:18-27 / Luke 08:24c-25a / Jesus calms the storm
File:Gospel of Luke Chapter 8-15 (Bible Illustrations by Sweet Media).jpg,42_Lk_08_15_RG.jpg 41_Mk_04_16_RG.jpg 40_Mt_08_13_RG.jpg,Gospel of Luke,Luke 08:24c-25a / Jesus calms the storm
File:Gospel of Luke Chapter 8-15 (Bible Illustrations by Sweet Media).jpg,42_Lk_08_15_RG.jpg 41_Mk_04_16_RG.jpg 40_Mt_08_13_RG.jpg,Gospel of Matthew,Matthew 08:26b / Jesus calms the storm
File:Gospel of Mark Chapter 4-17 (Bible Illustrations by Sweet Media).jpg,42_Lk_08_16_RG.jpg 41_Mk_04_17_RG.jpg 40_Mt_08_14_RG.jpg,Gospel harmony (Sweet Publishing),<!-- Also Gospel of Matthew Chapter 8-14 (Bible...).jpg-->Matthew 08:18-27 / Luke 08:25b / Jesus calms the storm
File:Gospel of Mark Chapter 4-17 (Bible Illustrations by Sweet Media).jpg,42_Lk_08_16_RG.jpg 41_Mk_04_17_RG.jpg 40_Mt_08_14_RG.jpg,Gospel of Luke,Luke 08:25b / Jesus calms the storm
File:Gospel of Mark Chapter 4-17 (Bible Illustrations by Sweet Media).jpg,42_Lk_08_16_RG.jpg 41_Mk_04_17_RG.jpg 40_Mt_08_14_RG.jpg,Gospel of Matthew,Matthew 08:27 / Jesus calms the storm
File:Gospel of Luke Chapter 8-17 (Bible Illustrations by Sweet Media).jpg,42_Lk_08_17_RG.jpg 41_Mk_05_02_RG.jpg,Gospel harmony (Sweet Publishing),Luke 08:27a / Jesus' heals demoniac at Gesarenes
File:Gospel of Luke Chapter 8-17 (Bible Illustrations by Sweet Media).jpg,42_Lk_08_17_RG.jpg 41_Mk_05_02_RG.jpg,Gospel of Luke,Luke 08:27a / Jesus' heals demoniac at Gesarenes
File:Gospel of Luke Chapter 8-20 (Bible Illustrations by Sweet Media).jpg,42_Lk_08_20_RG.jpg 41_Mk_05_05_RG.jpg,Gospel harmony (Sweet Publishing),<!-- Also Gospel of Matthew Chapter 8-16 (Bible...).jpg-->Matthew 08:28-34 / Luke 08:28a / Jesus' heals demoniac at Gesarenes
File:Gospel of Luke Chapter 8-20 (Bible Illustrations by Sweet Media).jpg,42_Lk_08_20_RG.jpg 41_Mk_05_05_RG.jpg,Gospel of Luke,Luke 08:28a / Jesus' heals demoniac at Gesarenes
File:Gospel of Luke Chapter 8-21 (Bible Illustrations by Sweet Media).jpg,42_Lk_08_21_RG.jpg 41_Mk_05_06_RG.jpg,Gospel harmony (Sweet Publishing),Luke 08:28b / Jesus' heals demoniac at Gesarenes
File:Gospel of Luke Chapter 8-21 (Bible Illustrations by Sweet Media).jpg,42_Lk_08_21_RG.jpg 41_Mk_05_06_RG.jpg,Gospel of Luke,Luke 08:28b / Jesus' heals demoniac at Gesarenes
File:Gospel of Luke Chapter 8-19 (Bible Illustrations by Sweet Media).jpg,42_Lk_08_19_RG.jpg 41_Mk_05_04_RG.jpg 40_Mt_08_17_RG.jpg,Gospel harmony (Sweet Publishing),<!-- Also Gospel of Matthew Chapter 8-17 (Bible...).jpg-->Matthew 08:28-34 / Luke 08:29b / Jesus' heals demoniac at Gesarenes
File:Gospel of Luke Chapter 8-19 (Bible Illustrations by Sweet Media).jpg,42_Lk_08_19_RG.jpg 41_Mk_05_04_RG.jpg 40_Mt_08_17_RG.jpg,Gospel of Luke,Luke 08:29b / Jesus' heals demoniac at Gesarenes
File:Gospel of Luke Chapter 8-22 (Bible Illustrations by Sweet Media).jpg,42_Lk_08_22_RG.jpg 41_Mk_05_07_RG.jpg,Gospel harmony (Sweet Publishing),"Luke 08:29a,30-31 / Jesus' heals demoniac at Gesarenes"
File:Gospel of Luke Chapter 8-22 (Bible Illustrations by Sweet Media).jpg,42_Lk_08_22_RG.jpg 41_Mk_05_07_RG.jpg,Gospel of Luke,"Luke 08:29a,30-31 / Jesus' heals demoniac at Gesarenes"
File:Gospel of Mark Chapter 5-8 (Bible Illustrations by Sweet Media).jpg,42_Lk_08_23_RG.jpg 41_Mk_05_08_RG.jpg 40_Mt_08_18_RG.jpg,Gospel harmony (Sweet Publishing),<!-- Also Gospel of Matthew Chapter 8-18 (Bible...).jpg-->Matthew 08:28-34 / Luke 08:32 / Jesus' heals demoniac at Gesarenes
File:Gospel of Mark Chapter 5-8 (Bible Illustrations by Sweet Media).jpg,42_Lk_08_23_RG.jpg 41_Mk_05_08_RG.jpg 40_Mt_08_18_RG.jpg,Gospel of Luke,Luke 08:32 / Jesus' heals demoniac at Gesarenes
File:Gospel of Mark Chapter 5-8 (Bible Illustrations by Sweet Media).jpg,42_Lk_08_23_RG.jpg 41_Mk_05_08_RG.jpg 40_Mt_08_18_RG.jpg,Gospel of Matthew,Matthew 08:30-31 / Jesus' heals demoniac at Gesarenes
File:Gospel of Mark Chapter 5-9 (Bible Illustrations by Sweet Media).jpg,42_Lk_08_24_RG.jpg 41_Mk_05_09_RG.jpg 40_Mt_08_19_RG.jpg,Gospel harmony (Sweet Publishing),<!-- Also Gospel of Matthew Chapter 8-19 (Bible...).jpg-->Matthew 08:28-34 / Luke 08:33 / Jesus' heals demoniac at Gesarenes
File:Gospel of Mark Chapter 5-9 (Bible Illustrations by Sweet Media).jpg,42_Lk_08_24_RG.jpg 41_Mk_05_09_RG.jpg 40_Mt_08_19_RG.jpg,Gospel of Luke,Luke 08:33 / Jesus' heals demoniac at Gesarenes
File:Gospel of Mark Chapter 5-9 (Bible Illustrations by Sweet Media).jpg,42_Lk_08_24_RG.jpg 41_Mk_05_09_RG.jpg 40_Mt_08_19_RG.jpg,Gospel of Matthew,Matthew 08:32-34 / Jesus' heals demoniac at Gesarenes
File:Gospel of Luke Chapter 8-25 (Bible Illustrations by Sweet Media).jpg,42_Lk_08_25_RG.jpg 41_Mk_05_10_RG.jpg,Gospel harmony (Sweet Publishing),Luke 08:35b-36 / Jesus' heals demoniac at Gesarenes
File:Gospel of Luke Chapter 8-25 (Bible Illustrations by Sweet Media).jpg,42_Lk_08_25_RG.jpg 41_Mk_05_10_RG.jpg,Gospel of Luke,Luke 08:35b-36 / Jesus' heals demoniac at Gesarenes
File:Gospel of Luke Chapter 8-26 (Bible Illustrations by Sweet Media).jpg,42_Lk_08_26_RG.jpg 41_Mk_05_11_RG.jpg,Gospel harmony (Sweet Publishing),Luke 08:38a / Jesus' heals demoniac at Gesarenes
File:Gospel of Luke Chapter 8-26 (Bible Illustrations by Sweet Media).jpg,42_Lk_08_26_RG.jpg 41_Mk_05_11_RG.jpg,Gospel of Luke,Luke 08:38a / Jesus' heals demoniac at Gesarenes
File:Gospel of Luke Chapter 8-27 (Bible Illustrations by Sweet Media).jpg,42_Lk_08_27_RG.jpg 41_Mk_05_12_RG.jpg,Gospel harmony (Sweet Publishing),Luke 08:38b-39a / Jesus' heals demoniac at Gesarenes
File:Gospel of Luke Chapter 8-27 (Bible Illustrations by Sweet Media).jpg,42_Lk_08_27_RG.jpg 41_Mk_05_12_RG.jpg,Gospel of Luke,Luke 08:38b-39a / Jesus' heals demoniac at Gesarenes
File:Gospel of Luke Chapter 8-28 (Bible Illustrations by Sweet Media).jpg,42_Lk_08_28_RG.jpg 41_Mk_05_13_RG.jpg,Gospel harmony (Sweet Publishing),Luke 08:39b / Jesus' heals demoniac at Gesarenes
File:Gospel of Luke Chapter 8-28 (Bible Illustrations by Sweet Media).jpg,42_Lk_08_28_RG.jpg 41_Mk_05_13_RG.jpg,Gospel of Luke,Luke 08:39b / Jesus' heals demoniac at Gesarenes
File:Gospel of Luke Chapter 8-29 (Bible Illustrations by Sweet Media).jpg,42_Lk_08_29_RG.jpg 41_Mk_05_14_RG.jpg,Gospel harmony (Sweet Publishing),Luke 08:41-42a / Jairus' pleads for His dying daughter
File:Gospel of Luke Chapter 8-29 (Bible Illustrations by Sweet Media).jpg,42_Lk_08_29_RG.jpg 41_Mk_05_14_RG.jpg,Gospel of Luke,Luke 08:41-42a / Jairus' pleads for His dying daughter
File:Gospel of Luke Chapter 8-30 (Bible Illustrations by Sweet Media).jpg,42_Lk_08_30_RG.jpg 41_Mk_05_15_RG.jpg,Gospel harmony (Sweet Publishing),Luke 08:42b-43 / Jesus' heals the hemorrhaging woman
File:Gospel of Luke Chapter 8-30 (Bible Illustrations by Sweet Media).jpg,42_Lk_08_30_RG.jpg 41_Mk_05_15_RG.jpg,Gospel of Luke,Luke 08:42b-43 / Jesus' heals the hemorrhaging woman
File:Gospel of Luke Chapter 8-31 (Bible Illustrations by Sweet Media).jpg,42_Lk_08_31_RG.jpg 41_Mk_05_16_RG.jpg,Gospel harmony (Sweet Publishing),Luke 08:44 / Jesus' heals the hemorrhaging woman
File:Gospel of Luke Chapter 8-31 (Bible Illustrations by Sweet Media).jpg,42_Lk_08_31_RG.jpg 41_Mk_05_16_RG.jpg,Gospel of Luke,Luke 08:44 / Jesus' heals the hemorrhaging woman
File:Gospel of Luke Chapter 8-32 (Bible Illustrations by Sweet Media).jpg,42_Lk_08_32_RG.jpg 41_Mk_05_17_RG.jpg,Gospel harmony (Sweet Publishing),Luke 08:45-46 / Jesus' heals the hemorrhaging woman
File:Gospel of Luke Chapter 8-32 (Bible Illustrations by Sweet Media).jpg,42_Lk_08_32_RG.jpg 41_Mk_05_17_RG.jpg,Gospel of Luke,Luke 08:45-46 / Jesus' heals the hemorrhaging woman
File:Gospel of Luke Chapter 8-33 (Bible Illustrations by Sweet Media).jpg,42_Lk_08_33_RG.jpg 41_Mk_05_18_RG.jpg,Gospel harmony (Sweet Publishing),Luke 08:47-48 / Jesus' heals the hemorrhaging woman
File:Gospel of Luke Chapter 8-33 (Bible Illustrations by Sweet Media).jpg,42_Lk_08_33_RG.jpg 41_Mk_05_18_RG.jpg,Gospel of Luke,Luke 08:47-48 / Jesus' heals the hemorrhaging woman
File:Gospel of Luke Chapter 8-34 (Bible Illustrations by Sweet Media).jpg,42_Lk_08_34_RG.jpg 41_Mk_05_19_RG.jpg,Gospel harmony (Sweet Publishing),Luke 08:49 / Jesus restores Jairus' daughter to life
File:Gospel of Luke Chapter 8-34 (Bible Illustrations by Sweet Media).jpg,42_Lk_08_34_RG.jpg 41_Mk_05_19_RG.jpg,Gospel of Luke,Luke 08:49 / Jesus restores Jairus' daughter to life
File:Gospel of Luke Chapter 8-36 (Bible Illustrations by Sweet Media).jpg,42_Lk_08_36_RG.jpg 41_Mk_05_21_RG.jpg,Gospel harmony (Sweet Publishing),Luke 08:51-53 / Jesus restores Jairus' daughter to life
File:Gospel of Luke Chapter 8-36 (Bible Illustrations by Sweet Media).jpg,42_Lk_08_36_RG.jpg 41_Mk_05_21_RG.jpg,Gospel of Luke,Luke 08:51-53 / Jesus restores Jairus' daughter to life
File:Gospel of Luke Chapter 8-37 (Bible Illustrations by Sweet Media).jpg,42_Lk_08_37_RG.jpg 41_Mk_05_22_RG.jpg,Gospel harmony (Sweet Publishing),Luke 08:54 / Jesus restores Jairus' daughter to life
File:Gospel of Luke Chapter 8-37 (Bible Illustrations by Sweet Media).jpg,42_Lk_08_37_RG.jpg 41_Mk_05_22_RG.jpg,Gospel of Luke,Luke 08:54 / Jesus restores Jairus' daughter to life
File:Gospel of Luke Chapter 8-38 (Bible Illustrations by Sweet Media).jpg,42_Lk_08_38_RG.jpg 41_Mk_05_23_RG.jpg,Gospel harmony (Sweet Publishing),Luke 08:55 / Jesus restores Jairus' daughter to life
File:Gospel of Luke Chapter 8-38 (Bible Illustrations by Sweet Media).jpg,42_Lk_08_38_RG.jpg 41_Mk_05_23_RG.jpg,Gospel of Luke,Luke 08:55 / Jesus restores Jairus' daughter to life
File:Gospel of Luke Chapter 8-39 (Bible Illustrations by Sweet Media).jpg,42_Lk_08_39_RG.jpg 41_Mk_05_24_RG.jpg,Gospel harmony (Sweet Publishing),Luke 08:56 / Jesus restores Jairus' daughter to life
File:Gospel of Luke Chapter 8-39 (Bible Illustrations by Sweet Media).jpg,42_Lk_08_39_RG.jpg 41_Mk_05_24_RG.jpg,Gospel of Luke,Luke 08:56 / Jesus restores Jairus' daughter to life
File:Gospel of Mark Chapter 6-11 (Bible Illustrations by Sweet Media).jpg,42_Lk_09_05_RG.jpg 41_Mk_06_11_RG.jpg 40_Mt_10_09_RG.jpg,Gospel harmony (Sweet Publishing),<!-- Also Gospel of Matthew Chapter 10-9 (Bible...).jpg-->Matthew 10:05-15 / Luke 09:05 / Jesus sends the 12 to preach/heal
File:Gospel of Mark Chapter 6-11 (Bible Illustrations by Sweet Media).jpg,42_Lk_09_05_RG.jpg 41_Mk_06_11_RG.jpg 40_Mt_10_09_RG.jpg,Gospel of Luke,Luke 09:05 / Jesus sends the 12 to preach/heal
File:Gospel of Mark Chapter 6-11 (Bible Illustrations by Sweet Media).jpg,42_Lk_09_05_RG.jpg 41_Mk_06_11_RG.jpg 40_Mt_10_09_RG.jpg,Gospel of Matthew,Matthew 10:05-15 / Jesus sends the 12 to preach/heal
File:Gospel of Matthew Chapter 10-5 (Bible Illustrations by Sweet Media).jpg,40_Mt_10_05_RG.jpg,Gospel harmony (Sweet Publishing),Matthew 10:05-15 / Jesus sends the 12 to preach/heal
File:Gospel of Matthew Chapter 10-5 (Bible Illustrations by Sweet Media).jpg,40_Mt_10_05_RG.jpg,Gospel of Matthew,Matthew 10:05-15 / Jesus sends the 12 to preach/heal
File:Gospel of Matthew Chapter 10-6 (Bible Illustrations by Sweet Media).jpg,,Gospel harmony (Sweet Publishing),Matthew 10:05-15 / Jesus sends the 12 to preach/heal
File:Gospel of Matthew Chapter 10-6 (Bible Illustrations by Sweet Media).jpg,,Gospel of Matthew,Matthew 10:05-15 / Jesus sends the 12 to preach/heal
File:Gospel of Matthew Chapter 10-7 (Bible Illustrations by Sweet Media).jpg,40_Mt_10_07_RG.jpg,Gospel harmony (Sweet Publishing),Matthew 10:05-15 / Jesus sends the 12 to preach/heal
File:Gospel of Matthew Chapter 10-7 (Bible Illustrations by Sweet Media).jpg,40_Mt_10_07_RG.jpg,Gospel of Matthew,Matthew 10:05-15 / Jesus sends the 12 to preach/heal
File:Gospel of Mark Chapter 6-10 (Bible Illustrations by Sweet Media).jpg,41_Mk_06_10_RG.jpg 40_Mt_10_08_RG.jpg,Gospel harmony (Sweet Publishing),Matthew 10:05-15 / Jesus sends the 12 to preach/heal
File:Gospel of Mark Chapter 6-10 (Bible Illustrations by Sweet Media).jpg,41_Mk_06_10_RG.jpg 40_Mt_10_08_RG.jpg,Gospel of Matthew,Matthew 10:05-15 / Jesus sends the 12 to preach/heal
File:Gospel of Matthew Chapter 10-10 (Bible Illustrations by Sweet Media).jpg,40_Mt_10_10_RG.jpg,Gospel harmony (Sweet Publishing),"Matthew 10:16-36,39-42, 11:1 / Jesus prepares disciples for persecution"
File:Gospel of Matthew Chapter 10-10 (Bible Illustrations by Sweet Media).jpg,40_Mt_10_10_RG.jpg,Gospel of Matthew,"Matthew 10:16-36,39-42, 11:1 / Jesus prepares disciples for persecution"
File:Gospel of Matthew Chapter 10-11 (Bible Illustrations by Sweet Media).jpg,40_Mt_10_11_RG.jpg,Gospel harmony (Sweet Publishing),"Matthew 10:16-36,39-42, 11:1 / Jesus prepares disciples for persecution"
File:Gospel of Matthew Chapter 10-11 (Bible Illustrations by Sweet Media).jpg,40_Mt_10_11_RG.jpg,Gospel of Matthew,"Matthew 10:16-36,39-42, 11:1 / Jesus prepares disciples for persecution"
File:Gospel of Matthew Chapter 10-12 (Bible Illustrations by Sweet Media).jpg,40_Mt_10_12_RG.jpg,Gospel harmony (Sweet Publishing),"Matthew 10:16-36,39-42, 11:1 / Jesus prepares disciples for persecution"
File:Gospel of Matthew Chapter 10-12 (Bible Illustrations by Sweet Media).jpg,40_Mt_10_12_RG.jpg,Gospel of Matthew,"Matthew 10:16-36,39-42, 11:1 / Jesus prepares disciples for persecution"
File:Gospel of Matthew Chapter 10-13 (Bible Illustrations by Sweet Media).jpg,40_Mt_10_13_RG.jpg,Gospel harmony (Sweet Publishing),"Matthew 10:16-36,39-42, 11:1 / Jesus prepares disciples for persecution"
File:Gospel of Matthew Chapter 10-13 (Bible Illustrations by Sweet Media).jpg,40_Mt_10_13_RG.jpg,Gospel of Matthew,"Matthew 10:16-36,39-42, 11:1 / Jesus prepares disciples for persecution"
File:Gospel of Matthew Chapter 10-14 (Bible Illustrations by Sweet Media).jpg,40_Mt_10_14_RG.jpg,Gospel harmony (Sweet Publishing),"Matthew 10:16-36,39-42, 11:1 / Jesus prepares disciples for persecution"
File:Gospel of Matthew Chapter 10-14 (Bible Illustrations by Sweet Media).jpg,40_Mt_10_14_RG.jpg,Gospel of Matthew,"Matthew 10:16-36,39-42, 11:1 / Jesus prepares disciples for persecution"
File:Gospel of Matthew Chapter 10-15 (Bible Illustrations by Sweet Media).jpg,40_Mt_10_15_RG.jpg,Gospel harmony (Sweet Publishing),"Matthew 10:16-36,39-42, 11:1 / Jesus prepares disciples for persecution"
File:Gospel of Matthew Chapter 10-15 (Bible Illustrations by Sweet Media).jpg,40_Mt_10_15_RG.jpg,Gospel of Matthew,"Matthew 10:16-36,39-42, 11:1 / Jesus prepares disciples for persecution"
File:Gospel of Mark Chapter 6-9 (Bible Illustrations by Sweet Media).jpg,41_Mk_06_09_RG.jpg,Gospel harmony (Sweet Publishing),Matthew 14:01-2 / Herod's anxiety over Jesus
File:Gospel of Mark Chapter 6-9 (Bible Illustrations by Sweet Media).jpg,41_Mk_06_09_RG.jpg,Gospel of Matthew,Matthew 14:01-2 / Herod's anxiety over Jesus
File:Gospel of Matthew Chapter 14-1 (Bible Illustrations by Sweet Media).jpg,41_Mk_06_01_RG.jpg 40_Mt_14_01_RG.jpg,Gospel harmony (Sweet Publishing),Matthew 14:03-12 / The death of John the Baptist
File:Gospel of Matthew Chapter 14-1 (Bible Illustrations by Sweet Media).jpg,41_Mk_06_01_RG.jpg 40_Mt_14_01_RG.jpg,Gospel of Matthew,Matthew 14:03-12 / The death of John the Baptist
File:Gospel of Matthew Chapter 14-3 (Bible Illustrations by Sweet Media).jpg,40_Mt_14_03_RG.jpg,Gospel harmony (Sweet Publishing),Matthew 14:03-12 / The death of John the Baptist
File:Gospel of Matthew Chapter 14-3 (Bible Illustrations by Sweet Media).jpg,40_Mt_14_03_RG.jpg,Gospel of Matthew,Matthew 14:03-12 / The death of John the Baptist
File:Gospel of Mark Chapter 6-3 (Bible Illustrations by Sweet Media).jpg,41_Mk_06_03_RG.jpg 40_Mt_14_04_RG.jpg,Gospel harmony (Sweet Publishing),Matthew 14:03-12 / The death of John the Baptist
File:Gospel of Mark Chapter 6-3 (Bible Illustrations by Sweet Media).jpg,41_Mk_06_03_RG.jpg 40_Mt_14_04_RG.jpg,Gospel of Matthew,Matthew 14:03-12 / The death of John the Baptist
File:Gospel of Mark Chapter 6-4 (Bible Illustrations by Sweet Media).jpg,41_Mk_06_04_RG.jpg 40_Mt_14_05_RG.jpg,Gospel harmony (Sweet Publishing),Matthew 14:03-12 / The death of John the Baptist
File:Gospel of Mark Chapter 6-4 (Bible Illustrations by Sweet Media).jpg,41_Mk_06_04_RG.jpg 40_Mt_14_05_RG.jpg,Gospel of Matthew,Matthew 14:03-12 / The death of John the Baptist
File:Gospel of Matthew Chapter 14-6 (Bible Illustrations by Sweet Media).jpg,41_Mk_06_05_RG.jpg 40_Mt_14_06_RG.jpg,Gospel harmony (Sweet Publishing),Matthew 14:03-12 / The death of John the Baptist
File:Gospel of Matthew Chapter 14-6 (Bible Illustrations by Sweet Media).jpg,41_Mk_06_05_RG.jpg 40_Mt_14_06_RG.jpg,Gospel of Matthew,Matthew 14:03-12 / The death of John the Baptist
File:Gospel of Mark Chapter 6-6 (Bible Illustrations by Sweet Media).jpg,41_Mk_06_06_RG.jpg 40_Mt_14_07_RG.jpg,Gospel harmony (Sweet Publishing),Matthew 14:03-12 / The death of John the Baptist
File:Gospel of Mark Chapter 6-6 (Bible Illustrations by Sweet Media).jpg,41_Mk_06_06_RG.jpg 40_Mt_14_07_RG.jpg,Gospel of Matthew,Matthew 14:03-12 / The death of John the Baptist
File:Gospel of Matthew Chapter 14-2 (Bible Illustrations by Sweet Media).jpg,41_Mk_06_02_RG.jpg 40_Mt_14_02_RG.jpg,Gospel harmony (Sweet Publishing),Matthew 14:03-12 / The death of John the Baptist
File:Gospel of Matthew Chapter 14-2 (Bible Illustrations by Sweet Media).jpg,41_Mk_06_02_RG.jpg 40_Mt_14_02_RG.jpg,Gospel of Matthew,Matthew 14:03-12 / The death of John the Baptist
File:Gospel of Mark Chapter 6-7 (Bible Illustrations by Sweet Media).jpg,41_Mk_06_07_RG.jpg 40_Mt_14_08_RG.jpg,Gospel harmony (Sweet Publishing),Matthew 14:03-12 / The death of John the Baptist
File:Gospel of Mark Chapter 6-7 (Bible Illustrations by Sweet Media).jpg,41_Mk_06_07_RG.jpg 40_Mt_14_08_RG.jpg,Gospel of Matthew,Matthew 14:03-12 / The death of John the Baptist
File:Gospel of Mark Chapter 6-8 (Bible Illustrations by Sweet Media).jpg,41_Mk_06_08_RG.jpg 40_Mt_14_09_RG.jpg,Gospel harmony (Sweet Publishing),Matthew 14:03-12 / The death of John the Baptist
File:Gospel of Mark Chapter 6-8 (Bible Illustrations by Sweet Media).jpg,41_Mk_06_08_RG.jpg 40_Mt_14_09_RG.jpg,Gospel of Matthew,Matthew 14:03-12 / The death of John the Baptist
File:Gospel of John Chapter 6-1 (Bible Illustrations by Sweet Media).jpg,42_Lk_09_06_RG.jpg 43_Jn_06_01_RG.jpg 41_Mk_06_12_RG.jpg 40_Mt_14_11_RG.jpg,Gospel harmony (Sweet Publishing),<!-- Also files:Gospel of Matthew Chapter 14-11; of John Chapter 6-1 (Bible...).jpg-->Matthew 14:13-21 / Luke 09:10b-11a / John 06:1-2 / Jesus retreats to the wilderness
File:Gospel of John Chapter 6-1 (Bible Illustrations by Sweet Media).jpg,42_Lk_09_06_RG.jpg 43_Jn_06_01_RG.jpg 41_Mk_06_12_RG.jpg 40_Mt_14_11_RG.jpg,Gospel of Luke,Luke 09:10b-11a / Jesus retreats to the wilderness
File:Gospel of John Chapter 6-1 (Bible Illustrations by Sweet Media).jpg,42_Lk_09_06_RG.jpg 43_Jn_06_01_RG.jpg 41_Mk_06_12_RG.jpg 40_Mt_14_11_RG.jpg,Gospel of Matthew,"Matthew 14:13-21 / Jesus retreats to the wilderness, feeds 5000"
File:Gospel of John Chapter 6-1 (Bible Illustrations by Sweet Media).jpg,42_Lk_09_06_RG.jpg 43_Jn_06_01_RG.jpg 41_Mk_06_12_RG.jpg 40_Mt_14_11_RG.jpg,Gospel of John,"John 06:1-2 / Jesus retreats to the wilderness, feeds 5000"
File:Gospel of Luke Chapter 9-7 (Bible Illustrations by Sweet Media).jpg,42_Lk_09_07_RG.jpg 41_Mk_06_13_RG.jpg 40_Mt_14_12_RG.jpg,Gospel harmony (Sweet Publishing),<!-- Also Gospel of Matthew Chapter 14-12 (Bible...).jpg-->Matthew 14:13-21 / Luke 09:11b / Jesus retreats to the wilderness
File:Gospel of Luke Chapter 9-7 (Bible Illustrations by Sweet Media).jpg,42_Lk_09_07_RG.jpg 41_Mk_06_13_RG.jpg 40_Mt_14_12_RG.jpg,Gospel of Luke,Luke 09:11b / Jesus retreats to the wilderness
File:Gospel of Luke Chapter 9-7 (Bible Illustrations by Sweet Media).jpg,42_Lk_09_07_RG.jpg 41_Mk_06_13_RG.jpg 40_Mt_14_12_RG.jpg,Gospel of Matthew,"Matthew 14:13-21 / Jesus retreats to the wilderness, feeds 5000"
File:Gospel of John Chapter 6-3 (Bible Illustrations by Sweet Media).jpg,42_Lk_09_08_RG.jpg 43_Jn_06_03_RG.jpg 41_Mk_06_14_RG.jpg 40_Mt_14_13_RG.jpg,Gospel harmony (Sweet Publishing),"<!-- Also files:Gospel of Matthew Chapter 14-13; of John Chapter 6-3 (Bible...).jpg-->Matthew 14:13-21 / Luke 09:12 / John 06:3, 7 / Jesus feeds 5000"
File:Gospel of John Chapter 6-3 (Bible Illustrations by Sweet Media).jpg,42_Lk_09_08_RG.jpg 43_Jn_06_03_RG.jpg 41_Mk_06_14_RG.jpg 40_Mt_14_13_RG.jpg,Gospel of Luke,Luke 09:12 / Jesus feeds 5000
File:Gospel of John Chapter 6-3 (Bible Illustrations by Sweet Media).jpg,42_Lk_09_08_RG.jpg 43_Jn_06_03_RG.jpg 41_Mk_06_14_RG.jpg 40_Mt_14_13_RG.jpg,Gospel of Matthew,"Matthew 14:13-21 / Jesus retreats to the wilderness, feeds 5000"
File:Gospel of John Chapter 6-3 (Bible Illustrations by Sweet Media).jpg,42_Lk_09_08_RG.jpg 43_Jn_06_03_RG.jpg 41_Mk_06_14_RG.jpg 40_Mt_14_13_RG.jpg,Gospel of John,"John 06:3, 7 / Jesus retreats to the wilderness, feeds 5000"
File:Gospel of John Chapter 6-4 (Bible Illustrations by Sweet Media).jpg,42_Lk_09_09_RG.jpg 43_Jn_06_04_RG.jpg 41_Mk_06_15_RG.jpg 40_Mt_14_14_RG.jpg,Gospel harmony (Sweet Publishing),<!-- Also files:Gospel of Matthew Chapter 14-14; of John Chapter 6-4 (Bible...).jpg-->Matthew 14:13-21 / Luke 09:13a / John 06:5-6 / Jesus feeds 5000
File:Gospel of John Chapter 6-4 (Bible Illustrations by Sweet Media).jpg,42_Lk_09_09_RG.jpg 43_Jn_06_04_RG.jpg 41_Mk_06_15_RG.jpg 40_Mt_14_14_RG.jpg,Gospel of Luke,Luke 09:13a / Jesus feeds 5000
File:Gospel of John Chapter 6-4 (Bible Illustrations by Sweet Media).jpg,42_Lk_09_09_RG.jpg 43_Jn_06_04_RG.jpg 41_Mk_06_15_RG.jpg 40_Mt_14_14_RG.jpg,Gospel of Matthew,"Matthew 14:13-21 / Jesus retreats to the wilderness, feeds 5000"
File:Gospel of John Chapter 6-4 (Bible Illustrations by Sweet Media).jpg,42_Lk_09_09_RG.jpg 43_Jn_06_04_RG.jpg 41_Mk_06_15_RG.jpg 40_Mt_14_14_RG.jpg,Gospel of John,"John 06:5-6 / Jesus retreats to the wilderness, feeds 5000"
File:Gospel of John Chapter 6-5 (Bible Illustrations by Sweet Media).jpg,42_Lk_09_10_RG.jpg 43_Jn_06_05_RG.jpg 41_Mk_06_16_RG.jpg 40_Mt_14_15_RG.jpg,Gospel harmony (Sweet Publishing),<!-- Also files:Gospel of Matthew Chapter 14-15; of John Chapter 6-5 (Bible...).jpg-->Matthew 14:13-21 / Luke 09:13b / John 06:8 / Jesus feeds 5000
File:Gospel of John Chapter 6-5 (Bible Illustrations by Sweet Media).jpg,42_Lk_09_10_RG.jpg 43_Jn_06_05_RG.jpg 41_Mk_06_16_RG.jpg 40_Mt_14_15_RG.jpg,Gospel of Luke,Luke 09:13b / Jesus feeds 5000
File:Gospel of John Chapter 6-5 (Bible Illustrations by Sweet Media).jpg,42_Lk_09_10_RG.jpg 43_Jn_06_05_RG.jpg 41_Mk_06_16_RG.jpg 40_Mt_14_15_RG.jpg,Gospel of Matthew,"Matthew 14:13-21 / Jesus retreats to the wilderness, feeds 5000"
File:Gospel of John Chapter 6-5 (Bible Illustrations by Sweet Media).jpg,42_Lk_09_10_RG.jpg 43_Jn_06_05_RG.jpg 41_Mk_06_16_RG.jpg 40_Mt_14_15_RG.jpg,Gospel of John,"John 06:8 / Jesus retreats to the wilderness, feeds 5000"
File:Gospel of John Chapter 6-6 (Bible Illustrations by Sweet Media).jpg,43_Jn_06_06_RG.jpg,Gospel harmony (Sweet Publishing),"John 06:08-9 / Jesus retreats to the wilderness, feeds 5000"
File:Gospel of John Chapter 6-6 (Bible Illustrations by Sweet Media).jpg,43_Jn_06_06_RG.jpg,Gospel of John,"John 06:9 / Jesus retreats to the wilderness, feeds 5000"
File:Gospel of John Chapter 6-7 (Bible Illustrations by Sweet Media).jpg,42_Lk_09_11_RG.jpg 43_Jn_06_07_RG.jpg 41_Mk_06_17_RG.jpg 40_Mt_14_16_RG.jpg,Gospel harmony (Sweet Publishing),"<!-- Also files:Gospel of Matthew Chapter 14-16; of John Chapter 6-7 (Bible...).jpg-->Matthew 14:13-21 / Luke 09:14-15 / John 06:10, 14 / Jesus feeds 5000"
File:Gospel of John Chapter 6-7 (Bible Illustrations by Sweet Media).jpg,42_Lk_09_11_RG.jpg 43_Jn_06_07_RG.jpg 41_Mk_06_17_RG.jpg 40_Mt_14_16_RG.jpg,Gospel of Luke,Luke 09:14-15 / Jesus feeds 5000
File:Gospel of John Chapter 6-7 (Bible Illustrations by Sweet Media).jpg,42_Lk_09_11_RG.jpg 43_Jn_06_07_RG.jpg 41_Mk_06_17_RG.jpg 40_Mt_14_16_RG.jpg,Gospel of Matthew,"Matthew 14:13-21 / Jesus retreats to the wilderness, feeds 5000"
File:Gospel of John Chapter 6-7 (Bible Illustrations by Sweet Media).jpg,42_Lk_09_11_RG.jpg 43_Jn_06_07_RG.jpg 41_Mk_06_17_RG.jpg 40_Mt_14_16_RG.jpg,Gospel of John,"John 06:10, 14 / Jesus retreats to the wilderness, feeds 5000"
File:Gospel of John Chapter 6-8 (Bible Illustrations by Sweet Media).jpg,42_Lk_09_12_RG.jpg 43_Jn_06_08_RG.jpg 41_Mk_06_18_RG.jpg 40_Mt_14_17_RG.jpg,Gospel harmony (Sweet Publishing),<!-- Also files:Gospel of Matthew Chapter 14-17; of John Chapter 6-8 (Bible...).jpg-->Matthew 14:13-21 / Luke 09:16a / John 06:11a / Jesus feeds 5000
File:Gospel of John Chapter 6-8 (Bible Illustrations by Sweet Media).jpg,42_Lk_09_12_RG.jpg 43_Jn_06_08_RG.jpg 41_Mk_06_18_RG.jpg 40_Mt_14_17_RG.jpg,Gospel of Luke,Luke 09:16a / Jesus feeds 5000
File:Gospel of John Chapter 6-8 (Bible Illustrations by Sweet Media).jpg,42_Lk_09_12_RG.jpg 43_Jn_06_08_RG.jpg 41_Mk_06_18_RG.jpg 40_Mt_14_17_RG.jpg,Gospel of Matthew,"Matthew 14:13-21 / Jesus retreats to the wilderness, feeds 5000"
File:Gospel of John Chapter 6-8 (Bible Illustrations by Sweet Media).jpg,42_Lk_09_12_RG.jpg 43_Jn_06_08_RG.jpg 41_Mk_06_18_RG.jpg 40_Mt_14_17_RG.jpg,Gospel of John,"John 06:11a / Jesus retreats to the wilderness, feeds 5000"
File:Gospel of John Chapter 6-9 (Bible Illustrations by Sweet Media).jpg,42_Lk_09_13_RG.jpg 43_Jn_06_09_RG.jpg 41_Mk_06_19_RG.jpg 40_Mt_14_18_RG.jpg,Gospel harmony (Sweet Publishing),<!-- Also files:Gospel of Matthew Chapter 14-18; of John Chapter 6-9 (Bible...).jpg-->Matthew 14:13-21 / Luke 09:16b / John 06:11b / Jesus feeds 5000
File:Gospel of John Chapter 6-9 (Bible Illustrations by Sweet Media).jpg,42_Lk_09_13_RG.jpg 43_Jn_06_09_RG.jpg 41_Mk_06_19_RG.jpg 40_Mt_14_18_RG.jpg,Gospel of Luke,Luke 09:16b / Jesus feeds 5000
File:Gospel of John Chapter 6-9 (Bible Illustrations by Sweet Media).jpg,42_Lk_09_13_RG.jpg 43_Jn_06_09_RG.jpg 41_Mk_06_19_RG.jpg 40_Mt_14_18_RG.jpg,Gospel of Matthew,"Matthew 14:13-21 / Jesus retreats to the wilderness, feeds 5000"
File:Gospel of John Chapter 6-9 (Bible Illustrations by Sweet Media).jpg,42_Lk_09_13_RG.jpg 43_Jn_06_09_RG.jpg 41_Mk_06_19_RG.jpg 40_Mt_14_18_RG.jpg,Gospel of John,"John 06:11b / Jesus retreats to the wilderness, feeds 5000"
File:Gospel of John Chapter 6-10 (Bible Illustrations by Sweet Media).jpg,42_Lk_09_14_RG.jpg 43_Jn_06_10_RG.jpg 41_Mk_06_20_RG.jpg 40_Mt_14_19_RG.jpg,Gospel harmony (Sweet Publishing),<!-- Also files:Gospel of Matthew Chapter 14-19; of John Chapter 6-10 (Bible...).jpg-->Matthew 14:13-21 / Luke 09:17 / John 06:12-13 / Jesus feeds 5000
File:Gospel of John Chapter 6-10 (Bible Illustrations by Sweet Media).jpg,42_Lk_09_14_RG.jpg 43_Jn_06_10_RG.jpg 41_Mk_06_20_RG.jpg 40_Mt_14_19_RG.jpg,Gospel of Luke,Luke 09:17 / Jesus feeds 5000
File:Gospel of John Chapter 6-10 (Bible Illustrations by Sweet Media).jpg,42_Lk_09_14_RG.jpg 43_Jn_06_10_RG.jpg 41_Mk_06_20_RG.jpg 40_Mt_14_19_RG.jpg,Gospel of Matthew,"Matthew 14:13-21 / Jesus retreats to the wilderness, feeds 5000"
File:Gospel of John Chapter 6-10 (Bible Illustrations by Sweet Media).jpg,42_Lk_09_14_RG.jpg 43_Jn_06_10_RG.jpg 41_Mk_06_20_RG.jpg 40_Mt_14_19_RG.jpg,Gospel of John,"John 06:12-13 / Jesus retreats to the wilderness, feeds 5000"
File:Gospel of Mark Chapter 6-21 (Bible Illustrations by Sweet Media).jpg,43_Jn_06_11_RG.jpg 41_Mk_06_21_RG.jpg 40_Mt_14_20_RG.jpg,Gospel harmony (Sweet Publishing),<!-- Also Gospel of Matthew Chapter 14-20 (Bible...).jpg-->Matthew 14:22-23 / John 06:15 / Jesus withdraws from the crowd
File:Gospel of Mark Chapter 6-21 (Bible Illustrations by Sweet Media).jpg,43_Jn_06_11_RG.jpg 41_Mk_06_21_RG.jpg 40_Mt_14_20_RG.jpg,Gospel of Matthew,Matthew 14:22 / Jesus withdraws from the crowd
File:Gospel of Mark Chapter 6-21 (Bible Illustrations by Sweet Media).jpg,43_Jn_06_11_RG.jpg 41_Mk_06_21_RG.jpg 40_Mt_14_20_RG.jpg,Gospel of John,John 06:15 / Jesus withdraws from the crowd
File:Gospel of Matthew Chapter 14-21 (Bible Illustrations by Sweet Media).jpg,43_Jn_06_12_RG.jpg 41_Mk_06_22_RG.jpg 40_Mt_14_21_RG.jpg,Gospel harmony (Sweet Publishing),<!-- Also Gospel of Matthew Chapter 14-21 (Bible...).jpg-->Matthew 14:22-24 / John 06:16-17 / Jesus walks on water
File:Gospel of Matthew Chapter 14-21 (Bible Illustrations by Sweet Media).jpg,43_Jn_06_12_RG.jpg 41_Mk_06_22_RG.jpg 40_Mt_14_21_RG.jpg,Gospel of Matthew,Matthew 14:23 / Jesus withdraws from the crowd
File:Gospel of Matthew Chapter 14-21 (Bible Illustrations by Sweet Media).jpg,43_Jn_06_12_RG.jpg 41_Mk_06_22_RG.jpg 40_Mt_14_21_RG.jpg,Gospel of John,John 06:16-17 / Jesus walks on water
File:Gospel of John Chapter 6-14 (Bible Illustrations by Sweet Media).jpg,43_Jn_06_14_RG.jpg 41_Mk_06_24_RG.jpg 40_Mt_14_23_RG.jpg,Gospel harmony (Sweet Publishing),<!-- Also Gospel of Matthew Chapter 14-23 (Bible...).jpg-->Matthew 14:24-33 / John 06:19 / Jesus walks on water
File:Gospel of John Chapter 6-14 (Bible Illustrations by Sweet Media).jpg,43_Jn_06_14_RG.jpg 41_Mk_06_24_RG.jpg 40_Mt_14_23_RG.jpg,Gospel of Matthew,Matthew 14:25 / Jesus walks on water
File:Gospel of John Chapter 6-14 (Bible Illustrations by Sweet Media).jpg,43_Jn_06_14_RG.jpg 41_Mk_06_24_RG.jpg 40_Mt_14_23_RG.jpg,Gospel of John,John 06:19 / Jesus walks on water
File:Gospel of Matthew Chapter 14-24 (Bible Illustrations by Sweet Media).jpg,43_Jn_06_15_RG.jpg 41_Mk_06_25_RG.jpg 40_Mt_14_24_RG.jpg,Gospel harmony (Sweet Publishing),<!-- Also Gospel of Matthew Chapter 14-24 (Bible...).jpg-->Matthew 14:24-33 / John 06:19 / Jesus walks on water
File:Gospel of Matthew Chapter 14-24 (Bible Illustrations by Sweet Media).jpg,43_Jn_06_15_RG.jpg 41_Mk_06_25_RG.jpg 40_Mt_14_24_RG.jpg,Gospel of Matthew,Matthew 14:26 / Jesus walks on water
File:Gospel of Matthew Chapter 14-24 (Bible Illustrations by Sweet Media).jpg,43_Jn_06_15_RG.jpg 41_Mk_06_25_RG.jpg 40_Mt_14_24_RG.jpg,Gospel of John,John 06:19 / Jesus walks on water
File:Gospel of Matthew Chapter 14-25 (Bible Illustrations by Sweet Media).jpg,43_Jn_06_16_RG.jpg 41_Mk_06_26_RG.jpg 40_Mt_14_25_RG.jpg,Gospel harmony (Sweet Publishing),<!-- Also Gospel of Matthew Chapter 14-25 (Bible...).jpg-->Matthew 14:24-33 / John 06:20 / Jesus walks on water
File:Gospel of Matthew Chapter 14-25 (Bible Illustrations by Sweet Media).jpg,43_Jn_06_16_RG.jpg 41_Mk_06_26_RG.jpg 40_Mt_14_25_RG.jpg,Gospel of Matthew,Matthew 14:27 / Jesus walks on water
File:Gospel of Matthew Chapter 14-25 (Bible Illustrations by Sweet Media).jpg,43_Jn_06_16_RG.jpg 41_Mk_06_26_RG.jpg 40_Mt_14_25_RG.jpg,Gospel of John,John 06:20 / Jesus walks on water
File:Gospel of Matthew Chapter 14-26 (Bible Illustrations by Sweet Media).jpg,40_Mt_14_26_RG.jpg,Gospel harmony (Sweet Publishing),Matthew 14:24-33 / Jesus walks on water
File:Gospel of Matthew Chapter 14-26 (Bible Illustrations by Sweet Media).jpg,40_Mt_14_26_RG.jpg,Gospel of Matthew,Matthew 14:28 / Jesus walks on water
File:Gospel of Matthew Chapter 14-27 (Bible Illustrations by Sweet Media).jpg,40_Mt_14_27_RG.jpg,Gospel harmony (Sweet Publishing),Matthew 14:24-33 / Jesus walks on water
File:Gospel of Matthew Chapter 14-27 (Bible Illustrations by Sweet Media).jpg,40_Mt_14_27_RG.jpg,Gospel of Matthew,Matthew 14:29 / Jesus walks on water
File:Gospel of Matthew Chapter 14-28 (Bible Illustrations by Sweet Media).jpg,40_Mt_14_28_RG.jpg,Gospel harmony (Sweet Publishing),Matthew 14:24-33 / Jesus walks on water
File:Gospel of Matthew Chapter 14-28 (Bible Illustrations by Sweet Media).jpg,40_Mt_14_28_RG.jpg,Gospel of Matthew,Matthew 14:30 / Jesus walks on water
File:Gospel of Matthew Chapter 14-29 (Bible Illustrations by Sweet Media).jpg,40_Mt_14_29_RG.jpg,Gospel harmony (Sweet Publishing),Matthew 14:24-33 / Jesus walks on water
File:Gospel of Matthew Chapter 14-29 (Bible Illustrations by Sweet Media).jpg,40_Mt_14_29_RG.jpg,Gospel of Matthew,Matthew 14:31 / Jesus walks on water
File:Gospel of John Chapter 6-17 (Bible Illustrations by Sweet Media).jpg,43_Jn_06_17_RG.jpg 41_Mk_06_27_RG.jpg 40_Mt_14_30_RG.jpg,Gospel harmony (Sweet Publishing),<!-- Also Gospel of Matthew Chapter 14-30 (Bible...).jpg-->Matthew 14:24-33 / John 06:21 / Jesus walks on water
File:Gospel of John Chapter 6-17 (Bible Illustrations by Sweet Media).jpg,43_Jn_06_17_RG.jpg 41_Mk_06_27_RG.jpg 40_Mt_14_30_RG.jpg,Gospel of Matthew,Matthew 14:32-33 / Jesus walks on water
File:Gospel of John Chapter 6-17 (Bible Illustrations by Sweet Media).jpg,43_Jn_06_17_RG.jpg 41_Mk_06_27_RG.jpg 40_Mt_14_30_RG.jpg,Gospel of John,John 06:21 / Jesus walks on water
File:Gospel of Luke Chapter 9-15 (Bible Illustrations by Sweet Media).jpg,42_Lk_09_15_RG.jpg 41_Mk_08_01_RG.jpg 40_Mt_16_01_RG.jpg,Gospel harmony (Sweet Publishing),<!-- Also Gospel of Matthew Chapter 16-1 (Bible...).jpg-->Matthew 16:13-20 / Luke 09:18-19 / Jesus proclaimed Messiah at Caesarea Ph.
File:Gospel of Luke Chapter 9-15 (Bible Illustrations by Sweet Media).jpg,42_Lk_09_15_RG.jpg 41_Mk_08_01_RG.jpg 40_Mt_16_01_RG.jpg,Gospel of Luke,Luke 09:18-19 / Jesus proclaimed Messiah @ Caesarea Ph.
File:Gospel of Luke Chapter 9-15 (Bible Illustrations by Sweet Media).jpg,42_Lk_09_15_RG.jpg 41_Mk_08_01_RG.jpg 40_Mt_16_01_RG.jpg,Gospel of Matthew,Matthew 16:13-20 / Jesus proclaimed Messiah @ Caesarea Ph.
File:Gospel of Luke Chapter 9-16 (Bible Illustrations by Sweet Media).jpg,42_Lk_09_16_RG.jpg 41_Mk_08_02_RG.jpg 40_Mt_16_02_RG.jpg,Gospel harmony (Sweet Publishing),<!-- Also Gospel of Matthew Chapter 16-2 (Bible...).jpg-->Matthew 16:13-20 / Luke 09:20a / Jesus proclaimed Messiah at Caesarea Ph.
File:Gospel of Luke Chapter 9-16 (Bible Illustrations by Sweet Media).jpg,42_Lk_09_16_RG.jpg 41_Mk_08_02_RG.jpg 40_Mt_16_02_RG.jpg,Gospel of Luke,Luke 09:20a / Jesus proclaimed Messiah @ Caesarea Ph.
File:Gospel of Luke Chapter 9-16 (Bible Illustrations by Sweet Media).jpg,42_Lk_09_16_RG.jpg 41_Mk_08_02_RG.jpg 40_Mt_16_02_RG.jpg,Gospel of Matthew,Matthew 16:13-20 / Jesus proclaimed Messiah @ Caesarea Ph.
File:Gospel of Luke Chapter 9-17 (Bible Illustrations by Sweet Media).jpg,42_Lk_09_17_RG.jpg 41_Mk_08_03_RG.jpg 40_Mt_16_03_RG.jpg,Gospel harmony (Sweet Publishing),<!-- Also Gospel of Matthew Chapter 16-3 (Bible...).jpg-->Matthew 16:13-20 / Luke 09:20b / Jesus proclaimed Messiah at Caesarea Ph.
File:Gospel of Luke Chapter 9-17 (Bible Illustrations by Sweet Media).jpg,42_Lk_09_17_RG.jpg 41_Mk_08_03_RG.jpg 40_Mt_16_03_RG.jpg,Gospel of Luke,Luke 09:20b / Jesus proclaimed Messiah @ Caesarea Ph.
File:Gospel of Luke Chapter 9-17 (Bible Illustrations by Sweet Media).jpg,42_Lk_09_17_RG.jpg 41_Mk_08_03_RG.jpg 40_Mt_16_03_RG.jpg,Gospel of Matthew,Matthew 16:13-20 / Jesus proclaimed Messiah @ Caesarea Ph.
File:Gospel of Matthew Chapter 16-4 (Bible Illustrations by Sweet Media).jpg,42_Lk_09_18_RG.jpg 41_Mk_08_04_RG.jpg 40_Mt_16_04_RG.jpg,Gospel harmony (Sweet Publishing),<!-- Also Gospel of Matthew Chapter 16-4 (Bible...).jpg-->Matthew 16:13-20 / Luke 09:21 / Jesus proclaimed Messiah at Caesarea Ph.
File:Gospel of Matthew Chapter 16-4 (Bible Illustrations by Sweet Media).jpg,42_Lk_09_18_RG.jpg 41_Mk_08_04_RG.jpg 40_Mt_16_04_RG.jpg,Gospel of Luke,Luke 09:21 / Jesus proclaimed Messiah @ Caesarea Ph.
File:Gospel of Matthew Chapter 16-4 (Bible Illustrations by Sweet Media).jpg,42_Lk_09_18_RG.jpg 41_Mk_08_04_RG.jpg 40_Mt_16_04_RG.jpg,Gospel of Matthew,Matthew 16:13-20 / Jesus proclaimed Messiah @ Caesarea Ph.
File:Gospel of Matthew Chapter 16-5 (Bible Illustrations by Sweet Media).jpg,42_Lk_09_19_RG.jpg 41_Mk_08_05_RG.jpg 40_Mt_16_05_RG.jpg,Gospel harmony (Sweet Publishing),<!-- Also Gospel of Matthew Chapter 16-5 (Bible...).jpg-->Matthew 16:13-20 / Luke 09:21 / Jesus proclaimed Messiah at Caesarea Ph.
File:Gospel of Matthew Chapter 16-5 (Bible Illustrations by Sweet Media).jpg,42_Lk_09_19_RG.jpg 41_Mk_08_05_RG.jpg 40_Mt_16_05_RG.jpg,Gospel of Luke,Luke 09:21 / Jesus proclaimed Messiah @ Caesarea Ph.
File:Gospel of Matthew Chapter 16-5 (Bible Illustrations by Sweet Media).jpg,42_Lk_09_19_RG.jpg 41_Mk_08_05_RG.jpg 40_Mt_16_05_RG.jpg,Gospel of Matthew,Matthew 16:13-20 / Jesus proclaimed Messiah @ Caesarea Ph.
File:Gospel of Matthew Chapter 16-11 (Bible Illustrations by Sweet Media).jpg,42_Lk_09_22_RG.jpg 41_Mk_09_01_RG.jpg 40_Mt_16_11_RG.jpg,Gospel harmony (Sweet Publishing),<!-- Also Gospel of Matthew Chapter 16-11 (Bible...).jpg-->Matthew 16:13-20 / Luke 09:28-36a / Jesus proclaimed Messiah at Caesarea Ph.
File:Gospel of Matthew Chapter 16-11 (Bible Illustrations by Sweet Media).jpg,42_Lk_09_22_RG.jpg 41_Mk_09_01_RG.jpg 40_Mt_16_11_RG.jpg,Gospel of Luke,Luke 09:28-36a / Jesus proclaimed Messiah @ Caesarea Ph.
File:Gospel of Matthew Chapter 16-11 (Bible Illustrations by Sweet Media).jpg,42_Lk_09_22_RG.jpg 41_Mk_09_01_RG.jpg 40_Mt_16_11_RG.jpg,Gospel of Matthew,Matthew 16:13-20 / Jesus proclaimed Messiah @ Caesarea Ph.
File:Gospel of Luke Chapter 9-20 (Bible Illustrations by Sweet Media).jpg,42_Lk_09_20_RG.jpg 41_Mk_08_06_RG.jpg 40_Mt_16_06_RG.jpg,Gospel harmony (Sweet Publishing),Matthew 16:13-20 / Jesus proclaimed Messiah at Caesarea Ph.
File:Gospel of Luke Chapter 9-20 (Bible Illustrations by Sweet Media).jpg,42_Lk_09_20_RG.jpg 41_Mk_08_06_RG.jpg 40_Mt_16_06_RG.jpg,Gospel harmony (Sweet Publishing),Luke 09:22 / Jesus predicts death/res. Peter rebuked
File:Gospel of Luke Chapter 9-20 (Bible Illustrations by Sweet Media).jpg,42_Lk_09_20_RG.jpg 41_Mk_08_06_RG.jpg 40_Mt_16_06_RG.jpg,Gospel of Luke,Luke 09:22 / Jesus predicts death/res. Peter rebuked
File:Gospel of Luke Chapter 9-20 (Bible Illustrations by Sweet Media).jpg,42_Lk_09_20_RG.jpg 41_Mk_08_06_RG.jpg 40_Mt_16_06_RG.jpg,Gospel of Matthew,Matthew 16:13-20 / Jesus proclaimed Messiah @ Caesarea Ph.
File:Gospel of Matthew Chapter 16-7 (Bible Illustrations by Sweet Media).jpg,40_Mt_16_07_RG.jpg,Gospel harmony (Sweet Publishing),Matthew 16:13-20 / Jesus proclaimed Messiah at Caesarea Ph.
File:Gospel of Matthew Chapter 16-7 (Bible Illustrations by Sweet Media).jpg,40_Mt_16_07_RG.jpg,Gospel of Matthew,Matthew 16:13-20 / Jesus proclaimed Messiah @ Caesarea Ph.
File:Gospel of Mark Chapter 8-7 (Bible Illustrations by Sweet Media).jpg,41_Mk_08_07_RG.jpg 40_Mt_16_08_RG.jpg,Gospel harmony (Sweet Publishing),Matthew 16:13-20 / Jesus proclaimed Messiah at Caesarea Ph.
File:Gospel of Mark Chapter 8-7 (Bible Illustrations by Sweet Media).jpg,41_Mk_08_07_RG.jpg 40_Mt_16_08_RG.jpg,Gospel of Matthew,Matthew 16:13-20 / Jesus proclaimed Messiah @ Caesarea Ph.
File:Gospel of Matthew Chapter 16-9 (Bible Illustrations by Sweet Media).jpg,40_Mt_16_09_RG.jpg,Gospel harmony (Sweet Publishing),Matthew 16:13-20 / Jesus proclaimed Messiah at Caesarea Ph.
File:Gospel of Matthew Chapter 16-9 (Bible Illustrations by Sweet Media).jpg,40_Mt_16_09_RG.jpg,Gospel of Matthew,Matthew 16:13-20 / Jesus proclaimed Messiah @ Caesarea Ph.
File:Gospel of Matthew Chapter 16-10 (Bible Illustrations by Sweet Media).jpg,42_Lk_09_21_RG.jpg 41_Mk_08_08_RG.jpg 40_Mt_16_10_RG.jpg,Gospel harmony (Sweet Publishing),Matthew 16:13-20 / Jesus proclaimed Messiah at Caesarea Ph.
File:Gospel of Matthew Chapter 16-10 (Bible Illustrations by Sweet Media).jpg,42_Lk_09_21_RG.jpg 41_Mk_08_08_RG.jpg 40_Mt_16_10_RG.jpg,Gospel harmony (Sweet Publishing),Luke 09:23-27 / Jesus predicts death/res. Peter rebuked
File:Gospel of Matthew Chapter 16-10 (Bible Illustrations by Sweet Media).jpg,42_Lk_09_21_RG.jpg 41_Mk_08_08_RG.jpg 40_Mt_16_10_RG.jpg,Gospel of Luke,Luke 09:23-27 / Jesus predicts death/res. Peter rebuked
File:Gospel of Matthew Chapter 16-10 (Bible Illustrations by Sweet Media).jpg,42_Lk_09_21_RG.jpg 41_Mk_08_08_RG.jpg 40_Mt_16_10_RG.jpg,Gospel of Matthew,Matthew 16:13-20 / Jesus proclaimed Messiah @ Caesarea Ph.
File:Gospel of Matthew Chapter 17-1 (Bible Illustrations by Sweet Media).jpg,42_Lk_09_23_RG.jpg 41_Mk_09_02_RG.jpg 40_Mt_17_01_RG.jpg,Gospel harmony (Sweet Publishing),<!-- Also Gospel of Matthew Chapter 17-1 (Bible...).jpg-->Matthew 17:01-9 / Luke 09:28 / The transfiguration
File:Gospel of Matthew Chapter 17-1 (Bible Illustrations by Sweet Media).jpg,42_Lk_09_23_RG.jpg 41_Mk_09_02_RG.jpg 40_Mt_17_01_RG.jpg,Gospel of Luke,Luke 09:28 / The transfiguration
File:Gospel of Matthew Chapter 17-1 (Bible Illustrations by Sweet Media).jpg,42_Lk_09_23_RG.jpg 41_Mk_09_02_RG.jpg 40_Mt_17_01_RG.jpg,Gospel of Matthew,Matthew 17:01-9 / The transfiguration
File:Gospel of Matthew Chapter 17-2 (Bible Illustrations by Sweet Media).jpg,42_Lk_09_24_RG.jpg 41_Mk_09_03_RG.jpg 40_Mt_17_02_RG.jpg,Gospel harmony (Sweet Publishing),<!-- Also Gospel of Matthew Chapter 17-2 (Bible...).jpg-->Matthew 17:01-9 / Luke 09:29 / The transfiguration
File:Gospel of Matthew Chapter 17-2 (Bible Illustrations by Sweet Media).jpg,42_Lk_09_24_RG.jpg 41_Mk_09_03_RG.jpg 40_Mt_17_02_RG.jpg,Gospel of Luke,Luke 09:29 / The transfiguration
File:Gospel of Matthew Chapter 17-2 (Bible Illustrations by Sweet Media).jpg,42_Lk_09_24_RG.jpg 41_Mk_09_03_RG.jpg 40_Mt_17_02_RG.jpg,Gospel of Matthew,Matthew 17:01-9 / The transfiguration
File:Gospel of Matthew Chapter 17-3 (Bible Illustrations by Sweet Media).jpg,42_Lk_09_25_RG.jpg 41_Mk_09_04_RG.jpg 40_Mt_17_03_RG.jpg,Gospel harmony (Sweet Publishing),<!-- Also Gospel of Matthew Chapter 17-3 (Bible...).jpg-->Matthew 17:01-9 / Luke 09:30 / The transfiguration
File:Gospel of Matthew Chapter 17-3 (Bible Illustrations by Sweet Media).jpg,42_Lk_09_25_RG.jpg 41_Mk_09_04_RG.jpg 40_Mt_17_03_RG.jpg,Gospel of Luke,Luke 09:30 / The transfiguration
File:Gospel of Matthew Chapter 17-3 (Bible Illustrations by Sweet Media).jpg,42_Lk_09_25_RG.jpg 41_Mk_09_04_RG.jpg 40_Mt_17_03_RG.jpg,Gospel of Matthew,Matthew 17:01-9 / The transfiguration
File:Gospel of Matthew Chapter 17-4 (Bible Illustrations by Sweet Media).jpg,42_Lk_09_26_RG.jpg 41_Mk_09_05_RG.jpg 40_Mt_17_04_RG.jpg,Gospel harmony (Sweet Publishing),<!-- Also Gospel of Matthew Chapter 17-4 (Bible...).jpg-->Matthew 17:01-9 / Luke 09:31-32 / The transfiguration
File:Gospel of Matthew Chapter 17-4 (Bible Illustrations by Sweet Media).jpg,42_Lk_09_26_RG.jpg 41_Mk_09_05_RG.jpg 40_Mt_17_04_RG.jpg,Gospel of Luke,Luke 09:31-32 / The transfiguration
File:Gospel of Matthew Chapter 17-4 (Bible Illustrations by Sweet Media).jpg,42_Lk_09_26_RG.jpg 41_Mk_09_05_RG.jpg 40_Mt_17_04_RG.jpg,Gospel of Matthew,Matthew 17:01-9 / The transfiguration
File:Gospel of Matthew Chapter 17-5 (Bible Illustrations by Sweet Media).jpg,42_Lk_09_27_RG.jpg 41_Mk_09_06_RG.jpg 40_Mt_17_05_RG.jpg,Gospel harmony (Sweet Publishing),<!-- Also Gospel of Matthew Chapter 17-5 (Bible...).jpg-->Matthew 17:01-9 / Luke 09:33-34 / The transfiguration
File:Gospel of Matthew Chapter 17-5 (Bible Illustrations by Sweet Media).jpg,42_Lk_09_27_RG.jpg 41_Mk_09_06_RG.jpg 40_Mt_17_05_RG.jpg,Gospel of Luke,Luke 09:33-34 / The transfiguration
File:Gospel of Matthew Chapter 17-5 (Bible Illustrations by Sweet Media).jpg,42_Lk_09_27_RG.jpg 41_Mk_09_06_RG.jpg 40_Mt_17_05_RG.jpg,Gospel of Matthew,Matthew 17:01-9 / The transfiguration
File:Gospel of Matthew Chapter 17-6 (Bible Illustrations by Sweet Media).jpg,40_Mt_17_06_RG.jpg,Gospel harmony (Sweet Publishing),Matthew 17:01-9 / The transfiguration
File:Gospel of Matthew Chapter 17-6 (Bible Illustrations by Sweet Media).jpg,40_Mt_17_06_RG.jpg,Gospel of Matthew,Matthew 17:01-9 / The transfiguration
File:Gospel of Matthew Chapter 17-7 (Bible Illustrations by Sweet Media).jpg,41_Mk_09_07_RG.jpg 40_Mt_17_07_RG.jpg,Gospel harmony (Sweet Publishing),Matthew 17:01-9 / The transfiguration
File:Gospel of Matthew Chapter 17-7 (Bible Illustrations by Sweet Media).jpg,41_Mk_09_07_RG.jpg 40_Mt_17_07_RG.jpg,Gospel of Matthew,Matthew 17:01-9 / The transfiguration
File:Gospel of Mark Chapter 9-8 (Bible Illustrations by Sweet Media).jpg,41_Mk_09_08_RG.jpg,Gospel harmony (Sweet Publishing),Matthew 17:10-13 / Elijah explained
File:Gospel of Mark Chapter 9-8 (Bible Illustrations by Sweet Media).jpg,41_Mk_09_08_RG.jpg,Gospel of Matthew,Matthew 17:10-13 / Elijah explained
File:Gospel of Mark Chapter 9-9 (Bible Illustrations by Sweet Media).jpg,41_Mk_09_09_RG.jpg 40_Mt_17_09_RG.jpg,Gospel harmony (Sweet Publishing),Matthew 17:10-13 / Elijah explained
File:Gospel of Mark Chapter 9-9 (Bible Illustrations by Sweet Media).jpg,41_Mk_09_09_RG.jpg 40_Mt_17_09_RG.jpg,Gospel of Matthew,Matthew 17:10-13 / Elijah explained
File:Gospel of Matthew Chapter 17-10 (Bible Illustrations by Sweet Media).jpg,41_Mk_09_10_RG.jpg 40_Mt_17_10_RG.jpg,Gospel harmony (Sweet Publishing),Matthew 17:10-13 / Elijah explained
File:Gospel of Matthew Chapter 17-10 (Bible Illustrations by Sweet Media).jpg,41_Mk_09_10_RG.jpg 40_Mt_17_10_RG.jpg,Gospel of Matthew,Matthew 17:10-13 / Elijah explained
File:Gospel of Matthew Chapter 17-11 (Bible Illustrations by Sweet Media).jpg,41_Mk_09_11_RG.jpg 40_Mt_17_11_RG.jpg,Gospel harmony (Sweet Publishing),Matthew 17:10-13 / Elijah explained
File:Gospel of Matthew Chapter 17-11 (Bible Illustrations by Sweet Media).jpg,41_Mk_09_11_RG.jpg 40_Mt_17_11_RG.jpg,Gospel of Matthew,Matthew 17:10-13 / Elijah explained
File:Gospel of Matthew Chapter 17-12 (Bible Illustrations by Sweet Media).jpg,42_Lk_09_28_RG.jpg 41_Mk_09_12_RG.jpg 40_Mt_17_12_RG.jpg,Gospel harmony (Sweet Publishing),Matthew 17:14-21 / Luke 09:37 / Demoniac boy healed
File:Gospel of Matthew Chapter 17-12 (Bible Illustrations by Sweet Media).jpg,42_Lk_09_28_RG.jpg 41_Mk_09_12_RG.jpg 40_Mt_17_12_RG.jpg,Gospel of Luke,Luke 09:37 / Demoniac boy healed
File:Gospel of Matthew Chapter 17-12 (Bible Illustrations by Sweet Media).jpg,42_Lk_09_28_RG.jpg 41_Mk_09_12_RG.jpg 40_Mt_17_12_RG.jpg,Gospel of Matthew,Matthew 17:14-21 / Demoniac boy healed
File:Gospel of Matthew Chapter 17-13 (Bible Illustrations by Sweet Media).jpg,42_Lk_09_29_RG.jpg 41_Mk_09_13_RG.jpg 40_Mt_17_13_RG.jpg,Gospel harmony (Sweet Publishing),Matthew 17:14-21 / Luke 09:38 / Demoniac boy healed
File:Gospel of Matthew Chapter 17-13 (Bible Illustrations by Sweet Media).jpg,42_Lk_09_29_RG.jpg 41_Mk_09_13_RG.jpg 40_Mt_17_13_RG.jpg,Gospel of Luke,Luke 09:38 / Demoniac boy healed
File:Gospel of Matthew Chapter 17-13 (Bible Illustrations by Sweet Media).jpg,42_Lk_09_29_RG.jpg 41_Mk_09_13_RG.jpg 40_Mt_17_13_RG.jpg,Gospel of Matthew,Matthew 17:14-21 / Demoniac boy healed
File:Gospel of Matthew Chapter 17-14 (Bible Illustrations by Sweet Media).jpg,42_Lk_09_30_RG.jpg 41_Mk_09_14_RG.jpg 40_Mt_17_14_RG.jpg,Gospel harmony (Sweet Publishing),Matthew 17:14-21 / Luke 09:39-40 / Demoniac boy healed
File:Gospel of Matthew Chapter 17-14 (Bible Illustrations by Sweet Media).jpg,42_Lk_09_30_RG.jpg 41_Mk_09_14_RG.jpg 40_Mt_17_14_RG.jpg,Gospel of Luke,Luke 09:39-40 / Demoniac boy healed
File:Gospel of Matthew Chapter 17-14 (Bible Illustrations by Sweet Media).jpg,42_Lk_09_30_RG.jpg 41_Mk_09_14_RG.jpg 40_Mt_17_14_RG.jpg,Gospel of Matthew,Matthew 17:14-21 / Demoniac boy healed
File:Gospel of Matthew Chapter 17-15 (Bible Illustrations by Sweet Media).jpg,42_Lk_09_31_RG.jpg 41_Mk_09_15_RG.jpg 40_Mt_17_15_RG.jpg,Gospel harmony (Sweet Publishing),Matthew 17:14-21 / Luke 09:41 / Demoniac boy healed
File:Gospel of Matthew Chapter 17-15 (Bible Illustrations by Sweet Media).jpg,42_Lk_09_31_RG.jpg 41_Mk_09_15_RG.jpg 40_Mt_17_15_RG.jpg,Gospel of Luke,Luke 09:41 / Demoniac boy healed
File:Gospel of Matthew Chapter 17-15 (Bible Illustrations by Sweet Media).jpg,42_Lk_09_31_RG.jpg 41_Mk_09_15_RG.jpg 40_Mt_17_15_RG.jpg,Gospel of Matthew,Matthew 17:14-21 / Demoniac boy healed
File:Gospel of Luke Chapter 9-33 (Bible Illustrations by Sweet Media).jpg,42_Lk_09_33_RG.jpg 41_Mk_09_17_RG.jpg,Gospel harmony (Sweet Publishing),Luke 09:42a / Demoniac boy healed
File:Gospel of Luke Chapter 9-33 (Bible Illustrations by Sweet Media).jpg,42_Lk_09_33_RG.jpg 41_Mk_09_17_RG.jpg,Gospel of Luke,Luke 09:42a / Demoniac boy healed
File:Gospel of Luke Chapter 9-35 (Bible Illustrations by Sweet Media).jpg,42_Lk_09_35_RG.jpg 41_Mk_09_19_RG.jpg,Gospel harmony (Sweet Publishing),Luke 09:42b / Demoniac boy healed
File:Gospel of Luke Chapter 9-35 (Bible Illustrations by Sweet Media).jpg,42_Lk_09_35_RG.jpg 41_Mk_09_19_RG.jpg,Gospel of Luke,Luke 09:42b / Demoniac boy healed
File:Gospel of Luke Chapter 9-36 (Bible Illustrations by Sweet Media).jpg,42_Lk_09_36_RG.jpg 41_Mk_09_20_RG.jpg,Gospel harmony (Sweet Publishing),Luke 09:42b / Demoniac boy healed
File:Gospel of Luke Chapter 9-36 (Bible Illustrations by Sweet Media).jpg,42_Lk_09_36_RG.jpg 41_Mk_09_20_RG.jpg,Gospel of Luke,Luke 09:42b / Demoniac boy healed
File:Gospel of Matthew Chapter 17-17 (Bible Illustrations by Sweet Media).jpg,42_Lk_09_39_RG.jpg 41_Mk_09_23_RG.jpg 40_Mt_17_17_RG.jpg,Gospel harmony (Sweet Publishing),<!-- Also Gospel of Matthew Chapter 17-17 (Bible...).jpg-->Matthew 17:14-21 / Luke 09:42b-43 / Demoniac boy healed
File:Gospel of Matthew Chapter 17-17 (Bible Illustrations by Sweet Media).jpg,42_Lk_09_39_RG.jpg 41_Mk_09_23_RG.jpg 40_Mt_17_17_RG.jpg,Gospel of Luke,Luke 09:42b-43 / Demoniac boy healed
File:Gospel of Matthew Chapter 17-17 (Bible Illustrations by Sweet Media).jpg,42_Lk_09_39_RG.jpg 41_Mk_09_23_RG.jpg 40_Mt_17_17_RG.jpg,Gospel of Matthew,Matthew 17:14-21 / Demoniac boy healed
File:Gospel of Matthew Chapter 17-16 (Bible Illustrations by Sweet Media).jpg,42_Lk_09_32_RG.jpg 41_Mk_09_16_RG.jpg 40_Mt_17_16_RG.jpg,Gospel harmony (Sweet Publishing),<!-- Also Gospel of Matthew Chapter 17-16 (Bible...).jpg-->Matthew 17:14-21 / Luke 09:42a / Demoniac boy healed
File:Gospel of Matthew Chapter 17-16 (Bible Illustrations by Sweet Media).jpg,42_Lk_09_32_RG.jpg 41_Mk_09_16_RG.jpg 40_Mt_17_16_RG.jpg,Gospel of Luke,Luke 09:42a / Demoniac boy healed
File:Gospel of Matthew Chapter 17-16 (Bible Illustrations by Sweet Media).jpg,42_Lk_09_32_RG.jpg 41_Mk_09_16_RG.jpg 40_Mt_17_16_RG.jpg,Gospel of Matthew,Matthew 17:14-21 / Demoniac boy healed
File:Gospel of Mark Chapter 9-24 (Bible Illustrations by Sweet Media).jpg,41_Mk_09_24_RG.jpg,Gospel harmony (Sweet Publishing),Mark 09:14-29 / Demoniac boy healed
File:Gospel of Matthew Chapter 18-1 (Bible Illustrations by Sweet Media).jpg,40_Mt_18_01_RG.jpg,Gospel harmony (Sweet Publishing),Matthew 18:21-35 / Parable on forgiveness
File:Gospel of Matthew Chapter 18-1 (Bible Illustrations by Sweet Media).jpg,40_Mt_18_01_RG.jpg,Gospel of Matthew,Matthew 18:21-35 / Parable on forgiveness
File:Gospel of Matthew Chapter 18-2 (Bible Illustrations by Sweet Media).jpg,40_Mt_18_02_RG.jpg,Gospel harmony (Sweet Publishing),Matthew 18:21-35 / Parable on forgiveness
File:Gospel of Matthew Chapter 18-2 (Bible Illustrations by Sweet Media).jpg,40_Mt_18_02_RG.jpg,Gospel of Matthew,Matthew 18:21-35 / Parable on forgiveness
File:Gospel of Matthew Chapter 18-5 (Bible Illustrations by Sweet Media).jpg,40_Mt_18_05_RG.jpg,Gospel harmony (Sweet Publishing),Matthew 18:21-35 / Parable on forgiveness
File:Gospel of Matthew Chapter 18-5 (Bible Illustrations by Sweet Media).jpg,40_Mt_18_05_RG.jpg,Gospel of Matthew,Matthew 18:21-35 / Parable on forgiveness
File:Gospel of Matthew Chapter 18-6 (Bible Illustrations by Sweet Media).jpg,,Gospel harmony (Sweet Publishing),Matthew 18:21-35 / Parable on forgiveness
File:Gospel of Matthew Chapter 18-6 (Bible Illustrations by Sweet Media).jpg,,Gospel of Matthew,Matthew 18:21-35 / Parable on forgiveness
File:Gospel of Matthew Chapter 18-3 (Bible Illustrations by Sweet Media).jpg,40_Mt_18_03_RG.jpg,Gospel harmony (Sweet Publishing),Matthew 18:21-35 / Parable on forgiveness
File:Gospel of Matthew Chapter 18-3 (Bible Illustrations by Sweet Media).jpg,40_Mt_18_03_RG.jpg,Gospel of Matthew,Matthew 18:21-35 / Parable on forgiveness
File:Gospel of Matthew Chapter 18-7 (Bible Illustrations by Sweet Media).jpg,40_Mt_18_07_RG.jpg,Gospel harmony (Sweet Publishing),Matthew 18:21-35 / Parable on forgiveness
File:Gospel of Matthew Chapter 18-7 (Bible Illustrations by Sweet Media).jpg,40_Mt_18_07_RG.jpg,Gospel of Matthew,Matthew 18:21-35 / Parable on forgiveness
File:Gospel of Matthew Chapter 18-8 (Bible Illustrations by Sweet Media).jpg,40_Mt_18_08_RG.jpg,Gospel harmony (Sweet Publishing),Matthew 18:21-35 / Parable on forgiveness
File:Gospel of Matthew Chapter 18-8 (Bible Illustrations by Sweet Media).jpg,40_Mt_18_08_RG.jpg,Gospel of Matthew,Matthew 18:21-35 / Parable on forgiveness
File:Gospel of Matthew Chapter 18-9 (Bible Illustrations by Sweet Media).jpg,40_Mt_18_09_RG.jpg,Gospel harmony (Sweet Publishing),Matthew 18:21-35 / Parable on forgiveness
File:Gospel of Matthew Chapter 18-9 (Bible Illustrations by Sweet Media).jpg,40_Mt_18_09_RG.jpg,Gospel of Matthew,Matthew 18:21-35 / Parable on forgiveness
File:Gospel of Matthew Chapter 18-4 (Bible Illustrations by Sweet Media).jpg,40_Mt_18_04_RG.jpg,Gospel harmony (Sweet Publishing),Matthew 18:21-35 / Parable on forgiveness
File:Gospel of Matthew Chapter 18-4 (Bible Illustrations by Sweet Media).jpg,40_Mt_18_04_RG.jpg,Gospel of Matthew,Matthew 18:21-35 / Parable on forgiveness
File:Gospel of Matthew Chapter 18-10 (Bible Illustrations by Sweet Media).jpg,40_Mt_18_10_RG.jpg,Gospel harmony (Sweet Publishing),Matthew 18:21-35 / Parable on forgiveness
File:Gospel of Matthew Chapter 18-10 (Bible Illustrations by Sweet Media).jpg,40_Mt_18_10_RG.jpg,Gospel of Matthew,Matthew 18:21-35 / Parable on forgiveness
File:Gospel of Matthew Chapter 18-11 (Bible Illustrations by Sweet Media).jpg,40_Mt_18_11_RG.jpg,Gospel harmony (Sweet Publishing),Matthew 18:21-35 / Parable on forgiveness
File:Gospel of Matthew Chapter 18-11 (Bible Illustrations by Sweet Media).jpg,40_Mt_18_11_RG.jpg,Gospel of Matthew,Matthew 18:21-35 / Parable on forgiveness
File:Gospel of John Chapter 9-1 (Bible Illustrations by Sweet Media).jpg,43_Jn_09_01_RG.jpg,Gospel harmony (Sweet Publishing),John 09:01-41 / Healing a man born blind
File:Gospel of John Chapter 9-1 (Bible Illustrations by Sweet Media).jpg,43_Jn_09_01_RG.jpg,Gospel of John,John 09:1-5 / Healing a man born blind
File:Gospel of John Chapter 9-2 (Bible Illustrations by Sweet Media).jpg,43_Jn_09_02_RG.jpg,Gospel harmony (Sweet Publishing),John 09:01-41 / Healing a man born blind
File:Gospel of John Chapter 9-2 (Bible Illustrations by Sweet Media).jpg,43_Jn_09_02_RG.jpg,Gospel of John,John 09:6-7a / Healing a man born blind
File:Gospel of John Chapter 9-3 (Bible Illustrations by Sweet Media).jpg,43_Jn_09_03_RG.jpg,Gospel harmony (Sweet Publishing),John 09:01-41 / Healing a man born blind
File:Gospel of John Chapter 9-3 (Bible Illustrations by Sweet Media).jpg,43_Jn_09_03_RG.jpg,Gospel of John,John 09:7b / Healing a man born blind
File:Gospel of John Chapter 9-4 (Bible Illustrations by Sweet Media).jpg,43_Jn_09_04_RG.jpg,Gospel harmony (Sweet Publishing),John 09:01-41 / Healing a man born blind
File:Gospel of John Chapter 9-4 (Bible Illustrations by Sweet Media).jpg,43_Jn_09_04_RG.jpg,Gospel of John,John 09:8-12 / Healing a man born blind
File:Gospel of John Chapter 9-5 (Bible Illustrations by Sweet Media).jpg,43_Jn_09_05_RG.jpg,Gospel harmony (Sweet Publishing),John 09:01-41 / Healing a man born blind
File:Gospel of John Chapter 9-5 (Bible Illustrations by Sweet Media).jpg,43_Jn_09_05_RG.jpg,Gospel of John,John 09:13-17 / Healing a man born blind
File:Gospel of John Chapter 9-6 (Bible Illustrations by Sweet Media).jpg,43_Jn_09_06_RG.jpg,Gospel harmony (Sweet Publishing),John 09:01-41 / Healing a man born blind
File:Gospel of John Chapter 9-6 (Bible Illustrations by Sweet Media).jpg,43_Jn_09_06_RG.jpg,Gospel of John,John 09:18-19 / Healing a man born blind
File:Gospel of John Chapter 9-7 (Bible Illustrations by Sweet Media).jpg,43_Jn_09_07_RG.jpg,Gospel harmony (Sweet Publishing),John 09:01-41 / Healing a man born blind
File:Gospel of John Chapter 9-7 (Bible Illustrations by Sweet Media).jpg,43_Jn_09_07_RG.jpg,Gospel of John,John 09:20-23 / Healing a man born blind
File:Gospel of John Chapter 9-8 (Bible Illustrations by Sweet Media).jpg,43_Jn_09_08_RG.jpg,Gospel harmony (Sweet Publishing),John 09:01-41 / Healing a man born blind
File:Gospel of John Chapter 9-8 (Bible Illustrations by Sweet Media).jpg,43_Jn_09_08_RG.jpg,Gospel of John,John 09:24-33 / Healing a man born blind
File:Gospel of John Chapter 9-9 (Bible Illustrations by Sweet Media).jpg,43_Jn_09_09_RG.jpg,Gospel harmony (Sweet Publishing),John 09:01-41 / Healing a man born blind
File:Gospel of John Chapter 9-9 (Bible Illustrations by Sweet Media).jpg,43_Jn_09_09_RG.jpg,Gospel of John,John 09:34 / Healing a man born blind
File:Gospel of John Chapter 9-10 (Bible Illustrations by Sweet Media).jpg,43_Jn_09_10_RG.jpg,Gospel harmony (Sweet Publishing),John 09:01-41 / Healing a man born blind
File:Gospel of John Chapter 9-10 (Bible Illustrations by Sweet Media).jpg,43_Jn_09_10_RG.jpg,Gospel of John,John 09:35-37 / Healing a man born blind
File:Gospel of John Chapter 9-11 (Bible Illustrations by Sweet Media).jpg,43_Jn_09_11_RG.jpg,Gospel harmony (Sweet Publishing),John 09:01-41 / Healing a man born blind
File:Gospel of John Chapter 9-11 (Bible Illustrations by Sweet Media).jpg,43_Jn_09_11_RG.jpg,Gospel of John,John 09:38 / Healing a man born blind
File:Gospel of Luke Chapter 10-1 (Bible Illustrations by Sweet Media).jpg,42_Lk_10_01_RG.jpg,Gospel harmony (Sweet Publishing),Luke 10:25-27 / Parable of the Good Samaritan
File:Gospel of Luke Chapter 10-1 (Bible Illustrations by Sweet Media).jpg,42_Lk_10_01_RG.jpg,Gospel of Luke,Luke 10:25-27 / Parable of the Good Samaritan
File:Gospel of Luke Chapter 10-2 (Bible Illustrations by Sweet Media).jpg,42_Lk_10_02_RG.jpg,Gospel harmony (Sweet Publishing),Luke 10:28 / Parable of the Good Samaritan
File:Gospel of Luke Chapter 10-2 (Bible Illustrations by Sweet Media).jpg,42_Lk_10_02_RG.jpg,Gospel of Luke,Luke 10:28 / Parable of the Good Samaritan
File:Gospel of Luke Chapter 10-3 (Bible Illustrations by Sweet Media).jpg,42_Lk_10_03_RG.jpg,Gospel harmony (Sweet Publishing),Luke 10:29 / Parable of the Good Samaritan
File:Gospel of Luke Chapter 10-3 (Bible Illustrations by Sweet Media).jpg,42_Lk_10_03_RG.jpg,Gospel of Luke,Luke 10:29 / Parable of the Good Samaritan
File:Gospel of Luke Chapter 10-4 (Bible Illustrations by Sweet Media).jpg,42_Lk_10_04_RG.jpg,Gospel harmony (Sweet Publishing),Luke 10:30a / Parable of the Good Samaritan
File:Gospel of Luke Chapter 10-4 (Bible Illustrations by Sweet Media).jpg,42_Lk_10_04_RG.jpg,Gospel of Luke,Luke 10:30a / Parable of the Good Samaritan
File:Gospel of Luke Chapter 10-5 (Bible Illustrations by Sweet Media).jpg,42_Lk_10_05_RG.jpg,Gospel harmony (Sweet Publishing),Luke 10:30a / Parable of the Good Samaritan
File:Gospel of Luke Chapter 10-5 (Bible Illustrations by Sweet Media).jpg,42_Lk_10_05_RG.jpg,Gospel of Luke,Luke 10:30a / Parable of the Good Samaritan
File:Gospel of Luke Chapter 10-6 (Bible Illustrations by Sweet Media).jpg,42_Lk_10_06_RG.jpg,Gospel harmony (Sweet Publishing),Luke 10:30b / Parable of the Good Samaritan
File:Gospel of Luke Chapter 10-6 (Bible Illustrations by Sweet Media).jpg,42_Lk_10_06_RG.jpg,Gospel of Luke,Luke 10:30b / Parable of the Good Samaritan
File:Gospel of Luke Chapter 10-7 (Bible Illustrations by Sweet Media).jpg,42_Lk_10_07_RG.jpg,Gospel harmony (Sweet Publishing),Luke 10:31 / Parable of the Good Samaritan
File:Gospel of Luke Chapter 10-7 (Bible Illustrations by Sweet Media).jpg,42_Lk_10_07_RG.jpg,Gospel of Luke,Luke 10:31 / Parable of the Good Samaritan
File:Gospel of Luke Chapter 10-8 (Bible Illustrations by Sweet Media).jpg,42_Lk_10_08_RG.jpg,Gospel harmony (Sweet Publishing),Luke 10:32 / Parable of the Good Samaritan
File:Gospel of Luke Chapter 10-8 (Bible Illustrations by Sweet Media).jpg,42_Lk_10_08_RG.jpg,Gospel of Luke,Luke 10:32 / Parable of the Good Samaritan
File:Gospel of Luke Chapter 10-9 (Bible Illustrations by Sweet Media).jpg,42_Lk_10_09_RG.jpg,Gospel harmony (Sweet Publishing),Luke 10:33-34a / Parable of the Good Samaritan
File:Gospel of Luke Chapter 10-9 (Bible Illustrations by Sweet Media).jpg,42_Lk_10_09_RG.jpg,Gospel of Luke,Luke 10:33-34a / Parable of the Good Samaritan
File:Gospel of Luke Chapter 10-10 (Bible Illustrations by Sweet Media).jpg,42_Lk_10_10_RG.jpg,Gospel harmony (Sweet Publishing),Luke 10:34b / Parable of the Good Samaritan
File:Gospel of Luke Chapter 10-10 (Bible Illustrations by Sweet Media).jpg,42_Lk_10_10_RG.jpg,Gospel of Luke,Luke 10:34b / Parable of the Good Samaritan
File:Gospel of Luke Chapter 10-11 (Bible Illustrations by Sweet Media).jpg,42_Lk_10_11_RG.jpg,Gospel harmony (Sweet Publishing),Luke 10:35 / Parable of the Good Samaritan
File:Gospel of Luke Chapter 10-11 (Bible Illustrations by Sweet Media).jpg,42_Lk_10_11_RG.jpg,Gospel of Luke,Luke 10:35 / Parable of the Good Samaritan
File:Gospel of Luke Chapter 10-12 (Bible Illustrations by Sweet Media).jpg,42_Lk_10_12_RG.jpg,Gospel harmony (Sweet Publishing),Luke 10:36-37 / Parable of the Good Samaritan
File:Gospel of Luke Chapter 10-12 (Bible Illustrations by Sweet Media).jpg,42_Lk_10_12_RG.jpg,Gospel of Luke,Luke 10:36-37 / Parable of the Good Samaritan
File:Gospel of Luke Chapter 15-1 (Bible Illustrations by Sweet Media).jpg,42_Lk_15_01_RG.jpg,Gospel harmony (Sweet Publishing),Luke 15:02 / Parable of the Lost Son
File:Gospel of Luke Chapter 15-1 (Bible Illustrations by Sweet Media).jpg,42_Lk_15_01_RG.jpg,Gospel of Luke,Luke 15:02 / Parable of the Lost Son
File:Gospel of Luke Chapter 15-2 (Bible Illustrations by Sweet Media).jpg,42_Lk_15_02_RG.jpg,Gospel harmony (Sweet Publishing),Luke 15:11-12 / Parable of the Lost Son
File:Gospel of Luke Chapter 15-2 (Bible Illustrations by Sweet Media).jpg,42_Lk_15_02_RG.jpg,Gospel of Luke,Luke 15:11-12 / Parable of the Lost Son
File:Gospel of Luke Chapter 15-3 (Bible Illustrations by Sweet Media).jpg,42_Lk_15_03_RG.jpg,Gospel harmony (Sweet Publishing),Luke 15:14 / Parable of the Lost Son
File:Gospel of Luke Chapter 15-3 (Bible Illustrations by Sweet Media).jpg,42_Lk_15_03_RG.jpg,Gospel of Luke,Luke 15:14 / Parable of the Lost Son
File:Gospel of Luke Chapter 15-4 (Bible Illustrations by Sweet Media).jpg,42_Lk_15_04_RG.jpg,Gospel harmony (Sweet Publishing),Luke 15:15-16 / Parable of the Lost Son
File:Gospel of Luke Chapter 15-4 (Bible Illustrations by Sweet Media).jpg,42_Lk_15_04_RG.jpg,Gospel of Luke,Luke 15:15-16 / Parable of the Lost Son
File:Gospel of Luke Chapter 15-5 (Bible Illustrations by Sweet Media).jpg,42_Lk_15_05_RG.jpg,Gospel harmony (Sweet Publishing),Luke 15:17-19 / Parable of the Lost Son
File:Gospel of Luke Chapter 15-5 (Bible Illustrations by Sweet Media).jpg,42_Lk_15_05_RG.jpg,Gospel of Luke,Luke 15:17-19 / Parable of the Lost Son
File:Gospel of Luke Chapter 15-6 (Bible Illustrations by Sweet Media).jpg,42_Lk_15_06_RG.jpg,Gospel harmony (Sweet Publishing),Luke 15:20b / Parable of the Lost Son
File:Gospel of Luke Chapter 15-6 (Bible Illustrations by Sweet Media).jpg,42_Lk_15_06_RG.jpg,Gospel of Luke,Luke 15:20b / Parable of the Lost Son
File:Gospel of Luke Chapter 15-7 (Bible Illustrations by Sweet Media).jpg,42_Lk_15_07_RG.jpg,Gospel harmony (Sweet Publishing),Luke 15:21 / Parable of the Lost Son
File:Gospel of Luke Chapter 15-7 (Bible Illustrations by Sweet Media).jpg,42_Lk_15_07_RG.jpg,Gospel of Luke,Luke 15:21 / Parable of the Lost Son
File:Gospel of Luke Chapter 15-8 (Bible Illustrations by Sweet Media).jpg,42_Lk_15_08_RG.jpg,Gospel harmony (Sweet Publishing),Luke 15:22-24 / Parable of the Lost Son
File:Gospel of Luke Chapter 15-8 (Bible Illustrations by Sweet Media).jpg,42_Lk_15_08_RG.jpg,Gospel of Luke,Luke 15:22-24 / Parable of the Lost Son
File:Gospel of Luke Chapter 15-9 (Bible Illustrations by Sweet Media).jpg,42_Lk_15_09_RG.jpg,Gospel harmony (Sweet Publishing),Luke 15:25-28a / Parable of the Lost Son
File:Gospel of Luke Chapter 15-9 (Bible Illustrations by Sweet Media).jpg,42_Lk_15_09_RG.jpg,Gospel of Luke,Luke 15:25-28a / Parable of the Lost Son
File:Gospel of Luke Chapter 15-10 (Bible Illustrations by Sweet Media).jpg,42_Lk_15_10_RG.jpg,Gospel harmony (Sweet Publishing),Luke 15:28b / Parable of the Lost Son
File:Gospel of Luke Chapter 15-10 (Bible Illustrations by Sweet Media).jpg,42_Lk_15_10_RG.jpg,Gospel of Luke,Luke 15:28b / Parable of the Lost Son
File:Gospel of Luke Chapter 15-11 (Bible Illustrations by Sweet Media).jpg,42_Lk_15_11_RG.jpg,Gospel harmony (Sweet Publishing),Luke 15:29-30 / Parable of the Lost Son
File:Gospel of Luke Chapter 15-11 (Bible Illustrations by Sweet Media).jpg,42_Lk_15_11_RG.jpg,Gospel of Luke,Luke 15:29-30 / Parable of the Lost Son
File:Gospel of Luke Chapter 15-12 (Bible Illustrations by Sweet Media).jpg,42_Lk_15_12_RG.jpg,Gospel harmony (Sweet Publishing),Luke 15:31-32 / Parable of the Lost Son
File:Gospel of Luke Chapter 15-12 (Bible Illustrations by Sweet Media).jpg,42_Lk_15_12_RG.jpg,Gospel of Luke,Luke 15:31-32 / Parable of the Lost Son
File:Gospel of Luke Chapter 17-1 (Bible Illustrations by Sweet Media).jpg,42_Lk_17_01_RG.jpg,Gospel harmony (Sweet Publishing),Luke 17:12-14a / Ten lepers healed
File:Gospel of Luke Chapter 17-1 (Bible Illustrations by Sweet Media).jpg,42_Lk_17_01_RG.jpg,Gospel of Luke,Luke 17:12-14a / Ten lepers healed
File:Gospel of Luke Chapter 17-2 (Bible Illustrations by Sweet Media).jpg,42_Lk_17_02_RG.jpg,Gospel harmony (Sweet Publishing),Luke 17:14b / Ten lepers healed
File:Gospel of Luke Chapter 17-2 (Bible Illustrations by Sweet Media).jpg,42_Lk_17_02_RG.jpg,Gospel of Luke,Luke 17:14b / Ten lepers healed
File:Gospel of Luke Chapter 17-3 (Bible Illustrations by Sweet Media).jpg,42_Lk_17_03_RG.jpg,Gospel harmony (Sweet Publishing),Luke 17:15-16 / Ten lepers healed
File:Gospel of Luke Chapter 17-3 (Bible Illustrations by Sweet Media).jpg,42_Lk_17_03_RG.jpg,Gospel of Luke,Luke 17:15-16 / Ten lepers healed
File:Gospel of Luke Chapter 17-4 (Bible Illustrations by Sweet Media).jpg,42_Lk_17_04_RG.jpg,Gospel harmony (Sweet Publishing),Luke 17:17-18 / Ten lepers healed
File:Gospel of Luke Chapter 17-4 (Bible Illustrations by Sweet Media).jpg,42_Lk_17_04_RG.jpg,Gospel of Luke,Luke 17:17-18 / Ten lepers healed
File:Gospel of Luke Chapter 17-5 (Bible Illustrations by Sweet Media).jpg,42_Lk_17_05_RG.jpg,Gospel harmony (Sweet Publishing),Luke 17:19 / Ten lepers healed
File:Gospel of Luke Chapter 17-5 (Bible Illustrations by Sweet Media).jpg,42_Lk_17_05_RG.jpg,Gospel of Luke,Luke 17:19 / Ten lepers healed
File:Gospel of Luke Chapter 18-1 (Bible Illustrations by Sweet Media).jpg,42_Lk_18_01_RG.jpg,Gospel harmony (Sweet Publishing),Luke 18:09 / Parable of the Pharisee and Tax Collector
File:Gospel of Luke Chapter 18-1 (Bible Illustrations by Sweet Media).jpg,42_Lk_18_01_RG.jpg,Gospel of Luke,Luke 18:09 / Parable of the Pharisee and Tax Collector
File:Gospel of Luke Chapter 18-2 (Bible Illustrations by Sweet Media).jpg,42_Lk_18_02_RG.jpg,Gospel harmony (Sweet Publishing),Luke 18:10 / Parable of the Pharisee and Tax Collector
File:Gospel of Luke Chapter 18-2 (Bible Illustrations by Sweet Media).jpg,42_Lk_18_02_RG.jpg,Gospel of Luke,Luke 18:10 / Parable of the Pharisee and Tax Collector
File:Gospel of Luke Chapter 18-3 (Bible Illustrations by Sweet Media).jpg,42_Lk_18_03_RG.jpg,Gospel harmony (Sweet Publishing),Luke 18:11 / Parable of the Pharisee and Tax Collector
File:Gospel of Luke Chapter 18-3 (Bible Illustrations by Sweet Media).jpg,42_Lk_18_03_RG.jpg,Gospel of Luke,Luke 18:11 / Parable of the Pharisee and Tax Collector
File:Gospel of Luke Chapter 18-4 (Bible Illustrations by Sweet Media).jpg,42_Lk_18_04_RG.jpg,Gospel harmony (Sweet Publishing),Luke 18:12 / Parable of the Pharisee and Tax Collector
File:Gospel of Luke Chapter 18-4 (Bible Illustrations by Sweet Media).jpg,42_Lk_18_04_RG.jpg,Gospel of Luke,Luke 18:12 / Parable of the Pharisee and Tax Collector
File:Gospel of Luke Chapter 18-5 (Bible Illustrations by Sweet Media).jpg,42_Lk_18_05_RG.jpg,Gospel harmony (Sweet Publishing),Luke 18:13 / Parable of the Pharisee and Tax Collector
File:Gospel of Luke Chapter 18-5 (Bible Illustrations by Sweet Media).jpg,42_Lk_18_05_RG.jpg,Gospel of Luke,Luke 18:13 / Parable of the Pharisee and Tax Collector
File:Gospel of Luke Chapter 18-6 (Bible Illustrations by Sweet Media).jpg,42_Lk_18_06_RG.jpg,Gospel harmony (Sweet Publishing),Luke 18:14 / Parable of the Pharisee and Tax Collector
File:Gospel of Luke Chapter 18-6 (Bible Illustrations by Sweet Media).jpg,42_Lk_18_06_RG.jpg,Gospel of Luke,Luke 18:14 / Parable of the Pharisee and Tax Collector
File:Gospel of Matthew Chapter 19-2 (Bible Illustrations by Sweet Media).jpg,42_Lk_18_08_RG.jpg 41_Mk_10_02_RG.jpg 40_Mt_19_02_RG.jpg,Gospel harmony (Sweet Publishing),<!-- Also Gospel of Matthew Chapter 19-2 (Bible...).jpg-->Matthew 19:16-26 / Luke 18:19-20 / The rich young man
File:Gospel of Matthew Chapter 19-2 (Bible Illustrations by Sweet Media).jpg,42_Lk_18_08_RG.jpg 41_Mk_10_02_RG.jpg 40_Mt_19_02_RG.jpg,Gospel of Luke,Luke 18:19-20 / The rich young man
File:Gospel of Matthew Chapter 19-2 (Bible Illustrations by Sweet Media).jpg,42_Lk_18_08_RG.jpg 41_Mk_10_02_RG.jpg 40_Mt_19_02_RG.jpg,Gospel of Matthew,Matthew 19:16-26 / The rich young man
File:Gospel of Luke Chapter 18-9 (Bible Illustrations by Sweet Media).jpg,42_Lk_18_09_RG.jpg 41_Mk_10_03_RG.jpg 40_Mt_19_03_RG.jpg,Gospel harmony (Sweet Publishing),<!-- Also Gospel of Matthew Chapter 19-3 (Bible...).jpg-->Matthew 19:16-26 / Luke 18:21 / The rich young man
File:Gospel of Luke Chapter 18-9 (Bible Illustrations by Sweet Media).jpg,42_Lk_18_09_RG.jpg 41_Mk_10_03_RG.jpg 40_Mt_19_03_RG.jpg,Gospel of Luke,Luke 18:21 / The rich young man
File:Gospel of Luke Chapter 18-9 (Bible Illustrations by Sweet Media).jpg,42_Lk_18_09_RG.jpg 41_Mk_10_03_RG.jpg 40_Mt_19_03_RG.jpg,Gospel of Matthew,Matthew 19:16-26 / The rich young man
File:Gospel of Matthew Chapter 19-5 (Bible Illustrations by Sweet Media).jpg,42_Lk_18_11_RG.jpg 41_Mk_10_05_RG.jpg 40_Mt_19_05_RG.jpg,Gospel harmony (Sweet Publishing),<!-- Also Gospel of Matthew Chapter 19-5 (Bible...).jpg-->Matthew 19:16-26 / Luke 18:23 / The rich young man
File:Gospel of Matthew Chapter 19-5 (Bible Illustrations by Sweet Media).jpg,42_Lk_18_11_RG.jpg 41_Mk_10_05_RG.jpg 40_Mt_19_05_RG.jpg,Gospel of Luke,Luke 18:23 / The rich young man
File:Gospel of Matthew Chapter 19-5 (Bible Illustrations by Sweet Media).jpg,42_Lk_18_11_RG.jpg 41_Mk_10_05_RG.jpg 40_Mt_19_05_RG.jpg,Gospel of Matthew,Matthew 19:16-26 / The rich young man
File:Gospel of Luke Chapter 18-12 (Bible Illustrations by Sweet Media).jpg,42_Lk_18_12_RG.jpg 41_Mk_10_06_RG.jpg 40_Mt_19_06_RG.jpg,Gospel harmony (Sweet Publishing),<!-- Also Gospel of Matthew Chapter 19-6 (Bible...).jpg-->Matthew 19:16-26 / Luke 18:24-25 / The rich young man
File:Gospel of Luke Chapter 18-12 (Bible Illustrations by Sweet Media).jpg,42_Lk_18_12_RG.jpg 41_Mk_10_06_RG.jpg 40_Mt_19_06_RG.jpg,Gospel of Luke,Luke 18:24-25 / The rich young man
File:Gospel of Luke Chapter 18-12 (Bible Illustrations by Sweet Media).jpg,42_Lk_18_12_RG.jpg 41_Mk_10_06_RG.jpg 40_Mt_19_06_RG.jpg,Gospel of Matthew,Matthew 19:16-26 / The rich young man
File:Gospel of Luke Chapter 18-13 (Bible Illustrations by Sweet Media).jpg,42_Lk_18_13_RG.jpg 41_Mk_10_07_RG.jpg,Gospel harmony (Sweet Publishing),<!-- Also Gospel of Matthew Chapter 19-7 (Bible...).jpg-->Matthew 19:27-30 / Luke 18:26 / The rich young man
File:Gospel of Luke Chapter 18-13 (Bible Illustrations by Sweet Media).jpg,42_Lk_18_13_RG.jpg 41_Mk_10_07_RG.jpg,Gospel of Luke,Luke 18:26 / The rich young man
File:Gospel of Luke Chapter 18-13 (Bible Illustrations by Sweet Media).jpg,42_Lk_18_13_RG.jpg 41_Mk_10_07_RG.jpg,Gospel of Matthew,Matthew 19:27-30 / Rewards for service
File:Gospel of Matthew Chapter 19-8 (Bible Illustrations by Sweet Media).jpg,42_Lk_18_14_RG.jpg 41_Mk_10_08_RG.jpg 40_Mt_19_08_RG.jpg,Gospel harmony (Sweet Publishing),<!-- Also Gospel of Matthew Chapter 19-8 (Bible...).jpg-->Matthew 19:27-30 / Luke 18:27 / The rich young man
File:Gospel of Matthew Chapter 19-8 (Bible Illustrations by Sweet Media).jpg,42_Lk_18_14_RG.jpg 41_Mk_10_08_RG.jpg 40_Mt_19_08_RG.jpg,Gospel of Luke,Luke 18:27 / The rich young man
File:Gospel of Matthew Chapter 19-8 (Bible Illustrations by Sweet Media).jpg,42_Lk_18_14_RG.jpg 41_Mk_10_08_RG.jpg 40_Mt_19_08_RG.jpg,Gospel of Matthew,Matthew 19:27-30 / Rewards for service
File:Gospel of Luke Chapter 18-15 (Bible Illustrations by Sweet Media).jpg,42_Lk_18_15_RG.jpg 41_Mk_10_09_RG.jpg 40_Mt_19_09_RG.jpg,Gospel harmony (Sweet Publishing),<!-- Also Gospel of Matthew Chapter 19-9 (Bible...).jpg-->Matthew 19:27-30 / Luke 18:28 / Rewards for service
File:Gospel of Luke Chapter 18-15 (Bible Illustrations by Sweet Media).jpg,42_Lk_18_15_RG.jpg 41_Mk_10_09_RG.jpg 40_Mt_19_09_RG.jpg,Gospel of Luke,Luke 18:28 / Rewards for service
File:Gospel of Luke Chapter 18-15 (Bible Illustrations by Sweet Media).jpg,42_Lk_18_15_RG.jpg 41_Mk_10_09_RG.jpg 40_Mt_19_09_RG.jpg,Gospel of Matthew,Matthew 19:27-30 / Rewards for service
File:Gospel of Matthew Chapter 19-10 (Bible Illustrations by Sweet Media).jpg,42_Lk_18_16_RG.jpg 41_Mk_10_10_RG.jpg 40_Mt_19_10_RG.jpg,Gospel harmony (Sweet Publishing),<!-- Also Gospel of Matthew Chapter 19-10 (Bible...).jpg-->Matthew 19:27-30 / Luke 18:29-30 / Rewards for service
File:Gospel of Matthew Chapter 19-10 (Bible Illustrations by Sweet Media).jpg,42_Lk_18_16_RG.jpg 41_Mk_10_10_RG.jpg 40_Mt_19_10_RG.jpg,Gospel of Luke,Luke 18:29-30 / Rewards for service
File:Gospel of Matthew Chapter 19-10 (Bible Illustrations by Sweet Media).jpg,42_Lk_18_16_RG.jpg 41_Mk_10_10_RG.jpg 40_Mt_19_10_RG.jpg,Gospel of Matthew,Matthew 19:27-30 / Rewards for service
File:Gospel of John Chapter 11-1 (Bible Illustrations by Sweet Media).jpg,43_Jn_11_01_RG.jpg 12_2Ki_25_08_RG.jpg,Gospel harmony (Sweet Publishing),John 11:01-46 / Jesus goes to Bethany to raise Lazarus
File:Gospel of John Chapter 11-1 (Bible Illustrations by Sweet Media).jpg,43_Jn_11_01_RG.jpg 12_2Ki_25_08_RG.jpg,Gospel of John,John 11:01-2 / Jesus goes to Bethany to raise Lazarus
File:Gospel of John Chapter 11-2 (Bible Illustrations by Sweet Media).jpg,43_Jn_11_02_RG.jpg,Gospel harmony (Sweet Publishing),John 11:01-46 / Jesus goes to Bethany to raise Lazarus
File:Gospel of John Chapter 11-2 (Bible Illustrations by Sweet Media).jpg,43_Jn_11_02_RG.jpg,Gospel of John,John 11:03-6 / Jesus goes to Bethany to raise Lazarus
File:Gospel of John Chapter 11-3 (Bible Illustrations by Sweet Media).jpg,43_Jn_11_03_RG.jpg,Gospel harmony (Sweet Publishing),John 11:01-46 / Jesus goes to Bethany to raise Lazarus
File:Gospel of John Chapter 11-3 (Bible Illustrations by Sweet Media).jpg,43_Jn_11_03_RG.jpg,Gospel of John,John 11:07-16 / Jesus goes to Bethany to raise Lazarus
File:Gospel of John Chapter 11-4 (Bible Illustrations by Sweet Media).jpg,43_Jn_11_04_RG.jpg,Gospel harmony (Sweet Publishing),John 11:01-46 / Jesus goes to Bethany to raise Lazarus
File:Gospel of John Chapter 11-4 (Bible Illustrations by Sweet Media).jpg,43_Jn_11_04_RG.jpg,Gospel of John,John 11:17-22 / Jesus goes to Bethany to raise Lazarus
File:Gospel of John Chapter 11-5 (Bible Illustrations by Sweet Media).jpg,43_Jn_11_05_RG.jpg,Gospel harmony (Sweet Publishing),John 11:01-46 / Jesus goes to Bethany to raise Lazarus
File:Gospel of John Chapter 11-5 (Bible Illustrations by Sweet Media).jpg,43_Jn_11_05_RG.jpg,Gospel of John,John 11:23-27 / Jesus goes to Bethany to raise Lazarus
File:Gospel of John Chapter 11-6 (Bible Illustrations by Sweet Media).jpg,43_Jn_11_06_RG.jpg,Gospel harmony (Sweet Publishing),John 11:01-46 / Jesus goes to Bethany to raise Lazarus
File:Gospel of John Chapter 11-6 (Bible Illustrations by Sweet Media).jpg,43_Jn_11_06_RG.jpg,Gospel of John,John 11:32-37 / Jesus goes to Bethany to raise Lazarus
File:Gospel of John Chapter 11-7 (Bible Illustrations by Sweet Media).jpg,43_Jn_11_07_RG.jpg,Gospel harmony (Sweet Publishing),John 11:01-46 / Jesus goes to Bethany to raise Lazarus
File:Gospel of John Chapter 11-7 (Bible Illustrations by Sweet Media).jpg,43_Jn_11_07_RG.jpg,Gospel of John,John 11:38-40 / Jesus goes to Bethany to raise Lazarus
File:Gospel of John Chapter 11-8 (Bible Illustrations by Sweet Media).jpg,43_Jn_11_08_RG.jpg,Gospel harmony (Sweet Publishing),John 11:01-46 / Jesus goes to Bethany to raise Lazarus
File:Gospel of John Chapter 11-8 (Bible Illustrations by Sweet Media).jpg,43_Jn_11_08_RG.jpg,Gospel of John,John 11:41a / Jesus goes to Bethany to raise Lazarus
File:Gospel of John Chapter 11-9 (Bible Illustrations by Sweet Media).jpg,43_Jn_11_09_RG.jpg,Gospel harmony (Sweet Publishing),John 11:01-46 / Jesus goes to Bethany to raise Lazarus
File:Gospel of John Chapter 11-9 (Bible Illustrations by Sweet Media).jpg,43_Jn_11_09_RG.jpg,Gospel of John,John 11:41b-42 / Jesus goes to Bethany to raise Lazarus
File:Gospel of John Chapter 11-10 (Bible Illustrations by Sweet Media).jpg,43_Jn_11_10_RG.jpg,Gospel harmony (Sweet Publishing),John 11:01-46 / Jesus goes to Bethany to raise Lazarus
File:Gospel of John Chapter 11-10 (Bible Illustrations by Sweet Media).jpg,43_Jn_11_10_RG.jpg,Gospel of John,John 11:43 / Jesus goes to Bethany to raise Lazarus
File:Gospel of John Chapter 11-11 (Bible Illustrations by Sweet Media).jpg,43_Jn_11_11_RG.jpg,Gospel harmony (Sweet Publishing),John 11:01-46 / Jesus goes to Bethany to raise Lazarus
File:Gospel of John Chapter 11-11 (Bible Illustrations by Sweet Media).jpg,43_Jn_11_11_RG.jpg,Gospel of John,John 11:44-46 / Jesus goes to Bethany to raise Lazarus
File:Gospel of John Chapter 11-12 (Bible Illustrations by Sweet Media).jpg,43_Jn_11_12_RG.jpg,Gospel harmony (Sweet Publishing),John 11:47-53 / Jesus retreats to Ephraim
File:Gospel of John Chapter 11-12 (Bible Illustrations by Sweet Media).jpg,43_Jn_11_12_RG.jpg,Gospel of John,"John 11:47-53, 12:09-11 / Jesus retreats to Ephraim"
File:Gospel of Mark Chapter 10-11 (Bible Illustrations by Sweet Media).jpg,41_Mk_10_11_RG.jpg,Gospel harmony (Sweet Publishing),Mark 10:35-45 / Selfish request of James and John
File:Gospel of Mark Chapter 10-12 (Bible Illustrations by Sweet Media).jpg,41_Mk_10_12_RG.jpg,Gospel harmony (Sweet Publishing),Mark 10:35-45 / Selfish request of James and John
File:Gospel of Mark Chapter 10-13 (Bible Illustrations by Sweet Media).jpg,41_Mk_10_13_RG.jpg,Gospel harmony (Sweet Publishing),Mark 10:35-45 / Selfish request of James and John
File:Gospel of Mark Chapter 10-14 (Bible Illustrations by Sweet Media).jpg,41_Mk_10_14_RG.jpg,Gospel harmony (Sweet Publishing),Mark 10:35-45 / Selfish request of James and John
File:Gospel of Mark Chapter 10-15 (Bible Illustrations by Sweet Media).jpg,41_Mk_10_15_RG.jpg,Gospel harmony (Sweet Publishing),Mark 10:35-45 / Selfish request of James and John
File:Gospel of Mark Chapter 10-16 (Bible Illustrations by Sweet Media).jpg,41_Mk_10_16_RG.jpg,Gospel harmony (Sweet Publishing),Mark 10:35-45 / Selfish request of James and John
File:Gospel of Mark Chapter 10-17 (Bible Illustrations by Sweet Media).jpg,41_Mk_10_17_RG.jpg,Gospel harmony (Sweet Publishing),Mark 10:35-45 / Selfish request of James and John
File:Gospel of Mark Chapter 10-18 (Bible Illustrations by Sweet Media).jpg,41_Mk_10_18_RG.jpg,Gospel harmony (Sweet Publishing),Mark 10:35-45 / Selfish request of James and John
File:Gospel of Mark Chapter 10-19 (Bible Illustrations by Sweet Media).jpg,41_Mk_10_19_RG.jpg,Gospel harmony (Sweet Publishing),Mark 10:35-45 / Selfish request of James and John
File:Gospel of Mark Chapter 10-20 (Bible Illustrations by Sweet Media).jpg,41_Mk_10_20_RG.jpg,Gospel harmony (Sweet Publishing),Mark 10:35-45 / Selfish request of James and John
File:Gospel of Mark Chapter 10-21 (Bible Illustrations by Sweet Media).jpg,41_Mk_10_21_RG.jpg,Gospel harmony (Sweet Publishing),Mark 10:35-45 / Selfish request of James and John
File:Gospel of Luke Chapter 18-17 (Bible Illustrations by Sweet Media).jpg,42_Lk_18_17_RG.jpg,Gospel harmony (Sweet Publishing),Luke 18:35-39a / The blind man healed at Jericho
File:Gospel of Luke Chapter 18-17 (Bible Illustrations by Sweet Media).jpg,42_Lk_18_17_RG.jpg,Gospel of Luke,Luke 18:35-39a / The blind man healed at Jericho
File:Gospel of Luke Chapter 18-18 (Bible Illustrations by Sweet Media).jpg,42_Lk_18_18_RG.jpg,Gospel harmony (Sweet Publishing),Luke 18:39b / The blind man healed at Jericho
File:Gospel of Luke Chapter 18-18 (Bible Illustrations by Sweet Media).jpg,42_Lk_18_18_RG.jpg,Gospel of Luke,Luke 18:39b / The blind man healed at Jericho
File:Gospel of Luke Chapter 18-19 (Bible Illustrations by Sweet Media).jpg,42_Lk_18_19_RG.jpg,Gospel harmony (Sweet Publishing),Luke 18:40a / The blind man healed at Jericho
File:Gospel of Luke Chapter 18-19 (Bible Illustrations by Sweet Media).jpg,42_Lk_18_19_RG.jpg,Gospel of Luke,Luke 18:40a / The blind man healed at Jericho
File:Gospel of Luke Chapter 18-20 (Bible Illustrations by Sweet Media).jpg,42_Lk_18_20_RG.jpg,Gospel harmony (Sweet Publishing),Luke 18:40b-42 / The blind man healed at Jericho
File:Gospel of Luke Chapter 18-20 (Bible Illustrations by Sweet Media).jpg,42_Lk_18_20_RG.jpg,Gospel of Luke,Luke 18:40b-42 / The blind man healed at Jericho
File:Gospel of Luke Chapter 18-21 (Bible Illustrations by Sweet Media).jpg,42_Lk_18_21_RG.jpg,Gospel harmony (Sweet Publishing),Luke 18:43 / The blind man healed at Jericho
File:Gospel of Luke Chapter 18-21 (Bible Illustrations by Sweet Media).jpg,42_Lk_18_21_RG.jpg,Gospel of Luke,Luke 18:43 / The blind man healed at Jericho
File:Gospel of Luke Chapter 19-1 (Bible Illustrations by Sweet Media).jpg,42_Lk_19_01_RG.jpg,Gospel harmony (Sweet Publishing),Luke 19:01-3 / Zachaeus
File:Gospel of Luke Chapter 19-1 (Bible Illustrations by Sweet Media).jpg,42_Lk_19_01_RG.jpg,Gospel of Luke,Luke 19:01-3 / Zachaeus
File:Gospel of Luke Chapter 19-2 (Bible Illustrations by Sweet Media).jpg,42_Lk_19_02_RG.jpg,Gospel harmony (Sweet Publishing),Luke 19:04 / Zachaeus
File:Gospel of Luke Chapter 19-2 (Bible Illustrations by Sweet Media).jpg,42_Lk_19_02_RG.jpg,Gospel of Luke,Luke 19:04 / Zachaeus
File:Gospel of Luke Chapter 19-3 (Bible Illustrations by Sweet Media).jpg,42_Lk_19_03_RG.jpg,Gospel harmony (Sweet Publishing),Luke 19:05 / Zachaeus
File:Gospel of Luke Chapter 19-3 (Bible Illustrations by Sweet Media).jpg,42_Lk_19_03_RG.jpg,Gospel of Luke,Luke 19:05 / Zachaeus
File:Gospel of Luke Chapter 19-4 (Bible Illustrations by Sweet Media).jpg,42_Lk_19_04_RG.jpg,Gospel harmony (Sweet Publishing),Luke 19:06-7 / Zachaeus
File:Gospel of Luke Chapter 19-4 (Bible Illustrations by Sweet Media).jpg,42_Lk_19_04_RG.jpg,Gospel of Luke,Luke 19:06-7 / Zachaeus
File:Gospel of Luke Chapter 19-5 (Bible Illustrations by Sweet Media).jpg,42_Lk_19_05_RG.jpg,Gospel harmony (Sweet Publishing),Luke 19:08 / Zachaeus
File:Gospel of Luke Chapter 19-5 (Bible Illustrations by Sweet Media).jpg,42_Lk_19_05_RG.jpg,Gospel of Luke,Luke 19:08 / Zachaeus
File:Gospel of Luke Chapter 19-6 (Bible Illustrations by Sweet Media).jpg,42_Lk_19_06_RG.jpg,Gospel harmony (Sweet Publishing),Luke 19:09-10 / Zachaeus
File:Gospel of Luke Chapter 19-6 (Bible Illustrations by Sweet Media).jpg,42_Lk_19_06_RG.jpg,Gospel of Luke,Luke 19:09-10 / Zachaeus
File:Gospel of John Chapter 12-1 (Bible Illustrations by Sweet Media).jpg,43_Jn_12_01_RG.jpg 41_Mk_14_01_RG.jpg 40_Mt_26_01_RG.jpg,Gospel harmony (Sweet Publishing),Matthew 26:06-13 / John 12:01-2 / Jesus anointed by Mary at Bethany
File:Gospel of John Chapter 12-1 (Bible Illustrations by Sweet Media).jpg,43_Jn_12_01_RG.jpg 41_Mk_14_01_RG.jpg 40_Mt_26_01_RG.jpg,Gospel of John,John 12:01-2 / Jesus anointed by Mary at Bethany
File:Gospel of John Chapter 12-2 (Bible Illustrations by Sweet Media).jpg,42_Lk_07_01_RG.jpg 43_Jn_12_02_RG.jpg,Gospel harmony (Sweet Publishing),John 11:55-12:11  / Jesus anointed by Mary at Bethany
File:Gospel of John Chapter 12-2 (Bible Illustrations by Sweet Media).jpg,42_Lk_07_01_RG.jpg 43_Jn_12_02_RG.jpg,Gospel of Luke,Luke 07:36-38 / Sinful women forgiven
File:Gospel of John Chapter 12-2 (Bible Illustrations by Sweet Media).jpg,42_Lk_07_01_RG.jpg 43_Jn_12_02_RG.jpg,Gospel of John,John 12:03 / Jesus anointed by Mary at Bethany
File:Gospel of Luke Chapter 19-8 (Bible Illustrations by Sweet Media).jpg,42_Lk_19_08_RG.jpg 41_Mk_11_02_RG.jpg 40_Mt_21_02_RG.jpg,Gospel harmony (Sweet Publishing),<!-- Also Gospel of Matthew Chapter 21-2 (Bible...).jpg-->Matthew 21:01-11 / Luke 19:32-34 / The Triumphal Entry
File:Gospel of Luke Chapter 19-8 (Bible Illustrations by Sweet Media).jpg,42_Lk_19_08_RG.jpg 41_Mk_11_02_RG.jpg 40_Mt_21_02_RG.jpg,Gospel of Luke,Luke 19:32-34 / The Triumphal Entry
File:Gospel of Luke Chapter 19-8 (Bible Illustrations by Sweet Media).jpg,42_Lk_19_08_RG.jpg 41_Mk_11_02_RG.jpg 40_Mt_21_02_RG.jpg,Gospel of Matthew,Matthew 21:01-11 / The Triumphal Entry
File:Gospel of Luke Chapter 19-9 (Bible Illustrations by Sweet Media).jpg,42_Lk_19_09_RG.jpg 41_Mk_11_03_RG.jpg 40_Mt_21_03_RG.jpg,Gospel harmony (Sweet Publishing),<!-- Also Gospel of Matthew Chapter 21-3 (Bible...).jpg-->Matthew 21:01-11 / Luke 19:35 / The Triumphal Entry
File:Gospel of Luke Chapter 19-9 (Bible Illustrations by Sweet Media).jpg,42_Lk_19_09_RG.jpg 41_Mk_11_03_RG.jpg 40_Mt_21_03_RG.jpg,Gospel of Luke,Luke 19:35 / The Triumphal Entry
File:Gospel of Luke Chapter 19-9 (Bible Illustrations by Sweet Media).jpg,42_Lk_19_09_RG.jpg 41_Mk_11_03_RG.jpg 40_Mt_21_03_RG.jpg,Gospel of Matthew,Matthew 21:01-11 / The Triumphal Entry
File:Gospel of Luke Chapter 19-10 (Bible Illustrations by Sweet Media).jpg,42_Lk_19_10_RG.jpg 41_Mk_11_04_RG.jpg 40_Mt_21_04_RG.jpg,Gospel harmony (Sweet Publishing),<!-- Also Gospel of Matthew Chapter 21-4 (Bible...).jpg-->Matthew 21:01-11 / Luke 19:36 / The Triumphal Entry
File:Gospel of Luke Chapter 19-10 (Bible Illustrations by Sweet Media).jpg,42_Lk_19_10_RG.jpg 41_Mk_11_04_RG.jpg 40_Mt_21_04_RG.jpg,Gospel of Luke,Luke 19:36 / The Triumphal Entry
File:Gospel of Luke Chapter 19-10 (Bible Illustrations by Sweet Media).jpg,42_Lk_19_10_RG.jpg 41_Mk_11_04_RG.jpg 40_Mt_21_04_RG.jpg,Gospel of Matthew,Matthew 21:01-11 / The Triumphal Entry
File:Gospel of Luke Chapter 19-11 (Bible Illustrations by Sweet Media).jpg,42_Lk_19_11_RG.jpg 41_Mk_11_05_RG.jpg 40_Mt_21_05_RG.jpg,Gospel harmony (Sweet Publishing),<!-- Also Gospel of Matthew Chapter 21-5 (Bible...).jpg-->Matthew 21:01-11 / Luke 19:37-38 / The Triumphal Entry
File:Gospel of Luke Chapter 19-11 (Bible Illustrations by Sweet Media).jpg,42_Lk_19_11_RG.jpg 41_Mk_11_05_RG.jpg 40_Mt_21_05_RG.jpg,Gospel of Luke,Luke 19:37-38 / The Triumphal Entry
File:Gospel of Luke Chapter 19-11 (Bible Illustrations by Sweet Media).jpg,42_Lk_19_11_RG.jpg 41_Mk_11_05_RG.jpg 40_Mt_21_05_RG.jpg,Gospel of Matthew,Matthew 21:01-11 / The Triumphal Entry
File:Gospel of Matthew Chapter 21-7 (Bible Illustrations by Sweet Media).jpg,42_Lk_19_12_RG.jpg 41_Mk_11_07_RG.jpg 40_Mt_21_07_RG.jpg,Gospel harmony (Sweet Publishing),<!-- Also Gospel of Matthew Chapter 21-7 (Bible...).jpg-->Matthew 21:12-17 / Luke 19:45a / 2nd cleansing of the Temple
File:Gospel of Matthew Chapter 21-7 (Bible Illustrations by Sweet Media).jpg,42_Lk_19_12_RG.jpg 41_Mk_11_07_RG.jpg 40_Mt_21_07_RG.jpg,Gospel of Luke,Luke 19:45a / 2nd cleansing of the Temple
File:Gospel of Matthew Chapter 21-7 (Bible Illustrations by Sweet Media).jpg,42_Lk_19_12_RG.jpg 41_Mk_11_07_RG.jpg 40_Mt_21_07_RG.jpg,Gospel of Matthew,Matthew 21:12-17 / 2nd cleansing of the Temple
File:Gospel of Luke Chapter 19-13 (Bible Illustrations by Sweet Media).jpg,42_Lk_19_13_RG.jpg 41_Mk_11_08_RG.jpg 40_Mt_21_08_RG.jpg,Gospel harmony (Sweet Publishing),<!-- Also Gospel of Matthew Chapter 21-8 (Bible...).jpg-->Matthew 21:12-17 / Luke 19:45b / 2nd cleansing of the Temple
File:Gospel of Luke Chapter 19-13 (Bible Illustrations by Sweet Media).jpg,42_Lk_19_13_RG.jpg 41_Mk_11_08_RG.jpg 40_Mt_21_08_RG.jpg,Gospel of Luke,Luke 19:45b / 2nd cleansing of the Temple
File:Gospel of Matthew Chapter 21-9 (Bible Illustrations by Sweet Media).jpg,42_Lk_19_14_RG.jpg 41_Mk_11_09_RG.jpg 40_Mt_21_09_RG.jpg,Gospel harmony (Sweet Publishing),<!-- Also Gospel of Matthew Chapter 21-9 (Bible...).jpg-->Matthew 21:12-17 / Luke 19:46 / 2nd cleansing of the Temple
File:Gospel of Matthew Chapter 21-9 (Bible Illustrations by Sweet Media).jpg,42_Lk_19_14_RG.jpg 41_Mk_11_09_RG.jpg 40_Mt_21_09_RG.jpg,Gospel of Luke,Luke 19:46 / 2nd cleansing of the Temple
File:Gospel of Matthew Chapter 21-9 (Bible Illustrations by Sweet Media).jpg,42_Lk_19_14_RG.jpg 41_Mk_11_09_RG.jpg 40_Mt_21_09_RG.jpg,Gospel of Matthew,Matthew 21:12-17 / 2nd cleansing of the Temple
File:Gospel of Luke Chapter 19-15 (Bible Illustrations by Sweet Media).jpg,42_Lk_19_15_RG.jpg 41_Mk_11_10_RG.jpg,Gospel harmony (Sweet Publishing),Luke 19:47b-48 / 2nd cleansing of the Temple
File:Gospel of Luke Chapter 19-15 (Bible Illustrations by Sweet Media).jpg,42_Lk_19_15_RG.jpg 41_Mk_11_10_RG.jpg,Gospel of Luke,Luke 19:47b-48 / 2nd cleansing of the Temple
File:Gospel of Mark Chapter 11-6 (Bible Illustrations by Sweet Media).jpg,41_Mk_11_06_RG.jpg 40_Mt_21_06_RG.jpg,Gospel harmony (Sweet Publishing),Matthew 21:12-17 / 2nd cleansing of the Temple
File:Gospel of Mark Chapter 11-6 (Bible Illustrations by Sweet Media).jpg,41_Mk_11_06_RG.jpg 40_Mt_21_06_RG.jpg,Gospel of Matthew,Matthew 21:12-17 / 2nd cleansing of the Temple
File:Gospel of Matthew Chapter 22-1 (Bible Illustrations by Sweet Media).jpg,42_Lk_20_01_RG.jpg 41_Mk_13_01_RG.jpg 40_Mt_22_01_RG.jpg,Gospel harmony (Sweet Publishing),<!-- Also files:Gospel of Matthew Chapter 22-1; of Mark Chapter 13-1 (Bible...).jpg-->Matthew 21:23-27 / Mark 11:27-33 / Luke 20:01-2 / Conflict in the Temple
File:Gospel of Matthew Chapter 22-1 (Bible Illustrations by Sweet Media).jpg,42_Lk_20_01_RG.jpg 41_Mk_13_01_RG.jpg 40_Mt_22_01_RG.jpg,Gospel of Luke,Luke 20:01-2 / Conflict in the Temple
File:Gospel of Matthew Chapter 22-1 (Bible Illustrations by Sweet Media).jpg,42_Lk_20_01_RG.jpg 41_Mk_13_01_RG.jpg 40_Mt_22_01_RG.jpg,Gospel of Matthew,Matthew 21:23-27 / Conflict in the Temple
File:Gospel of Luke Chapter 20-2 (Bible Illustrations by Sweet Media).jpg,42_Lk_20_02_RG.jpg 41_Mk_12_01_RG.jpg 40_Mt_22_02_RG.jpg,Gospel harmony (Sweet Publishing),<!-- Also Gospel of Matthew Chapter 22-2 (Bible...).jpg-->Matthew 21:23-27 / Luke 20:03 / Conflict in the Temple
File:Gospel of Luke Chapter 20-2 (Bible Illustrations by Sweet Media).jpg,42_Lk_20_02_RG.jpg 41_Mk_12_01_RG.jpg 40_Mt_22_02_RG.jpg,Gospel of Luke,Luke 20:03 / Conflict in the Temple
File:Gospel of Matthew Chapter 22-3 (Bible Illustrations by Sweet Media).jpg,42_Lk_20_03_RG.jpg 41_Mk_12_02_RG.jpg 40_Mt_22_03_RG.jpg,Gospel harmony (Sweet Publishing),<!-- Also Gospel of Matthew Chapter 22-3 (Bible...).jpg-->Matthew 21:23-27 / Luke 20:04 / Conflict in the Temple
File:Gospel of Matthew Chapter 22-3 (Bible Illustrations by Sweet Media).jpg,42_Lk_20_03_RG.jpg 41_Mk_12_02_RG.jpg 40_Mt_22_03_RG.jpg,Gospel of Luke,Luke 20:04 / Conflict in the Temple
File:Gospel of Matthew Chapter 22-3 (Bible Illustrations by Sweet Media).jpg,42_Lk_20_03_RG.jpg 41_Mk_12_02_RG.jpg 40_Mt_22_03_RG.jpg,Gospel of Matthew,Matthew 21:23-27 / Conflict in the Temple
File:Gospel of Matthew Chapter 22-4 (Bible Illustrations by Sweet Media).jpg,42_Lk_20_04_RG.jpg 41_Mk_12_03_RG.jpg,Gospel harmony (Sweet Publishing),<!-- Also Gospel of Matthew Chapter 22-4 (Bible...).jpg-->Matthew 21:23-27 / Luke 20:05-6 / Conflict in the Temple
File:Gospel of Matthew Chapter 22-4 (Bible Illustrations by Sweet Media).jpg,42_Lk_20_04_RG.jpg 41_Mk_12_03_RG.jpg,Gospel of Luke,Luke 20:05-6 / Conflict in the Temple
File:Gospel of Matthew Chapter 22-4 (Bible Illustrations by Sweet Media).jpg,42_Lk_20_04_RG.jpg 41_Mk_12_03_RG.jpg,Gospel of Matthew,Matthew 21:23-27 / Conflict in the Temple
File:Gospel of Matthew Chapter 22-5 (Bible Illustrations by Sweet Media).jpg,42_Lk_20_05_RG.jpg 41_Mk_12_04_RG.jpg,Gospel harmony (Sweet Publishing),<!-- Also Gospel of Matthew Chapter 22-5 (Bible...).jpg-->Matthew 21:23-27 / Luke 20:07-8 / Conflict in the Temple
File:Gospel of Matthew Chapter 22-5 (Bible Illustrations by Sweet Media).jpg,42_Lk_20_05_RG.jpg 41_Mk_12_04_RG.jpg,Gospel of Luke,Luke 20:07-8 / Conflict in the Temple
File:Gospel of Matthew Chapter 22-5 (Bible Illustrations by Sweet Media).jpg,42_Lk_20_05_RG.jpg 41_Mk_12_04_RG.jpg,Gospel of Matthew,Matthew 21:23-27 / Conflict in the Temple
File:Gospel of Luke Chapter 20-12 (Bible Illustrations by Sweet Media).jpg,42_Lk_20_12_RG.jpg 41_Mk_12_11_RG.jpg,Gospel harmony (Sweet Publishing),Luke 20:09 / Parable of the vineyard
File:Gospel of Luke Chapter 20-12 (Bible Illustrations by Sweet Media).jpg,42_Lk_20_12_RG.jpg 41_Mk_12_11_RG.jpg,Gospel of Luke,Luke 20:09 / Parable of the vineyard
File:Gospel of Mark Chapter 12-12 (Bible Illustrations by Sweet Media).jpg,41_Mk_12_12_RG.jpg,Gospel harmony (Sweet Publishing),Mark 12:01-12 / Parable of the vineyard
File:Gospel of Mark Chapter 12-13 (Bible Illustrations by Sweet Media).jpg,41_Mk_12_13_RG.jpg,Gospel harmony (Sweet Publishing),Mark 12:01-12 / Parable of the vineyard
File:Gospel of Mark Chapter 12-14 (Bible Illustrations by Sweet Media).jpg,41_Mk_12_14_RG.jpg,Gospel harmony (Sweet Publishing),Mark 12:01-12 / Parable of the vineyard
File:Gospel of Luke Chapter 20-13 (Bible Illustrations by Sweet Media).jpg,42_Lk_20_13_RG.jpg 41_Mk_12_15_RG.jpg,Gospel harmony (Sweet Publishing),Luke 20:10-11 / Parable of the vineyard
File:Gospel of Luke Chapter 20-13 (Bible Illustrations by Sweet Media).jpg,42_Lk_20_13_RG.jpg 41_Mk_12_15_RG.jpg,Gospel of Luke,Luke 20:10-11 / Parable of the vineyard
File:Gospel of Luke Chapter 20-14 (Bible Illustrations by Sweet Media).jpg,42_Lk_20_14_RG.jpg 41_Mk_12_16_RG.jpg,Gospel harmony (Sweet Publishing),Luke 20:12 / Parable of the vineyard
File:Gospel of Luke Chapter 20-14 (Bible Illustrations by Sweet Media).jpg,42_Lk_20_14_RG.jpg 41_Mk_12_16_RG.jpg,Gospel of Luke,Luke 20:12 / Parable of the vineyard
File:Gospel of Luke Chapter 20-15 (Bible Illustrations by Sweet Media).jpg,42_Lk_20_15_RG.jpg 41_Mk_12_17_RG.jpg,Gospel harmony (Sweet Publishing),Luke 20:13 / Parable of the vineyard
File:Gospel of Luke Chapter 20-15 (Bible Illustrations by Sweet Media).jpg,42_Lk_20_15_RG.jpg 41_Mk_12_17_RG.jpg,Gospel of Luke,Luke 20:13 / Parable of the vineyard
File:Gospel of Luke Chapter 20-16 (Bible Illustrations by Sweet Media).jpg,42_Lk_20_16_RG.jpg 41_Mk_12_18_RG.jpg,Gospel harmony (Sweet Publishing),Luke 20:15-16a / Parable of the vineyard
File:Gospel of Luke Chapter 20-16 (Bible Illustrations by Sweet Media).jpg,42_Lk_20_16_RG.jpg 41_Mk_12_18_RG.jpg,Gospel of Luke,Luke 20:15-16a / Parable of the vineyard
File:Gospel of Luke Chapter 20-17 (Bible Illustrations by Sweet Media).jpg,42_Lk_20_17_RG.jpg 41_Mk_12_19_RG.jpg,Gospel harmony (Sweet Publishing),Luke 20:17-18 / Parable of the vineyard
File:Gospel of Luke Chapter 20-17 (Bible Illustrations by Sweet Media).jpg,42_Lk_20_17_RG.jpg 41_Mk_12_19_RG.jpg,Gospel of Luke,Luke 20:17-18 / Parable of the vineyard
File:Gospel of Luke Chapter 20-18 (Bible Illustrations by Sweet Media).jpg,42_Lk_20_18_RG.jpg 41_Mk_12_20_RG.jpg,Gospel harmony (Sweet Publishing),Luke 20:19 / Parable of the vineyard
File:Gospel of Luke Chapter 20-18 (Bible Illustrations by Sweet Media).jpg,42_Lk_20_18_RG.jpg 41_Mk_12_20_RG.jpg,Gospel of Luke,Luke 20:19 / Parable of the vineyard
File:Gospel of Matthew Chapter 22-6 (Bible Illustrations by Sweet Media).jpg,42_Lk_20_06_RG.jpg 41_Mk_12_05_RG.jpg 40_Mt_22_06_RG.jpg,Gospel harmony (Sweet Publishing),<!-- Also Gospel of Matthew Chapter 22-6 (Bible...).jpg-->Matthew 22:15-22 / Luke 20:20-21 / Paying tribute to Caesar
File:Gospel of Matthew Chapter 22-6 (Bible Illustrations by Sweet Media).jpg,42_Lk_20_06_RG.jpg 41_Mk_12_05_RG.jpg 40_Mt_22_06_RG.jpg,Gospel of Luke,Luke 20:20-21 / Paying tribute to Caesar
File:Gospel of Matthew Chapter 22-6 (Bible Illustrations by Sweet Media).jpg,42_Lk_20_06_RG.jpg 41_Mk_12_05_RG.jpg 40_Mt_22_06_RG.jpg,Gospel of Matthew,Matthew 22:15-22 / Paying tribute to Caesar
File:Gospel of Luke Chapter 20-7 (Bible Illustrations by Sweet Media).jpg,42_Lk_20_07_RG.jpg 41_Mk_12_06_RG.jpg 40_Mt_22_07_RG.jpg,Gospel harmony (Sweet Publishing),<!-- Also Gospel of Matthew Chapter 22-7 (Bible...).jpg-->Matthew 22:15-22 / Luke 20:22 / Paying tribute to Caesar
File:Gospel of Luke Chapter 20-7 (Bible Illustrations by Sweet Media).jpg,42_Lk_20_07_RG.jpg 41_Mk_12_06_RG.jpg 40_Mt_22_07_RG.jpg,Gospel of Luke,Luke 20:22 / Paying tribute to Caesar
File:Gospel of Luke Chapter 20-7 (Bible Illustrations by Sweet Media).jpg,42_Lk_20_07_RG.jpg 41_Mk_12_06_RG.jpg 40_Mt_22_07_RG.jpg,Gospel of Matthew,Matthew 22:15-22 / Paying tribute to Caesar
File:Gospel of Mark Chapter 12-7 (Bible Illustrations by Sweet Media).jpg,42_Lk_20_08_RG.jpg 41_Mk_12_07_RG.jpg 40_Mt_22_08_RG.jpg,Gospel harmony (Sweet Publishing),<!-- Also Gospel of Matthew Chapter 22-8 (Bible...).jpg-->Matthew 22:15-22 / Luke 20:23-24a / Paying tribute to Caesar
File:Gospel of Mark Chapter 12-7 (Bible Illustrations by Sweet Media).jpg,42_Lk_20_08_RG.jpg 41_Mk_12_07_RG.jpg 40_Mt_22_08_RG.jpg,Gospel of Luke,Luke 20:23-24a / Paying tribute to Caesar
File:Gospel of Mark Chapter 12-7 (Bible Illustrations by Sweet Media).jpg,42_Lk_20_08_RG.jpg 41_Mk_12_07_RG.jpg 40_Mt_22_08_RG.jpg,Gospel of Matthew,Matthew 22:15-22 / Paying tribute to Caesar
File:Gospel of Mark Chapter 12-8 (Bible Illustrations by Sweet Media).jpg,42_Lk_20_09_RG.jpg 41_Mk_12_08_RG.jpg 40_Mt_22_09_RG.jpg,Gospel harmony (Sweet Publishing),<!-- Also Gospel of Matthew Chapter 22-9 (Bible...).jpg-->Matthew 22:15-22 / Luke 20:24b / Paying tribute to Caesar
File:Gospel of Mark Chapter 12-8 (Bible Illustrations by Sweet Media).jpg,42_Lk_20_09_RG.jpg 41_Mk_12_08_RG.jpg 40_Mt_22_09_RG.jpg,Gospel of Luke,Luke 20:24b / Paying tribute to Caesar
File:Gospel of Mark Chapter 12-8 (Bible Illustrations by Sweet Media).jpg,42_Lk_20_09_RG.jpg 41_Mk_12_08_RG.jpg 40_Mt_22_09_RG.jpg,Gospel of Matthew,Matthew 22:15-22 / Paying tribute to Caesar
File:Gospel of Matthew Chapter 22-10 (Bible Illustrations by Sweet Media).jpg,42_Lk_20_10_RG.jpg 41_Mk_12_09_RG.jpg 40_Mt_22_10_RG.jpg,Gospel harmony (Sweet Publishing),<!-- Also Gospel of Matthew Chapter 22-10 (Bible...).jpg-->Matthew 22:15-22 / Luke 20:25 / Paying tribute to Caesar
File:Gospel of Matthew Chapter 22-10 (Bible Illustrations by Sweet Media).jpg,42_Lk_20_10_RG.jpg 41_Mk_12_09_RG.jpg 40_Mt_22_10_RG.jpg,Gospel of Luke,Luke 20:25 / Paying tribute to Caesar
File:Gospel of Matthew Chapter 22-10 (Bible Illustrations by Sweet Media).jpg,42_Lk_20_10_RG.jpg 41_Mk_12_09_RG.jpg 40_Mt_22_10_RG.jpg,Gospel of Matthew,Matthew 22:15-22 / Paying tribute to Caesar
File:Gospel of Luke Chapter 20-11 (Bible Illustrations by Sweet Media).jpg,42_Lk_20_11_RG.jpg 41_Mk_12_10_RG.jpg 40_Mt_22_11_RG.jpg,Gospel harmony (Sweet Publishing),<!-- Also Gospel of Matthew Chapter 22-11 (Bible...).jpg-->Matthew 22:15-22 / Luke 20:26 / Paying tribute to Caesar
File:Gospel of Luke Chapter 20-11 (Bible Illustrations by Sweet Media).jpg,42_Lk_20_11_RG.jpg 41_Mk_12_10_RG.jpg 40_Mt_22_11_RG.jpg,Gospel of Luke,Luke 20:26 / Paying tribute to Caesar
File:Gospel of Luke Chapter 20-11 (Bible Illustrations by Sweet Media).jpg,42_Lk_20_11_RG.jpg 41_Mk_12_10_RG.jpg 40_Mt_22_11_RG.jpg,Gospel of Matthew,Matthew 22:15-22 / Paying tribute to Caesar
File:Gospel of Luke Chapter 21-1 (Bible Illustrations by Sweet Media).jpg,42_Lk_21_01_RG.jpg 41_Mk_12_21_RG.jpg,Gospel harmony (Sweet Publishing),Luke 20:45-47 / Jesus denounces the Pharisees
File:Gospel of Luke Chapter 21-1 (Bible Illustrations by Sweet Media).jpg,42_Lk_21_01_RG.jpg 41_Mk_12_21_RG.jpg,Gospel of Luke,Luke 20:45-47 / Jesus denounces the Pharisees
File:Gospel of Luke Chapter 21-2 (Bible Illustrations by Sweet Media).jpg,42_Lk_21_02_RG.jpg 41_Mk_12_22_RG.jpg,Gospel harmony (Sweet Publishing),Luke 21:01 / The widow's gift
File:Gospel of Luke Chapter 21-2 (Bible Illustrations by Sweet Media).jpg,42_Lk_21_02_RG.jpg 41_Mk_12_22_RG.jpg,Gospel of Luke,Luke 21:01 / The widow's gift
File:Gospel of Luke Chapter 21-3 (Bible Illustrations by Sweet Media).jpg,42_Lk_21_03_RG.jpg 41_Mk_12_23_RG.jpg,Gospel harmony (Sweet Publishing),Luke 21:01 / The widow's gift
File:Gospel of Luke Chapter 21-3 (Bible Illustrations by Sweet Media).jpg,42_Lk_21_03_RG.jpg 41_Mk_12_23_RG.jpg,Gospel of Luke,Luke 21:01 / The widow's gift
File:Gospel of Luke Chapter 21-4 (Bible Illustrations by Sweet Media).jpg,42_Lk_21_04_RG.jpg 41_Mk_12_24_RG.jpg,Gospel harmony (Sweet Publishing),Luke 21:02 / The widow's gift
File:Gospel of Luke Chapter 21-4 (Bible Illustrations by Sweet Media).jpg,42_Lk_21_04_RG.jpg 41_Mk_12_24_RG.jpg,Gospel of Luke,Luke 21:02 / The widow's gift
File:Gospel of Luke Chapter 21-5 (Bible Illustrations by Sweet Media).jpg,42_Lk_21_05_RG.jpg 41_Mk_12_25_RG.jpg,Gospel harmony (Sweet Publishing),Luke 21:03 / The widow's gift
File:Gospel of Luke Chapter 21-5 (Bible Illustrations by Sweet Media).jpg,42_Lk_21_05_RG.jpg 41_Mk_12_25_RG.jpg,Gospel of Luke,Luke 21:03 / The widow's gift
File:Gospel of Luke Chapter 21-6 (Bible Illustrations by Sweet Media).jpg,42_Lk_21_06_RG.jpg 41_Mk_12_26_RG.jpg,Gospel harmony (Sweet Publishing),Luke 21:04 / The widow's gift
File:Gospel of Luke Chapter 21-6 (Bible Illustrations by Sweet Media).jpg,42_Lk_21_06_RG.jpg 41_Mk_12_26_RG.jpg,Gospel of Luke,Luke 21:04 / The widow's gift
File:Gospel of Mark Chapter 13-2 (Bible Illustrations by Sweet Media).jpg,42_Lk_21_07_RG.jpg 41_Mk_13_02_RG.jpg,Gospel harmony (Sweet Publishing),Luke 21:05 / Christ's second coming
File:Gospel of Mark Chapter 13-2 (Bible Illustrations by Sweet Media).jpg,42_Lk_21_07_RG.jpg 41_Mk_13_02_RG.jpg,Gospel of Luke,Luke 21:05 / Christ's second coming
File:Gospel of Mark Chapter 13-3 (Bible Illustrations by Sweet Media).jpg,42_Lk_21_08_RG.jpg 41_Mk_13_03_RG.jpg,Gospel harmony (Sweet Publishing),Luke 21:06 / Christ's second coming
File:Gospel of Mark Chapter 13-3 (Bible Illustrations by Sweet Media).jpg,42_Lk_21_08_RG.jpg 41_Mk_13_03_RG.jpg,Gospel of Luke,Luke 21:06 / Christ's second coming
File:Gospel of Luke Chapter 21-9 (Bible Illustrations by Sweet Media).jpg,42_Lk_21_09_RG.jpg 41_Mk_13_04_RG.jpg,Gospel harmony (Sweet Publishing),Luke 21:07 / Christ's second coming
File:Gospel of Luke Chapter 21-9 (Bible Illustrations by Sweet Media).jpg,42_Lk_21_09_RG.jpg 41_Mk_13_04_RG.jpg,Gospel of Luke,Luke 21:07 / Christ's second coming
File:Gospel of Mark Chapter 13-5 (Bible Illustrations by Sweet Media).jpg,42_Lk_21_10_RG.jpg 41_Mk_13_05_RG.jpg,Gospel harmony (Sweet Publishing),Luke 21:08-9 / Christ's second coming
File:Gospel of Mark Chapter 13-5 (Bible Illustrations by Sweet Media).jpg,42_Lk_21_10_RG.jpg 41_Mk_13_05_RG.jpg,Gospel of Luke,Luke 21:08-9 / Christ's second coming
File:Gospel of Luke Chapter 21-11 (Bible Illustrations by Sweet Media).jpg,42_Lk_21_11_RG.jpg 41_Mk_13_06_RG.jpg,Gospel harmony (Sweet Publishing),Luke 21:10-19 / Christ's second coming
File:Gospel of Luke Chapter 21-11 (Bible Illustrations by Sweet Media).jpg,42_Lk_21_11_RG.jpg 41_Mk_13_06_RG.jpg,Gospel of Luke,Luke 21:10-19 / Christ's second coming
File:Gospel of Luke Chapter 22-1 (Bible Illustrations by Sweet Media).jpg,42_Lk_22_01_RG.jpg 41_Mk_14_02_RG.jpg 40_Mt_26_02_RG.jpg,Gospel harmony (Sweet Publishing),<!-- Also Gospel of Matthew Chapter 26-2 (Bible...).jpg-->Matthew 26:14-16 / Luke 22:01-2 / Judas betrays Jesus
File:Gospel of Luke Chapter 22-1 (Bible Illustrations by Sweet Media).jpg,42_Lk_22_01_RG.jpg 41_Mk_14_02_RG.jpg 40_Mt_26_02_RG.jpg,Gospel of Luke,Luke 22:01-2 / Judas betrays Jesus
File:Gospel of Luke Chapter 22-1 (Bible Illustrations by Sweet Media).jpg,42_Lk_22_01_RG.jpg 41_Mk_14_02_RG.jpg 40_Mt_26_02_RG.jpg,Gospel of Matthew,Matthew 26:14-16 / Judas betrays Jesus
File:Gospel of Luke Chapter 22-2 (Bible Illustrations by Sweet Media).jpg,42_Lk_22_02_RG.jpg 41_Mk_14_03_RG.jpg 40_Mt_26_03_RG.jpg,Gospel harmony (Sweet Publishing),<!-- Also Gospel of Matthew Chapter 26-3 (Bible...).jpg-->Matthew 26:14-16 / Luke 22:03 / Judas betrays Jesus
File:Gospel of Luke Chapter 22-2 (Bible Illustrations by Sweet Media).jpg,42_Lk_22_02_RG.jpg 41_Mk_14_03_RG.jpg 40_Mt_26_03_RG.jpg,Gospel of Luke,Luke 22:03 / Judas betrays Jesus
File:Gospel of Luke Chapter 22-2 (Bible Illustrations by Sweet Media).jpg,42_Lk_22_02_RG.jpg 41_Mk_14_03_RG.jpg 40_Mt_26_03_RG.jpg,Gospel of Matthew,Matthew 26:14-16 / Judas betrays Jesus
File:Gospel of Luke Chapter 22-3 (Bible Illustrations by Sweet Media).jpg,42_Lk_22_03_RG.jpg 41_Mk_14_04_RG.jpg 40_Mt_26_04_RG.jpg,Gospel harmony (Sweet Publishing),<!-- Also Gospel of Matthew Chapter 26-4 (Bible...).jpg-->Matthew 26:14-16 / Luke 22:04-5 / Judas betrays Jesus
File:Gospel of Luke Chapter 22-3 (Bible Illustrations by Sweet Media).jpg,42_Lk_22_03_RG.jpg 41_Mk_14_04_RG.jpg 40_Mt_26_04_RG.jpg,Gospel of Luke,Luke 22:04-5 / Judas betrays Jesus
File:Gospel of Luke Chapter 22-3 (Bible Illustrations by Sweet Media).jpg,42_Lk_22_03_RG.jpg 41_Mk_14_04_RG.jpg 40_Mt_26_04_RG.jpg,Gospel of Matthew,Matthew 26:14-16 / Judas betrays Jesus
File:Gospel of Luke Chapter 22-4 (Bible Illustrations by Sweet Media).jpg,42_Lk_22_04_RG.jpg 41_Mk_14_05_RG.jpg 40_Mt_26_05_RG.jpg,Gospel harmony (Sweet Publishing),<!-- Also Gospel of Matthew Chapter 26-5 (Bible...).jpg-->Matthew 26:14-16 / Luke 22:06a / Judas betrays Jesus
File:Gospel of Luke Chapter 22-4 (Bible Illustrations by Sweet Media).jpg,42_Lk_22_04_RG.jpg 41_Mk_14_05_RG.jpg 40_Mt_26_05_RG.jpg,Gospel of Luke,Luke 22:06a / Judas betrays Jesus
File:Gospel of Luke Chapter 22-4 (Bible Illustrations by Sweet Media).jpg,42_Lk_22_04_RG.jpg 41_Mk_14_05_RG.jpg 40_Mt_26_05_RG.jpg,Gospel of Matthew,Matthew 26:14-16 / Judas betrays Jesus
File:Gospel of Matthew Chapter 26-6 (Bible Illustrations by Sweet Media).jpg,42_Lk_22_05_RG.jpg 41_Mk_14_06_RG.jpg 40_Mt_26_06_RG.jpg,Gospel harmony (Sweet Publishing),<!-- Also Gospel of Matthew Chapter 26-6 (Bible...).jpg-->Matthew 26:14-16 / Luke 22:06b / Judas betrays Jesus
File:Gospel of Matthew Chapter 26-6 (Bible Illustrations by Sweet Media).jpg,42_Lk_22_05_RG.jpg 41_Mk_14_06_RG.jpg 40_Mt_26_06_RG.jpg,Gospel of Luke,Luke 22:06b / Judas betrays Jesus
File:Gospel of Matthew Chapter 26-6 (Bible Illustrations by Sweet Media).jpg,42_Lk_22_05_RG.jpg 41_Mk_14_06_RG.jpg 40_Mt_26_06_RG.jpg,Gospel of Matthew,Matthew 26:14-16 / Judas betrays Jesus
File:Gospel of Luke Chapter 22-7 (Bible Illustrations by Sweet Media).jpg,42_Lk_22_07_RG.jpg 41_Mk_14_08_RG.jpg 40_Mt_26_08_RG.jpg,Gospel harmony (Sweet Publishing),<!-- Also Gospel of Matthew Chapter 26-8 (Bible...).jpg-->Matthew 26:17-19 / Luke 22:10-12 / Preparations for Passover meal
File:Gospel of Luke Chapter 22-7 (Bible Illustrations by Sweet Media).jpg,42_Lk_22_07_RG.jpg 41_Mk_14_08_RG.jpg 40_Mt_26_08_RG.jpg,Gospel of Luke,Luke 22:10-12 / Preparations for Passover meal
File:Gospel of Luke Chapter 22-7 (Bible Illustrations by Sweet Media).jpg,42_Lk_22_07_RG.jpg 41_Mk_14_08_RG.jpg 40_Mt_26_08_RG.jpg,Gospel of Matthew,Matthew 26:17-19 / Preparations for Passover meal
File:Gospel of Luke Chapter 22-8 (Bible Illustrations by Sweet Media).jpg,42_Lk_22_08_RG.jpg,Gospel harmony (Sweet Publishing),Luke 22:13a / Preparations for Passover meal
File:Gospel of Luke Chapter 22-8 (Bible Illustrations by Sweet Media).jpg,42_Lk_22_08_RG.jpg,Gospel of Luke,Luke 22:13a / Preparations for Passover meal
File:Gospel of Luke Chapter 22-9 (Bible Illustrations by Sweet Media).jpg,42_Lk_22_09_RG.jpg 41_Mk_14_09_RG.jpg 40_Mt_26_09_RG.jpg,Gospel harmony (Sweet Publishing),<!-- Also Gospel of Matthew Chapter 26-9 (Bible...).jpg-->Matthew 26:17-19 / Luke 22:13a / Preparations for Passover meal
File:Gospel of Luke Chapter 22-9 (Bible Illustrations by Sweet Media).jpg,42_Lk_22_09_RG.jpg 41_Mk_14_09_RG.jpg 40_Mt_26_09_RG.jpg,Gospel of Luke,Luke 22:13a / Preparations for Passover meal
File:Gospel of Luke Chapter 22-9 (Bible Illustrations by Sweet Media).jpg,42_Lk_22_09_RG.jpg 41_Mk_14_09_RG.jpg 40_Mt_26_09_RG.jpg,Gospel of Matthew,Matthew 26:17-19 / Preparations for Passover meal
File:Gospel of Luke Chapter 22-10 (Bible Illustrations by Sweet Media).jpg,42_Lk_22_10_RG.jpg 41_Mk_14_10_RG.jpg 40_Mt_26_10_RG.jpg,Gospel harmony (Sweet Publishing),<!-- Also Gospel of Matthew Chapter 26-10 (Bible...).jpg-->Matthew 26:17-19 / Luke 22:13a / Preparations for Passover meal
File:Gospel of Luke Chapter 22-10 (Bible Illustrations by Sweet Media).jpg,42_Lk_22_10_RG.jpg 41_Mk_14_10_RG.jpg 40_Mt_26_10_RG.jpg,Gospel of Luke,Luke 22:13a / Preparations for Passover meal
File:Gospel of Luke Chapter 22-11 (Bible Illustrations by Sweet Media).jpg,42_Lk_22_11_RG.jpg 41_Mk_14_11_RG.jpg 40_Mt_26_11_RG.jpg,Gospel harmony (Sweet Publishing),<!-- Also Gospel of Matthew Chapter 26-11 (Bible...).jpg-->Matthew 26:17-19 / Luke 22:13b / Preparations for Passover meal
File:Gospel of Luke Chapter 22-11 (Bible Illustrations by Sweet Media).jpg,42_Lk_22_11_RG.jpg 41_Mk_14_11_RG.jpg 40_Mt_26_11_RG.jpg,Gospel of Luke,Luke 22:13b / Preparations for Passover meal
File:Gospel of Luke Chapter 22-11 (Bible Illustrations by Sweet Media).jpg,42_Lk_22_11_RG.jpg 41_Mk_14_11_RG.jpg 40_Mt_26_11_RG.jpg,Gospel of Matthew,Matthew 26:17-19 / Preparations for Passover meal
File:Gospel of Luke Chapter 22-12 (Bible Illustrations by Sweet Media).jpg,42_Lk_22_12_RG.jpg 43_Jn_13_05_RG.jpg 41_Mk_14_12_RG.jpg 40_Mt_26_12_RG.jpg,Gospel harmony (Sweet Publishing),<!-- Also Gospel of Matthew Chapter 26-12 (Bible...).jpg-->Matthew 26:17-19 / Luke 22:14-15 / Preparations for Passover meal
File:Gospel of Luke Chapter 22-12 (Bible Illustrations by Sweet Media).jpg,42_Lk_22_12_RG.jpg 43_Jn_13_05_RG.jpg 41_Mk_14_12_RG.jpg 40_Mt_26_12_RG.jpg,Gospel harmony (Sweet Publishing),John 14:01-31 / The Way; The Comforter
File:Gospel of Luke Chapter 22-12 (Bible Illustrations by Sweet Media).jpg,42_Lk_22_12_RG.jpg 43_Jn_13_05_RG.jpg 41_Mk_14_12_RG.jpg 40_Mt_26_12_RG.jpg,Gospel of Luke,Luke 22:14-15 / Preparations for Passover meal
File:Gospel of Luke Chapter 22-12 (Bible Illustrations by Sweet Media).jpg,42_Lk_22_12_RG.jpg 43_Jn_13_05_RG.jpg 41_Mk_14_12_RG.jpg 40_Mt_26_12_RG.jpg,Gospel of Matthew,Matthew 26:17-19 / Preparations for Passover meal
File:Gospel of Luke Chapter 22-13 (Bible Illustrations by Sweet Media).jpg,42_Lk_22_13_RG.jpg 43_Jn_13_07_RG.jpg 41_Mk_14_13_RG.jpg 40_Mt_26_13_RG.jpg,Gospel harmony (Sweet Publishing),<!-- Also Gospel of Matthew Chapter 26-13 (Bible...).jpg-->Matthew 26:26-29 / Luke 22:16 / Preparations for Passover meal
File:Gospel of Luke Chapter 22-13 (Bible Illustrations by Sweet Media).jpg,42_Lk_22_13_RG.jpg 43_Jn_13_07_RG.jpg 41_Mk_14_13_RG.jpg 40_Mt_26_13_RG.jpg,Gospel harmony (Sweet Publishing),John 13:21-30 / Jesus names Judas as His betrayer
File:Gospel of Luke Chapter 22-13 (Bible Illustrations by Sweet Media).jpg,42_Lk_22_13_RG.jpg 43_Jn_13_07_RG.jpg 41_Mk_14_13_RG.jpg 40_Mt_26_13_RG.jpg,Gospel of Luke,Luke 22:16 / Preparations for Passover meal
File:Gospel of Luke Chapter 22-13 (Bible Illustrations by Sweet Media).jpg,42_Lk_22_13_RG.jpg 43_Jn_13_07_RG.jpg 41_Mk_14_13_RG.jpg 40_Mt_26_13_RG.jpg,Gospel of Matthew,Matthew 26:26-29 / Jesus institutes the Lord's Supper
File:Gospel of Luke Chapter 22-13 (Bible Illustrations by Sweet Media).jpg,42_Lk_22_13_RG.jpg 43_Jn_13_07_RG.jpg 41_Mk_14_13_RG.jpg 40_Mt_26_13_RG.jpg,Gospel of John,John 13:12-25 / Jesus names Judas as His betrayer
File:Gospel of John Chapter 13-1 (Bible Illustrations by Sweet Media).jpg,43_Jn_13_01_RG.jpg,Gospel harmony (Sweet Publishing),John 13:01-20 / Jesus washes the disciples’ feet
File:Gospel of John Chapter 13-1 (Bible Illustrations by Sweet Media).jpg,43_Jn_13_01_RG.jpg,Gospel of John,John 13:01b-5 / Jesus washes the disciples’ feet
File:Gospel of John Chapter 13-2 (Bible Illustrations by Sweet Media).jpg,43_Jn_13_02_RG.jpg,Gospel harmony (Sweet Publishing),John 13:01-20 / Jesus washes the disciples’ feet
File:Gospel of John Chapter 13-2 (Bible Illustrations by Sweet Media).jpg,43_Jn_13_02_RG.jpg,Gospel of John,John 13:06-8 / Jesus washes the disciples’ feet
File:Gospel of John Chapter 13-3 (Bible Illustrations by Sweet Media).jpg,43_Jn_13_03_RG.jpg,Gospel harmony (Sweet Publishing),John 13:01-20 / Jesus washes the disciples’ feet
File:Gospel of John Chapter 13-3 (Bible Illustrations by Sweet Media).jpg,43_Jn_13_03_RG.jpg,Gospel of John,John 13:09-11 / Jesus washes the disciples’ feet
File:Gospel of John Chapter 13-6 (Bible Illustrations by Sweet Media).jpg,43_Jn_13_06_RG.jpg,Gospel harmony (Sweet Publishing),John 13:21-30 / Jesus names Judas as His betrayer
File:Gospel of John Chapter 13-6 (Bible Illustrations by Sweet Media).jpg,43_Jn_13_06_RG.jpg,Gospel of John,John 13:26-28 / Jesus names Judas as His betrayer
File:Gospel of John Chapter 13-8 (Bible Illustrations by Sweet Media).jpg,43_Jn_13_08_RG.jpg,Gospel harmony (Sweet Publishing),John 13:21-30 / Jesus names Judas as His betrayer
File:Gospel of John Chapter 13-8 (Bible Illustrations by Sweet Media).jpg,43_Jn_13_08_RG.jpg,Gospel of John,John 13:29-30 / Jesus names Judas as His betrayer
File:Gospel of John Chapter 13-4 (Bible Illustrations by Sweet Media).jpg,43_Jn_13_04_RG.jpg,Gospel harmony (Sweet Publishing),John 13:31-35 / The New Commandment
File:Gospel of John Chapter 13-4 (Bible Illustrations by Sweet Media).jpg,43_Jn_13_04_RG.jpg,Gospel of John,John 13:31-35 / The New Commandment
File:Gospel of Matthew Chapter 26-16 (Bible Illustrations by Sweet Media).jpg,42_Lk_22_16_RG.jpg 41_Mk_14_16_RG.jpg 40_Mt_26_16_RG.jpg,Gospel harmony (Sweet Publishing),<!-- Also Gospel of Matthew Chapter 26-16 (Bible...).jpg-->Matthew 26:31-35 / Luke 22:31-32 / Jesus predicts Peter's denial
File:Gospel of Matthew Chapter 26-16 (Bible Illustrations by Sweet Media).jpg,42_Lk_22_16_RG.jpg 41_Mk_14_16_RG.jpg 40_Mt_26_16_RG.jpg,Gospel of Luke,Luke 22:31-32 / Jesus predicts Peter's denial
File:Gospel of Matthew Chapter 26-16 (Bible Illustrations by Sweet Media).jpg,42_Lk_22_16_RG.jpg 41_Mk_14_16_RG.jpg 40_Mt_26_16_RG.jpg,Gospel of Matthew,Matthew 26:31-35 / Jesus predicts Peter's denial
File:Gospel of John Chapter 13-9 (Bible Illustrations by Sweet Media).jpg,42_Lk_22_17_RG.jpg 43_Jn_13_09_RG.jpg 40_Mt_26_18_RG.jpg,Gospel harmony (Sweet Publishing),<!-- Also files:Gospel of Matthew Chapter 26-18; of John Chapter 13-9 (Bible...).jpg-->Matthew 26:31-35 / Luke 22:33 / John 13:36 / Jesus predicts Peter's denial
File:Gospel of John Chapter 13-9 (Bible Illustrations by Sweet Media).jpg,42_Lk_22_17_RG.jpg 43_Jn_13_09_RG.jpg 40_Mt_26_18_RG.jpg,Gospel of Luke,Luke 22:33 / Jesus predicts Peter's denial
File:Gospel of John Chapter 13-9 (Bible Illustrations by Sweet Media).jpg,42_Lk_22_17_RG.jpg 43_Jn_13_09_RG.jpg 40_Mt_26_18_RG.jpg,Gospel of Matthew,Matthew 26:31-35 / Jesus predicts Peter's denial
File:Gospel of John Chapter 13-9 (Bible Illustrations by Sweet Media).jpg,42_Lk_22_17_RG.jpg 43_Jn_13_09_RG.jpg 40_Mt_26_18_RG.jpg,Gospel of John,John 13:36 / Jesus predicts Peter's denial
File:Gospel of Luke Chapter 22-18 (Bible Illustrations by Sweet Media).jpg,42_Lk_22_18_RG.jpg 43_Jn_13_10_RG.jpg 41_Mk_14_19_RG.jpg 40_Mt_26_19_RG.jpg,Gospel harmony (Sweet Publishing),"<!-- Also files:Gospel of Matthew Chapter 26-19, of John Chapter 13-10 (Bible...).jpg-->Matthew 26:31-35 / Luke 22:33 / John 13:36 / Jesus predicts Peter's denial"
File:Gospel of Luke Chapter 22-18 (Bible Illustrations by Sweet Media).jpg,42_Lk_22_18_RG.jpg 43_Jn_13_10_RG.jpg 41_Mk_14_19_RG.jpg 40_Mt_26_19_RG.jpg,Gospel of Luke,Luke 22:33 / Jesus predicts Peter's denial
File:Gospel of Luke Chapter 22-18 (Bible Illustrations by Sweet Media).jpg,42_Lk_22_18_RG.jpg 43_Jn_13_10_RG.jpg 41_Mk_14_19_RG.jpg 40_Mt_26_19_RG.jpg,Gospel of Matthew,Matthew 26:31-35 / Jesus predicts Peter's denial
File:Gospel of Luke Chapter 22-18 (Bible Illustrations by Sweet Media).jpg,42_Lk_22_18_RG.jpg 43_Jn_13_10_RG.jpg 41_Mk_14_19_RG.jpg 40_Mt_26_19_RG.jpg,Gospel of John,John 13:36 / Jesus predicts Peter's denial
File:Gospel of Luke Chapter 22-19 (Bible Illustrations by Sweet Media).jpg,42_Lk_22_19_RG.jpg 43_Jn_13_11_RG.jpg 41_Mk_14_20_RG.jpg 40_Mt_26_20_RG.jpg,Gospel harmony (Sweet Publishing),"<!-- Also files:Gospel of Matthew Chapter 26-20, of John Chapter 13-11 (Bible...).jpg-->Matthew 26:31-35 / Luke 22:34 / John 13:38 / Jesus predicts Peter's denial"
File:Gospel of Luke Chapter 22-19 (Bible Illustrations by Sweet Media).jpg,42_Lk_22_19_RG.jpg 43_Jn_13_11_RG.jpg 41_Mk_14_20_RG.jpg 40_Mt_26_20_RG.jpg,Gospel of Luke,Luke 22:34 / Jesus predicts Peter's denial
File:Gospel of Luke Chapter 22-19 (Bible Illustrations by Sweet Media).jpg,42_Lk_22_19_RG.jpg 43_Jn_13_11_RG.jpg 41_Mk_14_20_RG.jpg 40_Mt_26_20_RG.jpg,Gospel of Matthew,Matthew 26:31-35 / Jesus predicts Peter's denial
File:Gospel of Luke Chapter 22-19 (Bible Illustrations by Sweet Media).jpg,42_Lk_22_19_RG.jpg 43_Jn_13_11_RG.jpg 41_Mk_14_20_RG.jpg 40_Mt_26_20_RG.jpg,Gospel of John,John 13:38 / Jesus predicts Peter's denial
File:Gospel of Luke Chapter 22-20 (Bible Illustrations by Sweet Media).jpg,42_Lk_22_20_RG.jpg 43_Jn_13_12_RG.jpg 41_Mk_14_21_RG.jpg 40_Mt_26_21_RG.jpg,Gospel harmony (Sweet Publishing),<!-- Also files:Gospel of Matthew Chapter 26-21; of John Chapter 13-12 (Bible...).jpg-->Matthew 26:31-35 / Luke 22 / John 13:37 / Jesus predicts Peter's denial
File:Gospel of Luke Chapter 22-20 (Bible Illustrations by Sweet Media).jpg,42_Lk_22_20_RG.jpg 43_Jn_13_12_RG.jpg 41_Mk_14_21_RG.jpg 40_Mt_26_21_RG.jpg,Gospel of Matthew,Matthew 26:31-35 / Jesus predicts Peter's denial
File:Gospel of Luke Chapter 22-20 (Bible Illustrations by Sweet Media).jpg,42_Lk_22_20_RG.jpg 43_Jn_13_12_RG.jpg 41_Mk_14_21_RG.jpg 40_Mt_26_21_RG.jpg,Gospel of John,John 13:37 / Jesus predicts Peter's denial
File:Gospel of Mark Chapter 14-17 (Bible Illustrations by Sweet Media).jpg,41_Mk_14_17_RG.jpg 40_Mt_26_17_RG.jpg,Gospel harmony (Sweet Publishing),Matthew 26:31-35 / Jesus predicts Peter's denial
File:Gospel of Mark Chapter 14-17 (Bible Illustrations by Sweet Media).jpg,41_Mk_14_17_RG.jpg 40_Mt_26_17_RG.jpg,Gospel of Matthew,Matthew 26:31-35 / Jesus predicts Peter's denial
File:Gospel of Matthew Chapter 26-14 (Bible Illustrations by Sweet Media).jpg,42_Lk_22_14_RG.jpg 41_Mk_14_14_RG.jpg 40_Mt_26_14_RG.jpg,Gospel harmony (Sweet Publishing),<!-- Also Gospel of Matthew Chapter 26-14 (Bible...).jpg-->Matthew 26:26-29 / Luke 22:17-19 / Jesus institutes the Lord's Supper
File:Gospel of Matthew Chapter 26-14 (Bible Illustrations by Sweet Media).jpg,42_Lk_22_14_RG.jpg 41_Mk_14_14_RG.jpg 40_Mt_26_14_RG.jpg,Gospel of Luke,Luke 22:17-19 / Jesus institutes the Lord's Supper
File:Gospel of Matthew Chapter 26-14 (Bible Illustrations by Sweet Media).jpg,42_Lk_22_14_RG.jpg 41_Mk_14_14_RG.jpg 40_Mt_26_14_RG.jpg,Gospel of Matthew,Matthew 26:26-29 / Jesus institutes the Lord's Supper
File:Gospel of Matthew Chapter 26-15 (Bible Illustrations by Sweet Media).jpg,42_Lk_22_15_RG.jpg 41_Mk_14_15_RG.jpg 40_Mt_26_15_RG.jpg,Gospel harmony (Sweet Publishing),<!-- Also Gospel of Matthew Chapter 26-15 (Bible...).jpg-->Matthew 26:26-29 / Luke 22:20 / Jesus institutes the Lord's Supper
File:Gospel of Matthew Chapter 26-15 (Bible Illustrations by Sweet Media).jpg,42_Lk_22_15_RG.jpg 41_Mk_14_15_RG.jpg 40_Mt_26_15_RG.jpg,Gospel of Luke,Luke 22:20 / Jesus institutes the Lord's Supper
File:Gospel of Matthew Chapter 26-15 (Bible Illustrations by Sweet Media).jpg,42_Lk_22_15_RG.jpg 41_Mk_14_15_RG.jpg 40_Mt_26_15_RG.jpg,Gospel of Matthew,Matthew 26:26-29 / Jesus institutes the Lord's Supper
File:Gospel of Matthew Chapter 26-22 (Bible Illustrations by Sweet Media).jpg,42_Lk_22_21_RG.jpg 41_Mk_14_22_RG.jpg 40_Mt_26_22_RG.jpg,Gospel harmony (Sweet Publishing),<!-- Also Gospel of Matthew Chapter 26-22 (Bible...).jpg-->Matthew 26:36-46 / Luke 22:39 / Jesus' Prayer at Gathsemene
File:Gospel of Matthew Chapter 26-22 (Bible Illustrations by Sweet Media).jpg,42_Lk_22_21_RG.jpg 41_Mk_14_22_RG.jpg 40_Mt_26_22_RG.jpg,Gospel of Luke,Luke 22:39 / Jesus' Prayer at Gathsemene
File:Gospel of Matthew Chapter 26-22 (Bible Illustrations by Sweet Media).jpg,42_Lk_22_21_RG.jpg 41_Mk_14_22_RG.jpg 40_Mt_26_22_RG.jpg,Gospel of Matthew,Matthew 26:36-46 / Jesus' Prayer at Gathsemene
File:Gospel of John Chapter 18-1 (Bible Illustrations by Sweet Media).jpg,42_Lk_22_22_RG.jpg 43_Jn_18_01_RG.jpg 41_Mk_14_23_RG.jpg 40_Mt_26_23_RG.jpg,Gospel harmony (Sweet Publishing),<!-- Also files:Gospel of Matthew Chapter 26-23; of John Chapter 18-1 (Bible...).jpg-->Matthew 26:36-46 / Luke 22:40 / John 18:01 / Jesus' Prayer at Gathsemene
File:Gospel of John Chapter 18-1 (Bible Illustrations by Sweet Media).jpg,42_Lk_22_22_RG.jpg 43_Jn_18_01_RG.jpg 41_Mk_14_23_RG.jpg 40_Mt_26_23_RG.jpg,Gospel of Luke,Luke 22:40 / Jesus' Prayer at Gathsemene
File:Gospel of John Chapter 18-1 (Bible Illustrations by Sweet Media).jpg,42_Lk_22_22_RG.jpg 43_Jn_18_01_RG.jpg 41_Mk_14_23_RG.jpg 40_Mt_26_23_RG.jpg,Gospel of Matthew,Matthew 26:36-46 / Jesus' Prayer at Gathsemene
File:Gospel of John Chapter 18-1 (Bible Illustrations by Sweet Media).jpg,42_Lk_22_22_RG.jpg 43_Jn_18_01_RG.jpg 41_Mk_14_23_RG.jpg 40_Mt_26_23_RG.jpg,Gospel of John,John 18:01 / Jesus' Prayer at Gathsemene
File:Gospel of Mark Chapter 14-24 (Bible Illustrations by Sweet Media).jpg,42_Lk_22_23_RG.jpg 43_Jn_17_01_RG.jpg 41_Mk_14_24_RG.jpg 40_Mt_26_24_RG.jpg,Gospel harmony (Sweet Publishing),<!-- Also files:Gospel of Matthew Chapter 26-24; of John Chapter 17-1 (Bible...).jpg-->Matthew 26:36-46 / Luke 22:41-44 / John 18:01 / Jesus' Prayer at Gathsemene
File:Gospel of Mark Chapter 14-24 (Bible Illustrations by Sweet Media).jpg,42_Lk_22_23_RG.jpg 43_Jn_17_01_RG.jpg 41_Mk_14_24_RG.jpg 40_Mt_26_24_RG.jpg,Gospel of Luke,Luke 22:41-44 / Jesus' Prayer at Gathsemene
File:Gospel of Mark Chapter 14-24 (Bible Illustrations by Sweet Media).jpg,42_Lk_22_23_RG.jpg 43_Jn_17_01_RG.jpg 41_Mk_14_24_RG.jpg 40_Mt_26_24_RG.jpg,Gospel of Matthew,Matthew 26:36-46 / Jesus' Prayer at Gathsemene
File:Gospel of Mark Chapter 14-24 (Bible Illustrations by Sweet Media).jpg,42_Lk_22_23_RG.jpg 43_Jn_17_01_RG.jpg 41_Mk_14_24_RG.jpg 40_Mt_26_24_RG.jpg,Gospel of John,John 18:01 / Jesus' Prayer at Gathsemene
File:Gospel of Matthew Chapter 26-25 (Bible Illustrations by Sweet Media).jpg,42_Lk_22_24_RG.jpg 41_Mk_14_25_RG.jpg 40_Mt_26_25_RG.jpg,Gospel harmony (Sweet Publishing),<!-- Also Gospel of Matthew Chapter 26-25 (Bible...).jpg-->Matthew 26:36-46 / Luke 22:45-46 / Jesus' Prayer at Gathsemene
File:Gospel of Matthew Chapter 26-25 (Bible Illustrations by Sweet Media).jpg,42_Lk_22_24_RG.jpg 41_Mk_14_25_RG.jpg 40_Mt_26_25_RG.jpg,Gospel of Luke,Luke 22:45-46 / Jesus' Prayer at Gathsemene
File:Gospel of Matthew Chapter 26-25 (Bible Illustrations by Sweet Media).jpg,42_Lk_22_24_RG.jpg 41_Mk_14_25_RG.jpg 40_Mt_26_25_RG.jpg,Gospel of Matthew,Matthew 26:36-46 / Jesus' Prayer at Gathsemene
File:Gospel of Matthew Chapter 26-26 (Bible Illustrations by Sweet Media).jpg,42_Lk_22_25_RG.jpg 41_Mk_14_26_RG.jpg 40_Mt_26_26_RG.jpg,Gospel harmony (Sweet Publishing),<!-- Also Gospel of Matthew Chapter 26-26 (Bible...).jpg-->Matthew 26:36-46 / Luke 22 / Jesus' Prayer at Gathsemene
File:Gospel of Matthew Chapter 26-26 (Bible Illustrations by Sweet Media).jpg,42_Lk_22_25_RG.jpg 41_Mk_14_26_RG.jpg 40_Mt_26_26_RG.jpg,Gospel of Matthew,Matthew 26:36-46 / Jesus' Prayer at Gathsemene
File:Gospel of Matthew Chapter 26-27 (Bible Illustrations by Sweet Media).jpg,42_Lk_22_26_RG.jpg 41_Mk_14_27_RG.jpg 40_Mt_26_27_RG.jpg,Gospel harmony (Sweet Publishing),<!-- Also Gospel of Matthew Chapter 26-27 (Bible...).jpg-->Matthew 26:47-56 / Luke 22:47-48 / Betrayal and Arrest (around midnight?)
File:Gospel of Matthew Chapter 26-27 (Bible Illustrations by Sweet Media).jpg,42_Lk_22_26_RG.jpg 41_Mk_14_27_RG.jpg 40_Mt_26_27_RG.jpg,Gospel of Luke,Luke 22:47-48 / Betrayal and Arrest (around midnight?)
File:Gospel of Matthew Chapter 26-27 (Bible Illustrations by Sweet Media).jpg,42_Lk_22_26_RG.jpg 41_Mk_14_27_RG.jpg 40_Mt_26_27_RG.jpg,Gospel of Matthew,Matthew 26:47-56 / Betrayal and Arrest (around midnight?)
File:Gospel of John Chapter 18-2 (Bible Illustrations by Sweet Media).jpg,42_Lk_22_27_RG.jpg 43_Jn_18_02_RG.jpg 41_Mk_14_28_RG.jpg 40_Mt_26_28_RG.jpg,Gospel harmony (Sweet Publishing),<!-- Also files:Gospel of Matthew Chapter 26-28; of John Chapter 18-2 (Bible...).jpg-->Matthew 26:47-56 / Luke 22:49-50 / John 18:02-11 / Betrayal and Arrest (around midnight?)
File:Gospel of John Chapter 18-2 (Bible Illustrations by Sweet Media).jpg,42_Lk_22_27_RG.jpg 43_Jn_18_02_RG.jpg 41_Mk_14_28_RG.jpg 40_Mt_26_28_RG.jpg,Gospel of Luke,Luke 22:49-50 / Betrayal and Arrest (around midnight?)
File:Gospel of John Chapter 18-2 (Bible Illustrations by Sweet Media).jpg,42_Lk_22_27_RG.jpg 43_Jn_18_02_RG.jpg 41_Mk_14_28_RG.jpg 40_Mt_26_28_RG.jpg,Gospel of Matthew,Matthew 26:47-56 / Betrayal and Arrest (around midnight?)
File:Gospel of John Chapter 18-2 (Bible Illustrations by Sweet Media).jpg,42_Lk_22_27_RG.jpg 43_Jn_18_02_RG.jpg 41_Mk_14_28_RG.jpg 40_Mt_26_28_RG.jpg,Gospel of John,John 18:02-11 / Betrayal and Arrest (around midnight?)
File:Gospel of Matthew Chapter 26-33 (Bible Illustrations by Sweet Media).jpg,42_Lk_22_29_RG.jpg 41_Mk_14_33_RG.jpg 40_Mt_26_33_RG.jpg,Gospel harmony (Sweet Publishing),"<!-- Also Gospel of Matthew Chapter 26-33 (Bible...).jpg-->Matthew 26:57,59-68 / Luke 22:54a / Trial before Caiphas"
File:Gospel of Matthew Chapter 26-33 (Bible Illustrations by Sweet Media).jpg,42_Lk_22_29_RG.jpg 41_Mk_14_33_RG.jpg 40_Mt_26_33_RG.jpg,Gospel of Luke,Luke 22:54a / Trial before Caiphas
File:Gospel of Matthew Chapter 26-33 (Bible Illustrations by Sweet Media).jpg,42_Lk_22_29_RG.jpg 41_Mk_14_33_RG.jpg 40_Mt_26_33_RG.jpg,Gospel of Matthew,"Matthew 26:57,59-68 / Trial before Caiphas"
File:Gospel of Matthew Chapter 26-35 (Bible Illustrations by Sweet Media).jpg,42_Lk_22_30_RG.jpg 41_Mk_14_35_RG.jpg 40_Mt_26_35_RG.jpg,Gospel harmony (Sweet Publishing),"<!-- Also Gospel of Matthew Chapter 26-35 (Bible...).jpg-->Matthew 26:57,59-68 / Luke 22:63-65 / Trial before Caiphas"
File:Gospel of Matthew Chapter 26-35 (Bible Illustrations by Sweet Media).jpg,42_Lk_22_30_RG.jpg 41_Mk_14_35_RG.jpg 40_Mt_26_35_RG.jpg,Gospel of Luke,Luke 22:63-65 / Trial before Caiphas
File:Gospel of Matthew Chapter 26-35 (Bible Illustrations by Sweet Media).jpg,42_Lk_22_30_RG.jpg 41_Mk_14_35_RG.jpg 40_Mt_26_35_RG.jpg,Gospel of Matthew,"Matthew 26:57,59-68 / Trial before Caiphas"
File:Gospel of Matthew Chapter 26-30 (Bible Illustrations by Sweet Media).jpg,41_Mk_14_30_RG.jpg 40_Mt_26_30_RG.jpg,Gospel harmony (Sweet Publishing),"Matthew 26:57,59-68 / Trial before Caiphas"
File:Gospel of Matthew Chapter 26-30 (Bible Illustrations by Sweet Media).jpg,41_Mk_14_30_RG.jpg 40_Mt_26_30_RG.jpg,Gospel of Matthew,"Matthew 26:57,59-68 / Trial before Caiphas"
File:Gospel of Matthew Chapter 26-31 (Bible Illustrations by Sweet Media).jpg,41_Mk_14_31_RG.jpg 40_Mt_26_31_RG.jpg,Gospel harmony (Sweet Publishing),"Matthew 26:57,59-68 / Trial before Caiphas"
File:Gospel of Matthew Chapter 26-31 (Bible Illustrations by Sweet Media).jpg,41_Mk_14_31_RG.jpg 40_Mt_26_31_RG.jpg,Gospel of Matthew,"Matthew 26:57,59-68 / Trial before Caiphas"
File:Gospel of Mark Chapter 14-32 (Bible Illustrations by Sweet Media).jpg,41_Mk_14_32_RG.jpg 40_Mt_26_32_RG.jpg,Gospel harmony (Sweet Publishing),"Matthew 26:57,59-68 / Trial before Caiphas"
File:Gospel of Mark Chapter 14-32 (Bible Illustrations by Sweet Media).jpg,41_Mk_14_32_RG.jpg 40_Mt_26_32_RG.jpg,Gospel of Matthew,"Matthew 26:57,59-68 / Trial before Caiphas"
File:Gospel of Mark Chapter 14-34 (Bible Illustrations by Sweet Media).jpg,41_Mk_14_34_RG.jpg 40_Mt_26_34_RG.jpg,Gospel harmony (Sweet Publishing),"Matthew 26:57,59-68 / Trial before Caiphas"
File:Gospel of Mark Chapter 14-34 (Bible Illustrations by Sweet Media).jpg,41_Mk_14_34_RG.jpg 40_Mt_26_34_RG.jpg,Gospel of Matthew,"Matthew 26:57,59-68 / Trial before Caiphas"
File:Gospel of John Chapter 18-3 (Bible Illustrations by Sweet Media).jpg,42_Lk_22_28_RG.jpg 43_Jn_18_03_RG.jpg 41_Mk_14_29_RG.jpg 40_Mt_26_29_RG.jpg,Gospel harmony (Sweet Publishing),<!-- Also files:Gospel of Matthew Chapter 26-29; of John Chapter 18-3 (Bible...).jpg-->Matthew 26:58 / Luke 22:55 / John 18:18 / Peter by the Fire
File:Gospel of John Chapter 18-3 (Bible Illustrations by Sweet Media).jpg,42_Lk_22_28_RG.jpg 43_Jn_18_03_RG.jpg 41_Mk_14_29_RG.jpg 40_Mt_26_29_RG.jpg,Gospel of Luke,Luke 22:55 / Peter by the Fire
File:Gospel of John Chapter 18-3 (Bible Illustrations by Sweet Media).jpg,42_Lk_22_28_RG.jpg 43_Jn_18_03_RG.jpg 41_Mk_14_29_RG.jpg 40_Mt_26_29_RG.jpg,Gospel of Matthew,Matthew 26:58 / Peter by the Fire
File:Gospel of John Chapter 18-3 (Bible Illustrations by Sweet Media).jpg,42_Lk_22_28_RG.jpg 43_Jn_18_03_RG.jpg 41_Mk_14_29_RG.jpg 40_Mt_26_29_RG.jpg,Gospel of John,John 18:18 / Peter's Denial of Jesus (4 a.m.)
File:Gospel of John Chapter 18-4 (Bible Illustrations by Sweet Media).jpg,42_Lk_22_31_RG.jpg 43_Jn_18_04_RG.jpg 41_Mk_14_36_RG.jpg 40_Mt_26_36_RG.jpg,Gospel harmony (Sweet Publishing),<!-- Also files:Gospel of Matthew Chapter 26-36; of John Chapter 18-4 (Bible...).jpg-->Matthew 26:69-75 / Luke 22:56b / John 18:15-17 / Peter's Denial of Jesus (4 a.m.)
File:Gospel of John Chapter 18-4 (Bible Illustrations by Sweet Media).jpg,42_Lk_22_31_RG.jpg 43_Jn_18_04_RG.jpg 41_Mk_14_36_RG.jpg 40_Mt_26_36_RG.jpg,Gospel of Luke,Luke 22:56b / Peter's Denial of Jesus (4 a.m.)
File:Gospel of John Chapter 18-4 (Bible Illustrations by Sweet Media).jpg,42_Lk_22_31_RG.jpg 43_Jn_18_04_RG.jpg 41_Mk_14_36_RG.jpg 40_Mt_26_36_RG.jpg,Gospel of Matthew,Matthew 26:69-75 / Peter's Denial of Jesus (4 a.m.)
File:Gospel of John Chapter 18-4 (Bible Illustrations by Sweet Media).jpg,42_Lk_22_31_RG.jpg 43_Jn_18_04_RG.jpg 41_Mk_14_36_RG.jpg 40_Mt_26_36_RG.jpg,Gospel of John,John 18:15-17 / Peter by the Fire
File:Gospel of John Chapter 18-5 (Bible Illustrations by Sweet Media).jpg,42_Lk_22_32_RG.jpg 43_Jn_18_05_RG.jpg 41_Mk_14_37_RG.jpg 40_Mt_26_37_RG.jpg,Gospel harmony (Sweet Publishing),<!-- Also files:Gospel of Matthew Chapter 26-37; of John Chapter 18-5 (Bible...).jpg-->Matthew 26:69-75 / Luke 22:57 / John 18:25-27 / Peter's Denial of Jesus (4 a.m.)
File:Gospel of John Chapter 18-5 (Bible Illustrations by Sweet Media).jpg,42_Lk_22_32_RG.jpg 43_Jn_18_05_RG.jpg 41_Mk_14_37_RG.jpg 40_Mt_26_37_RG.jpg,Gospel of Luke,Luke 22:57 / Peter's Denial of Jesus (4 a.m.)
File:Gospel of John Chapter 18-5 (Bible Illustrations by Sweet Media).jpg,42_Lk_22_32_RG.jpg 43_Jn_18_05_RG.jpg 41_Mk_14_37_RG.jpg 40_Mt_26_37_RG.jpg,Gospel of Matthew,Matthew 26:69-75 / Peter's Denial of Jesus (4 a.m.)
File:Gospel of John Chapter 18-5 (Bible Illustrations by Sweet Media).jpg,42_Lk_22_32_RG.jpg 43_Jn_18_05_RG.jpg 41_Mk_14_37_RG.jpg 40_Mt_26_37_RG.jpg,Gospel of John,John 18:25-27 / Peter's Denial of Jesus (4 a.m.)
File:Gospel of Matthew Chapter 26-38 (Bible Illustrations by Sweet Media).jpg,42_Lk_22_33_RG.jpg 41_Mk_14_38_RG.jpg 40_Mt_26_38_RG.jpg,Gospel harmony (Sweet Publishing),<!-- Also Gospel of Matthew Chapter 26-38 (Bible...).jpg-->Matthew 26:69-75 / Luke 22:60-61 / Peter's Denial of Jesus (4 a.m.)
File:Gospel of Matthew Chapter 26-38 (Bible Illustrations by Sweet Media).jpg,42_Lk_22_33_RG.jpg 41_Mk_14_38_RG.jpg 40_Mt_26_38_RG.jpg,Gospel of Luke,Luke 22:60-61 / Peter's Denial of Jesus (4 a.m.)
File:Gospel of Matthew Chapter 26-38 (Bible Illustrations by Sweet Media).jpg,42_Lk_22_33_RG.jpg 41_Mk_14_38_RG.jpg 40_Mt_26_38_RG.jpg,Gospel of Matthew,Matthew 26:69-75 / Peter's Denial of Jesus (4 a.m.)
File:Gospel of Matthew Chapter 26-39 (Bible Illustrations by Sweet Media).jpg,42_Lk_22_34_RG.jpg 41_Mk_14_39_RG.jpg 40_Mt_26_39_RG.jpg,Gospel harmony (Sweet Publishing),<!-- Also Gospel of Matthew Chapter 26-39 (Bible...).jpg-->Matthew 26:69-75 / Luke 22:62 / Peter's Denial of Jesus (4 a.m.)
File:Gospel of Matthew Chapter 26-39 (Bible Illustrations by Sweet Media).jpg,42_Lk_22_34_RG.jpg 41_Mk_14_39_RG.jpg 40_Mt_26_39_RG.jpg,Gospel of Luke,Luke 22:62 / Peter's Denial of Jesus (4 a.m.)
File:Gospel of Matthew Chapter 26-39 (Bible Illustrations by Sweet Media).jpg,42_Lk_22_34_RG.jpg 41_Mk_14_39_RG.jpg 40_Mt_26_39_RG.jpg,Gospel of Matthew,Matthew 26:69-75 / Peter's Denial of Jesus (4 a.m.)
File:Gospel of John Chapter 18-6 (Bible Illustrations by Sweet Media).jpg,42_Lk_23_01_RG.jpg 43_Jn_18_06_RG.jpg 41_Mk_15_01_RG.jpg 40_Mt_27_01_RG.jpg,Gospel harmony (Sweet Publishing),"<!-- Also files:Gospel of Matthew Chapter 27-1; of John Chapter 18-6 (Bible...).jpg-->Matthew 27:02,11-14 / Luke 23:01-2 / John 18:28-32 / Jesus' 1st Appearance before Pilate"
File:Gospel of John Chapter 18-6 (Bible Illustrations by Sweet Media).jpg,42_Lk_23_01_RG.jpg 43_Jn_18_06_RG.jpg 41_Mk_15_01_RG.jpg 40_Mt_27_01_RG.jpg,Gospel of Luke,Luke 23:01-2 / Jesus' 1st Appearance before Pilate
File:Gospel of John Chapter 18-6 (Bible Illustrations by Sweet Media).jpg,42_Lk_23_01_RG.jpg 43_Jn_18_06_RG.jpg 41_Mk_15_01_RG.jpg 40_Mt_27_01_RG.jpg,Gospel of Matthew,"Matthew 27:02,11-14 / Jesus' 1st Appearance before Pilate"
File:Gospel of John Chapter 18-6 (Bible Illustrations by Sweet Media).jpg,42_Lk_23_01_RG.jpg 43_Jn_18_06_RG.jpg 41_Mk_15_01_RG.jpg 40_Mt_27_01_RG.jpg,Gospel of John,John 18:28-32 / Jesus' 1st Appearance before Pilate
File:Gospel of John Chapter 18-7 (Bible Illustrations by Sweet Media).jpg,42_Lk_23_02_RG.jpg 43_Jn_18_07_RG.jpg 41_Mk_15_02_RG.jpg 40_Mt_27_02_RG.jpg,Gospel harmony (Sweet Publishing),"<!-- Also files:Gospel of Matthew Chapter 27-2; of John Chapter 18-7 (Bible...).jpg-->Matthew 27:02,11-14 / Luke 23:03a / John 18:33-36 / Jesus' 1st Appearance before Pilate"
File:Gospel of John Chapter 18-7 (Bible Illustrations by Sweet Media).jpg,42_Lk_23_02_RG.jpg 43_Jn_18_07_RG.jpg 41_Mk_15_02_RG.jpg 40_Mt_27_02_RG.jpg,Gospel of Luke,Luke 23:03a / Jesus' 1st Appearance before Pilate
File:Gospel of John Chapter 18-7 (Bible Illustrations by Sweet Media).jpg,42_Lk_23_02_RG.jpg 43_Jn_18_07_RG.jpg 41_Mk_15_02_RG.jpg 40_Mt_27_02_RG.jpg,Gospel of Matthew,"Matthew 27:02,11-14 / Jesus' 1st Appearance before Pilate"
File:Gospel of John Chapter 18-7 (Bible Illustrations by Sweet Media).jpg,42_Lk_23_02_RG.jpg 43_Jn_18_07_RG.jpg 41_Mk_15_02_RG.jpg 40_Mt_27_02_RG.jpg,Gospel of John,John 18:33-36 / Jesus' 1st Appearance before Pilate
File:Gospel of John Chapter 18-8 (Bible Illustrations by Sweet Media).jpg,42_Lk_23_03_RG.jpg 43_Jn_18_08_RG.jpg 41_Mk_15_03_RG.jpg 40_Mt_27_03_RG.jpg,Gospel harmony (Sweet Publishing),"<!-- Also files:Gospel of Matthew Chapter 27-3; of John Chapter 18-8 (Bible...).jpg-->Matthew 27:02,11-14 / Luke 23:03b / John 18:37-38a / Jesus' 1st Appearance before Pilate"
File:Gospel of John Chapter 18-8 (Bible Illustrations by Sweet Media).jpg,42_Lk_23_03_RG.jpg 43_Jn_18_08_RG.jpg 41_Mk_15_03_RG.jpg 40_Mt_27_03_RG.jpg,Gospel of Luke,Luke 23:03b / Jesus' 1st Appearance before Pilate
File:Gospel of John Chapter 18-8 (Bible Illustrations by Sweet Media).jpg,42_Lk_23_03_RG.jpg 43_Jn_18_08_RG.jpg 41_Mk_15_03_RG.jpg 40_Mt_27_03_RG.jpg,Gospel of Matthew,"Matthew 27:02,11-14 / Jesus' 1st Appearance before Pilate"
File:Gospel of John Chapter 18-8 (Bible Illustrations by Sweet Media).jpg,42_Lk_23_03_RG.jpg 43_Jn_18_08_RG.jpg 41_Mk_15_03_RG.jpg 40_Mt_27_03_RG.jpg,Gospel of John,John 18:37-38a / Jesus' 1st Appearance before Pilate
File:Gospel of John Chapter 18-9 (Bible Illustrations by Sweet Media).jpg,42_Lk_23_04_RG.jpg 43_Jn_18_09_RG.jpg,Gospel harmony (Sweet Publishing),<!-- Also Gospel of John Chapter 18-9 (Bible...).jpg--> / Luke 23:04 / John 18:38b-39 / Jesus' 1st Appearance before Pilate
File:Gospel of John Chapter 18-9 (Bible Illustrations by Sweet Media).jpg,42_Lk_23_04_RG.jpg 43_Jn_18_09_RG.jpg,Gospel of Luke,Luke 23:04 / Jesus' 1st Appearance before Pilate
File:Gospel of John Chapter 18-9 (Bible Illustrations by Sweet Media).jpg,42_Lk_23_04_RG.jpg 43_Jn_18_09_RG.jpg,Gospel of John,John 18:38b-39 / Jesus' 2nd trial before Pilate
File:Gospel of John Chapter 18-10 (Bible Illustrations by Sweet Media).jpg,42_Lk_23_05_RG.jpg 43_Jn_18_10_RG.jpg 41_Mk_15_04_RG.jpg 40_Mt_27_04_RG.jpg,Gospel harmony (Sweet Publishing),<!-- Also files:Gospel of Matthew Chapter 27-4; of John Chapter 18-10 (Bible...).jpg-->Matthew 27:15-21 / Luke 23:05 / John 18:40 / Jesus' 1st Appearance before Pilate
File:Gospel of John Chapter 18-10 (Bible Illustrations by Sweet Media).jpg,42_Lk_23_05_RG.jpg 43_Jn_18_10_RG.jpg 41_Mk_15_04_RG.jpg 40_Mt_27_04_RG.jpg,Gospel of Luke,Luke 23:05 / Jesus' 1st Appearance before Pilate
File:Gospel of John Chapter 18-10 (Bible Illustrations by Sweet Media).jpg,42_Lk_23_05_RG.jpg 43_Jn_18_10_RG.jpg 41_Mk_15_04_RG.jpg 40_Mt_27_04_RG.jpg,Gospel of Matthew,Matthew 27:15-21 / Jesus' 2nd trial before Pilate
File:Gospel of John Chapter 18-10 (Bible Illustrations by Sweet Media).jpg,42_Lk_23_05_RG.jpg 43_Jn_18_10_RG.jpg 41_Mk_15_04_RG.jpg 40_Mt_27_04_RG.jpg,Gospel of John,John 18:40 / Jesus' 2nd trial before Pilate
File:Gospel of Matthew Chapter 27-5 (Bible Illustrations by Sweet Media).jpg,42_Lk_23_06_RG.jpg 43_Jn_19_01_RG.jpg 41_Mk_15_05_RG.jpg 40_Mt_27_05_RG.jpg,Gospel harmony (Sweet Publishing),Luke 23:11 / Jesus sent to Herod Antipas
File:Gospel of Matthew Chapter 27-5 (Bible Illustrations by Sweet Media).jpg,42_Lk_23_06_RG.jpg 43_Jn_19_01_RG.jpg 41_Mk_15_05_RG.jpg 40_Mt_27_05_RG.jpg,Gospel harmony (Sweet Publishing),John 19:01-5 / Jesus' crowned with thorns
File:Gospel of Matthew Chapter 27-5 (Bible Illustrations by Sweet Media).jpg,42_Lk_23_06_RG.jpg 43_Jn_19_01_RG.jpg 41_Mk_15_05_RG.jpg 40_Mt_27_05_RG.jpg,Gospel harmony (Sweet Publishing),Matthew 27:27-30 / Soldier's mock Jesus
File:Gospel of Matthew Chapter 27-5 (Bible Illustrations by Sweet Media).jpg,42_Lk_23_06_RG.jpg 43_Jn_19_01_RG.jpg 41_Mk_15_05_RG.jpg 40_Mt_27_05_RG.jpg,Gospel of Luke,Luke 23:11 / Jesus sent to Herod Antipas
File:Gospel of Matthew Chapter 27-5 (Bible Illustrations by Sweet Media).jpg,42_Lk_23_06_RG.jpg 43_Jn_19_01_RG.jpg 41_Mk_15_05_RG.jpg 40_Mt_27_05_RG.jpg,Gospel of Matthew,Matthew 27:27-30 / Soldier's mock Jesus
File:Gospel of Matthew Chapter 27-5 (Bible Illustrations by Sweet Media).jpg,42_Lk_23_06_RG.jpg 43_Jn_19_01_RG.jpg 41_Mk_15_05_RG.jpg 40_Mt_27_05_RG.jpg,Gospel of John,John 19:01-3 / Jesus' crowned with thorns
File:Gospel of Luke Chapter 23-7 (Bible Illustrations by Sweet Media).jpg,42_Lk_23_07_RG.jpg 41_Mk_15_06_RG.jpg,Gospel harmony (Sweet Publishing),Luke 23:18-23a / Jesus' 2nd trial before Pilate
File:Gospel of Luke Chapter 23-7 (Bible Illustrations by Sweet Media).jpg,42_Lk_23_07_RG.jpg 41_Mk_15_06_RG.jpg,Gospel of Luke,Luke 23:18-23a / Jesus' 2nd trial before Pilate
File:Gospel of Matthew Chapter 27-6 (Bible Illustrations by Sweet Media).jpg,42_Lk_23_08_RG.jpg 41_Mk_15_07_RG.jpg 40_Mt_27_06_RG.jpg,Gospel harmony (Sweet Publishing),<!-- Also Gospel of Matthew Chapter 27-6 (Bible...).jpg-->Matthew 27:22-26 / Luke 23:23b-25 / Pilate's decision to crucify Jesus
File:Gospel of Matthew Chapter 27-6 (Bible Illustrations by Sweet Media).jpg,42_Lk_23_08_RG.jpg 41_Mk_15_07_RG.jpg 40_Mt_27_06_RG.jpg,Gospel of Luke,Luke 23:23b-25 / Pilate's decision to crucify Jesus
File:Gospel of Matthew Chapter 27-6 (Bible Illustrations by Sweet Media).jpg,42_Lk_23_08_RG.jpg 41_Mk_15_07_RG.jpg 40_Mt_27_06_RG.jpg,Gospel of Matthew,Matthew 27:22-26 / Pilate's decision to crucify Jesus
File:Gospel of John Chapter 19-3 (Bible Illustrations by Sweet Media).jpg,43_Jn_19_03_RG.jpg,Gospel harmony (Sweet Publishing),John 19:06-16a / Pilate's decision to crucify Jesus
File:Gospel of John Chapter 19-3 (Bible Illustrations by Sweet Media).jpg,43_Jn_19_03_RG.jpg,Gospel of John,John 19:04-15 / Pilate's decision to crucify Jesus
File:Gospel of John Chapter 19-4 (Bible Illustrations by Sweet Media).jpg,42_Lk_23_09_RG.jpg 43_Jn_19_04_RG.jpg 41_Mk_15_08_RG.jpg 40_Mt_27_07_RG.jpg,Gospel harmony (Sweet Publishing),<!-- Also files:Gospel of Matthew Chapter 27-7; of John Chapter 19-4 (Bible...).jpg-->Matthew 27:31-34 / Luke 23:26a / John 19:16 / Jesus led to the cross
File:Gospel of John Chapter 19-4 (Bible Illustrations by Sweet Media).jpg,42_Lk_23_09_RG.jpg 43_Jn_19_04_RG.jpg 41_Mk_15_08_RG.jpg 40_Mt_27_07_RG.jpg,Gospel of Luke,Luke 23:26a / Jesus led to the cross
File:Gospel of John Chapter 19-4 (Bible Illustrations by Sweet Media).jpg,42_Lk_23_09_RG.jpg 43_Jn_19_04_RG.jpg 41_Mk_15_08_RG.jpg 40_Mt_27_07_RG.jpg,Gospel of Matthew,Matthew 27:31-34 / Jesus led to the cross
File:Gospel of John Chapter 19-4 (Bible Illustrations by Sweet Media).jpg,42_Lk_23_09_RG.jpg 43_Jn_19_04_RG.jpg 41_Mk_15_08_RG.jpg 40_Mt_27_07_RG.jpg,Gospel of John,John 19:16 / Jesus led to the cross
File:Gospel of Luke Chapter 23-10 (Bible Illustrations by Sweet Media).jpg,42_Lk_23_10_RG.jpg 41_Mk_15_10_RG.jpg 40_Mt_27_09_RG.jpg,Gospel harmony (Sweet Publishing),<!-- Also Gospel of Matthew Chapter 27-9 (Bible...).jpg-->Matthew 27:31-34 / Luke 23:26b / Jesus led to the cross
File:Gospel of Luke Chapter 23-10 (Bible Illustrations by Sweet Media).jpg,42_Lk_23_10_RG.jpg 41_Mk_15_10_RG.jpg 40_Mt_27_09_RG.jpg,Gospel of Luke,Luke 23:26b / Jesus led to the cross
File:Gospel of Luke Chapter 23-10 (Bible Illustrations by Sweet Media).jpg,42_Lk_23_10_RG.jpg 41_Mk_15_10_RG.jpg 40_Mt_27_09_RG.jpg,Gospel of Matthew,Matthew 27:31-34 / Jesus led to the cross
File:Gospel of Matthew Chapter 27-8 (Bible Illustrations by Sweet Media).jpg,43_Jn_19_05_RG.jpg 41_Mk_15_09_RG.jpg 40_Mt_27_08_RG.jpg,Gospel harmony (Sweet Publishing),<!-- Also Gospel of Matthew Chapter 27-8 (Bible...).jpg-->Matthew 27:31-34 / John 19:17 / Jesus led to the cross
File:Gospel of Matthew Chapter 27-8 (Bible Illustrations by Sweet Media).jpg,43_Jn_19_05_RG.jpg 41_Mk_15_09_RG.jpg 40_Mt_27_08_RG.jpg,Gospel of Matthew,Matthew 27:31-34 / Jesus led to the cross
File:Gospel of Matthew Chapter 27-8 (Bible Illustrations by Sweet Media).jpg,43_Jn_19_05_RG.jpg 41_Mk_15_09_RG.jpg 40_Mt_27_08_RG.jpg,Gospel of John,John 19:17 / Jesus led to the cross
File:Gospel of John Chapter 19-6 (Bible Illustrations by Sweet Media).jpg,42_Lk_23_11_RG.jpg 43_Jn_19_06_RG.jpg 41_Mk_15_11_RG.jpg 40_Mt_27_10_RG.jpg,Gospel harmony (Sweet Publishing),<!-- Also files:Gospel of Matthew Chapter 27-10; of John Chapter 19-6 (Bible...).jpg-->Matthew 27:35-44 / Luke 23:33-34a / John 19:18-20 / Jesus' first 3 hours on the cross
File:Gospel of John Chapter 19-6 (Bible Illustrations by Sweet Media).jpg,42_Lk_23_11_RG.jpg 43_Jn_19_06_RG.jpg 41_Mk_15_11_RG.jpg 40_Mt_27_10_RG.jpg,Gospel of Luke,Luke 23:33-34a / Jesus' first 3 hours on the cross
File:Gospel of John Chapter 19-6 (Bible Illustrations by Sweet Media).jpg,42_Lk_23_11_RG.jpg 43_Jn_19_06_RG.jpg 41_Mk_15_11_RG.jpg 40_Mt_27_10_RG.jpg,Gospel of Matthew,Matthew 27:35-44 / Jesus' first 3 hours on the cross
File:Gospel of John Chapter 19-6 (Bible Illustrations by Sweet Media).jpg,42_Lk_23_11_RG.jpg 43_Jn_19_06_RG.jpg 41_Mk_15_11_RG.jpg 40_Mt_27_10_RG.jpg,Gospel of John,John 19:18-20 / Jesus' first 3
File:Gospel of John Chapter 19-7 (Bible Illustrations by Sweet Media).jpg,42_Lk_23_12_RG.jpg 43_Jn_19_07_RG.jpg 41_Mk_15_12_RG.jpg 40_Mt_27_11_RG.jpg,Gospel harmony (Sweet Publishing),<!-- Also files:Gospel of Matthew Chapter 27-11; of John Chapter 19-7 (Bible...).jpg-->Matthew 27:35-44 / Luke 23:34b / John 19:23-24 / Jesus' first 3 hours on the cross
File:Gospel of John Chapter 19-7 (Bible Illustrations by Sweet Media).jpg,42_Lk_23_12_RG.jpg 43_Jn_19_07_RG.jpg 41_Mk_15_12_RG.jpg 40_Mt_27_11_RG.jpg,Gospel of Luke,Luke 23:34b / Jesus' first 3 hours on the cross
File:Gospel of John Chapter 19-7 (Bible Illustrations by Sweet Media).jpg,42_Lk_23_12_RG.jpg 43_Jn_19_07_RG.jpg 41_Mk_15_12_RG.jpg 40_Mt_27_11_RG.jpg,Gospel of Matthew,Matthew 27:35-44 / Jesus' first 3 hours on the cross
File:Gospel of John Chapter 19-7 (Bible Illustrations by Sweet Media).jpg,42_Lk_23_12_RG.jpg 43_Jn_19_07_RG.jpg 41_Mk_15_12_RG.jpg 40_Mt_27_11_RG.jpg,Gospel of John,John 19:23-24 / Jesus' first 3
File:Gospel of Matthew Chapter 27-13 (Bible Illustrations by Sweet Media).jpg,42_Lk_23_14_RG.jpg 41_Mk_15_14_RG.jpg 40_Mt_27_13_RG.jpg,Gospel harmony (Sweet Publishing),<!-- Also Gospel of Matthew Chapter 27-13 (Bible...).jpg-->Matthew 27:35-44 / Luke 23:35a / Jesus' first 3 hours on the cross
File:Gospel of Matthew Chapter 27-13 (Bible Illustrations by Sweet Media).jpg,42_Lk_23_14_RG.jpg 41_Mk_15_14_RG.jpg 40_Mt_27_13_RG.jpg,Gospel of Luke,Luke 23:35a / Jesus' first 3 hours on the cross
File:Gospel of Matthew Chapter 27-13 (Bible Illustrations by Sweet Media).jpg,42_Lk_23_14_RG.jpg 41_Mk_15_14_RG.jpg 40_Mt_27_13_RG.jpg,Gospel of Matthew,Matthew 27:35-44 / Jesus' first 3 hours on the cross
File:Gospel of Matthew Chapter 27-14 (Bible Illustrations by Sweet Media).jpg,42_Lk_23_15_RG.jpg 41_Mk_15_15_RG.jpg 40_Mt_27_14_RG.jpg,Gospel harmony (Sweet Publishing),<!-- Also Gospel of Matthew Chapter 27-14 (Bible...).jpg-->Matthew 27:35-44 / Luke 23:35b / Jesus' first 3 hours on the cross
File:Gospel of Matthew Chapter 27-14 (Bible Illustrations by Sweet Media).jpg,42_Lk_23_15_RG.jpg 41_Mk_15_15_RG.jpg 40_Mt_27_14_RG.jpg,Gospel of Luke,Luke 23:35b / Jesus' first 3 hours on the cross
File:Gospel of Matthew Chapter 27-14 (Bible Illustrations by Sweet Media).jpg,42_Lk_23_15_RG.jpg 41_Mk_15_15_RG.jpg 40_Mt_27_14_RG.jpg,Gospel of Matthew,Matthew 27:35-44 / Jesus' first 3 hours on the cross
File:Gospel of Luke Chapter 23-13 (Bible Illustrations by Sweet Media).jpg,42_Lk_23_13_RG.jpg 43_Jn_19_08_RG.jpg 41_Mk_15_13_RG.jpg 40_Mt_27_12_RG.jpg,Gospel harmony (Sweet Publishing),<!-- Also files:Gospel of Matthew Chapter 27-12; of John Chapter 19-8 (Bible...).jpg-->Matthew 27:35-44 / Luke 23:39-43 / John 19:25-27 / Jesus' first 3 hours on the cross
File:Gospel of Luke Chapter 23-13 (Bible Illustrations by Sweet Media).jpg,42_Lk_23_13_RG.jpg 43_Jn_19_08_RG.jpg 41_Mk_15_13_RG.jpg 40_Mt_27_12_RG.jpg,Gospel of Luke,Luke 23:39-43 / Jesus' first 3 hours on the cross
File:Gospel of Luke Chapter 23-13 (Bible Illustrations by Sweet Media).jpg,42_Lk_23_13_RG.jpg 43_Jn_19_08_RG.jpg 41_Mk_15_13_RG.jpg 40_Mt_27_12_RG.jpg,Gospel of Matthew,Matthew 27:35-44 / Jesus' first 3 hours on the cross
File:Gospel of Luke Chapter 23-13 (Bible Illustrations by Sweet Media).jpg,42_Lk_23_13_RG.jpg 43_Jn_19_08_RG.jpg 41_Mk_15_13_RG.jpg 40_Mt_27_12_RG.jpg,Gospel of John,John 19:25-27 / Jesus' first 3
File:Gospel of John Chapter 19-2 (Bible Illustrations by Sweet Media).jpg,43_Jn_19_02_RG.jpg,Gospel harmony (Sweet Publishing),John 19:18-27 / Jesus' first 3 hours on the cross
File:Gospel of John Chapter 19-2 (Bible Illustrations by Sweet Media).jpg,43_Jn_19_02_RG.jpg,Gospel of John,John 19:21-22 / Jesus' first 3
File:Gospel of Luke Chapter 23-16 (Bible Illustrations by Sweet Media).jpg,42_Lk_23_16_RG.jpg 41_Mk_15_16_RG.jpg 40_Mt_27_15_RG.jpg,Gospel harmony (Sweet Publishing),<!-- Also Gospel of Matthew Chapter 27-15 (Bible...).jpg-->Matthew 27:45-50 / Luke 23:44-45a / Jesus last 3 hours on the cross
File:Gospel of Luke Chapter 23-16 (Bible Illustrations by Sweet Media).jpg,42_Lk_23_16_RG.jpg 41_Mk_15_16_RG.jpg 40_Mt_27_15_RG.jpg,Gospel of Luke,Luke 23:44-45a / Jesus last 3 hours on the cross
File:Gospel of Luke Chapter 23-16 (Bible Illustrations by Sweet Media).jpg,42_Lk_23_16_RG.jpg 41_Mk_15_16_RG.jpg 40_Mt_27_15_RG.jpg,Gospel of Matthew,Matthew 27:45-50 / Jesus last 3 hours on the cross
File:Gospel of John Chapter 19-9 (Bible Illustrations by Sweet Media).jpg,42_Lk_23_17_RG.jpg 43_Jn_19_09_RG.jpg 41_Mk_15_17_RG.jpg 40_Mt_27_16_RG.jpg,Gospel harmony (Sweet Publishing),<!-- Also files:Gospel of Matthew Chapter 27-16; of John Chapter 19-9 (Bible...).jpg-->Matthew 27:45-50 / Luke 23:46 / John 19:28-30 / Jesus last 3 hours on the cross
File:Gospel of John Chapter 19-9 (Bible Illustrations by Sweet Media).jpg,42_Lk_23_17_RG.jpg 43_Jn_19_09_RG.jpg 41_Mk_15_17_RG.jpg 40_Mt_27_16_RG.jpg,Gospel of Luke,Luke 23:46 / Jesus last 3 hours on the cross
File:Gospel of John Chapter 19-9 (Bible Illustrations by Sweet Media).jpg,42_Lk_23_17_RG.jpg 43_Jn_19_09_RG.jpg 41_Mk_15_17_RG.jpg 40_Mt_27_16_RG.jpg,Gospel of Matthew,Matthew 27:45-50 / Jesus last 3 hours on the cross
File:Gospel of John Chapter 19-9 (Bible Illustrations by Sweet Media).jpg,42_Lk_23_17_RG.jpg 43_Jn_19_09_RG.jpg 41_Mk_15_17_RG.jpg 40_Mt_27_16_RG.jpg,Gospel of John,John 19:28-30 / Jesus last 3
File:Gospel of Luke Chapter 23-19 (Bible Illustrations by Sweet Media).jpg,42_Lk_23_19_RG.jpg 41_Mk_15_19_RG.jpg 40_Mt_27_18_RG.jpg,Gospel harmony (Sweet Publishing),<!-- Also Gospel of Matthew Chapter 27-18 (Bible...).jpg-->Matthew 27:51-56 / Luke 23:47 / Events accompanying Jesus' death
File:Gospel of Luke Chapter 23-19 (Bible Illustrations by Sweet Media).jpg,42_Lk_23_19_RG.jpg 41_Mk_15_19_RG.jpg 40_Mt_27_18_RG.jpg,Gospel of Luke,Luke 23:47 / Events accompanying Jesus' death
File:Gospel of Luke Chapter 23-19 (Bible Illustrations by Sweet Media).jpg,42_Lk_23_19_RG.jpg 41_Mk_15_19_RG.jpg 40_Mt_27_18_RG.jpg,Gospel of Matthew,Matthew 27:51-56 / Events accompanying Jesus' death
File:Gospel of Matthew Chapter 27-17 (Bible Illustrations by Sweet Media).jpg,42_Lk_23_18_RG.jpg 41_Mk_15_18_RG.jpg 40_Mt_27_17_RG.jpg,Gospel harmony (Sweet Publishing),<!-- Also Gospel of Matthew Chapter 27-17 (Bible...).jpg-->Matthew 27:51-56 / Luke 23:49 / Events accompanying Jesus' death
File:Gospel of Matthew Chapter 27-17 (Bible Illustrations by Sweet Media).jpg,42_Lk_23_18_RG.jpg 41_Mk_15_18_RG.jpg 40_Mt_27_17_RG.jpg,Gospel of Luke,Luke 23:49 / Events accompanying Jesus' death
File:Gospel of Matthew Chapter 27-17 (Bible Illustrations by Sweet Media).jpg,42_Lk_23_18_RG.jpg 41_Mk_15_18_RG.jpg 40_Mt_27_17_RG.jpg,Gospel of Matthew,Matthew 27:51-56 / Events accompanying Jesus' death
File:Gospel of John Chapter 19-10 (Bible Illustrations by Sweet Media).jpg,42_Lk_23_20_RG.jpg 43_Jn_19_10_RG.jpg 41_Mk_15_20_RG.jpg 40_Mt_27_19_RG.jpg,Gospel harmony (Sweet Publishing),<!-- Also files:Gospel of Matthew Chapter 27-19; of John Chapter 19-10 (Bible...).jpg-->Matthew 27:57-60 / Luke 23:50-52 / John 19:38 / Jesus' body is buried by Joseph of Arimathea and Nicodemus
File:Gospel of John Chapter 19-10 (Bible Illustrations by Sweet Media).jpg,42_Lk_23_20_RG.jpg 43_Jn_19_10_RG.jpg 41_Mk_15_20_RG.jpg 40_Mt_27_19_RG.jpg,Gospel of Luke,Luke 23:50-52 / Jesus' body is buried by Joseph of Arimathea and Nicodemus
File:Gospel of John Chapter 19-10 (Bible Illustrations by Sweet Media).jpg,42_Lk_23_20_RG.jpg 43_Jn_19_10_RG.jpg 41_Mk_15_20_RG.jpg 40_Mt_27_19_RG.jpg,Gospel of Matthew,Matthew 27:57-60 / Jesus' body is buried by Joseph of Arimathea and Nicodemus
File:Gospel of John Chapter 19-10 (Bible Illustrations by Sweet Media).jpg,42_Lk_23_20_RG.jpg 43_Jn_19_10_RG.jpg 41_Mk_15_20_RG.jpg 40_Mt_27_19_RG.jpg,Gospel of John,John 19:38 / Jesus' body is buried by Joseph of Arimathea and Nicodemus
File:Gospel of John Chapter 19-11 (Bible Illustrations by Sweet Media).jpg,42_Lk_23_21_RG.jpg 41_Mk_15_21_RG.jpg 40_Mt_27_20_RG.jpg,Gospel harmony (Sweet Publishing),<!-- Also files:Gospel of Matthew Chapter 27-20; of John Chapter 19-11 (Bible...).jpg-->Matthew 27:57-60 / Luke 23:53-54 / John 19:39-42 / Jesus' body is buried by Joseph of Arimathea and Nicodemus
File:Gospel of John Chapter 19-11 (Bible Illustrations by Sweet Media).jpg,42_Lk_23_21_RG.jpg 41_Mk_15_21_RG.jpg 40_Mt_27_20_RG.jpg,Gospel of Luke,Luke 23:53-54 / Jesus' body is buried by Joseph of Arimathea and Nicodemus
File:Gospel of John Chapter 19-11 (Bible Illustrations by Sweet Media).jpg,42_Lk_23_21_RG.jpg 41_Mk_15_21_RG.jpg 40_Mt_27_20_RG.jpg,Gospel of Matthew,Matthew 27:57-60 / Jesus' body is buried by Joseph of Arimathea and Nicodemus
File:Gospel of John Chapter 19-11 (Bible Illustrations by Sweet Media).jpg,42_Lk_23_21_RG.jpg 41_Mk_15_21_RG.jpg 40_Mt_27_20_RG.jpg,Gospel of John,John 19:39-42 / Jesus' body is buried by Joseph of Arimathea and Nicodemus
File:Gospel of Matthew Chapter 27-21 (Bible Illustrations by Sweet Media).jpg,40_Mt_27_21_RG.jpg,Gospel harmony (Sweet Publishing),Matthew 27:62-66 / Tomb is secured by the Roman guard
File:Gospel of Matthew Chapter 27-21 (Bible Illustrations by Sweet Media).jpg,40_Mt_27_21_RG.jpg,Gospel of Matthew,Matthew 27:62-66 / Tomb is secured by the Roman guard
File:Gospel of Mark Chapter 15-22 (Bible Illustrations by Sweet Media).jpg,41_Mk_15_22_RG.jpg 40_Mt_27_22_RG.jpg,Gospel harmony (Sweet Publishing),Matthew 27:62-66 / Tomb is secured by the Roman guard
File:Gospel of Mark Chapter 15-22 (Bible Illustrations by Sweet Media).jpg,41_Mk_15_22_RG.jpg 40_Mt_27_22_RG.jpg,Gospel of Matthew,Matthew 27:62-66 / Tomb is secured by the Roman guard
File:Gospel of Mark Chapter 15-23 (Bible Illustrations by Sweet Media).jpg,41_Mk_15_23_RG.jpg 40_Mt_27_23_RG.jpg,Gospel harmony (Sweet Publishing),Matthew 27:62-66 / Tomb is secured by the Roman guard
File:Gospel of Mark Chapter 15-23 (Bible Illustrations by Sweet Media).jpg,41_Mk_15_23_RG.jpg 40_Mt_27_23_RG.jpg,Gospel of Matthew,Matthew 27:62-66 / Tomb is secured by the Roman guard
File:Gospel of John Chapter 20-1 (Bible Illustrations by Sweet Media).jpg,42_Lk_24_01_RG.jpg 43_Jn_20_01_RG.jpg 41_Mk_16_01_RG.jpg 40_Mt_28_01_RG.jpg,Gospel harmony (Sweet Publishing),Matthew 28:01 / Women visit the tomb
File:Gospel of John Chapter 20-1 (Bible Illustrations by Sweet Media).jpg,42_Lk_24_01_RG.jpg 43_Jn_20_01_RG.jpg 41_Mk_16_01_RG.jpg 40_Mt_28_01_RG.jpg,Gospel harmony (Sweet Publishing),<!-- Also Gospel of John Chapter 20-1 (Bible...).jpg--> / Luke 24:01 / John 20:01 / The Women find the tomb empty
File:Gospel of John Chapter 20-1 (Bible Illustrations by Sweet Media).jpg,42_Lk_24_01_RG.jpg 43_Jn_20_01_RG.jpg 41_Mk_16_01_RG.jpg 40_Mt_28_01_RG.jpg,Gospel of Luke,Luke 24:01 / The Women find the tomb empty
File:Gospel of John Chapter 20-1 (Bible Illustrations by Sweet Media).jpg,42_Lk_24_01_RG.jpg 43_Jn_20_01_RG.jpg 41_Mk_16_01_RG.jpg 40_Mt_28_01_RG.jpg,Gospel of Matthew,Matthew 28:01 / Women visit the tomb
File:Gospel of John Chapter 20-1 (Bible Illustrations by Sweet Media).jpg,42_Lk_24_01_RG.jpg 43_Jn_20_01_RG.jpg 41_Mk_16_01_RG.jpg 40_Mt_28_01_RG.jpg,Gospel of John,John 20:01 / The Women find the tomb empty
File:Gospel of John Chapter 20-2 (Bible Illustrations by Sweet Media).jpg,42_Lk_24_02_RG.jpg 43_Jn_20_02_RG.jpg 41_Mk_16_02_RG.jpg 40_Mt_28_02_RG.jpg,Gospel harmony (Sweet Publishing),Matthew 28:02-4 / The Stone is rolled away
File:Gospel of John Chapter 20-2 (Bible Illustrations by Sweet Media).jpg,42_Lk_24_02_RG.jpg 43_Jn_20_02_RG.jpg 41_Mk_16_02_RG.jpg 40_Mt_28_02_RG.jpg,Gospel harmony (Sweet Publishing),<!-- Also Gospel of John Chapter 20-2 (Bible...).jpg--> / Luke 24 / John 20:01 / The Women find the tomb empty
File:Gospel of John Chapter 20-2 (Bible Illustrations by Sweet Media).jpg,42_Lk_24_02_RG.jpg 43_Jn_20_02_RG.jpg 41_Mk_16_02_RG.jpg 40_Mt_28_02_RG.jpg,Gospel of Matthew,Matthew 28:02-4 / The Stone is rolled away
File:Gospel of John Chapter 20-2 (Bible Illustrations by Sweet Media).jpg,42_Lk_24_02_RG.jpg 43_Jn_20_02_RG.jpg 41_Mk_16_02_RG.jpg 40_Mt_28_02_RG.jpg,Gospel of John,John 20:01 / The Women find the tomb empty
File:Gospel of Luke Chapter 24-3 (Bible Illustrations by Sweet Media).jpg,42_Lk_24_03_RG.jpg 41_Mk_16_03_RG.jpg 40_Mt_28_03_RG.jpg,Gospel harmony (Sweet Publishing),<!-- Also Gospel of Matthew Chapter 28-3 (Bible...).jpg-->Matthew 28:05-8 / Luke 24:02 / Women find the tomb empty
File:Gospel of Luke Chapter 24-3 (Bible Illustrations by Sweet Media).jpg,42_Lk_24_03_RG.jpg 41_Mk_16_03_RG.jpg 40_Mt_28_03_RG.jpg,Gospel of Luke,Luke 24:02 / The Women find the tomb empty
File:Gospel of Luke Chapter 24-3 (Bible Illustrations by Sweet Media).jpg,42_Lk_24_03_RG.jpg 41_Mk_16_03_RG.jpg 40_Mt_28_03_RG.jpg,Gospel of Matthew,Matthew 28:05-8 /  Women find the tomb empty
File:Gospel of Mark Chapter 16-5 (Bible Illustrations by Sweet Media).jpg,42_Lk_24_05_RG.jpg 41_Mk_16_05_RG.jpg 40_Mt_28_05_RG.jpg,Gospel harmony (Sweet Publishing),<!-- Also Gospel of Matthew Chapter 28-5 (Bible...).jpg-->Matthew 28:05-8 / Luke 24:04-8 / Women find the tomb empty
File:Gospel of Mark Chapter 16-5 (Bible Illustrations by Sweet Media).jpg,42_Lk_24_05_RG.jpg 41_Mk_16_05_RG.jpg 40_Mt_28_05_RG.jpg,Gospel of Luke,Luke 24:04-8 / The Women find the tomb empty
File:Gospel of Mark Chapter 16-5 (Bible Illustrations by Sweet Media).jpg,42_Lk_24_05_RG.jpg 41_Mk_16_05_RG.jpg 40_Mt_28_05_RG.jpg,Gospel of Matthew,Matthew 28:05-8 /  Women find the tomb empty
File:Gospel of Matthew Chapter 28-6 (Bible Illustrations by Sweet Media).jpg,42_Lk_24_06_RG.jpg 41_Mk_16_06_RG.jpg 40_Mt_28_06_RG.jpg,Gospel harmony (Sweet Publishing),Matthew 28:09-10 / Appearances to other women
File:Gospel of Matthew Chapter 28-6 (Bible Illustrations by Sweet Media).jpg,42_Lk_24_06_RG.jpg 41_Mk_16_06_RG.jpg 40_Mt_28_06_RG.jpg,Gospel of Matthew,Matthew 28:09-10 / Appearances to other women
File:Gospel of Luke Chapter 24-8 (Bible Illustrations by Sweet Media).jpg,42_Lk_24_08_RG.jpg 41_Mk_16_07_RG.jpg,Gospel harmony (Sweet Publishing),Luke 24:13-14 / To the two on the Emmaus' Road
File:Gospel of Luke Chapter 24-8 (Bible Illustrations by Sweet Media).jpg,42_Lk_24_08_RG.jpg 41_Mk_16_07_RG.jpg,Gospel of Luke,Luke 24:13-14 / To the two on the Emmaus' Road
File:Gospel of Luke Chapter 24-9 (Bible Illustrations by Sweet Media).jpg,42_Lk_24_09_RG.jpg,Gospel harmony (Sweet Publishing),Luke 24:15-17a / To the two on the Emmaus' Road
File:Gospel of Luke Chapter 24-9 (Bible Illustrations by Sweet Media).jpg,42_Lk_24_09_RG.jpg,Gospel of Luke,Luke 24:15-17a / To the two on the Emmaus' Road
File:Gospel of Luke Chapter 24-10 (Bible Illustrations by Sweet Media).jpg,42_Lk_24_10_RG.jpg,Gospel harmony (Sweet Publishing),Luke 24:18-19a / To the two on the Emmaus' Road
File:Gospel of Luke Chapter 24-10 (Bible Illustrations by Sweet Media).jpg,42_Lk_24_10_RG.jpg,Gospel of Luke,Luke 24:18-19a / To the two on the Emmaus' Road
File:Gospel of Luke Chapter 24-11 (Bible Illustrations by Sweet Media).jpg,42_Lk_24_11_RG.jpg,Gospel harmony (Sweet Publishing),Luke 24:19b / To the two on the Emmaus' Road
File:Gospel of Luke Chapter 24-11 (Bible Illustrations by Sweet Media).jpg,42_Lk_24_11_RG.jpg,Gospel of Luke,Luke 24:19b / To the two on the Emmaus' Road
File:Gospel of Luke Chapter 24-12 (Bible Illustrations by Sweet Media).jpg,42_Lk_24_12_RG.jpg,Gospel harmony (Sweet Publishing),Luke 24:20-21 / To the two on the Emmaus' Road
File:Gospel of Luke Chapter 24-12 (Bible Illustrations by Sweet Media).jpg,42_Lk_24_12_RG.jpg,Gospel of Luke,Luke 24:20-21 / To the two on the Emmaus' Road
File:Gospel of Luke Chapter 24-13 (Bible Illustrations by Sweet Media).jpg,42_Lk_24_13_RG.jpg,Gospel harmony (Sweet Publishing),Luke 24:22-24 / To the two on the Emmaus' Road
File:Gospel of Luke Chapter 24-13 (Bible Illustrations by Sweet Media).jpg,42_Lk_24_13_RG.jpg,Gospel of Luke,Luke 24:22-24 / To the two on the Emmaus' Road
File:Gospel of Luke Chapter 24-14 (Bible Illustrations by Sweet Media).jpg,42_Lk_24_14_RG.jpg,Gospel harmony (Sweet Publishing),Luke 24:25-26 / To the two on the Emmaus' Road
File:Gospel of Luke Chapter 24-14 (Bible Illustrations by Sweet Media).jpg,42_Lk_24_14_RG.jpg,Gospel of Luke,Luke 24:25-26 / To the two on the Emmaus' Road
File:Gospel of Luke Chapter 24-15 (Bible Illustrations by Sweet Media).jpg,42_Lk_24_15_RG.jpg,Gospel harmony (Sweet Publishing),Luke 24:27 / To the two on the Emmaus' Road
File:Gospel of Luke Chapter 24-15 (Bible Illustrations by Sweet Media).jpg,42_Lk_24_15_RG.jpg,Gospel of Luke,Luke 24:27 / To the two on the Emmaus' Road
File:Gospel of Luke Chapter 24-16 (Bible Illustrations by Sweet Media).jpg,42_Lk_24_16_RG.jpg,Gospel harmony (Sweet Publishing),Luke 24:28-29 / To the two on the Emmaus' Road
File:Gospel of Luke Chapter 24-16 (Bible Illustrations by Sweet Media).jpg,42_Lk_24_16_RG.jpg,Gospel of Luke,Luke 24:28-29 / To the two on the Emmaus' Road
File:Gospel of Luke Chapter 24-17 (Bible Illustrations by Sweet Media).jpg,42_Lk_24_17_RG.jpg,Gospel harmony (Sweet Publishing),Luke 24:30-31 / To the two on the Emmaus' Road
File:Gospel of Luke Chapter 24-17 (Bible Illustrations by Sweet Media).jpg,42_Lk_24_17_RG.jpg,Gospel of Luke,Luke 24:30-31 / To the two on the Emmaus' Road
File:Gospel of Luke Chapter 24-18 (Bible Illustrations by Sweet Media).jpg,42_Lk_24_18_RG.jpg,Gospel harmony (Sweet Publishing),Luke 24:33-35 / Report of the two/Appearance to Peter
File:Gospel of Luke Chapter 24-18 (Bible Illustrations by Sweet Media).jpg,42_Lk_24_18_RG.jpg,Gospel of Luke,Luke 24:33-35 / Report of the two/Appearance to Peter
File:Gospel of Luke Chapter 24-19 (Bible Illustrations by Sweet Media).jpg,42_Lk_24_19_RG.jpg,Gospel harmony (Sweet Publishing),Luke 24:41 / To the Disciples in the Room
File:Gospel of Luke Chapter 24-19 (Bible Illustrations by Sweet Media).jpg,42_Lk_24_19_RG.jpg,Gospel of Luke,Luke 24:41 / To the Disciples in the Room
File:Gospel of John Chapter 20-7 (Bible Illustrations by Sweet Media).jpg,42_Lk_24_21_RG.jpg 43_Jn_20_07_RG.jpg 41_Mk_16_08_RG.jpg,Gospel harmony (Sweet Publishing),John 20:19-25 / To the Disciples in the Room
File:Gospel of John Chapter 20-7 (Bible Illustrations by Sweet Media).jpg,42_Lk_24_21_RG.jpg 43_Jn_20_07_RG.jpg 41_Mk_16_08_RG.jpg,Gospel harmony (Sweet Publishing),Luke 24:45-49 / Appearance to the Disciples in Jerusalem
File:Gospel of John Chapter 20-7 (Bible Illustrations by Sweet Media).jpg,42_Lk_24_21_RG.jpg 43_Jn_20_07_RG.jpg 41_Mk_16_08_RG.jpg,Gospel of Luke,Luke 24:45-49 / Appearance to the Disciples in Jerusalem
File:Gospel of John Chapter 20-7 (Bible Illustrations by Sweet Media).jpg,42_Lk_24_21_RG.jpg 43_Jn_20_07_RG.jpg 41_Mk_16_08_RG.jpg,Gospel of John,John 20:19-23 / To the Disciples in the Room
File:Gospel of John Chapter 20-3 (Bible Illustrations by Sweet Media).jpg,43_Jn_20_03_RG.jpg,Gospel harmony (Sweet Publishing),John 20:26-31 / Appearance to the 11 including Thomas
File:Gospel of John Chapter 20-3 (Bible Illustrations by Sweet Media).jpg,43_Jn_20_03_RG.jpg,Gospel of John,John 20:24-25 / Appearance to the 11
File:Gospel of John Chapter 20-4 (Bible Illustrations by Sweet Media).jpg,43_Jn_20_04_RG.jpg,Gospel harmony (Sweet Publishing),John 20:26-31 / Appearance to the 11 including Thomas
File:Gospel of John Chapter 20-4 (Bible Illustrations by Sweet Media).jpg,43_Jn_20_04_RG.jpg,Gospel of John,John 20:26-27 / Appearance to the 11
File:Gospel of John Chapter 20-5 (Bible Illustrations by Sweet Media).jpg,43_Jn_20_05_RG.jpg,Gospel harmony (Sweet Publishing),John 20:26-31 / Appearance to the 11 including Thomas
File:Gospel of John Chapter 20-5 (Bible Illustrations by Sweet Media).jpg,43_Jn_20_05_RG.jpg,Gospel of John,John 20:28 / Appearance to the 11
File:Gospel of John Chapter 20-6 (Bible Illustrations by Sweet Media).jpg,43_Jn_20_06_RG.jpg,Gospel harmony (Sweet Publishing),John 20:26-31 / Appearance to the 11 including Thomas
File:Gospel of John Chapter 20-6 (Bible Illustrations by Sweet Media).jpg,43_Jn_20_06_RG.jpg,Gospel of John,John 20:29 / Appearance to the 11
File:Acts of the Apostles Chapter 1-1 (Bible Illustrations by Sweet Media).jpg,44_Ac_01_01_RG.jpg 40_Mt_28_07_RG.jpg,Gospel harmony (Sweet Publishing),Matthew 28:16-20 / To the 11 in Galilee
File:Gospel of Matthew Chapter 28-8 (Bible Illustrations by Sweet Media).jpg,40_Mt_28_08_RG.jpg,Gospel harmony (Sweet Publishing),Matthew 28:16-20 / To the 11 in Galilee
File:Gospel of Matthew Chapter 28-8 (Bible Illustrations by Sweet Media).jpg,40_Mt_28_08_RG.jpg,Gospel of Matthew,Matthew 28:16-20 / To the 11 in Galilee
File:Acts of the Apostles Chapter 1-2 (Bible Illustrations by Sweet Media).jpg,44_Ac_01_02_RG.jpg,Gospel harmony (Sweet Publishing),Luke 24:44 / Appearance to the Disciples in Jerusalem
File:Gospel of Luke Chapter 24-20 (Bible Illustrations by Sweet Media).jpg,42_Lk_24_20_RG.jpg,Gospel harmony (Sweet Publishing),Luke 24:44 / Appearance to the Disciples in Jerusalem
File:Gospel of Luke Chapter 24-20 (Bible Illustrations by Sweet Media).jpg,42_Lk_24_20_RG.jpg,Gospel of Luke,Luke 24:44 / Appearance to the Disciples in Jerusalem
File:Acts of the Apostles Chapter 1-3 (Bible Illustrations by Sweet Media).jpg,42_Lk_24_22_RG.jpg 44_Ac_01_03_RG.jpg 41_Mk_16_09_RG.jpg,Gospel harmony (Sweet Publishing),Luke 24:50-51 / The Ascension of Jesus
File:Acts of the Apostles Chapter 1-3 (Bible Illustrations by Sweet Media).jpg,42_Lk_24_22_RG.jpg 44_Ac_01_03_RG.jpg 41_Mk_16_09_RG.jpg,Gospel of Luke,Luke 24:50-51 / The Ascension of Jesus
File:Gospel of Mark Chapter 10-1 (Bible Illustrations by Sweet Media).jpg,42_Lk_18_07_RG.jpg 41_Mk_10_01_RG.jpg 40_Mt_19_01_RG.jpg,Gospel of Luke,Luke 18:18 / The rich young man
File:Gospel of Matthew Chapter 19-4 (Bible Illustrations by Sweet Media).jpg,42_Lk_18_10_RG.jpg 41_Mk_10_04_RG.jpg 40_Mt_19_04_RG.jpg,Gospel of Luke,Luke 18:22 / The rich young man
File:Gospel of Matthew Chapter 19-4 (Bible Illustrations by Sweet Media).jpg,42_Lk_18_10_RG.jpg 41_Mk_10_04_RG.jpg 40_Mt_19_04_RG.jpg,Gospel of Matthew,Matthew 19:16-26 / The rich young man
File:Gospel of Mark Chapter 11-1 (Bible Illustrations by Sweet Media).jpg,42_Lk_19_07_RG.jpg 41_Mk_11_01_RG.jpg 40_Mt_21_01_RG.jpg,Gospel of Luke,Luke 19:29-31 / The Triumphal Entry
File:Gospel of Matthew Chapter 8-16 (Bible Illustrations by Sweet Media).jpg,42_Lk_08_18_RG.jpg 41_Mk_05_03_RG.jpg 40_Mt_08_16_RG.jpg,Gospel of Matthew,Matthew 08:28 / Jesus' heals demoniac at Gesarenes
File:Gospel of Matthew Chapter 14-22 (Bible Illustrations by Sweet Media).jpg,43_Jn_06_13_RG.jpg 41_Mk_06_23_RG.jpg 40_Mt_14_22_RG.jpg,Gospel of Matthew,Matthew 14:24 / Jesus walks on water
File:Gospel of Matthew Chapter 26-7 (Bible Illustrations by Sweet Media).jpg,42_Lk_22_06_RG.jpg 41_Mk_14_07_RG.jpg 40_Mt_26_07_RG.jpg,Gospel of Matthew,Matthew 26:17-19 / Preparations for Passover meal
File:Gospel of Mark Chapter 16-4 (Bible Illustrations by Sweet Media).jpg,42_Lk_24_04_RG.jpg 41_Mk_16_04_RG.jpg 40_Mt_28_04_RG.jpg,Gospel of Matthew,Matthew 28:05-8 /  Women find the tomb empty
