Genesis,God creates the heavens and earth,FB_SPI_Creation,illustrations,spi-creation,Genesis 1 - 2,"God creates the universe, our world and life.",Sweet Publishing – FreeBibleimages,23,False,0,7,7
Genesis,Creation,FB_YO_Creation,illustrations,yo-creation,Genesis 1:1 - 2:3,God creates the heavens and the earth.,YO! Ministry,16,True,0,6,0
Genesis,Creation Days,FB_LS_Creation_Days,illustrations,ls-creation-days,Genesis 1:1-25,Pictures showing the stages of God's creation.,Lambsongs,8,False,0,1,3
Genesis,Genesis overview - Part 1 - Adam to Noah,FB_MK_Genesis_Part_1,illustrations,mk-genesis-part1,Genesis 1-9,An overview of Genesis chapters 1-9.,Marian van der Kruijt,10,False,0,1,3
Genesis,God creates our universe,FB_ML_Creation,illustrations,ml-creation,Genesis 1:1 - 2:3,The story of creation.,MYELLOVE,8,False,0,1,0
Genesis,God creates our world,FB_EG_Creation,illustrations,eg-creation,Genesis 1:1-31,God creates our world and universe.,Ewurakua Ghansah,9,False,0,1,0
Genesis,God creates our world,FB_DM_Creation,illustrations,dm-creation,Genesis 1:1-2:2,The story of creation.,Didier Martin,13,False,0,1,0
Genesis,God creates the heavens and earth,FB_Preschool_Creation,illustrations,preschool-creation,Genesis 1:1-31,"God creates the universe, the world and life.",Sue Bentley,11,False,0,1,7
Genesis,God creates the heavens and earth,FB_Creation,illustrations,creation,Genesis 1 - 2,"God creates the universe, our world and life.",Sweet Publishing,23,False,0,3,7
Genesis,God creates the heavens and earth,FB_CD_Creation,illustrations,cd-creation,Genesis 1:1-2:2,The story of creation.,Carolyn Dyk – Wycliffe Bible Translators,18,False,0,3,0
Genesis,In the beginning,FB_FN_Creation,illustrations,fn-creation,Genesis 1,God creates the heaven and earth.,Amy & Carly of Fishnet Bible stories,8,True,0,1,0
Genesis,Stories from Genesis: Creation - Tower of Babel,FB_WR_Creation_Babel,illustrations,wr-creation-babel,Genesis 1-11,"Creation, the fall, Cain and Abel, Noah and Babel.",Wycliffe Russia,7,False,0,6,0
Genesis,The story of creation,FB_RG_Creation,illustrations,rg-creation,Genesis 1:1-29,God creates the heavens and the earth.,Richard Gunther,13,False,0,3,3
Genesis,Adam and Eve disobey,FB_ANV_Adam_Eve,illustrations,anv-adam-eve,Genesis 2-3,Adam and Eve give in to temptation.,Aya & Nicole Velasquez,25,False,0,3,0
Genesis,Gospel images - The fall of man,FB_JVH_The_Fall,illustrations,jvh-the-fall,"Genesis 2-4:8, 11:4-9",Paintings of the fall of Adam and Eve.,Jan van ’t Hoff – Gospel images,6,False,0,7,0
Genesis,Adam and Eve,FB_FN_Adam_Eve,illustrations,fn-adam-eve,Genesis 2:4-3:24,Adam and Eve face the consequences of sin.,Amy & Carly of Fishnet Bible stories,11,True,0,1,0
Genesis,Adam and Eve disobey God,FB_Preschool_Fall,illustrations,preschool-fall,Genesis 2:8 - 3:24,The fall of Adam and Eve.,Sue Bentley,15,False,0,1,7
Genesis,Adam and Eve disobey God,FB_FL_Adam_Eve,illustrations,fl-adam-eve,Genesis 2:8-3:24,Adam and Eve disobey and hide from God.,Frances Lee,11,False,0,1,0
Genesis,The Fall,FB_YO_Fall,illustrations,yo-fall,Genesis 2:15-3:15,Adam and Eve face the consequences of sin.,YO! Ministry,20,True,0,6,0
Genesis,Adam and Eve disobey God,FB_SPI_Adam_Eve_Fall,illustrations,spi-adam-eve-fall,Genesis 3,Adam and Eve face the consequences of disobedience.,Sweet Publishing – FreeBibleimages,13,False,0,7,7
Genesis,Adam and Eve disobey God,FB_Adam_Eve_Fall,illustrations,adam-eve-fall,Genesis 3,Adam and Eve face the consequences of disobedience.,Sweet Publishing,13,False,0,3,7
Genesis,Adam and Eve disobey God,FB_EG_Adam_Eve,illustrations,eg-adam-eve,Genesis 3:1-24,Adam and Eve fall into temptation.,Ewurakua Ghansah,12,False,0,1,0
Genesis,Adam and Eve disobey God,FB_CD_The_Fall,illustrations,cd-the-fall,Genesis 3:1-24,Adam and Eve give in to temptation.,Carolyn Dyk – Wycliffe Bible Translators,13,False,0,3,0
Genesis,Cain and Abel,FB_SPI_Cain_Abel,illustrations,spi-cain-abel,Genesis 4:1-15,Cain cannot control his anger and murders Abel.,Sweet Publishing – FreeBibleimages,12,False,0,7,7
Genesis,Cain and Abel,FB_FN_Cain_Abel,illustrations,fn-cain-abel,Genesis 4:1-16,God confronts Cain over the murder of Abel.,Amy & Carly of Fishnet Bible stories,14,True,0,1,0
Genesis,Cain and Abel,FB_CD_Cain_Abel,illustrations,cd-cain-abel,Genesis 4:1-16,Jealous Cain murders his brother.,Carolyn Dyk – Wycliffe Bible Translators,13,False,0,3,0
Genesis,Cain and Abel,FB_LS_Cain_Abel,illustrations,ls-cain-abel,Genesis 4:1-7,"Two brothers, two offerings and a murder.",Lambsongs,9,False,0,1,3
Genesis,Cain and Abel,FB_Cain_Abel,illustrations,cain-abel,Genesis 4:1-15,Cain cannot control his anger and murders Abel.,Sweet Publishing,12,False,0,3,7
Genesis,Cain and Seth's family tree,FB_FN_Lamech,illustrations,fn-lamech,Genesis 4 - 5,Two characters named Lamech.,Amy & Carly of Fishnet Bible stories,10,True,0,1,0
Genesis,Cain attacks Abel,FB_ML_Cain_Abel,illustrations,ml-cain-abel,"Genesis 4:1-15, 25",Cain murders his brother.,MYELLOVE,7,False,0,1,0
Genesis,"Cain, where is your brother?",FB_LS_Cain_Anger,illustrations,ls-cain-anger,Genesis 4:8-16,Cain's anger leads to the murder of Abel.,Lambsongs,9,False,0,1,3
Genesis,Paintings of Noah,FB_JTJM_Noah,illustrations,jtjm-noah,Genesis 5:32-9:17,The Ark and the great flood.,James Tissot Collection (The Jewish Museum),17,False,0,4,7
Genesis,God rescues Noah and his family,FB_CD_Noah_Ark,illustrations,cd-noah-ark,Genesis 6:1-9:17,God tells Noah to build an Ark.,Carolyn Dyk – Wycliffe Bible Translators,13,False,0,3,0
Genesis,Gospel images - Noah,FB_JVH_Noah,illustrations,jvh-noah,Genesis 6:1 - 9:17,"Noah, the Ark and God's deliverance.",Jan van ’t Hoff – Gospel images,6,False,0,7,0
Genesis,Noah and the Flood,FB_BTBM_Noah,illustrations,btbm-noah,Genesis 6-9,When Noah and the Ark are ready - God closes the door.,Basic Training Bible Min.,7,False,0,1,3
Genesis,Noah and the floating zoo,FB_RG_Noah_Ark,illustrations,rg-noah-ark,Genesis 6-8,Noah obeys God and builds an Ark.,Richard Gunther,28,False,0,3,3
Genesis,Noah and the great flood,FB_EG_Noah,illustrations,eg-noah,Genesis 6-8,Noah obeys God to build an Ark.,Ewurakua Ghansah,10,False,0,1,0
Genesis,Noah builds a big boat,FB_LS_Noah_Ark,illustrations,ls-noah-ark,Genesis 6-8,"God, Noah, the Ark and the great flood.",Lambsongs,9,False,0,1,3
Genesis,Noah finds grace,FB_FN_Noah_1,illustrations,fn-noah-1,Genesis 6,God gives Noah the plans to build an Ark.,Amy & Carly of Fishnet Bible stories,6,True,0,1,0
Genesis,The Great Flood,FB_BPA_Noah,illustrations,bpa-noah,Genesis 6-8,Can Noah and his family survive the biggest flood ever seen?,Bible Pathway Adventures,18,True,0,3,0
Genesis,Noah and the Flood,FB_GNPI_AS_Noah,illustrations,gnpi-as-noah,Genesis 6-9:17,Noah obeys God and builds an Ark.,GNPI – Amazing Stories,18,True,0,1,0
Genesis,Noah and the Ark,FB_SPI_Noah_Ark,illustrations,spi-noah-ark,Genesis 6:9 - 9:17,Noah builds the Ark and the great flood.,Sweet Publishing – FreeBibleimages,25,False,0,7,7
Genesis,Noah and the Ark,FB_Noah_Ark,illustrations,noah-ark,Genesis 6:9 - 9:17,Noah builds the Ark and the great flood.,Sweet Publishing,25,False,0,3,7
Genesis,Noah and the Flood,FB_ML_Noah_Ark,illustrations,ml-noah-ark,Genesis 6:9-9:17,God tells Noah to build an ark.,MYELLOVE,8,False,0,1,0
Genesis,Noah and the Great Flood,FB_Moody_Noah_Flood,illustrations,moody-noah-flood,Genesis 6:9 - 9:17,Noah obeys God and builds an Ark to escape the flood.,Moody Publishers,48,False,0,2,0
Genesis,Noah and the ark,FB_YO_Noah,illustrations,yo-noah,Genesis 6:9-9:17,God rescues Noah and his family from the flood.,YO! Ministry,17,True,0,6,0
Genesis,Noah and the great Ark,FB_LGR_Noah_Ark,illustrations,lgr-noah-ark,Genesis 6:9 - 9:17,Noah obeys God and survives the great flood.,Lars-Goran Ronnberg,36,False,0,3,0
Genesis,Noah is rescued from the flood,FB_ED_Noah,illustrations,ed-noah,Genesis 6:9 - 9:17,Noah and his family are delivered from the flood.,Edge Group – Lion Hudson,13,False,0,2,0
Genesis,Noah's Ark,FB_BS_Noah_Ark,illustrations,bs-noah-ark,Genesis 6:9-22,God's instructions for building the Ark.,Bible Scenes,15,True,0,6,7
Genesis,Noah builds the Ark,FB_FN_Noah_2,illustrations,fn-noah-2,Genesis 6:11-7:10,Noah obeys God and builds a boat.,Amy & Carly of Fishnet Bible stories,8,True,0,1,0
Genesis,Noah and the great flood,FB_FN_Noah_3,illustrations,fn-noah-3,Genesis 7:11 - 8:22,Those on the Ark are rescued from the flood.,Amy & Carly of Fishnet Bible stories,8,True,0,1,0
Genesis,Genesis overview - Part 2 - Abraham,FB_MK_Genesis_Part_2,illustrations,mk-genesis-part2,Genesis 10-23,An overview of Genesis chapters 10-23.,Marian van der Kruijt,15,False,0,1,3
Genesis,The Tower of Babel,FB_SPI_Tower_Babel,illustrations,spi-tower-babel,Genesis 11:1-9,Languages divide the world.,Sweet Publishing – FreeBibleimages,6,False,0,7,7
Genesis,A tower to reach heaven,FB_DM_Tower_Babel,illustrations,dm-tower-babel,Genesis 11:1-9,Proud people built a tower at Babel.,Didier Martin,7,False,0,1,0
Genesis,The Tower of Babel,FB_BS_Tower_Babel,illustrations,bs-tower-babel,Genesis 11:1-9,A 3D reconstruction of the Tower of Babel.,Bible Scenes,10,True,0,6,7
Genesis,The Tower of Babel,FB_Tower_Babel,illustrations,tower-babel,Genesis 11:1-9,Languages divide the world.,Sweet Publishing,6,False,0,3,7
Genesis,The Tower of Babel,FB_LGR_Tower_Babel,illustrations,lgr-tower-babel,Genesis 11:1-9,Proud people build a large tower.,Lars-Goran Ronnberg,24,False,0,3,0
Genesis,The start of many languages,FB_ML_Tower_Babel,illustrations,ml-tower-babel,Genesis 11:1-9,Pride leads to conflict and division.,MYELLOVE,7,False,0,1,0
Genesis,The tower of Babel,FB_LS_Tower_Babel,illustrations,ls-tower-babel,Genesis 11:1-9,Pride leads to division by languages.,Lambsongs,8,False,0,1,3
Genesis,The tower of Babel,FB_MK_Babel,illustrations,mk-tower-babel,Genesis 11:1-9,"Pride, the tower of Babel and different languages.",Marian van der Kruijt,10,False,0,1,3
Genesis,Tower of Babel,FB_FN_Tower_Babel,illustrations,fn-tower-babel,Genesis 11:1-9,People rebel against God to build a tower.,Amy & Carly of Fishnet Bible stories,7,True,0,1,0
Genesis,Abram (Abraham) moves to Canaan,FB_Abraham_Canaan,illustrations,abraham-canaan,Genesis 11:27 - 13:4,Abram obeys God and moves from Ur to Canaan.,Sweet Publishing,21,False,0,3,7
Genesis,Abram travels to the Promised Land,FB_GSI_Abram_Canaan,illustrations,gsi-abram-canaan,Genesis 11:27-12:9,Abram obeys God and is promised a blessing.,Glory Story – FreeBibleimages,15,False,0,7,7
Genesis,God promises Abram,FB_YO_Abram_Promise,illustrations,yo-abram-promise,Genesis 11:27-15:6,Abram promised he will have many descendants.,YO! Ministry,12,True,0,6,0
Genesis,Abraham is called,FB_RP_Abraham_Calling,illustrations,rp-abraham-calling,"Genesis 12:1-7, 15:1-6",God calls Abraham to go and live in Canaan.,René Pfitzner,21,True,0,3,0
Genesis,Abram and Sarai,FB_FN_Abram_Sarai,illustrations,fn-abram-sarai,Genesis 12:1-4,Abram and Sarai obey God and move to Canaan.,Amy & Carly of Fishnet Bible stories,7,True,0,1,0
Genesis,God tells Abraham to live in Canaan,FB_Abraham_Ur_Preschool,illustrations,abraham-ur-preschool,Genesis 12:1-8,God sends Abram to Canaan as the father of a great nation.,Andrea Rau,12,False,0,1,0
Genesis,Paintings of Abraham - part 1,FB_JTJM_Abraham_1,illustrations,jtjm-abraham1,Genesis 12-15,Abram leaves Ur for Canaan.,James Tissot Collection (The Jewish Museum),19,False,0,4,7
Genesis,"Stories from Genesis: Abraham, Isaac and Jacob",FB_WR_Abraham_Jacob,illustrations,wr-abraham-jacob,Genesis 12-36,Scenes in the life of Abraham and his family.,Wycliffe Russia,7,False,0,6,0
Genesis,Abram's Altars,FB_FN_Abram_Altars,illustrations,fn-abram-altars,Genesis 12:5-9,Abram arrives in Canaan and builds two altars.,Amy & Carly of Fishnet Bible stories,7,True,0,1,0
Genesis,Abraham travels to Egypt,FB_Abraham_Egypt_Preschool,illustrations,abraham-egypt-preschool,Genesis 12:10-20,Abram deceives Pharaoh about Sarai.,Andrea Rau,11,False,0,1,0
Genesis,Abram goes to Egypt,FB_FN_Abram_Egypt,illustrations,fn-abram-egypt,Genesis 12:10-20,Abram tells Pharaoh that Sarai is his sister.,Amy & Carly of Fishnet Bible stories,7,True,0,1,0
Genesis,Abram travels to Egypt,FB_GSI_Abram_Egypt,illustrations,gsi-abram-egypt,Genesis 12:10-20,Abram lies about Sarai and it results in trouble.,Glory Story – FreeBibleimages,9,False,0,7,7
Genesis,Abram (Abraham) and Lot separate,FB_Abraham_Lot,illustrations,abraham-lot,Genesis 13,Abraham and Lot choose new places in Canaan to live.,Sweet Publishing,15,False,0,3,7
Genesis,Abram and Lot choose where to live,FB_GSI_Abram_Lot,illustrations,gsi-abram-lot,Genesis 13:1-18,Lot chooses to live in Sodom.,Glory Story – FreeBibleimages,11,False,0,7,7
Genesis,Abram and Lot decide to part,FB_Abraham_Lot_Preschool,illustrations,abraham-lot-preschool,Genesis 13:1-18,Lot chooses to live in Sodom while Abram moves to Hebron.,Andrea Rau,8,False,0,1,0
Genesis,Abram and Lot part ways,FB_FN_Abram_Lot,illustrations,fn-abram-lot,Genesis 13:1-18,Abram lets Lot have the first choice.,Amy & Carly of Fishnet Bible stories,6,True,0,1,0
Genesis,Lot chooses where to live,FB_JN_Abraham_Lot,illustrations,jn-abraham-lot,Genesis 13,Abram and Lot decide to go in different ways.,Jo and Nik,6,False,0,3,0
Genesis,Lot escapes from Sodom,FB_RG_Lot,illustrations,rg-lot,"Genesis 13, 19",Lot is rescued from God's judgement on Sodom.,Richard Gunther,9,False,0,3,3
Genesis,Abram in Canaan,FB_FN_Abram_Canaan,illustrations,fn-abram-canaan,Genesis 13:12-18,God makes promises to Abram.,Amy & Carly of Fishnet Bible stories,5,True,0,1,0
Genesis,Gospel images - Abraham,FB_JVH_Abraham,illustrations,jvh-abraham,Genesis 13:18-24:22,Scenes from the life of Abraham.,Jan van ’t Hoff – Gospel images,8,False,0,7,0
Genesis,Abraham rescues Lot,FB_Lot_Prisoner_Preschool,illustrations,lot-prisoner-preschool,Genesis 14:1-24,When Lot is taken prisoner Abram rescues him.,Andrea Rau,11,False,0,1,0
Genesis,Abram rescues Lot,FB_FN_Abram_Rescues_Lot,illustrations,fn-abram-rescues-lot,Genesis 14:1-16,When Lot is captured Abram sets out in pursuit.,Amy & Carly of Fishnet Bible stories,5,True,0,1,0
Genesis,Abram and Melchizedek,FB_FN_Abram_Melchizedek,illustrations,fn-abram-melchizedek,Genesis 14:17-24,"Melchizedek, the king and priest, blesses Abram.",Amy & Carly of Fishnet Bible stories,6,True,0,1,0
Genesis,Abram has a son by Hagar,FB_GSI_Abram_Hagar,illustrations,gsi-abram-hagar,Genesis 15:1-17:26,Abram tries to fulfil God's promise his way.,Glory Story – FreeBibleimages,11,False,0,7,7
Genesis,"Abram, Hagar and Ishmael",FB_Abram_Hagar_Preschool,illustrations,abram-hagar-preschool,Genesis 15-16,Sarai offers Hagar to bear children for Abram.,Andrea Rau,13,False,0,1,0
Genesis,God makes promises to Abram,FB_FN_Abram_Stars,illustrations,fn-abram-stars,Genesis 15:1-6,Abram told he will be the father of a great nation.,Amy & Carly of Fishnet Bible stories,6,True,0,1,0
Genesis,God promises land to Abraham,FB_RP_Abraham_Land,illustrations,rp-abraham-land,Genesis 15:1-20,God's promises to Abraham and his descendants.,René Pfitzner,26,True,0,3,0
Genesis,God's promise to Abraham,FB_Abraham_Promise,illustrations,abraham-promise,Genesis 15,God's promise to Abram - the father of a great nation.,Sweet Publishing,12,False,0,3,7
Genesis,God's promise to Abram,FB_LS_Abram,illustrations,ls-abram,Genesis 15:1-20,Abram promised he will be the father of a great nation.,Lambsongs,8,False,0,1,3
Genesis,God's covenant with Abram,FB_FN_Abram_Covenant,illustrations,fn-abram-covenant,Genesis 15:7-21,God makes promises to Abram and his descendants.,Amy & Carly of Fishnet Bible stories,7,True,0,1,0
Genesis,"Abraham, father of faith",FB_YO_Abraham_Faith,illustrations,yo-abraham-faith,Genesis 16:1-22:19,God gives Abraham a son called Isaac but tests his faith.,YO! Ministry,14,True,0,6,0
Genesis,Hagar and Ishmael,FB_Hagar_Ishmael,illustrations,hagar-ishmael,Genesis 16,Ishmael is born to Abram (Abraham) by Hagar.,Sweet Publishing,11,False,0,3,7
Genesis,Paintings of Abraham - part 2,FB_JTJM_Abraham_2,illustrations,jtjm-abraham2,Genesis 16-22,Abraham lives in Canaan.,James Tissot Collection (The Jewish Museum),21,False,0,4,7
Genesis,Sarai and Hagar,FB_FN_Sarai_Hagar,illustrations,fn-sarai-hagar,Genesis 16:1-16,Ishmael becomes the son of Abram.,Amy & Carly of Fishnet Bible stories,7,True,0,1,0
Genesis,Abraham and Sarah,FB_FN_Abraham_Sarah,illustrations,fn-abraham-sarah,Genesis 17:1-27,Abram and Sarai become Abraham and Sarah.,Amy & Carly of Fishnet Bible stories,5,True,0,1,0
Genesis,Abraham and the three strangers,FB_Abraham_Strangers,illustrations,abraham-strangers,Genesis 18,"Abraham, three strangers and Sodom and Gomorrah.",Sweet Publishing,23,False,0,3,7
Genesis,Sarah - the woman who laughed,FB_RG_Abraham_Sarah,illustrations,rg-abraham-sarah,"Genesis 18:1-15, 21:1-7",Three strangers tell Abram he will have a son. Sarai laughs.,Richard Gunther,14,False,0,3,3
Genesis,The destruction of Sodom and Gomorrah,FB_GSI_Abraham_Sodom,illustrations,gsi-abraham-sodom,Genesis 18:1-19:29,Lot is rescued from Sodom.,Glory Story – FreeBibleimages,15,False,0,7,7
Genesis,Three visitors,FB_FN_Abram_Visitors,illustrations,fn-abram-visitors,Genesis 18:1-15,Abram entertains three visitors.,Amy & Carly of Fishnet Bible stories,7,True,0,1,0
Genesis,Angels save Lot,FB_FN_Lot_Visitors,illustrations,fn-lot-visitors,Genesis 18:16-19:29,Sodom and Gomorrah are destroyed.,Amy & Carly of Fishnet Bible stories,10,True,0,1,0
Genesis,Sodom & Gomorrah destroyed,FB_Sodom_Gomorrah,illustrations,sodom-gomorrah,Genesis 19:1-29,Lot's rescue from Sodom.,Sweet Publishing,17,False,0,3,7
Genesis,Abraham and Isaac,FB_Abraham_Isaac,illustrations,abraham-isaac,"Genesis 21:1-7, 22:1-19","Abraham, Sarah and Isaac. God tests Abraham's faith.",Sweet Publishing,16,False,0,3,7
Genesis,Hagar and Ishmael,FB_LS_Hagar_Ishmael,illustrations,ls-hagar-ishmael,Genesis 21,God makes promises to Hagar and Ishmael.,Lambsongs,9,False,0,1,3
Genesis,Isaac is born,FB_GSI_Abraham_Birth_Isaac,illustrations,gsi-abraham-birth-isaac,Genesis 21:1-20,God keeps His promise to Abraham.,Glory Story – FreeBibleimages,11,False,0,7,7
Genesis,Isaac is born,FB_FN_Abraham_Isaac,illustrations,fn-abraham-isaac,Genesis 21:1-7,God keeps His promise to Abraham.,Amy & Carly of Fishnet Bible stories,4,True,0,1,0
Genesis,Hagar and Ishmael,FB_FN_Hagar_Ishmael,illustrations,fn-hagar-ishmael,Genesis 21:8-20,God looks after Ishmael in the desert.,Amy & Carly of Fishnet Bible stories,9,True,0,1,0
Genesis,Treaty at Beersheba,FB_FN_Abraham_Treaty,illustrations,fn-abraham-treaty,Genesis 21:22-34,Abram and Abimelech make a peace treaty.,Amy & Carly of Fishnet Bible stories,7,True,0,1,0
Genesis,Abraham and Isaac,FB_GNPI_AS_Isaac,illustrations,gnpi-as-isaac,Genesis 22:1-19,Giving everything to God.,GNPI – Amazing Stories,18,True,0,1,0
Genesis,Abraham and Isaac,FB_LS_Abraham_Isaac,illustrations,ls-abraham-isaac,Genesis 22:1-19,God tests Abraham's faith.,Lambsongs,10,False,0,1,3
Genesis,Abraham and Isaac,FB_RG_Abraham_Isaac,illustrations,rg-abraham-isaac,Genesis 22:1-19,God shows Abraham the sacrifice to replace Isaac.,Richard Gunther,23,False,0,3,3
Genesis,Abraham sacrifices Isaac,FB_FN_Isaac_Sacrifice,illustrations,fn-isaac-sacrifice,Genesis 22:1-19,God provides a ram for sacrifice.,Amy & Carly of Fishnet Bible stories,8,True,0,1,0
Genesis,Abraham's faith is tested,FB_GSI_Abraham_Isaac,illustrations,gsi-abraham-isaac,Genesis 22:1-25:18,God provides the right sacrifice.,Glory Story – FreeBibleimages,18,False,0,7,7
Genesis,God provides a sacrifice for Abraham,FB_EG_Abraham_Isaac,illustrations,eg-abraham-isaac,Genesis 22:1-19,A ram is used for sacrifice instead of Isaac.,Ewurakua Ghansah,8,False,0,1,0
Genesis,A prayer to find a wife for Isaac,FB_ML_Isaac_Rebekah,illustrations,ml-isaac-rebekah,Genesis 24:1-66,Abraham's servant prays for guidance.,MYELLOVE,7,False,0,1,0
Genesis,A wife for Isaac,FB_Isaac_Wife,illustrations,isaac-wife,Genesis 24:1-66,Abraham's servant sent to find a wife for Isaac.,Sweet Publishing,16,False,0,3,7
Genesis,Finding a wife for Isaac,FB_RG_Isaac_Wife,illustrations,rg-isaac-wife,Genesis 24:1-66,Abraham's servant finds Rebekah.,Richard Gunther,24,False,0,3,3
Genesis,Genesis overview - part 3  - Isaac and Jacob,FB_MK_Genesis_Part_3,illustrations,mk-genesis-part3,Genesis 24-36,God's promises to Isaac and Jacob.,Marian van der Kruijt,14,False,0,1,3
Genesis,Isaac gets a bride,FB_LS_Isaac_Bride,illustrations,ls-isaac-bride,Genesis 24,Abraham's servant finds Rebekah for Isaac.,Lambsongs,9,False,0,1,3
Genesis,Isaac marries Rebekah,FB_FN_Isaac_Rebekah,illustrations,fn-isaac-rebecca,Genesis 24:1-67,Eliezer is sent to find a wife for Isaac,Amy & Carly of Fishnet Bible stories,10,True,0,1,0
Genesis,Death of Abraham,FB_FN_Death_Abraham,illustrations,fn-death-abraham,Genesis 25:1-10,Abraham dies and Isaac inherits.,Amy & Carly of Fishnet Bible stories,5,True,0,1,0
Genesis,Paintings of Isaac and Jacob,FB_JTJM_Isaac_Jacob,illustrations,jtjm-isaac-jacob,Genesis 25-34,James Tissot paintings of Isaac and Jacob.,James Tissot Collection (The Jewish Museum),33,False,0,4,7
Genesis,Paintings of Jacob,FB_JTJM_Jacob,illustrations,jtjm-jacob,Genesis 25-50,Scenes from the life of Jacob.,James Tissot Collection (The Jewish Museum),25,False,0,4,7
Genesis,Esau sells his birthright to Jacob,FB_Esau_Jacob,illustrations,esau-jacob,Genesis 25:19-34,Esau sells his birthright to get a bowl of lentil stew.,Sweet Publishing,15,False,0,3,7
Genesis,Jacob and Esau,FB_YO_Jacob_Esau,illustrations,yo-jacob-esau,Genesis 25:19-33:20,Jacob deceives Esau to gain his birthright.,YO! Ministry,17,True,0,6,0
Genesis,Jacob and Esau are Born,FB_FN_Esau_Jacob,illustrations,fn-esau-jacob,Genesis 25:19-26,Isaac and Rebecca have twins.,Amy & Carly of Fishnet Bible stories,6,True,0,1,0
Genesis,Jacob and Esau: A promise for a bowl of soup,FB_LS_Jacob_Esau,illustrations,ls-jacob-esau,Genesis 25:19-34,Jacob exploits Esau to get his birthright.,Lambsongs,9,False,0,1,3
Genesis,Esau sells his birthright,FB_FN_Esau_Birthright,illustrations,fn-esau-birthright,Genesis 25:27-34,Hungry Esau exchanges his birthright for soup.,Amy & Carly of Fishnet Bible stories,8,True,0,1,0
Genesis,Isaac's wells,FB_FN_Isaac_Wells,illustrations,fn-isaac-wells,Genesis 26:1-22,Isaac and Abimelech have conflict over wells.,Amy & Carly of Fishnet Bible stories,7,True,0,1,0
Genesis,Isaac's treaty,FB_FN_Isaac_Treaty,illustrations,fn-isaac-treaty,Genesis 26:23-35,Isaac makes a treaty with Abimelech.,Amy & Carly of Fishnet Bible stories,6,True,0,1,0
Genesis,Jacob Steals the Blessing,FB_FN_Isaac_Blessing,illustrations,fn-isaac-blessing,Genesis 27:1-40,Jacob deceives to get Esau's blessing.,Amy & Carly of Fishnet Bible stories,16,True,0,1,0
Genesis,Jacob deceives Isaac,FB_RG_Jacob_Isaac,illustrations,rg-jacob-isaac,Genesis 27,Jacob tricks Isaac into thinking he is Esau.,Richard Gunther,18,False,0,3,3
Genesis,Jacob deceives Isaac,FB_Jacob_Deceives,illustrations,jacob-deceives,Genesis 27:1-28:5,Jacob tricks Isaac into giving him Esau's blessing.,Sweet Publishing,13,False,0,3,7
Genesis,Jacob tricks his father,FB_LS_Jacob_Isaac,illustrations,ls-jacob-isaac,Genesis 27:1-29,Jacob deceives Isaac into giving him Esau's blessing.,Lambsongs,9,False,0,1,3
Genesis,Jacob's ladder,FB_LS_Jacob_Ladder,illustrations,ls-jacob-ladder,Genesis 27-29,Jacob flees from Esau and has a dream.,Lambsongs,9,False,0,1,3
Genesis,Jacob runs from Esau,FB_FN_Jacob_Flees,illustrations,fn-jacob-flees,Genesis 27:41-28:9,Jacob flees from his angry brother.,Amy & Carly of Fishnet Bible stories,8,True,0,1,0
Genesis,God speaks to Jacob in a dream,FB_Jacob_Dream,illustrations,jacob-dream,Genesis 28:1-22,Jacob dreams of a ladder to heaven.,Sweet Publishing,12,False,0,3,7
Genesis,Jacob's Dream,FB_FN_Jacob_Dream,illustrations,fn-jacob-dream,Genesis 28:10-22,God speaks to Jacob at Bethel.,Amy & Carly of Fishnet Bible stories,8,True,0,1,0
Genesis,Jacob's dream at Bethel,FB_CTA_Jacob_Ladder,illustrations,cta-jacob-ladder,Genesis 28:10-22,God speaks to Jacob in a dream.,CommonToAll.com,5,False,0,3,7
Genesis,Jacob is deceived at his wedding,FB_Jacob_Wedding,illustrations,jacob-wedding,Genesis 29:1-35,Laban deceives Jacob into marrying Leah not Rachel.,Sweet Publishing,14,False,0,3,7
Genesis,Jacob returns to Canaan,FB_Jacob_Returns,illustrations,jacob-returns,Genesis 30:1 - 31:55,Laban chases after Jacob.,Sweet Publishing,16,False,0,3,7
Genesis,Jacob's children,FB_LS_Jacob_Children,illustrations,ls-jacob-children,Genesis 30:1-24,Jacob has 12 sons and one daughter.,Lambsongs,9,False,0,1,3
Genesis,Rachel hides Laban's idols,FB_LS_Rachel_Idols,illustrations,ls-rachel-idols,Genesis 31:1-47,Rachel steals Laban's idols.,Lambsongs,9,False,0,1,3
Genesis,Jacob and Esau are reunited,FB_Jacob_Esau_Reunited,illustrations,jacob-esau-reunited,Genesis 32:1 - 35:28,Jacob wrestles with a stranger then meets Esau.,Sweet Publishing,20,False,0,3,7
Genesis,Jacob is forgiven by Esau,FB_LS_Jacob_Esau_Forgive,illustrations,ls-jacob-esau-forgive,Genesis 32:1-32,Jacob reunites with his twin brother Esau.,Lambsongs,9,False,0,1,3
Genesis,Jacob's new name is Israel,FB_LS_Jacob_Israel,illustrations,ls-jacob-israel,Genesis 32:22-32,Jacob wrestles with an angel.,Lambsongs,8,False,0,1,3
Genesis,Joseph and his dreams,FB_SPI_Joseph_Dreams,illustrations,spi-joseph-dreams,Genesis 37:1-11,Joseph's robe and dreams make his brother angry.,Sweet Publishing – FreeBibleimages,9,False,0,7,7
Genesis,Genesis overview - part 4  - Joseph,FB_MK_Genesis_Part_4,illustrations,mk-genesis-part4,Genesis 37-50,The story of God's promises to Joseph.,Marian van der Kruijt,16,False,0,1,3
Genesis,Joseph and his dreams,FB_Joseph_Dreams,illustrations,joseph-dreams,Genesis 37:1-11,Joseph's robe and dreams make his brother angry.,Sweet Publishing,9,False,0,3,7
Genesis,Joseph and his dreams,FB_Preschool_Joseph_Dreamer,illustrations,preschool-joseph-dreamer,Genesis 37:1-10,Joseph's jealous brothers sell him into slavery.,Sue Bentley,9,True,0,1,7
Genesis,Joseph in Egypt,FB_Moody_Joseph,illustrations,moody-joseph,Genesis 37-46,Joseph is sold as a slave in Egypt then put in prison.,Moody Publishers,42,False,0,2,0
Genesis,Joseph the dreamer,FB_ML_Joseph_Dreamer,illustrations,ml-joseph-dreamer,Genesis 37:1-36,Joseph is sold as a slave by his brothers.,MYELLOVE,8,False,0,1,0
Genesis,Joseph's dreams,FB_YO_Joseph_Dreams,illustrations,yo-joseph-dreams,Genesis 37,Joseph's dreams upset his brothers and father Isaac.,YO! Ministry,9,True,0,6,0
Genesis,Joseph's new coat,FB_LS_Joseph_Coat,illustrations,ls-joseph-coat,Genesis 37,Joseph's brothers are jealous when Jacob favours him.,Lambsongs,10,False,0,1,3
Genesis,Sold into slavery,FB_BPA_Joseph,illustrations,bpa-joseph,Genesis 37-46,Joseph is sold into slavery by his jealous brothers.,Bible Pathway Adventures,19,True,0,3,0
Genesis,Stories from Genesis: Joseph,FB_WR_Joseph,illustrations,wr-joseph,Genesis 37-50,Key events in the story of Joseph.,Wycliffe Russia,6,False,0,6,0
Genesis,Joseph Dreams,FB_LS_Joseph_Dreams,illustrations,ls-joseph-dreams,Genesis 37:3-24,Joseph's dreams make his brothers jealous.,Lambsongs,9,False,0,1,3
Genesis,Gospel images - Joseph,FB_JVH_Joseph,illustrations,jvh-joseph,Genesis 37:9 - 45:15,Painting of key scenes in the life of Joseph.,Jan van ’t Hoff – Gospel images,6,False,0,7,0
Genesis,Joseph thrown in a pit,FB_SPI_Joseph_Pit,illustrations,spi-joseph-pit,Genesis 37:12-36,Joseph is sold as a slave for 20 pieces of silver.,Sweet Publishing – FreeBibleimages,18,False,0,7,7
Genesis,Joseph thrown in a pit,FB_Joseph_Pit,illustrations,joseph-pit,Genesis 37:12-36,Joseph is sold as a slave for 20 pieces of silver.,Sweet Publishing,18,False,0,3,7
Genesis,Joseph put in prison,FB_SPI_Joseph_Prison,illustrations,spi-joseph-prison,Genesis 39:1-20,Potiphar promotes Joseph then puts him in jail.,Sweet Publishing – FreeBibleimages,13,False,0,7,7
Genesis,Joseph in prison,FB_YO_Joseph_Prison,illustrations,yo-joseph-prison,Genesis 39:1-41:44,Joseph is falsely accused and put in jail.,YO! Ministry,19,True,0,6,0
Genesis,Joseph put in prison,FB_Joseph_Prison,illustrations,joseph-prison,Genesis 39:1-20,Potiphar promotes Joseph then puts him in jail.,Sweet Publishing,13,False,0,3,7
Genesis,Joseph the prisoner,FB_ML_Joseph_Prisoner,illustrations,ml-joseph-prisoner,Genesis 39:1-41:57,Joseph is unfairly put in prison.,MYELLOVE,7,False,0,1,0
Genesis,Joseph the prisoner,FB_Preschool_Joseph_Prison,illustrations,preschool-joseph-prison,Genesis 39 - 41,Joseph the slave and prisoner interprets Pharaoh's dreams.,Sue Bentley,13,True,0,1,7
Genesis,Joseph and Potiphar's wife,FB_LS_Joseph_Potiphar,illustrations,ls-joseph-potiphar,Genesis 39:5-27,Joseph resists temptation but ends up in prison.,Lambsongs,9,False,0,1,3
Genesis,Dreams of the Baker and Cupbearer,FB_SPI_Joseph_Prison_Dreams,illustrations,spi-joseph-prison-dreams,Genesis 40:1-23,Joseph and the dreams of Pharaoah's baker and cup bearer.,Sweet Publishing – FreeBibleimages,13,False,0,7,7
Genesis,Dreams of the Baker and Cupbearer,FB_Joseph_Prison_Dreams,illustrations,joseph-prison-dreams,Genesis 40:1-23,Joseph and the dreams of Pharaoah's baker and cup bearer.,Sweet Publishing,13,False,0,3,7
Genesis,Joseph: Pharaoh's Dreams,FB_SPI_Joseph_Pharaoh_Dreams,illustrations,spi-joseph-pharaoh-dreams,Genesis 41:1-46,Joseph is released to interpret Pharaoh's dreams.,Sweet Publishing – FreeBibleimages,15,False,0,7,7
Genesis,Joseph and Pharaoh's dream,FB_LS_Pharaoh_Dream,illustrations,ls-pharaoh-dream,Genesis 41,God explains Pharaoh's dreams to Joseph.,Lambsongs,9,False,0,1,3
Genesis,Joseph and Pharaoh's dreams,FB_GNPI_AS_Joseph,illustrations,gnpi-as-joseph,Genesis 41:1-57,God helps Joseph to explain Pharaoh's dreams.,GNPI – Amazing Stories,23,True,0,1,0
Genesis,Joseph: Pharaoh's Dreams,FB_Joseph_Pharaoh_Dreams,illustrations,joseph-pharaoh-dreams,Genesis 41:1-46,Joseph is released to interpret Pharaoh's dreams.,Sweet Publishing,15,False,0,3,7
Genesis,Joseph meets his brothers,FB_Preschool_Joseph_Brothers,illustrations,preschool-joseph-brothers,Genesis 41:41 - 42:38,Joseph sees his brothers when they visit Egypt to buy grain.,Sue Bentley,13,False,0,1,7
Genesis,Joseph rules in Egypt,FB_SPI_Joseph_Ruler,illustrations,spi-joseph-ruler,Genesis 41:47-57,Joseph rules in Egypt and stores the surplus grain.,Sweet Publishing – FreeBibleimages,10,False,0,7,7
Genesis,Joseph rules in Egypt,FB_Joseph_Ruler,illustrations,joseph-ruler,Genesis 41:47-57,Joseph rules in Egypt and stores the surplus grain.,Sweet Publishing,10,False,0,3,7
Genesis,Joseph's brothers visit Egypt,FB_SPI_Joseph_Brothers_1,illustrations,spi-joseph-brothers-1,Genesis 42:1-38,Jacob sends 10 sons to Egypt to buy grain.,Sweet Publishing – FreeBibleimages,14,False,0,7,7
Genesis,Joseph is kind to his brothers,FB_LS_Joseph_Brothers,illustrations,ls-joseph-brothers,Genesis 42-45,Joseph forgives his brothers.,Lambsongs,9,False,0,1,3
Genesis,Joseph meets his brothers,FB_YO_Joseph_Brothers,illustrations,yo-joseph-brothers,Genesis 42,Joseph's brothers kneel before Joseph.,YO! Ministry,10,True,0,6,0
Genesis,Joseph the ruler,FB_ML_Joseph_Ruler,illustrations,ml-joseph-ruler,Genesis 42:1-46:34,Joseph rules in Egypt and is reunited with his father Jacob.,MYELLOVE,8,False,0,1,0
Genesis,Joseph's brothers visit Egypt,FB_Joseph_Brothers_1,illustrations,joseph-brothers-1,Genesis 42:1-38,Jacob sends 10 sons to Egypt to buy grain.,Sweet Publishing,14,False,0,3,7
Genesis,Joseph reunited with his family,FB_SPI_Joseph_Reunion,illustrations,spi-joseph-reunion,Genesis 43-46,Joseph reveals his identity to his brothers.,Sweet Publishing – FreeBibleimages,23,False,0,7,7
Genesis,Joseph is reunited with his family,FB_Preschool_Joseph_Reunion,illustrations,preschool-joseph-reunion,Genesis 43-46,Joseph is reunited with his brothers and his father Jacob.,Sue Bentley,11,False,0,1,7
Genesis,Joseph is reunited with his family,FB_YO_Joseph_Reunion,illustrations,yo-joseph-reunion,Genesis 43-50,Joseph reveals his identity to his brothers.,YO! Ministry,15,True,0,6,0
Genesis,Joseph reunited with his family,FB_Joseph_Reunion,illustrations,joseph-reunion,Genesis 43-46,Joseph reveals his identity to his brothers.,Sweet Publishing,23,False,0,3,7
Genesis,Bible maps in Genesis,FB_BM_Maps_Genesis,illustrations,bm-maps-genesis,Genesis,Maps that show locations mentioned in Genesis.,David P. Barrett – BibleMapper.com,13,False,0,4,3
Genesis,Maps: Journeys from Eden to Egypt,FB_BJ_Maps_Eden_Egypt,illustrations,bj-maps-eden-egypt,Genesis,Maps of locations and journeys in the book of Genesis.,The Bible Journey,11,False,0,6,3
Exodus,Baby Moses is rescued and grows up ,FB_SB_Baby_Moses,illustrations,sb-baby-moses,Exodus 1-2,Moses goes from a basket in the Nile to the palace.,Sue Bentley,14,False,0,1,7
Exodus,Bible Maps - Exodus and the conquest of Canaan,FB_BM_Maps_Exodus,illustrations,bm-maps-exodus,"Exodus 1, Numbers 13-14, 20-21, Joshua 9, 11, 13",Maps of the exodus and occupation of the Promised Land.,David P. Barrett – BibleMapper.com,19,False,0,4,3
Exodus,Escape from Egypt,FB_BPA_Escape_Egypt,illustrations,bpa-escape-egypt,Exodus 1-12,God chooses Moses to lead His people.,Bible Pathway Adventures,19,True,0,3,0
Exodus,Moses - the first 40 years,FB_YO_Moses_1,illustrations,yo-moses1,Exodus 1-2,Moses grows up as an Egyptian Prince.,YO! Ministry,10,True,0,6,0
Exodus,Moses: River Nile to Red Sea,FB_HM_Moses,illustrations,hm-moses,"Exodus 1-3, 14",Moses learns to put his trust in God.,Rev. Henry Martin,10,False,0,3,0
Exodus,Paintings of Moses - part 1,FB_JTJM_Moses_1,illustrations,jtjm-moses1,Exodus 1 - 4,The birth and early life of Moses.,James Tissot Collection (The Jewish Museum),23,False,0,4,7
Exodus,Baby Moses,FB_SPI_Baby_Moses,illustrations,spi-baby-moses,Exodus 1:8 - 2:10,Moses is rescued from Pharaoh's death sentence.,Sweet Publishing – FreeBibleimages,24,False,0,7,7
Exodus,Baby Moses,FB_Baby_Moses,illustrations,baby-moses,Exodus 1:8 - 2:10,Moses is rescued from Pharaoh's death sentence.,Sweet Publishing,24,False,0,3,7
Exodus,"Moses, prince of Egypt",FB_ML_Moses_Prince,illustrations,ml-moses-prince,Exodus 1:8-2:25,Moses is born and protected by God.,MYELLOVE,8,False,0,1,0
Exodus,Baby Moses is safe,FB_LS_Baby_Moses,illustrations,ls-baby-moses,Exodus 2:1-10,An Egyptian Princess finds Moses in the bulrushes.,Lambsongs,8,False,0,1,3
Exodus,Gospel images - Moses,FB_JVH_Moses,illustrations,jvh-moses,"Exodus 2-34, Numbers 21:4-9, Deuteronomy 34:1-7",Scenes from the life of Moses.,Jan van ’t Hoff – Gospel images,12,False,0,7,0
Exodus,Jochebed - the brave mother of Moses,FB_LS_Moses_Jochebed,illustrations,ls-moses-jochebed,Exodus 2:1-10,A princess discovers Jochebed's baby and names him Moses.,Lambsongs,8,False,0,1,3
Exodus,Miriam and Moses,FB_RP_Miriam_Moses,illustrations,rp-miriam-moses,Exodus 2:1-10,Miriam keeps watch over Baby Moses in the bulrushes.,René Pfitzner,20,True,0,3,0
Exodus,The birth of Moses,FB_ANV_Birth_Moses,illustrations,anv-birth-moses,Exodus 2:1-10,"Moses, Miriam, a basket and Pharaoh's daughter.",Aya & Nicole Velasquez,13,False,0,3,0
Exodus,Moses Prince of Egypt,FB_SPI_Moses_Prince,illustrations,spi-moses-prince,Exodus 2:11-23,Moses is born and lives at the palace.,Sweet Publishing – FreeBibleimages,16,False,0,7,7
Exodus,Moses Prince of Egypt,FB_Moses_Prince,illustrations,moses-prince,Exodus 2:11-23,Moses is born and lives at the palace.,Sweet Publishing,16,False,0,3,7
Exodus,Moses and the Burning Bush,FB_SPI_Moses_Burning_Bush,illustrations,spi-moses-burning-bush,Exodus 3 - 4,God tells Moses to lead the Hebrew slaves to freedom.,Sweet Publishing – FreeBibleimages,25,False,0,7,7
Exodus,Moses and the Burning Bush,FB_Moses_Burning_Bush,illustrations,moses-burning-bush,Exodus 3 - 4,God tells Moses to lead the Hebrew slaves to freedom.,Sweet Publishing,25,False,0,3,7
Exodus,Moses and the Burning Bush,FB_SB_Burning_Bush,illustrations,sb-burning-bush,Exodus 3-4,God tells Moses about the mission He has for him.,Sue Bentley,12,False,0,1,7
Exodus,Moses and the burning bush,FB_CTA_Burning_Bush,illustrations,cta-burning-bush,Exodus 3:1-4:31,God speaks to Moses.,CommonToAll.com,9,False,0,3,7
Exodus,Moses and the burning bush,FB_GNPI_AS_Moses,illustrations,gnpi-as-moses,Exodus 3-4,God talks with Moses through a burning bush.,GNPI – Amazing Stories,26,True,0,1,0
Exodus,Moses and the burning bush,FB_LS_Burning_Bush,illustrations,ls-burning-bush,Exodus 3:1-4:20,God speaks to Moses in the wilderness.,Lambsongs,9,True,0,1,3
Exodus,Moses and the burning bush,FB_ML_Burning_Bush,illustrations,ml-burning-bush,Exodus 3-4,God commissions Moses to rescue His people.,MYELLOVE,7,False,0,1,0
Exodus,Moses and the ten plagues,FB_FL_Moses_Plagues,illustrations,fl-moses-plagues,Exodus 3-12,God sends ten plagues on Egyptians.,Frances Lee,20,False,0,1,0
Exodus,Moses: God's chosen leader,FB_YO_Moses_2,illustrations,yo-moses2,Exodus 3-13,God calls Moses to lead His people out of slavery.,YO! Ministry,17,True,0,6,0
Exodus,Moses and the plagues of Egypt,FB_SB_Moses_Plagues,illustrations,sb-moses-plagues,Exodus 4-10,God sends plagues on the Egyptians.,Sue Bentley,17,False,0,1,7
Exodus,Moses goes to Pharaoh,FB_SPI_Moses_Pharaoh,illustrations,spi-moses-pharaoh,Exodus 4:29 - 7:16,Moses and Aaron go to the leader of Egypt.,Sweet Publishing – FreeBibleimages,15,False,0,7,7
Exodus,Moses goes to Pharaoh,FB_Moses_Pharaoh,illustrations,moses-pharaoh,Exodus 4:29 - 7:16,Moses and Aaron go to the leader of Egypt.,Sweet Publishing,15,False,0,3,7
Exodus,Moses and the Red Sea,FB_Moody_Moses_RedSea,illustrations,moody-moses-red-sea,Exodus 5 - 14,God opens a path through the sea for the Isrealites.,Moody Publishers,46,False,0,2,0
Exodus,Paintings of Moses - part 2,FB_JTJM_Moses_2,illustrations,jtjm-moses2,Exodus 5 - 15,The plagues and Red Sea crossing.,James Tissot Collection (The Jewish Museum),39,False,0,4,7
Exodus,Moses and the Plagues - part 1,FB_SPI_Moses_Plagues_1,illustrations,spi-moses-plagues-1,Exodus 7 - 9,Moses and the first seven plagues on Egypt.,Sweet Publishing – FreeBibleimages,29,False,0,7,7
Exodus,Moses and the Plagues - part 1,FB_Moses_Plagues_1,illustrations,moses-plagues-1,Exodus 7 - 9,Moses and the first seven plagues on Egypt.,Sweet Publishing,29,False,0,3,7
Exodus,Moses and the ten plagues,FB_ML_Moses_Plagues,illustrations,ml-moses-plagues,Exodus 7-12,God sends plagues on the Egyptians.,MYELLOVE,14,False,0,1,0
Exodus,Moses and the ten plagues - part 1,FB_LS_Plagues_1,illustrations,ls-plagues-1,Exodus 7-9,God sends the first four of ten plagues on the Egyptians.,Lambsongs,9,False,0,1,3
Exodus,Moses and the ten plagues - part 2,FB_LS_Plagues_2,illustrations,ls-plagues-2,Exodus 7-12,God sends the last six of ten plagues on the Egyptians.,Lambsongs,9,False,0,1,3
Exodus,The ten plagues of Egypt,FB_ED_Plagues,illustrations,ed-plagues,Exodus 7-14,God sends plagues when Pharaoh refuses to listen.,Edge Group – Lion Hudson,17,False,0,2,0
Exodus,Moses and the Plagues - part 2,FB_SPI_Moses_Plagues_2,illustrations,spi-moses-plagues-2,Exodus 10 - 12,Moses and the final three plagues on Egypt.,Sweet Publishing – FreeBibleimages,23,False,0,7,7
Exodus,Moses and the Plagues - part 2,FB_Moses_Plagues_2,illustrations,moses-plagues-2,Exodus 10 - 12,Moses and the final three plagues on Egypt.,Sweet Publishing,23,False,0,3,7
Exodus,Moses and the Passover,FB_SB_Passover,illustrations,sb-passover,Exodus 12,Blood is brushed on the doorposts.,Sue Bentley,9,False,0,1,7
Exodus,The Passover,FB_LS_Passover,illustrations,ls-passover,Exodus 12:1-30,God gives instructions for the Passover.,Lambsongs,9,False,0,1,3
Exodus,Moses leads God's chosen,FB_YO_Moses_3,illustrations,yo-moses3,Exodus 13-32,Moses leads God's people towards Mount Sinai.,YO! Ministry,15,True,0,6,0
Exodus,Moses and the Red Sea,FB_SB_Red_Sea,illustrations,sb-red-sea,Exodus 13:7 - 15:21,The Egyptians trap the Israelites by the Red Sea.,Sue Bentley,8,False,0,1,7
Exodus,Crossing the Red Sea,FB_ML_Moses_RedSea,illustrations,ml-moses-red-sea,Exodus 13:17-14:31,God opens a path for His people to escape.,MYELLOVE,7,False,0,1,0
Exodus,Moses: Red Sea Crossing,FB_SPI_Moses_Red_Sea,illustrations,spi-moses-red-sea,Exodus 13:17 - 15:21,God opens a path through the Red sea.,Sweet Publishing – FreeBibleimages,22,False,0,7,7
Exodus,Moses: Red Sea Crossing,FB_Moses_Red_Sea,illustrations,moses-red-sea,Exodus 13:17 - 15:21,God opens a path through the Red sea.,Sweet Publishing,22,False,0,3,7
Exodus,Follow the cloud,FB_LS_Moses_Cloud,illustrations,ls-moses-cloud,Exodus 13:21-22,The Israelites follow a cloud by day and a pillar of fire at night.,Lambsongs,8,False,0,1,3
Exodus,How did Moses cross the Red Sea?,FB_LS_Moses_Red_Sea,illustrations,ls-moses-red-sea,Exodus 14-15,God opens up a path through the Red Sea.,Lambsongs,9,False,0,1,3
Exodus,Moses and the Red Sea,FB_CTA_Red_Sea,illustrations,cta-red-sea,Exodus 14:1-31,God opens up a path through the Red Sea.,CommonToAll.com,9,False,0,3,7
Exodus,Moses and the Red Sea,FB_RP_Moses_RedSea,illustrations,rp-moses-red-sea,Exodus 14:5-31,God opens up a path through the Red Sea.,René Pfitzner,36,True,0,3,0
Exodus,Moses: Food & Water in the Desert,FB_SPI_Moses_Food_Water,illustrations,spi-moses-food-water,Exodus 15:22 - 17:7,God provides manna and drinking water in the desert.,Sweet Publishing – FreeBibleimages,33,False,0,7,7
Exodus,Moses: Food & Water in the Desert,FB_Moses_Food_Water,illustrations,moses-food-water,Exodus 15:22 - 17:7,God provides manna and drinking water in the desert.,Sweet Publishing,33,False,0,3,7
Exodus,Bread from Heaven,FB_LS_Moses_Manna,illustrations,ls-moses-manna,Exodus 16:1-36,God provides food in the wilderness.,Lambsongs,8,False,0,1,3
Exodus,Paintings of Moses - part 3,FB_JTJM_Moses_3,illustrations,jtjm-moses3,"Exodus 16-40, Leviticus 8",Travel to Mount Sinai and the commandments.,James Tissot Collection (The Jewish Museum),31,False,0,4,7
Exodus,Food and water in the desert,FB_ML_Manna_Water,illustrations,ml-manna-water,Exodus 16 - 17:7,"God provides manna, quail and water.",MYELLOVE,7,False,0,1,0
Exodus,Moses and the water from a rock,FB_CTA_Water_Rock,illustrations,cta-water-rock,Exodus 17:1-7,God provides water for His people.,CommonToAll.com,5,False,0,3,7
Exodus,Moses: Battle with the Amalekites,FB_Moses_Amalekites,illustrations,moses-amalekites,Exodus 17:8-16,"Hur, Aaron and Moses battle against the Amalekites.",Sweet Publishing,15,False,0,3,7
Exodus,Moses and the Ten Commandments,FB_Moody_Moses_Commandments,illustrations,moody-moses-commandments,"Exodus 19 - 20, 32, 34",God gives the Ten Commandments on Mount Sinai.,Moody Publishers,44,False,0,2,0
Exodus,Moses at Mount Sinai,FB_SPI_Moses_Sinai,illustrations,spi-moses-sinai,Exodus 19 - 24,Moses receives 10 Commandments and other laws from God.,Sweet Publishing – FreeBibleimages,33,False,0,7,7
Exodus,Moses at Mount Sinai,FB_Moses_Sinai,illustrations,moses-sinai,Exodus 19 - 24,Moses receives 10 Commandments and other laws from God.,Sweet Publishing,33,False,0,3,7
Exodus,The 10 commandments,FB_RG_Moses_10_Commandments,illustrations,rg-moses-10-commandments,Exodus 19-20:17,God gives Moses ten rules for us to obey.,Richard Gunther,18,False,0,3,3
Exodus,The Ten Commandments,FB_BS_Ten_Commandments,illustrations,bs-ten-commandments,Exodus 19:16 - 20:21,God speaks to Moses on Mount Sinai.,Bible Scenes,22,True,0,6,7
Exodus,Love your Enemy,FB_RG_Love_Enemies,illustrations,rg-love-enemies,Exodus 23:4-5,How to treat your enemies.,Richard Gunther,9,False,0,3,3
Exodus,A walk through the tabernacle,FB_BS_Tabernacle_Walkthrough,illustrations,bs-tabernacle-walkthrough,Exodus 25:1-31:11,3D scenes of the Tabernacle.,Bible Scenes,16,True,0,6,7
Exodus,Moses and the Tabernacle,FB_SPI_Moses_Tabernacle,illustrations,spi-moses-tabernacle,Exodus 25 - 40,God's instructions for building the Tabernacle.,Sweet Publishing – FreeBibleimages,34,False,0,7,7
Exodus,Moses and the Tabernacle,FB_Moses_Tabernacle,illustrations,moses-tabernacle,Exodus 25 - 40,God's instructions for building the Tabernacle.,Sweet Publishing,34,False,0,3,7
Exodus,The Tabernacle,FB_YL_Tabernacle,illustrations,yl-tabernacle,Exodus 25-40,The Tabernacle building and its furnishings.,Rev. Yves Langevin,32,False,0,2,3
Exodus,The Tabernacle courtyard,FB_IH_Tabernacle_Courtyard,illustrations,ih-tabernacle-courtyard,Exodus 25:1 - 31:8,The outside of the Tabernacle.,Immersive History,15,False,0,6,0
Exodus,The Ark of the Covenant,FB_BS_Ark_Covenant,illustrations,bs-ark-covenant,"Exodus 25:10-22, 37:1-9",A 3D reconstruction of the Ark of the Covenant.,Bible Scenes,17,True,0,6,7
Exodus,The tabernacle: Ark of the Covenant,FB_BS_Tabernacle_Ark_Covenant,illustrations,bs-tabernacle-ark-covenant,Exodus 25:10-22,Instructions to make an Ark of the Covenant.,Bible Scenes,17,True,0,6,7
Exodus,The tabernacle table for bread,FB_BS_Tabernacle_Table,illustrations,bs-tabernacle-table,Exodus 25:23-30,The table of shewbread in the Holy Place.,Bible Scenes,13,True,0,6,7
Exodus,The tabernacle lampstand,FB_BS_Tabernacle_Lampstand,illustrations,bs-tabernacle-lampstand,Exodus 25:31-40,The seven branched golden lampstand.,Bible Scenes,10,True,0,6,7
Exodus,The tabernacle covering,FB_BS_Tabernacle_Covering,illustrations,bs-tabernacle-covering,Exodus 26:1-14,The four coverings of the tabernacle.,Bible Scenes,15,True,0,6,7
Exodus,The Tabernacle structure,FB_BS_Tabernacle_Structure,illustrations,bs-tabernacle-structure,Exodus 26:15-37,The construction of the Tabernacle structure.,Bible Scenes,22,True,0,6,7
Exodus,The Tabernacle interior,FB_IH_Tabernacle_Inside,illustrations,ih-tabernacle-inside,Exodus 26:31-40:33,The Holy Place and Holy of Holies.,Immersive History,13,False,0,6,0
Exodus,The tabernacle altar,FB_BS_Tabernacle_Altar,illustrations,bs-tabernacle-altar,Exodus 27:1-8,The altar in the tabernacle courtyard.,Bible Scenes,10,True,0,6,7
Exodus,The tabernacle courtyard,FB_BS_Tabernacle_Courtyard,illustrations,bs-tabernacle-courtyard,Exodus 27:9-19,Building the Tabernacle courtyard.,Bible Scenes,14,True,0,6,7
Exodus,The tabernacle altar of incense,FB_BS_Tabernacle_Altar_Incense,illustrations,bs-tabernacle-altar-incense,Exodus 30:1-10,The altar of incense in the Holy Place.,Bible Scenes,11,True,0,6,7
Exodus,The tabernacle laver,FB_BS_Tabernacle_Laver,illustrations,bs-tabernacle-laver,Exodus 30:17-21,A water basin for washing and cleansing.,Bible Scenes,6,True,0,6,7
Exodus,Moses And The Golden Calf,FB_LS_Golden_Calf,illustrations,ls-golden-calf,Exodus 32,"Moses, Aaron and the golden calf.",Lambsongs,9,False,0,1,3
Exodus,Moses and the Golden Calf,FB_SPI_Moses_Golden_Calf,illustrations,spi-moses-golden-calf,Exodus 32,Aaron and the Israelites make an idol.,Sweet Publishing – FreeBibleimages,24,False,0,7,7
Exodus,Moses and the Golden Calf,FB_Moses_Golden_Calf,illustrations,moses-golden-calf,Exodus 32,Aaron and the Israelites make an idol.,Sweet Publishing,24,False,0,3,7
Exodus,Moses and the golden calf,FB_ML_Golden_Calf,illustrations,ml-golden-calf,Exodus 32:1-35,The people of Israel make an idol of gold.,MYELLOVE,8,False,0,1,0
Exodus,Moses and the 10 commandments,FB_LS_Moses_Commandments,illustrations,ls-moses-commandments,Exodus 34:1-28,God gives Moses His rules for living.,Lambsongs,9,False,0,1,3
Exodus,The Exodus (Path to Freedom),FB_BPA_Exodus,illustrations,bpa-exodus,Exodus,God leads His people to the Promised Land.,Bible Pathway Adventures,21,True,0,3,0
Leviticus,The burnt offering,FB_MK_Burnt_Offering,illustrations,mk-burnt-offering,Leviticus 1,The instructions for making a burnt offering.,Marian van der Kruijt,18,False,0,6,3
Leviticus,The grain offering,FB_MK_Grain_Offering,illustrations,mk-grain-offering,Leviticus 2,The instructions for making a grain offering.,Marian van der Kruijt,18,False,0,6,3
Leviticus,The peace offering,FB_MK_Peace_Offering,illustrations,mk-peace-offering,Leviticus 3,Instructions God gave for the peace offering.,Marian van der Kruijt,18,False,0,6,3
Leviticus,Paintings of Moses - part 4,FB_JTJM_Moses_4,illustrations,jtjm-moses4,"Leviticus 10, 12-14, 16, 20-24, Deuteronomy 31, 34",Wanderings in the wilderness to the death of Moses.,James Tissot Collection (The Jewish Museum),33,False,0,4,7
Leviticus,The scapegoat,FB_RG_Scapegoat,illustrations,rg-scapegoat,Leviticus 16:8-10,A goat symbolic of what God does with our sin.,Richard Gunther,10,False,0,3,3
Numbers,Book of Numbers in pictures - part 1,FB_WCY_Numbers_1,illustrations,wcy-numbers1,Numbers 1 - 20,Key scenes in the book of Numbers.,Wong Chim Yuen,15,False,0,4,0
Numbers,Miriam and Aaron oppose Moses,FB_Moses_Miriam_Aaron,illustrations,moses-miriam-aaron,Numbers 12:1-16,Miriam gets leprosy after she rebels against Moses.,Sweet Publishing,11,False,0,3,7
Numbers,Joshua episode 1: A new leader for Israel,FB_DG_Joshua_1,illustrations,dg-joshua-1,"Numbers 13:1-14:45, Deuteronomy 31:1-30, Joshua 1:1-9",Moses hands over his leadership to Joshua.,David & Goliath (DG),17,True,0,3,0
Numbers,Twelve spies on a mission,FB_ANV_12_Spies,illustrations,anv-12-spies,Numbers 13:1-14:38,Joshua sends spies to explore the Promised Land.,Aya & Nicole Velasquez,16,False,0,3,0
Numbers,Twelve spies sent into Canaan,FB_Moses_Spies,illustrations,moses-spies,Numbers 13:1-14:45,Only Joshua and Caleb give a good report.,Sweet Publishing,22,False,0,3,7
Numbers,What Joshua and Caleb saw,FB_LS_Joshua_Caleb,illustrations,ls-joshua-caleb,Numbers 13,Only two of the twelve spies trust God for victory.,Lambsongs,9,False,0,1,3
Numbers,The 12 spies report back,FB_CTA_Joshua_Caleb,illustrations,cta-joshua-caleb,Numbers 13:25-14:45,The spies return and give conflicting reports.,CommonToAll.com,9,False,0,3,7
Numbers,Moses and the serpent of brass,FB_Moses_Serpent,illustrations,moses-serpent,"Numbers 13:26 - 14:45, 20:1 - 21:8","Moses, a brass serpent and the deadly snake bites.",Moody Publishers,30,False,0,2,0
Numbers,Book of Numbers in pictures - part 2,FB_WCY_Numbers_2,illustrations,wcy-numbers2,Numbers 20 - 33,Key scenes in the book of Numbers.,Wong Chim Yuen,18,False,0,4,0
Numbers,The bronze serpent,FB_CTA_Bronze_Serpent,illustrations,cta-bronze-serpent,Numbers 21:4-9,A way for those bitten by snakes to be saved.,CommonToAll.com,5,False,0,3,7
Numbers,The serpent on the pole,FB_RG_Moses_Snake,illustrations,rg-moses-snake,Numbers 21:4-9,A plague and a way to save people from death.,Richard Gunther,9,False,0,3,3
Numbers,Facing the giants Sihon and Og,FB_RG_Sihon_Og,illustrations,rg-sihon-og,"Numbers 21:21-35, Deuteronomy 2:26-3:11",God helps the Israelites overcome two giants and their armies.,Richard Gunther,19,False,0,3,3
Numbers,Balaam and his donkey,FB_BH_Balaam_Donkey,illustrations,bh-balaam-donkey,Numbers 22-24,Balaam's donkey misbehaves then speaks to him.,Jack Foster,16,False,0,1,3
Numbers,Balaam and his donkey,FB_RG_Balaam,illustrations,rg-balaam,Numbers 22-24,Balaam travels to curse the Israelites but God intervenes.,Richard Gunther,11,False,0,3,3
Numbers,Saved by a donkey,FB_BPA_Balaam,illustrations,bpa-balaam,Numbers 22-24,Will this unfaithful prophet curse the people of Israel?,Bible Pathway Adventures,17,True,0,3,0
Numbers,Balaam and the donkey,FB_JL_Balaam,illustrations,jl-balaam,Numbers 22:22-35,Balaam is shocked when his donkey speaks.,Jay (JayBob) Launius,9,False,0,3,0
Deuteronomy,Deuteronomy in pictures - part 1,FB_WCY_Deuteronomy_1,illustrations,wcy-deuteronomy1,Deuteronomy 1 - 14,Key scenes in the book of Deuteronomy.,Wong Chim Yuen,18,False,0,4,0
Deuteronomy,Deuteronomy in pictures - part 2,FB_WCY_Deuteronomy_2,illustrations,wcy-deuteronomy2,Deuteronomy 15 - 34,Key scenes in the book of Deuteronomy.,Wong Chim Yuen,17,False,0,4,0
Deuteronomy,Moses dies and Joshua becomes leader,FB_Moses_Joshua,illustrations,moses-joshua,"Deuteronomy 31-34, Joshua 1:1-9",Moses dies after seeing the Promised Land.,Sweet Publishing,21,False,0,3,7
Joshua,Commander Joshua,FB_YO_Joshua_Commander,illustrations,yo-joshua-commander,Joshua 1-6,Joshua obeys God to take Jericho.,YO! Ministry,19,True,0,6,0
Joshua,Joshua episode 2: Spies in Jericho,FB_DG_Joshua_2,illustrations,dg-joshua-2,Joshua 2:1-24,Rahab helps two spies escape from Jericho.,David & Goliath (DG),17,True,0,3,0
Joshua,"Joshua, Rahab and Jericho",FB_BH_Joshua_Jericho,illustrations,bh-joshua-jericho,Joshua 2-6,"Rahab, the two spies and the scarlet cord.",Jack Foster,19,False,0,1,3
Joshua,Rahab and the spies,FB_LS_Rahab_Spies,illustrations,ls-rahab-spies,Joshua 2,Rahab protects the spies and God protects her.,Lambsongs,9,False,0,1,3
Joshua,Rahab and the spies,FB_SB_Rahab_Spies,illustrations,sb-rahab-spies,Joshua 2:1-24,Joshua sends spies into Jericho.,Sue Bentley,11,True,0,1,7
Joshua,Rahab and the spies,FB_ML_Rahab_Spies,illustrations,ml-rahab-spies,Joshua 2:1-24,Rahab hides two Hebrew spies.,MYELLOVE,7,False,0,1,0
Joshua,The spies and Rahab,FB_SPI_Joshua_Rahab_Spies,illustrations,spi-joshua-rahab-spies,Joshua 2:1-24,Rahab helps two spies sent to Jericho by Joshua.,Sweet Publishing – FreeBibleimages,21,False,0,7,7
Joshua,The spies and Rahab,FB_Joshua_Rahab_Spies,illustrations,joshua-rahab-spies,Joshua 2:1-24,Rahab helps two spies sent to Jericho by Joshua.,Sweet Publishing,21,False,0,3,7
Joshua,Crossing the Jordan,FB_SPI_Joshua_Jordan,illustrations,spi-joshua-jordan,Joshua 3:1 - 4:24,"Joshua, the Ark of the Covenant and crossing the Jordan.",Sweet Publishing – FreeBibleimages,10,False,0,7,7
Joshua,Crossing the Jordan,FB_Joshua_Jordan,illustrations,joshua-jordan,Joshua 3:1 - 4:24,"Joshua, the Ark of the Covenant and crossing the Jordan.",Sweet Publishing,10,False,0,3,7
Joshua,Joshua and the battle of Jericho,FB_ML_Joshua_Jericho,illustrations,ml-joshua-jericho,"Joshua 3, 6:1-23",Crossing the Jordan and marching around Jericho.,MYELLOVE,7,False,0,1,0
Joshua,Joshua crosses the Jordan,FB_SB_Joshua_Jordan,illustrations,sb-joshua-jordan,Joshua 3-4,God creates a dry path through the River Jordan.,Sue Bentley,10,True,0,1,7
Joshua,Joshua and the battle of Jericho,FB_LS_Joshua_Jericho,illustrations,ls-joshua-jericho,Joshua 5-6,Joshua obeys God and marches around Jericho.,Lambsongs,9,False,0,1,3
Joshua,Walls of Jericho,FB_Moody_Joshua_Jericho,illustrations,moody-joshua-jericho,Joshua 5:13-6:27,Joshua follows God's battle instructions for taking Jericho.,Moody Publishers,45,False,0,2,0
Joshua,Joshua and Jericho,FB_SPI_Joshua_Jericho,illustrations,spi-joshua-jericho,Joshua 6:1-27,Joshua follows God's battle plan for taking Jericho.,Sweet Publishing – FreeBibleimages,16,False,0,7,7
Joshua,Joshua and Jericho,FB_Joshua_Jericho,illustrations,joshua-jericho,Joshua 6:1-27,Joshua follows God's battle plan for taking Jericho.,Sweet Publishing,16,False,0,3,7
Joshua,Joshua episode 3: Conquest of Jericho,FB_DG_Joshua_3,illustrations,dg-joshua-3,Joshua 6:1-27,oshua follows God's instructions to capture Jericho.,David & Goliath (DG),29,True,0,3,0
Joshua,Achan disobeys and brings defeat,FB_SPI_Joshua_Achan,illustrations,spi-joshua-achan,Joshua 7:1-26,Achan disobeys and the army are defeated at Ai.,Sweet Publishing – FreeBibleimages,16,False,0,7,7
Joshua,Achan disobeys and brings defeat,FB_Joshua_Achan,illustrations,joshua-achan,Joshua 7:1-26,Achan disobeys and the army are defeated at Ai.,Sweet Publishing,16,False,0,3,7
Joshua,Joshua: The second attack on Ai,FB_SPI_Joshua_Ai,illustrations,spi-joshua-ai,Joshua 8:1-35,Joshua sets an ambush to conquer Ai.,Sweet Publishing – FreeBibleimages,15,False,0,7,7
Joshua,Joshua: The second attack on Ai,FB_Joshua_Ai,illustrations,joshua-ai,Joshua 8:1-35,Joshua sets an ambush to conquer Ai.,Sweet Publishing,15,False,0,3,7
Joshua,The Gibeonites deceive Joshua,FB_SPI_Joshua_Gibeonites,illustrations,spi-joshua-gibeonites,Joshua 9:1-27,The Gibeonites deceive Joshua into making a treaty.,Sweet Publishing – FreeBibleimages,13,False,0,7,7
Joshua,The Gibeonites deceive Joshua,FB_Joshua_Gibeonites,illustrations,joshua-gibeonites,Joshua 9:1-27,The Gibeonites deceive Joshua into making a treaty.,Sweet Publishing,13,False,0,3,7
Joshua,Joshua and the longest day,FB_ED_Joshua_Longest_Day,illustrations,ed-joshua-longest-day,Joshua 10:1-14,God makes the sun stand still during a battle.,Edge Group – Lion Hudson,11,False,0,2,0
Joshua,Joshua episode 4: The sun stood still,FB_DG_Joshua_4,illustrations,dg-joshua-4,Joshua 10:1-15,God makes the sun stand still.,David & Goliath (DG),15,True,0,3,0
Joshua,Joshua prays for the sun to stand still,FB_SPI_Joshua_Sun,illustrations,spi-joshua-sun,Joshua 10:1-43,Joshua prays for more daylight to win the battle.,Sweet Publishing – FreeBibleimages,16,False,0,7,7
Joshua,Joshua prays for the sun to stand still,FB_Joshua_Sun,illustrations,joshua-sun,Joshua 10:1-43,Joshua prays for more daylight to win the battle.,Sweet Publishing,16,False,0,3,7
Joshua,The day the sun stood still,FB_SAK_Joshua_Sun,illustrations,sak-joshua-sun,Joshua 10:1-43,God helps Joshua to win a battle.,Smart Arts for Kids,24,False,0,1,0
Joshua,Joshua episode 5: Me and my house,FB_DG_Joshua_5,illustrations,dg-joshua-5,"Joshua 13:1-6, 14:6-15, 23:1-24:28",Joshua in old age talks about serving God.,David & Goliath (DG),19,True,0,3,0
Joshua,The altar of witness,FB_SPI_Joshua_Altar,illustrations,spi-joshua-altar,Joshua 18:1 - 22:34,Tribes east of the River Jordan build an altar.,Sweet Publishing – FreeBibleimages,19,False,0,7,7
Joshua,The altar of witness,FB_Joshua_Altar,illustrations,joshua-altar,Joshua 18:1 - 22:34,Tribes east of the River Jordan build an altar.,Sweet Publishing,19,False,0,3,7
Joshua,Joshua's final challenge,FB_SPI_Joshua_Challenge,illustrations,spi-joshua-challenge,Joshua 23:1 - 24:33,Joshua challenges the 12 tribes to obey God.,Sweet Publishing – FreeBibleimages,13,False,0,7,7
Joshua,Joshua's final challenge,FB_Joshua_Challenge,illustrations,joshua-challenge,Joshua 23:1 - 24:33,Joshua challenges the 12 tribes to obey God.,Sweet Publishing,13,False,0,3,7
Judges,Israel's broken promise,FB_CEF_Judges_1,illustrations,cef-judges1,Judges 1-2,God's people disobey and worship idols.,Child Evangelism Fellowship (Europe),7,False,0,6,0
Judges,"Othniel, Ehud and Deborah",FB_WCY_Judges_1,illustrations,wcy-judges1,Judges 1-5,The first Judges in Israel.,Wong Chim Yuen,15,False,0,4,0
Judges,Ehud and King Eglon,FB_RG_Ehud,illustrations,rg-ehud,Judges 3:12-30,"Ehud, the left-handed assassin of Moabite King Eglon.",Richard Gunther,24,False,0,3,3
Judges,"Ehud, the left-handed assassin",FB_RG_Ehud_Eglon,illustrations,rg-ehud-eglon,Judges 3:12-30,Ehud plans to assassinate the Moabite King Eglon.,Richard Gunther,33,False,0,3,3
Judges,Shamgar - the mighty Judge,FB_RG_Shamgar,illustrations,rg-shamgar,Judges 3:31,Shamgar fights 600 Philistines with an ox-goad.,Richard Gunther,8,False,0,3,3
Judges,Deborah and Barak,FB_LS_Deborah,illustrations,ls-deborah,Judges 4,Deborah and Barak trust God for victory over Sisera's army.,Lambsongs,9,False,0,1,3
Judges,Deborah and Barak deliver Israel,FB_CEF_Judges_2,illustrations,cef-judges2,Judges 4-5,Deborah and Barak battle against Sisera's army.,Child Evangelism Fellowship (Europe),7,False,0,6,0
Judges,Deborah and Barak go into battle,FB_Deborah_Barak,illustrations,deborah-barak,Judges 4-5,Deborah and Barak trust God and battle against Sisera.,Sweet Publishing,20,False,0,3,7
Judges,Deborah the judge,FB_YO_Deborah,illustrations,yo-deborah,Judges 4-5,Deborah and Barak trust God to defeat Sisera.,YO! Ministry,20,True,0,6,0
Judges,Gideon,FB_WCY_Judges_2,illustrations,wcy-judges2,Judges 6-8,Gideon learns about faith and trust in God.,Wong Chim Yuen,15,False,0,4,0
Judges,Gideon - the reluctant hero,FB_JW_Gideon,illustrations,jw-gideon,Judges 6-7,Gideon learns to trust God for victory.,Julia Watson,21,False,0,3,0
Judges,Gideon and the Midianite army,FB_Moody_Gideon_Midianites,illustrations,moody-gideon-midianites,Judges 6 - 7,Gideon and 300 men trust God to defeat the Midianites.,Moody Publishers,39,False,0,2,0
Judges,Gideon learns to be bold for God,FB_CEF_Judges_3,illustrations,cef-judges3,Judges 6:1-40,"An angel, a meal and Gideon.",Child Evangelism Fellowship (Europe),6,False,0,6,0
Judges,God raises up Gideon,FB_Gideon_Fleece,illustrations,gideon-fleece,Judges 6:1-40,Gideon asks for a sign before fighting the Midianites.,Sweet Publishing,19,False,0,3,7
Judges,Gideon's fleece,FB_LS_Gideon_Fleece,illustrations,ls-gideon-fleece,Judges 6:33-40,A sheep's fleece helps Gideon trust God.,Lambsongs,10,False,0,1,3
Judges,Gideon trusts God for victory,FB_CEF_Judges_4,illustrations,cef-judges4,"Judges 7:1-25, 8:22-23, 28",Gideon needs faith to overcome the Midianites.,Child Evangelism Fellowship (Europe),7,False,0,6,0
Judges,Gideon's battle with the Midianites,FB_Gideon_Midianites,illustrations,gideon-midianites,Judges 7:1-25,Gideon takes on the Midianites with just 300 men.,Sweet Publishing,12,False,0,3,7
Judges,Gideon pursues the Midianites,FB_Gideon_Pursues,illustrations,gideon-pursues,Judges 8:1-35,Gideon deals with the people of Succoth and Peniel.,Sweet Publishing,11,False,0,3,7
Judges,Judges: Abimelech,FB_WCY_Judges_3,illustrations,wcy-judges3,Judges 9,Abimelech and his conflict with people of Shechem.,Wong Chim Yuen,9,False,0,4,0
Judges,"Judges: Tola, Jair, Jephthah, Ibzan, Elon and Abdon",FB_WCY_Judges_4,illustrations,wcy-judges4,Judges 10-12,Jephthah becomes a judge and makes a vow.,Wong Chim Yuen,9,False,0,4,0
Judges,God chooses Samson,FB_CEF_Judges_5,illustrations,cef-judges5,Judges 13:1 - 15:20,Samson becomes a Judge.,Child Evangelism Fellowship (Europe),7,False,0,6,0
Judges,Samson - Mighty Warrior,FB_BPA_Samson,illustrations,bpa-samson,Judges 13-16,Can Samson save the Israelites from the Philistines?,Bible Pathway Adventures,16,True,0,3,0
Judges,Samson - part 1,FB_WCY_Judges_5,illustrations,wcy-judges5,Judges 13-15,Samson's calling and wedding.,Wong Chim Yuen,12,False,0,4,0
Judges,Samson - part 1: The birth of Samson,FB_RG_Samson_1,illustrations,rg-samson-1,Judges 13:1-25,An angel visits Manoah and his wife.,Richard Gunther,16,False,0,3,3
Judges,Samson and Delilah,FB_LS_Samson,illustrations,ls-samson,Judges 13-16,Samson is both strong and weak.,Lambsongs,9,False,0,1,3
Judges,Samson sets a riddle,FB_Samson_Riddle,illustrations,samson-riddle,Judges 13:1-14:20,Wedding guests are given a riddle to solve.,Sweet Publishing,21,False,0,3,7
Judges,Samson - part 2: Samson and his riddle,FB_RG_Samson_2,illustrations,rg-samson-2,Judges 14:1-20,Samson marries a Philistine and sets a riddle.,Richard Gunther,22,False,0,3,3
Judges,Samson - part 3: Samson's revenge on the Philistines,FB_RG_Samson_3,illustrations,rg-samson-3,Judges 15:1-20,Samson attacks the Philistines with a jawbone.,Richard Gunther,18,False,0,3,3
Judges,Samson attacks the Philistines,FB_Samson_Philistines,illustrations,samson-philistines,Judges 15:1-20,Samson overpowers the Philistines.,Sweet Publishing,14,False,0,3,7
Judges,Judges: Samson - part 2,FB_WCY_Judges_6,illustrations,wcy-judges6,Judges 16,The secret of Samson's strength is revealed.,Wong Chim Yuen,7,False,0,4,0
Judges,Samson - part 4: Samson and Delilah,FB_RG_Samson_4,illustrations,rg-samson-4,Judges 16:1-15,Delilah and the secret of Samson's strength.,Richard Gunther,21,False,0,3,3
Judges,Samson and Delilah,FB_ED_Samson,illustrations,ed-samson,Judges 16:4-31,A strong man shows his weakness.,Edge Group – Lion Hudson,13,False,0,2,0
Judges,Samson and Delilah ,FB_CEF_Judges_6,illustrations,cef-judges6,Judges 16:4-31,The Philistines find the secret of Samson's strength.,Child Evangelism Fellowship (Europe),7,False,0,6,0
Judges,The secret of Samson's strength is revealed,FB_Samson_Hair,illustrations,samson-hair,Judges 16:4-31,Samson foolishly shares the secret of his strength.,Sweet Publishing,17,False,0,3,7
Judges,Samson - part 5: Samson's final act of strength,FB_RG_Samson_5,illustrations,rg-samson-5,Judges 16:15-31,Samson's hair regrows for a final act of strength.,Richard Gunther,16,False,0,3,3
Judges,Bible maps - Judges,FB_BM_Maps_Judges,illustrations,bm-maps-judges,Judges,Maps showing locations in Judges.,David P. Barrett – BibleMapper.com,11,False,0,4,3
Judges,Gospel images - Judges,FB_JVH_Judges,illustrations,jvh-judges,Judges,Scenes from the book of Judges.,Jan van ’t Hoff – Gospel images,5,False,0,7,0
Ruth,Ruth and Naomi,FB_LS_Ruth_Naomi,illustrations,ls-ruth-naomi,Ruth 1-2,Ruth trusts God and cares for her mother-in-law Naomi.,Lambsongs,9,False,0,1,3
Ruth,The story of Ruth - part 1,FB_SPI_Ruth_Part1,illustrations,spi-ruth-1,Ruth 1,Ruth the Moabite marries a son of Elimelech.,Sweet Publishing – FreeBibleimages,14,False,0,7,7
Ruth,The story of Ruth - part 1,FB_Ruth_Part1,illustrations,ruth-1,Ruth 1,Ruth the Moabite marries a son of Elimelech.,Sweet Publishing,14,False,0,3,7
Ruth,The story of Ruth - part 2,FB_SPI_Ruth_Part2,illustrations,spi-ruth-2,Ruth 2,Ruth gathers grain in the fields of Boaz who provides for her.,Sweet Publishing – FreeBibleimages,12,False,0,7,7
Ruth,The story of Ruth - part 2,FB_Ruth_Part2,illustrations,ruth-2,Ruth 2,Ruth gathers grain in the fields of Boaz who provides for her.,Sweet Publishing,12,False,0,3,7
Ruth,Ruth and Boaz,FB_LS_Ruth_Boaz,illustrations,ls-ruth-boaz,Ruth 3-4,Boaz makes arrangements to get married to Ruth.,Lambsongs,9,False,0,1,3
Ruth,The story of Ruth - part 3,FB_SPI_Ruth_Part3,illustrations,spi-ruth-3,Ruth 3 - 4,"Boaz, the guardian-redeemer, marries Ruth.",Sweet Publishing – FreeBibleimages,12,False,0,7,7
Ruth,The story of Ruth - part 3,FB_Ruth_Part3,illustrations,ruth-3,Ruth 3 - 4,"Boaz, the guardian-redeemer, marries Ruth.",Sweet Publishing,12,False,0,3,7
Ruth,Gospel images - Ruth,FB_JVH_Ruth,illustrations,jvh-ruth,Ruth,Paintings of key scenes in Ruth.,Jan van ’t Hoff – Gospel images,4,False,0,7,0
Ruth,Ruth - the outsider,FB_ED_Ruth,illustrations,ed-ruth,Ruth,Ruth the Moabite arrives in Bethlehem with Naomi.,Edge Group – Lion Hudson,16,False,0,2,0
1 Samuel,Hannah gives Samuel to God,FB_ED_Samuel,illustrations,ed-samuel,1 Samuel 1-3,Hannah's prayer is answered when Samuel is born.,Edge Group – Lion Hudson,18,False,0,2,0
1 Samuel,Hannah's Prayer,FB_FN_Hannah_Prayer,illustrations,fn-hannah-prayer,1 Samuel 1:1-28,God answers Hannah's prayer for a son.,Amy & Carly of Fishnet Bible stories,9,True,0,1,0
1 Samuel,Hannah's prayer,FB_LS_Hannah_Prayer,illustrations,ls-hannah-prayer,1 Samuel 1,Eli sees Hannah praying for a child.,Lambsongs,9,False,0,1,3
1 Samuel,Samuel Worships God,FB_FN_Samuel_Worships,illustrations,fn-samuel-worships,1 Samuel 1-4,Samuel grows up with Eli and his sons.,Amy & Carly of Fishnet Bible stories,9,True,0,1,0
1 Samuel,Samuel and Saul,FB_YO_Samuel_Saul,illustrations,yo-samuel-saul,1 Samuel 1-16,The prophet Samuel's relationship with King Saul.,YO! Ministry,19,True,0,6,0
1 Samuel,Samuel is born,FB_Samuel_Born,illustrations,samuel-born,1 Samuel 1:1-28,Hannah prays for a son she will dedicate to God.,Sweet Publishing,14,False,0,3,7
1 Samuel,Samuel learns to listen to God,FB_FL_Samuel,illustrations,fl-samuel,1 Samuel 1-3,Young Samuel becomes God's messenger.,Frances Lee,16,False,0,1,0
1 Samuel,The Ark is captured,FB_BH_Ark_Captured,illustrations,bh-ark-captured,1 Samuel 1-7,The Ark into taken into battle and captured by the Philistines.,Jack Foster,15,False,0,1,3
1 Samuel,The call of Samuel,FB_Moody_Samuel,illustrations,moody-samuel,1 Samuel 1-3,God speaks to Israel through a young Samuel.,Moody Publishers,33,False,0,2,0
1 Samuel,God speaks to young Samuel,FB_Samuel_Listens,illustrations,samuel-listens,1 Samuel 2:1-4:22,"Young Samuel, Eli and God's voice in the night.",Sweet Publishing,21,False,0,3,7
1 Samuel,Samuel Listens to God,FB_FN_Samuel_Listens,illustrations,fn-samuel-listens,1 Samuel 2-4,God speaks to young Samuel in the night.,Amy & Carly of Fishnet Bible stories,8,True,0,1,0
1 Samuel,God calls Samuel,FB_GNPI_AS_Samuel,illustrations,gnpi-as-samuel,1 Samuel 3:1-20,Samuel learns to listen and obey God.,GNPI – Amazing Stories,27,True,0,1,0
1 Samuel,Samuel hears a voice in the night,FB_AB_Samuel,illustrations,ab-samuel,1 Samuel 3:1-20,"Eli, Samuel and God's voice in the night.",Aleph with Beth,20,False,0,3,7
1 Samuel,Samuel hears from God,FB_LS_Samuel_Eli,illustrations,ls-samuel-eli,1 Samuel 3:1-21,God speaks to the nation through young Samuel.,Lambsongs,9,False,0,1,3
1 Samuel,Samuel listens to God,FB_RG_Young_Samuel,illustrations,rg-young-samuel,1 Samuel 3:1-21,God speaks to a nation through a young boy.,Richard Gunther,14,False,0,3,3
1 Samuel,Samuel and the Ebenezer stone,FB_Samuel_Ebenezer,illustrations,samuel-ebenezer,1 Samuel 6-7,A stone is erected to remind people to trust in God.,Sweet Publishing,28,False,0,3,7
1 Samuel,Samuel becomes a priest,FB_FN_Samuel_Priest,illustrations,fn-samuel-priest,1 Samuel 7:1-17,Samuel helps the people return to God.,Amy & Carly of Fishnet Bible stories,7,True,0,1,0
1 Samuel,Israel wants a King,FB_FN_Samuel_King,illustrations,fn-samuel-king,1 Samuel 8:1-22,Samuel faces demands for a King.,Amy & Carly of Fishnet Bible stories,8,True,0,1,0
1 Samuel,King Saul gains and loses his crown,FB_ED_King_Saul,illustrations,ed-king-saul,1 Samuel 8-15,King Saul disobeys and God takes the crown from his family.,Edge Group – Lion Hudson,22,False,0,2,0
1 Samuel,Samuel anoints Saul as King,FB_Samuel_Saul,illustrations,samuel-saul,1 Samuel 8:1-10:27,Saul becomes the first King of Israel.,Sweet Publishing,19,False,0,3,7
1 Samuel,Saul becomes king,FB_BH_Samuel_Saul,illustrations,bh-samuel-saul,1 Samuel 8-15,Samuel anoints Saul as King and warns about disobedience.,Jack Foster,11,False,0,1,3
1 Samuel,Saul meets Samuel the prophet,FB_FN_Samuel_Saul,illustrations,fn-samuel-saul,1 Samuel 9:1-27,Saul searches for lost donkeys.,Amy & Carly of Fishnet Bible stories,8,True,0,1,0
1 Samuel,Samuel anoints Saul King,FB_FN_Samuel_Anoints_Saul,illustrations,fn-samuel-anoints-saul,1 Samuel 10:1-26,Saul is reluctant to be crowned as King.,Amy & Carly of Fishnet Bible stories,7,True,0,1,0
1 Samuel,David and King Saul,FB_Moody_David_Saul,illustrations,moody-david-saul,1 Samuel 15-26,David spares the life of King Saul.,Moody Publishers,47,False,0,2,0
1 Samuel,David vs Goliath,FB_FN_David_Goliath,illustrations,fn-david-goliath,1 Samuel 15-17,David trusts God to help him overcome a giant.,Amy & Carly of Fishnet Bible stories,11,True,0,1,0
1 Samuel,Facing the giant,FB_BPA_David,illustrations,bpa-david,1 Samuel 15-17," Can David slay the mighty giant, Goliath?",Bible Pathway Adventures,18,True,0,3,0
1 Samuel,King Saul attacks the Amalekites,FB_Saul_Amalekites,illustrations,saul-amalekites,1 Samuel 15:1-35,"King Saul, the Amalekites and a command disobeyed.",Sweet Publishing,19,False,0,3,7
1 Samuel,Choosing a King,FB_LS_David_Anointed,illustrations,ls-david-anointed,1 Samuel 16,Samuel anoints David as King.,Lambsongs,9,False,0,1,3
1 Samuel,David and Goliath,FB_YO_David_Goliath,illustrations,yo-david-goliath,1 Samuel 16-17,David goes into a duel with a Philistine giant.,YO! Ministry,21,True,0,6,0
1 Samuel,David fights Goliath,FB_ML_David_Goliath,illustrations,ml-david-goliath,1 Samuel 16-17,David puts his trust in God.,MYELLOVE,8,False,0,1,0
1 Samuel,David fights Goliath,FB_BH_David_Goliath,illustrations,bh-david-goliath,1 Samuel 16:1-17:53,David puts his trust in God to fight Goliath.,Jack Foster,9,False,0,1,3
1 Samuel,Samuel anoints David,FB_FN_Samuel_David,illustrations,fn-samuel-david,1 Samuel 16:1-16,The youngest of Jesse's sons is chosen to be King.,Amy & Carly of Fishnet Bible stories,8,True,0,1,0
1 Samuel,Samuel anoints David to be King,FB_Samuel_David_Anointed,illustrations,samuel-david-anointed,1 Samuel 16:1-23,"Samuel anoints Jesse's youngest son, David, as King.",Sweet Publishing,15,False,0,3,7
1 Samuel,David and Saul,FB_FN_Saul_David,illustrations,fn-saul-david,"1 Samuel 16:14-23, 18:1-16",King Saul becomes jealous of David.,Amy & Carly of Fishnet Bible stories,6,True,0,1,0
1 Samuel,Brave David v Giant Goliath,FB_RG_David_Goliath,illustrations,rg-david-goliath,1 Samuel 17,David trusts God and fights the giant Goliath.,Richard Gunther,32,False,0,3,3
1 Samuel,David and Goliath,FB_GNPI_AS_David,illustrations,gnpi-as-david,1 Samuel 17:1-58,David trusts in God to defeat a giant.,GNPI – Amazing Stories,30,True,0,1,0
1 Samuel,David and Goliath,FB_LS_David_Goliath,illustrations,ls-david-goliath,1 Samuel 17,David trusts in God and fights the giant Goliath.,Lambsongs,8,False,0,1,3
1 Samuel,David and Goliath,FB_David_Goliath,illustrations,david-goliath,1 Samuel 17:1-58,David trusts God and fights the Philistine giant Goliath.,Sweet Publishing,21,False,0,3,7
1 Samuel,"David, the lion and the bear",FB_LS_David_Lion,illustrations,ls-david-lion,1 Samuel 17:3,David protects his sheep from wild animals.,Lambsongs,9,False,0,1,3
1 Samuel,David looks after his sheep,FB_LS_David_Sheep,illustrations,ls-david-sheep,1 Samuel 17:17,David protects his flock from lions and bears.,Lambsongs,9,False,0,1,3
1 Samuel,"David, the lion and the bear",FB_RG_David_Lion_Bear,illustrations,rg-david-lion-bear,1 Samuel 17:34-37,David shows bravery in protecting his sheep.,Richard Gunther,16,False,0,3,3
1 Samuel,David and Goliath,FB_CTA_David_Goliath,illustrations,cta-david-goliath,1 Samuel 17:39-51,David takes on a Philistine giant.,CommonToAll.com,5,False,0,3,7
1 Samuel,David and King Saul,FB_LS_David_Saul,illustrations,ls-david-saul,1 Samuel 18,King Saul becomes jealous of David.,Lambsongs,9,False,0,1,3
1 Samuel,Jonathan and David promise friendship,FB_David_Jonathan,illustrations,david-jonathan,1 Samuel 18:1-20:42,A promise of loyalty and friendship.,Sweet Publishing,25,False,0,3,7
1 Samuel,King Saul is jealous of David,FB_ML_David_Saul,illustrations,ml-david-saul,1 Samuel 18-20,Jonathan is a friend to David.,MYELLOVE,7,False,0,1,0
1 Samuel,David spares King Saul's life,FB_David_Saul_Cave,illustrations,david-saul-cave,"1 Samuel 22:1-2, 23:1 - 24:22",David cuts the corner of Saul's robe.,Sweet Publishing,17,False,0,3,7
1 Samuel,King David,FB_FN_King_David,illustrations,fn-king-david,1 Samuel 23-30,Saul dies and David is anointed King.,Amy & Carly of Fishnet Bible stories,7,True,0,1,0
1 Samuel,David finds Saul in a cave,FB_LS_David_Cave,illustrations,ls-david-cave,1 Samuel 24,David refuses to hurt King Saul.,Lambsongs,9,False,0,1,3
1 Samuel,David spares Saul's life,FB_ML_David_Cloak,illustrations,ml-david-cloak,1 Samuel 24:1-22,David refuses to harm Saul.,MYELLOVE,7,False,0,1,0
1 Samuel,Abigail prevents a fight,FB_RG_David_Abigail,illustrations,rg-david-abigail,1 Samuel 25:1-42,Abigail prevents conflict between David and Nabal.,Richard Gunther,18,False,0,3,3
1 Samuel,"David, Nabal and Abigail",FB_BH_David_Abigail,illustrations,bh-david-abigail,1 Samuel 25:1-42,Abigail intervenes to prevent a fight.,Jack Foster,13,False,0,1,3
1 Samuel,David doesn't hurt King Saul,FB_LS_David_Spear,illustrations,ls-david-spear,1 Samuel 26,David stops Abishai killing King Saul.,Lambsongs,9,False,0,1,3
1 Samuel,Witch of Endor,FB_BPA_Witch_Endor,illustrations,bpa-witch-endor,"1 Samuel 28, 31",Even kings need to listen to God.,Bible Pathway Adventures,16,True,0,3,0
1 Samuel,King Saul's last days,FB_Saul_Last_Days,illustrations,saul-last-days,"1 Samuel 28:31, 2 Samuel 1:1-2:7",Saul foolishly consults a witch before his final battle.,Sweet Publishing,16,False,0,3,7
1 Samuel,Bible Maps - Samuel and King Saul,FB_BM_Maps_Samuel_Saul,illustrations,bm-maps-samuel-saul,1 Samuel,Maps of the era of Samuel and Saul.,David P. Barrett – BibleMapper.com,12,False,0,4,3
1 Samuel,Bible maps - the Kingdom of David,FB_BM_Maps_David,illustrations,bm-maps-david,"1 Samuel, 2 Samuel",Maps of Israel during the time of David.,David P. Barrett – BibleMapper.com,13,False,0,4,3
2 Samuel,David's Promise,FB_FN_David_Mephibosheth,illustrations,fn-david-mephibosheth,"2 Samuel 4:4, 9:1-13","David, Jonathan and disabled Mephibosheth.",Amy & Carly of Fishnet Bible stories,8,True,0,1,0
2 Samuel,Mephibosheth,FB_LS_Mephibosheth,illustrations,ls-mephibosheth,"2 Samuel 4:4, 9:1-11",David shows kindness to a lame man.,Lambsongs,8,True,0,1,3
2 Samuel,King David brings the Ark to Jerusalem,FB_David_Ark,illustrations,david-ark,"2 Samuel 5:1 - 6:23, 1 Chronicles 11, 13, 15",David learns how he must bring the Ark to Jerusalem.,Sweet Publishing,19,False,0,3,7
2 Samuel,David shows kindness to Mephibosheth,FB_David_Mephibosheth,illustrations,david-mephibosheth,2 Samuel 9:1-13,"David helps disabled Mephibosheth, the son of Jonathan.",Sweet Publishing,10,False,0,3,7
2 Samuel,David battles with the Ammonites,FB_David_Ammonites,illustrations,david-ammonites,2 Samuel 10:1-19,David's messengers are humiliated by the Ammonites.,Sweet Publishing,15,False,0,3,7
2 Samuel,"David, Bathsheba and Nathan's parable",FB_David_Bathsheba,illustrations,david-bathsheba,2 Samuel 11:1-12:25,Prophet Nathan confronts David about adultery and murder.,Sweet Publishing,20,False,0,3,7
2 Samuel,Absalom rebels against King David,FB_David_Absalom,illustrations,david-absalom,2 Samuel 15:1 - 18:33,Absalom rebels and gathers an army.,Sweet Publishing,25,False,0,3,7
2 Samuel,David and Shimei,FB_JN_David_Shimei,illustrations,jn-david-shimei,"2 Samuel 16:5-14, 19:15-23",David refuses to take revenge on Shimei.,Jo and Nik,6,False,0,3,0
2 Samuel,David's three mighty men,FB_ED_Mighty_Men,illustrations,ed-mighty-men,2 Samuel 23:8-17,"Jashobeam, Eleazar and Shammah become heroes.",Edge Group – Lion Hudson,6,False,0,2,0
1 Kings,Solomon is crowned king,FB_Solomon_King,illustrations,solomon-king,1 Kings 1 - 2,Adonijah plots but David chooses Solomon to be King.,Sweet Publishing,15,False,0,3,7
1 Kings,The wisdom of Solomon,FB_Solomon_Moody,illustrations,solomon-moody,"1 Kings 1-10, 2 Chronicles 1-9","King Solomon, two mothers and a baby.",Moody Publishers,36,False,0,2,0
1 Kings,The wisdom of King Solomon,FB_ML_Solomon_Wisdom,illustrations,ml-solomon-wisdom,"1 Kings 1:28-38, 3:1-28",Solomon asks God for wisdom.,MYELLOVE,8,False,0,1,0
1 Kings,King Solomon,FB_LS_Solomon,illustrations,ls-solomon,1 Kings 2-3,King Solomon asks God for wisdom.,Lambsongs,9,False,0,1,3
1 Kings,Solomon the Temple builder,FB_BPA_Solomon,illustrations,bpa-solomon,"1 Kings 2-11, 2 Chronicles 1-9","Solomon gains wisdom, builds the Temple but also disobeys.",Bible Pathway Adventures,17,True,0,3,0
1 Kings,God gives Solomon wisdom,FB_Solomon_Wisdom,illustrations,solomon-wisdom,"1 Kings 3, 1 Chronicles 1","Wise Solomon, two mothers and the disputed baby.",Sweet Publishing,14,False,0,3,7
1 Kings,King Solomon is very wise,FB_LS_Solomon_Wisdom,illustrations,ls-solomon-wise,1 Kings 3,Solomon's wisdom tested by two mothers and a baby.,Lambsongs,9,False,0,1,3
1 Kings,Solomon shows wisdom,FB_ED_Solomon_Wisdom,illustrations,ed-solomon-wisdom,"1 Kings 3, 2 Chronicles 1","Wise King Solomon, two mothers and a disputed baby.",Edge Group – Lion Hudson,11,False,0,2,0
1 Kings,King Solomon builds the Temple,FB_Solomon_Temple,illustrations,solomon-temple,"1 Kings 5 - 9, 2 Chronicles 2 - 7",Kind Solomon obeys King David and builds the temple.,Sweet Publishing,17,False,0,3,7
1 Kings,Solomon's Temple (Inner),FB_BS_Solomon_Temple_Inner,illustrations,bs-solomon-temple-inner,"1 Kings 5-6, 2 Chronicles 3-5",3D images of the interior of Solomon's temple.,Bible Scenes,12,True,0,6,7
1 Kings,Solomon's Temple (Outer),FB_BS_Solomon_Temple_Outer,illustrations,bs-solomon-temple-outer,"1 Kings 5-6, 2 Chronicles 3-5",3D scenes of the outside of Solomon's temple.,Bible Scenes,14,True,0,6,7
1 Kings,Rehoboam and Jeroboam: The Kingdom divides,FB_Rehoboam_Jeroboam,illustrations,rehoboam-jeroboam,"1 Kings 11-12, 2 Chronicles 9:29 - 11:4",Ten tribes rebel against Rehoboam and want Jeroboam.,Sweet Publishing,25,False,0,3,7
1 Kings,King Asa trusts God for victory and peace,FB_Asa_Cush,illustrations,asa-cush,"1 Kings 15:9-15, 2 Chronicles 14:1-15:19",King Asa is attacked by the Cushites.,Sweet Publishing,22,False,0,3,7
1 Kings,King Asa fails to trust God and faces conflict,FB_Asa_Baasha,illustrations,asa-baasha,"1 Kings 15:16-24, 2 Chronicles 16:1-13",King Asa robs the temple treasury.,Sweet Publishing,15,False,0,3,7
1 Kings,Elijah the prophet,FB_YO_Prophet_Elijah,illustrations,yo-prophet-elijah,1 Kings 16:27-18:46,"Elijah, the contest on Mount Carmel and prayer for rain.",YO! Ministry,19,False,0,6,0
1 Kings,Elijah and the prophets of Baal,FB_Elijah_Prophets_Baal,illustrations,elijah-prophets-baal,"1 Kings 16:29 - 17:1, 18:1-46",Elijah contests with the prophets of Baal on Carmel.,Moody Publishers,46,False,0,2,0
1 Kings,Elijah and the big contest,FB_BH_Elijah_Contest,illustrations,bh-elijah-contest,1 Kings 17-18,Elijah challenges the prophets of Baal.,Jack Foster,26,False,0,1,3
1 Kings,Elijah and the great famine,FB_ML_Elijah_Widow,illustrations,ml-elijah-widow,1 Kings 17:1-24,Elijah helps a widow and her son.,MYELLOVE,8,False,0,1,0
1 Kings,Elijah and the ravens,FB_LS_Elijah_Ravens,illustrations,ls-elijah-ravens,1 Kings 17:1-7,God uses ravens to feed Elijah.,Lambsongs,8,False,0,1,3
1 Kings,Elijah fed by ravens,FB_RG_Elijah_Ravens,illustrations,rg-elijah-ravens,1 Kings 17:1-9,God provides food for Elijah at Brook Cherith.,Richard Gunther,18,False,0,3,3
1 Kings,God provides food for Elijah,FB_SB_Elijah_Food,illustrations,sb-elijah-food,1 Kings 17,"Elijah, the great drought and ravens.",Sue Bentley,16,True,0,1,7
1 Kings,Ravens fed Elijah,FB_Elijah_Brook,illustrations,elijah-brook,1 Kings 17:1-9,Ravens feed Elijah as he hides from King Ahab.,Sweet Publishing,16,False,0,3,7
1 Kings,Elijah and the widow of Zarephath,FB_Elijah_Widow_Boy,illustrations,elijah-widow-boy,1 Kings 17:7-18:1,"Elijah, a widow and her son and miracles.",Sweet Publishing,14,False,0,3,7
1 Kings,Elijah and the widow,FB_LS_Elijah_Widow,illustrations,ls-elijah-widow,1 Kings 17:8-24,"God provides flour and oil for Elijah, a widow and her son.",Lambsongs,8,False,0,1,3
1 Kings,"Elijah, the widow and her son",FB_RG_Elijah_Widow,illustrations,rg-elijah-widow,1 Kings 17:8-24,God provides for Elijah and resurrects a widow's son.,Richard Gunther,19,False,0,3,3
1 Kings,Elijah and the priests of Baal,FB_RP_Elijah_Baal,illustrations,rp-elijah-baal,1 Kings 18:1-40,Elijah challenges the prophets of Baal and Asherah.,René Pfitzner,44,True,0,3,0
1 Kings,Elijah and the prophets of Baal,FB_RG_Elijah_Baal,illustrations,rg-elijah-baal,1 Kings 18,Elijah and the prophets of Baal compete on Carmel.,Richard Gunther,48,False,0,3,3
1 Kings,Elijah and the prophets of Baal,FB_Elijah_Carmel,illustrations,elijah-carmel,1 Kings 18:1-40,Elijah and the prophets of Baal contest on Mount Carmel.,Sweet Publishing,20,False,0,3,7
1 Kings,Elijah prays for fire then rain,FB_ML_Elijah_Prays,illustrations,ml-elijah-prays,1 Kings 18:1-46,Elijah's prayers are answered.,MYELLOVE,8,False,0,1,0
1 Kings,Elijah and the prophets of Baal,FB_LS_Elijah_Baal,illustrations,ls-elijah-baal,1 Kings 18:16-46,Elijah's contest on Mount Carmel.,Lambsongs,8,False,0,1,3
1 Kings,Elijah prays for rain,FB_Elijah_Prays_Rain,illustrations,elijah-prays-rain,1 Kings 18:41-46,Elijah prays seven times for God to send rain.,Sweet Publishing,20,False,0,3,7
1 Kings,"Earthquake, wind and fire",FB_ED_Elijah_Elisha,illustrations,ed-elijah-elisha,1 Kings 19:8-21,Elijah hears God's voice on Mount Horeb.,Edge Group – Lion Hudson,11,False,0,2,0
1 Kings,Elijah anoints Elisha,FB_Elijah_Elisha,illustrations,elijah-elisha,"1 Kings 19:16, 19-21",Elijah obeys God and gives his mantle to Elisha.,Arabs for Christ,8,False,0,2,7
1 Kings,King Ahab v King Ben-Hadad,FB_RG_Ahab_Benhadad,illustrations,rg-ahab-benhadad,"1 Kings 20, 22",King Ahab battles against King Ben-Hadad of Syria.,Richard Gunther,25,False,0,3,3
1 Kings,Ahab - the pouting king,FB_Moody_Ahab,illustrations,moody-ahab,1 Kings 21:1-21,King Ahab and Jezebel murder Naboth for his vineyard.,Moody Publishers,36,False,0,2,0
1 Kings,King Ahab steals a vineyard,FB_RG_Naboth_Vineyard,illustrations,rg-naboth-vineyard,1 Kings 21,Elijah confronts King Ahab over Naboth and his vineyard.,Richard Gunther,23,False,0,3,3
1 Kings,"King Ahab, Jezebel and Naboth's vineyard",FB_Naboth_Ahab,illustrations,naboth-ahab,1 Kings 21:1-29,"King Ahab, Jezebel and the scheme to get Naboth's vineyard.",Sweet Publishing,16,False,0,3,7
1 Kings,God's judgement on Ahab's family,FB_RG_Ahab_Jehu,illustrations,rg-ahab-jehu,"1 Kings 22, 2 Kings 9",God deals with wicked King Ahab and his family.,Richard Gunther,28,False,0,2,3
1 Kings,Jehoshaphat and Ahab ignore God's message,FB_Jehoshaphat_Ahab,illustrations,jehoshaphat-ahab,"1 Kings 22:1-40, 2 Chronicles 18:1-34",Jehoshaphat listens to false prophets not the prophet of God.,Sweet Publishing,30,False,0,3,7
1 Kings,King Jehoshaphat sets out to obey God,FB_Jehoshaphat_Reforms,illustrations,jehoshaphat-reforms,"1 Kings 22:41-47, 2 Chronicles 17:1-19",King Jehoshaphat encourages the nation to obey God.,Sweet Publishing,13,False,0,3,7
2 Kings,King Ahaziah tries to arrest Elijah,FB_RG_Ahaziah_Elijah,illustrations,rg-ahaziah-elijah,2 Kings 1:1-18,Elijah the prophet brings fire on the King's soldiers.,Richard Gunther,24,False,0,3,3
2 Kings,"King Ahaziah, Elijah and fire from heaven",FB_Elijah_Ahaziah,illustrations,elijah-ahaziah,2 Kings 1:1-18,"King Ahaziah, a false god and Elijah's intervention.",Arabs for Christ,15,False,0,2,7
2 Kings,Elijah and Elisha,FB_LS_Elijah_Elisha,illustrations,ls-elijah-elisha,2 Kings 2:1-14,Elijah goes up to heaven and Elisha takes over.,Lambsongs,8,False,0,1,3
2 Kings,Elijah and Elisha,FB_RP_Elijah_Elisha,illustrations,rp-elijah-elisha,2 Kings 2:1-17,Elisha sees Elijah go to heaven in a fiery chariot.,René Pfitzner,32,True,0,3,0
2 Kings,Elijah and the chariot of fire,FB_Elijah_Chariot,illustrations,elijah-chariot,2 Kings 2:1-17,"Elijah, a fiery chariot and the mantle that falls to Elisha.",Sweet Publishing,14,False,0,3,7
2 Kings,Elisha takes over from Elijah,FB_RG_Elijah_Elisha,illustrations,rg-elijah-elisha,2 Kings 2:1-18,"Elijah, the fiery chariot and the mantle falls to Elisha.",Richard Gunther,20,False,0,3,3
2 Kings,"Elisha, bitter water and bears",FB_RG_Elisha_Water_Bears,illustrations,rg-elisha-water-bears,2 Kings 2:13-25,"Elisha, the undrinkable water and a mob of bullies.",Richard Gunther,10,False,0,3,3
2 Kings,Elisha and the miracle water,FB_RG_Elisha_Salt,illustrations,rg-elisha-salt,2 Kings 2:19-22,Elisha puts salt into a spring to get pure water.,Richard Gunther,9,False,0,3,3
2 Kings,Elisha and the bears,FB_RG_Elisha_Bears,illustrations,rg-elisha-bears,2 Kings 2:23-25,"Two bears, Elisha and a gang of mocking youths.",Richard Gunther,13,False,0,3,3
2 Kings,Elisha and the three kings,FB_RG_Elisha_Kings,illustrations,rg-elisha-kings,2 Kings 3:1-27,"The Moabites, a valley filled with blood and defeat.",Richard Gunther,16,False,0,3,3
2 Kings,Elisha and the jar of oil,FB_DM_Elisha_Oil,illustrations,dm-elisha-oil,2 Kings 4:1-7,God helps a widow who owes money.,Didier Martin,11,False,0,1,0
2 Kings,Elisha and the oil that never ran out,FB_LS_Elisha_Oil,illustrations,ls-elisha-oil,2 Kings 4:1-7,"Elijah, a widow in Zarephath and a jar of oil.",Lambsongs,8,False,0,1,3
2 Kings,Elisha and the widow's oil,FB_RG_Elisha_Oil,illustrations,rg-elisha-oil,2 Kings 4:1-7,"Elisha, a widow in debt and jars of oil.",Richard Gunther,17,False,0,3,3
2 Kings,Elisha helps a widow,FB_CTA_Elisha_Oil,illustrations,cta-elisha-oil,2 Kings 4:1-7,The miracle of the oil.,CommonToAll.com,5,False,0,3,7
2 Kings,The widow pays a debt,FB_GNPI_AS_Elisha,illustrations,gnpi-as-elisha,2 Kings 4:1-7,God provides for a widow and her family.,GNPI – Amazing Stories,18,True,0,1,0
2 Kings,Elisha and the kind woman - part 1,FB_RG_Elisha_KindWoman_1,illustrations,rg-elisha-kind-woman-1,2 Kings 4:8-17,A woman and her husband show Elisha hospitality.,Richard Gunther,16,False,0,3,3
2 Kings,Elisha: A dead boy raised to life,FB_Elisha_Boy,illustrations,elisha-boy,2 Kings 4:8-37,Elisha prays and a dead boy comes back to life.,Sweet Publishing,17,False,0,3,7
2 Kings,The Shunammite woman's land is restored,FB_Shunammite_Land,illustrations,shunammite-land,"2 Kings 4:8-37, 8:1-6",God protects a woman and her land.,Sweet Publishing,22,False,0,3,7
2 Kings,Elisha and the kind woman - part 2,FB_RG_Elisha_KindWoman_2,illustrations,rg-elisha-kind-woman-2,2 Kings 4:18-37,Elisha trusts God to bring a dead son back to life.,Richard Gunther,21,False,0,3,3
2 Kings,Elisha and Naaman - part 1,FB_RG_Elisha_Naaman_1,illustrations,rg-elisha-naaman-1,2 Kings 5:1-12,A Jewish slave girl tells Naaman that God can heal him.,Richard Gunther,19,False,0,3,3
2 Kings,Naaman,FB_Moody_Naaman,illustrations,moody-naaman,2 Kings 5:1-16,A captured servant girl advises Naaman to find help from God.,Moody Publishers,56,False,0,2,0
2 Kings,Naaman and the servant girl,FB_LS_Naaman_Girl,illustrations,ls-naaman-girl,2 Kings 5,A servant girl tells Naaman that God can heal his leprosy.,Lambsongs,9,False,0,1,3
2 Kings,"Naaman, the army general with leprosy",FB_Elisha_Naaman,illustrations,elisha-naaman,2 Kings 5:1-27,"Naaman, leprosy, a Jewish servant girl and Elisha.",Sweet Publishing,17,False,0,3,7
2 Kings,Elisha and Naaman - part 2,FB_RG_Elisha_Naaman_2,illustrations,rg-elisha-naaman-2,2 Kings 5:13-27,Naaman washes seven times in the River Jordan.,Richard Gunther,21,False,0,3,3
2 Kings,Elisha and the axe,FB_RG_Elisha_Axe,illustrations,rg-elisha-axe,2 Kings 6:1-6,Elisha and the floating axe head.,Richard Gunther,9,False,0,3,3
2 Kings,Elisha and the floating axe head,FB_CTA_Elisha_Axe,illustrations,cta-elisha-axe,2 Kings 6:1-7,An axe head is lost in the river Jordan.,CommonToAll.com,5,False,0,3,7
2 Kings,Elisha and the iron axe,FB_DM_Elisha_Axe,illustrations,dm-elisha-axe,2 Kings 6:1-7,The miracle of the floating axe head.,Didier Martin,10,False,0,1,0
2 Kings,Elisha and the Syrian army,FB_Moody_Elisha_Syrians,illustrations,moody-elisha-syrians,2 Kings 6:8-23,Elisha is surrounded by the Syrians but sees God's army.,Moody Publishers,38,False,0,2,0
2 Kings,Elisha and the army of fire - part 1,FB_RG_Elisha_Army_1,illustrations,rg-elisha-army-1,2 Kings 6:8-18,God tells Elisha the battle plans of the King of Syria.,Richard Gunther,21,False,0,3,3
2 Kings,Elisha shows mercy to his enemies,FB_Elisha_Aram,illustrations,elisha-aram,2 Kings 6:8-23,God helps Elisha capture his enemies then release them.,Arabs for Christ,10,False,0,2,7
2 Kings,Elisha and the army of fire - part 2,FB_RG_Elisha_Army_2,illustrations,rg-elisha-army-2,2 Kings 6:18-23,Elisha - the Syrian army is made blind and shown mercy.,Richard Gunther,19,False,0,3,3
2 Kings,Elisha and the siege of Samaria,FB_Elisha_Siege,illustrations,elisha-siege,2 Kings 6:24-7:20,Samaria is under siege and Elisha faces execution.,Arabs for Christ,19,False,0,2,7
2 Kings,Elisha and the siege of Samaria - part 1,FB_RG_Elisha_Samaria_1,illustrations,rg-elisha-samaria-1,2 Kings 6:24 - 7:2,Syrians besiege Samaria and King Jehoram blames Elisha.,Richard Gunther,23,False,0,3,3
2 Kings,Elisha and the siege of Samaria - part 2,FB_RG_Elisha_Samaria_2,illustrations,rg-elisha-samaria-2,2 Kings 7:3-20,Elisha's prophecy is fulfilled when God delivers Samaria.,Richard Gunther,23,False,0,3,3
2 Kings,Joash the boy king,FB_King_Joash,illustrations,king-joash,2 Kings 11:1 - 12:21,"Joash, the 7-year-old King of Judah, and Jehoiada the priest.",Sweet Publishing,13,False,0,3,7
2 Kings,Jonah,FB_FN_Jonah,illustrations,fn-jonah,"2 Kings 14:23-29, Jonah 1-4",Jonah wants God to destroy Nineveh.,Amy & Carly of Fishnet Bible stories,49,True,0,1,0
2 Kings,Israel taken into captivity in Assyria,FB_Israel_Assyria,illustrations,israel-assyria,2 Kings 15:17 - 17:41,The people of Israel are taken as captives by the Assyrians.,Sweet Publishing,18,False,0,3,7
2 Kings,King Hezekiah and the Assyrian invasion,FB_Hezekiah_Assyrians,illustrations,hezekiah-assyrians,"2 Kings 18-19, 2 Chronicles 29 - 32:23, Isaiah 36 - 37",King Hezekiah prays for help when the Assyrians invade.,Sweet Publishing,22,False,0,3,7
2 Kings,Hezekiah asks God for help,FB_RG_Hezekiah,illustrations,rg-hezekiah,"2 Kings 18:17 - 19:37, 2 Chronicles 32:1-23, Isaiah 36:1 - 37:38",King Hezekiah is surrounded by the Assyrian army.,Richard Gunther,9,False,0,3,3
2 Kings,Hezekiah and the sundial,FB_RG_Hezekiah_Sundial,illustrations,rg-hezekiah-sundial,"2 Kings 20:1-11, Isaiah 38:1-22",King Hezekiah's sundial goes backwards as God heals him.,Richard Gunther,18,False,0,3,3
2 Kings,Hezekiah is given a longer life,FB_RG_Hezekiah_Healed,illustrations,rg-hezekiah-healed,"2 Kings 20:1-11, Isaiah 38:1-22","Isaiah, King Hezekiah and the sundial.",Richard Gunther,16,False,0,3,3
2 Kings,Manasseh - the bad king,FB_RG_Manasseh,illustrations,rg-manasseh,"2 Kings 21, 2 Chronicles 33",Evil King Manasseh repents and finds God's forgiveness.,Richard Gunther,26,False,0,3,3
2 Kings,Manasseh: The Prodigal King,FB_King_Manasseh,illustrations,king-manasseh,"2 Kings 21:1-18, 2 Chronicles 33:1-20","Evil King Manasseh is imprisoned, humbled and restored.",Sweet Publishing,23,False,0,3,7
2 Kings,King Josiah: The scroll of God's laws is found,FB_Josiah_Scroll,illustrations,josiah-scroll,"2 Kings 21:19-23, 2 Chronicles 33:21 - 35:27",God's laws are found and read to King Josiah.,Sweet Publishing,31,False,0,3,7
2 Kings,King Josiah hears the law of Moses,FB_LS_Josiah,illustrations,ls-josiah,2 Kings 22-23,King Josiah learns that God's word has been found.,Lambsongs,10,False,0,1,3
2 Kings,King Jehoiakim burns Jeremiah's scroll,FB_Jeremiah_Scroll,illustrations,jeremiah-scroll,"2 Kings 23:28-24:20, Jeremiah 36:1-32","Baruch, Jeremiah and the scroll King Jehoiakim burnt.",Sweet Publishing,27,False,0,3,7
2 Kings,The fall of Jerusalem,FB_Fall_Jerusalem,illustrations,fall-jerusalem,2 Kings 24:1 - 25:26,Babylonians destroy Jerusalem and take the Jews into exile.,Sweet Publishing,16,False,0,3,7
2 Kings,Jeremiah put into a cistern,FB_Jeremiah_Cistern,illustrations,jeremiah-cistern,"2 Kings 25:1-30, Jeremiah 38:1-40:6","Jeremiah, a cistern and an Ethiopian called Ebed Melech.",Sweet Publishing,19,False,0,3,7
2 Chronicles,King Abijah's battle against Jeroboam,FB_Abijah_Jeroboam,illustrations,abijah-jeroboam,2 Chronicles 13:1-22,King Abijah is outnumbered by Jeroboam's army.,Sweet Publishing,21,False,0,3,7
2 Chronicles,King Jehoshaphat trusts God for victory,FB_Jehoshaphat_Victory,illustrations,jehoshaphat-victory,2 Chronicles 20:1-37,God helps King Jehoshaphat to win a battle without fighting.,Sweet Publishing,22,False,0,3,7
2 Chronicles,King Uzziah gets leprosy,FB_Uzziah,illustrations,uzziah,2 Chronicles 26:1-23,An obedient King becomes proud.,Sweet Publishing,19,False,0,3,7
2 Chronicles,Oded rescues captured women and children,FB_Ahaz_Oded,illustrations,ahaz-oded,2 Chronicles 28:1-14,Prophet Oded rescues captured women and children.,Sweet Publishing,23,False,0,3,7
Ezra,Rebuilding the Temple: Part 1,FB_Rebuilding_Temple_1,illustrations,rebuilding-temple-1,Ezra 1-3,Jews return to Jerusalem to lay the foundations of the Temple.,Sweet Publishing,17,False,0,3,7
Ezra,Rebuilding the Temple: Part 2,FB_Rebuilding_Temple_2,illustrations,rebuilding-temple-2,Ezra 4-6,Opposition to the Temple being rebuilt.,Sweet Publishing,13,False,0,3,7
Ezra,Ezra returns to Jerusalem,FB_Ezra,illustrations,ezra,Ezra 7-10,Ezra returns to Jerusalem to read God's laws.,Sweet Publishing,20,False,0,3,7
Nehemiah,Nehemiah: Rebuilding the walls of Jerusalem,FB_SPI_Nehemiah_Part_1,illustrations,spi-nehemiah-1,Nehemiah 1-2,Nehemiah prays about the walls of Jerusalem.,Sweet Publishing – FreeBibleimages,16,False,0,7,7
Nehemiah,Nehemiah: Rebuilding the walls of Jerusalem,FB_Nehemiah_Part_1,illustrations,nehemiah-1,Nehemiah 1-2,Nehemiah prays about the walls of Jerusalem.,Sweet Publishing,16,False,0,3,7
Nehemiah,The cupbearer with a heavy heart,FB_CEF_Nehemiah_1,illustrations,cef-nehemiah1,Nehemiah 1:1-2:8,Nehemiah learns about the ruined walls of Jerusalem.,Child Evangelism Fellowship (Europe),7,False,0,6,0
Nehemiah,A call to arise and build,FB_CEF_Nehemiah_2,illustrations,cef-nehemiah2,Nehemiah 2:9-20,Nehemiah encourages people to rebuild the walls.,Child Evangelism Fellowship (Europe),6,False,0,6,0
Nehemiah,Building walls and facing enemies,FB_CEF_Nehemiah_3,illustrations,cef-nehemiah3,Nehemiah 3-4,Nehemiah and opposition to rebuilding Jerusalem's walls.,Child Evangelism Fellowship (Europe),6,False,0,6,0
Nehemiah,Nehemiah: Overcoming opposition to rebuilding,FB_SPI_Nehemiah_Part_2,illustrations,spi-nehemiah-2,Nehemiah 3-6,Nehemiah and opposition to rebuilding Jerusalem's walls.,Sweet Publishing – FreeBibleimages,23,False,0,7,7
Nehemiah,Nehemiah: Overcoming opposition to rebuilding,FB_Nehemiah_Part_2,illustrations,nehemiah-2,Nehemiah 3-6,Nehemiah and opposition to rebuilding Jerusalem's walls.,Sweet Publishing,23,False,0,3,7
Nehemiah,Facing problems among God's people,FB_CEF_Nehemiah_4,illustrations,cef-nehemiah4,Nehemiah 5-6,Nehemiah faces opposition to rebuilding the walls.,Child Evangelism Fellowship (Europe),6,False,0,6,0
Nehemiah,A city dedicated to God,FB_CEF_Nehemiah_5,illustrations,cef-nehemiah5,Nehemiah 7-13,Ezra reads God's laws at the Watergate.,Child Evangelism Fellowship (Europe),6,False,0,6,0
Esther,Esther - Part 1: Esther becomes queen,FB_RG_Esther_1,illustrations,rg-esther-1,Esther 1-2,"Esther, a Jew, becomes the Queen of Persia.",Richard Gunther,20,False,0,3,3
Esther,Story of Esther: Part 1,FB_Esther_Part_1,illustrations,esther-1,Esther 1-3,Xerxes appoints Esther as Queen of the Medes and Persians.,Sweet Publishing,22,False,0,3,7
Esther,Esther - Part 2: Haman rises to power,FB_RG_Esther_2,illustrations,rg-esther-2,Esther 3-5,Haman plots to kill all the Jews in Persia.,Richard Gunther,24,False,0,3,3
Esther,Story of Esther: Part 2,FB_Esther_Part_2,illustrations,esther-2,Esther 4-6,Queen Esther and the Jews fast and pray for deliverance.,Sweet Publishing,23,False,0,3,7
Esther,Esther - Part 3: Esther trusts in God,FB_RG_Esther_3,illustrations,rg-esther-3,Esther 6-8,God rescues the Jews from Haman.,Richard Gunther,19,False,0,3,3
Esther,Story of Esther: Part 3,FB_Esther_Part_3,illustrations,esther-3,Esther 7-9,Queen Esther acts to destroy Haman and deliver the Jews.,Sweet Publishing,17,False,0,3,7
Esther,Esther - The Chosen Bride,FB_BPA_Esther,illustrations,bpa-esther,Esther,"Queen Esther, Mordecai and the threat from Haman.",Bible Pathway Adventures,17,True,0,3,0
Esther,Esther - a very brave queen,FB_LS_Esther,illustrations,ls-esther,Esther,Queen Esther and the Jews pray for deliverance.,Lambsongs,9,False,0,1,3
Esther,Queen Esther prays for help,FB_GSI_Esther,illustrations,gsi-esther,Esther,Queen Esther asks God to save her people from Haman.,Glory Story – FreeBibleimages,48,False,0,7,7
Esther,Queen Esther prays for her people,FB_ML_Esther,illustrations,ml-esther,Esther,Esther and the Jews are rescued.,MYELLOVE,8,False,0,1,0
Esther,Queen Esther rescues the Jews,FB_BH_Esther,illustrations,bh-esther,Esther,Esther and Mordecai are threatened by Haman.,Jack Foster,22,False,0,1,3
Job,Job gets very bad news,FB_ANV_Job,illustrations,anv-job,Job 1,Job is afflicted with more and more bad news.,Aya & Nicole Velasquez,19,False,0,3,0
Job,Bad things happen to man called Job,FB_ASA_Job,illustrations,asa-job,Job,When bad things happen to a good man God shows His power.,FreeBibleimages,27,False,0,6,3
Job,Job,FB_LS_Job,illustrations,ls-job,Job,Job learns about God through suffering.,Lambsongs,8,False,0,1,3
Job,Paintings of Job,FB_JTJM_Job,illustrations,jtjm-job,Job,Job's suffering and advice from his friends.,James Tissot Collection (The Jewish Museum),11,False,0,4,7
Job,The pain and suffering of Job,FB_BH_Job,illustrations,bh-job,Job,Job suffers and it raises many questions.,Jack Foster,12,False,0,1,3
Job,The story of Job,FB_GSI_Job_Suffering,illustrations,gsi-job-suffering,Job,Job tries to understand his suffering.,Glory Story – FreeBibleimages,60,False,0,7,7
Job,The suffering of Job,FB_Job,illustrations,job,Job,Job's friends comment on his suffering and adversity.,Sweet Publishing,23,False,0,3,7
Psalms,Gospel images - Psalms,FB_JVH_Psalms,illustrations,jvh-psalms,"Psalm 1, 23, 42, 121",Paintings of scenes in the Psalms.,Jan van ’t Hoff – Gospel images,6,False,0,7,0
Psalms,Learning to obey God,FB_CTA_Psalm_1,illustrations,cta-psalm-1,Psalm 1,A Psalm about obedience to God.,CommonToAll.com,5,False,0,3,7
Psalms,Psalm One,FB_RG_Psalm1,illustrations,rg-psalm1,Psalm 1:1-6,A psalm about obedience and bearing good fruit.,Richard Gunther,9,False,0,3,3
Psalms,The songs of David,FB_David_Psalms,illustrations,david-psalms,"Psalm 8, 9, 23, 51, 70, 119",An introduction to the psalms of David.,Sweet Publishing,14,False,0,3,7
Psalms,The Lord is a good shepherd,FB_LS_Psalm_23,illustrations,ls-psalm-23,Psalm 23,David's song about the Good Shepherd.,Lambsongs,8,False,0,1,3
Psalms,The Lord is my Shepherd,FB_BTBM_Psalm_23,illustrations,btbm-psalm-23,Psalm 23,Shepherd David's psalm about his shepherd.,Basic Training Bible Min.,14,False,0,1,3
Psalms,The Lord is my Shepherd,FB_RG_Lord_Shepherd,illustrations,rg-lord-shepherd,Psalm 23,David's psalm about his Shepherd.,Richard Gunther,14,False,0,3,3
Psalms,The Lord is my Shepherd,FB_RG_Psalm23,illustrations,rg-psalm23,Psalm 23,David's psalm about God's care as our Shepherd.,Richard Gunther,13,False,0,3,3
Psalms,The Lord is my shepherd,FB_CTA_Psalm_23,illustrations,cta-psalm23,Psalm 23,A psalm of David.,CommonToAll.com,5,False,0,3,7
Proverbs,The virtuous woman,FB_LS_Virtuous_Woman,illustrations,ls-virtuous-woman,Proverbs 31,A virtuous woman by the mother of King Lemuel.,Lambsongs,16,False,0,1,3
Proverbs,Pictures from Proverbs,FB_BH_Proverbs,illustrations,bh-proverbs,Proverbs,Some of the wise sayings of King Solomon.,Jack Foster,8,False,0,1,3
Ecclesiastes,Everything is meaningless,FB_RG_Solomon_Ecclesiastes,illustrations,rg-solomon-ecclesiastes,Ecclesiastes 1-2,King Solomon writes about true meaning in life.,Richard Gunther,19,False,0,3,3
Isaiah,Isaiah and the names of his sons,FB_BH_Isaiah,illustrations,bh-isaiah,Isaiah 1-12,God gives Isaiah's sons names with special meanings.,Jack Foster,8,False,0,1,3
Isaiah,Isaiah's prophecy about Jesus,FB_RG_Isaiah_53,illustrations,rg-isaiah-53,Isaiah 53,God tells Isaiah about the Saviour He will send.,Richard Gunther,9,False,0,3,3
Isaiah,Prophecy about the crucifixion of Jesus,FB_BS_Jesus_Crucified,illustrations,bs-jesus-crucified,Isaiah 53,A 3D reconstruction of Golgotha.,Bible Scenes,20,True,0,6,7
Jeremiah,Jeremiah - God's spokesman,FB_RG_Jeremiah_Calling,illustrations,rg-jeremiah-calling,Jeremiah 1:4-19,God chooses Jeremiah to be His spokesman.,Richard Gunther,9,False,0,3,3
Ezekiel,Ezekiel's calling and first vision,FB_Ezekiel_Calling,illustrations,ezekiel-calling,Ezekiel 1:1 - 3:27,Ezekiel's vision and calling to speak to the Jews in Babylon.,Sweet Publishing,24,False,0,3,7
Ezekiel,Ezekiel - God's spokesman in Babylon - part 1,FB_RG_Ezekiel_1,illustrations,rg-ezekiel-1,Ezekiel 2-3,Ezekiel speaks for God to the captive Jews in Babylon.,Richard Gunther,17,False,0,3,3
Ezekiel,Ezekiel - God's spokesman in Babylon - part 2,FB_RG_Ezekiel_2,illustrations,rg-ezekiel-2,Ezekiel 4-5,Ezekiel does bizarre things to get people's attention.,Richard Gunther,19,False,0,3,3
Ezekiel,Ezekiel's prophecy about Tyre,FB_RG_Ezekiel_Tyre,illustrations,rg-ezekiel-tyre,Ezekiel 26:1-21,The prophet Ezekiel learns about the future of Tyre.,Richard Gunther,11,False,0,3,3
Ezekiel,Ezekiel and the valley of dry bones,FB_Ezekiel_Valley,illustrations,ezekiel-valley,Ezekiel 37:1-14,Ezekiel's vision of a valley of dry bones coming to life.,Sweet Publishing,12,False,0,3,7
Ezekiel,Ezekiel's vision of the Temple: Part 1,FB_Ezekiel_40_Temple,illustrations,ezekiel-40-temple,Ezekiel 40,Ezekiel's vision of a 'man with the appearance of bronze'.,Biblia Prints,37,True,0,4,0
Ezekiel,Ezekiel's vision of the Temple: Part 2,FB_Ezekiel_41_Temple,illustrations,ezekiel-41-temple,Ezekiel 41,Ezekiel's vision of Holy Place of the new Temple.,Biblia Prints,22,True,0,4,0
Ezekiel,Ezekiel's vision of the Temple: Part 3,FB_Ezekiel_42_Temple,illustrations,ezekiel-42-temple,Ezekiel 42,Ezekiel's vision of the outer courts of the temple.,Biblia Prints,11,True,0,4,0
Ezekiel,Ezekiel's vision of the Temple: Part 4,FB_Ezekiel_43_Temple,illustrations,ezekiel-43-temple,Ezekiel 43,Ezekiel's vision of the glory of the Lord filling the Temple.,Biblia Prints,17,True,0,4,0
Ezekiel,The prophet Ezekiel gets attention,FB_BH_Ezekiel,illustrations,bh-ezekiel,Ezekiel,Ezekiel acts out God's messages.,Jack Foster,11,False,0,1,3
Daniel,Daniel and his friends obey God,FB_Daniel_Food,illustrations,daniel-food,Daniel 1:1-21,Daniel and his friends refuse to eat forbidden food.,Sweet Publishing,12,False,0,3,7
Daniel,Daniel at the King's table,FB_GNPI_AS_Daniel,illustrations,gnpi-as-daniel,Daniel 1:1-21,Daniel and his friends choose to obey God.,GNPI – Amazing Stories,20,True,0,1,0
Daniel,Daniel episode 1: From Israel to Babylon,FB_DG_Daniel_Food,illustrations,dg-daniel-food,Daniel 1:1-21,Daniel and his friends obey God in a foreign land.,David & Goliath (DG),16,True,0,3,0
Daniel,Daniel in the lions' den,FB_YO_Daniel,illustrations,yo-daniel,Daniel 1-6,Daniel chooses to obey and keep praying.,YO! Ministry,17,True,0,6,0
Daniel,Daniel episode 2: Nebuchanezzar's dream,FB_DG_Daniel_Dream,illustrations,dg-daniel-dream,Daniel 2:1-49,God helps Daniel interpret Nebuchadnezzar's dream.,David & Goliath (DG),20,True,0,3,0
Daniel,Daniel interprets the King's Dream,FB_Daniel_Dream,illustrations,daniel-dream,Daniel 2:1-49,God reveals Nebuchadnezzar's dream to Daniel.,Sweet Publishing,12,False,0,3,7
Daniel,Dream statue of Nebuchadnezzar,FB_BS_Nebuchadnezzar_Statue,illustrations,bs-nebuchadnezzar-statue,Daniel 2:1-49,Daniel explains the meaning of the statue.,Bible Scenes,16,True,0,6,7
Daniel,Nebuchadnezzar's dream,FB_Nebuchadnezzar_Dream,illustrations,nebuchadnezzars-dream,Daniel 2:1-49,God reveals Nebuchadnezzar's dream to Daniel.,Revelation TV,13,False,0,4,0
Daniel,Nebuchadnezzar's dream and Daniel's vision,FB_YL_Daniel_Visions,illustrations,yl-daniel-visions,"Daniel 2, 7",Nebuchadnezzar's dream and a vision of four beasts.,Rev. Yves Langevin,19,False,0,2,3
Daniel,Daniel episode 3: The fiery furnace,FB_DG_Fiery_Furnace,illustrations,dg-fiery-furnace,Daniel 3:1-30,"Shadrach, Meshach and Abednego make a stand for God.",David & Goliath (DG),23,True,0,3,0
Daniel,"Shadrach, Meshach and Abednego",FB_LS_ThreeMen_Fire,illustrations,ls-three-men-fire,Daniel 3,Three men refuse to bow down to a false idol.,Lambsongs,10,False,0,1,3
Daniel,The Fiery Furnace,FB_Fiery_Furnace,illustrations,fiery-furnace,Daniel 3,"Meshach, Shadrach and Abednego and the fiery furnace.",Moody Publishers,47,False,0,2,0
Daniel,Three men and a fiery furnace,FB_Fiery_Furnace_Preschool,illustrations,fiery-furnace-preschool,Daniel 3,"Meshach, Shadrach, Abednego and the fiery furnace.",Sue Bentley,13,False,0,1,7
Daniel,Three men put God first,FB_ML_Fiery_Furnace,illustrations,ml-fiery-furnace,Daniel 3,"Shadrach, Meshach and Abednego make a stand for God.",MYELLOVE,8,False,0,1,0
Daniel,Three men stand up for God,FB_Meshach_Shadrach_Abednego,illustrations,meshach-shadrach-abednego,Daniel 3:1-30,"Meshach, Shadrach, Abednego and the fiery furnace.",Sweet Publishing,13,False,0,3,7
Daniel,Daniel episode 4: King Nebuchadnezzar's madness,FB_DG_Daniel_Nebuchadnezzar,illustrations,dg-daniel-nebuchadnezzar,Daniel 4:1-37,Pride leads to the downfall of King Nebuchadnezzar.,David & Goliath (DG),20,True,0,3,0
Daniel,Nebuchadnezzar - a very proud king,FB_LS_Proud_King,illustrations,ls-proud-king,Daniel 4:1-37,King Nebuchadnezzar is humbled by God.,Lambsongs,8,False,0,1,3
Daniel,Proud Nebuchadnezzar is humbled,FB_RG_Nebuchadnezzar,illustrations,rg-nebuchadnezzar,Daniel 4:1-37,Mighty King Nebuchadnezzar loses his mind.,Richard Gunther,26,False,0,3,3
Daniel,Belshazzar's feast,FB_Moody_Belshazzar,illustrations,moody-belshazzar,Daniel 5:1-31,When Belshazzar mocks God the writing is on the wall.,Moody Publishers,40,False,0,2,0
Daniel,Daniel: The writing on the wall,FB_Daniel_Feast,illustrations,daniel-feast,Daniel 5:1-31,God writes His judgement of King Belshazzar.,Sweet Publishing,15,False,0,3,7
Daniel,The writing on the wall,FB_BS_Writing_Wall,illustrations,bs-writing-wall,Daniel 5,King Belshazzar gets a written judgement.,Bible Scenes,17,True,0,6,7
Daniel,The writing on the wall,FB_RG_Belshazzar,illustrations,rg-belshazzar,Daniel 5,A message for a proud king who mocked God.,Richard Gunther,29,False,0,3,3
Daniel,Daniel in the lions' den,FB_GSI_Daniel_Lions,illustrations,gsi-daniel-lions,Daniel 6:1-28,Daniel refuses to stop praying to God.,Glory Story – FreeBibleimages,17,False,0,7,7
Daniel,Daniel and the lions,FB_Daniel_Lions_Preschool,illustrations,daniel-lions-preschool,Daniel 6:1-28,Daniel prays and is put in the lions' den.,Sue Bentley,16,False,0,1,7
Daniel,Daniel episode 5: In the lions' den,FB_DG_Daniel_Lions,illustrations,dg-daniel-lions,Daniel 6:1-28,Daniel decides to pray and obey God.,David & Goliath (DG),24,True,0,3,0
Daniel,Daniel in the den of lions,FB_Moody_Daniel_Lions,illustrations,moody-daniel-lions,Daniel 6:1-28,Daniel keeps praying and is thrown into a den of lions.,Moody Publishers,43,False,0,2,0
Daniel,Daniel in the lions' den,FB_ML_Daniel_Lions,illustrations,ml-daniel-lions,Daniel 6:1-28,Daniel obeys God and refuses to stop praying.,MYELLOVE,11,False,0,1,0
Daniel,Daniel in the lions' den,FB_Daniel_Lions,illustrations,daniel-lions,Daniel 6:1-28,Daniel keeps praying and is thrown into the lions' den.,Sweet Publishing,15,False,0,3,7
Daniel,Daniel in the lions' den,FB_LS_Daniel_Lions,illustrations,ls-daniel-lions,Daniel 6:1-28,Daniel keeps praying and is thrown to the lions.,Lambsongs,9,False,0,1,3
Daniel,Daniel keeps praying,FB_RG_Daniel,illustrations,rg-daniel,Daniel 6:1-28,Daniel prays and God delivers him from the lions' den.,Richard Gunther,36,False,0,3,3
Daniel,Thrown to the Lions,FB_BPA_Daniel,illustrations,bpa-daniel,Daniel 6:1-28,Stop praying or be thrown to the lions. What will Daniel do?,Bible Pathway Adventures,16,True,0,3,0
Daniel,Daniel's vision of four beasts,FB_Daniel_Four_Beasts,illustrations,daniel-four-beasts,Daniel 7,A disturbing vision of four strange beasts.,FreeBibleimages,15,False,0,6,0
Hosea,Hosea and Gomer,FB_Hosea,illustrations,hosea,Hosea 1 - 3,The prophet Hosea redeems his unfaithful wife.,Arabs for Christ,14,False,0,2,7
Amos,You cannot escape from God,FB_RG_Amos_9,illustrations,rg-amos-9,Amos 9:1-15,Warning of judgement for the disobedient.,Richard Gunther,19,False,0,3,3
Obadiah,Obadiah,FB_VB_Obadiah,illustrations,vb-obadiah,Obadiah,Obadiah declares God's judgement on the Edomites.,VideoBible.com,12,True,0,6,0
Jonah,Jonah and the big fish,FB_Jonah_Preschool,illustrations,jonah-preschool,Jonah 1-4,God teaches Jonah about obedience and forgiveness.,Sue Bentley,13,False,0,1,7
Jonah,Jonah and the large fish,FB_Jonah_Nineveh,illustrations,jonah-nineveh,Jonah 1 - 3,"Jonah, Nineveh and the great fish.",Moody Publishers,35,False,0,2,0
Jonah,Jonah episode 1 - Nineveh or Tarshish?,FB_DG_Jonah_1,illustrations,dg-jonah-1,Jonah 1:1-17,Jonah runs away from God and ends up in the sea.,David & Goliath (DG),17,True,0,3,0
Jonah,Jonah runs away but God turns him back,FB_HM_Jonah,illustrations,hm-jonah,Jonah 1-3,"Disobedient Jonah, the storm, the great fish and Nineveh.",Rev. Henry Martin,13,False,0,3,0
Jonah,Jonah tries to run away,FB_LS_Jonah,illustrations,ls-jonah,Jonah 1-4,"Jonah, Nineveh and the great fish.",Lambsongs,9,False,0,1,3
Jonah,Jonah: a prophet goes swimming,FB_RH_Jonah,illustrations,rh-jonah,Jonah 1-4,Jonah learns about God's mercy for Nineveh.,Rainer Holweger – Holy Art,25,False,0,7,0
Jonah,Jonah episode 2 - All roads lead to Nineveh,FB_DG_Jonah_2,illustrations,dg-jonah-2,Jonah 2:1-3:4,"Jonah prays, repents and obeys God.",David & Goliath (DG),9,True,0,3,0
Jonah,Jonah episode 3 - Who do you obey?,FB_DG_Jonah_3,illustrations,dg-jonah-3,Jonah 3:3 - 4:11,Jonah learns about God's forgiveness.,David & Goliath (DG),12,True,0,3,0
Jonah,God sends Jonah to Nineveh,FB_Jonah_Disobeys,illustrations,jonah-disobeys,Jonah,"Jonah, Nineveh, the great fish and God's forgiveness.",Sweet Publishing,19,False,0,3,7
Jonah,Jonah,FB_RG_Jonah,illustrations,rg-jonah,Jonah,Jonah wants God to destroy the people of Nineveh.,Richard Gunther,30,True,0,3,3
Jonah,Jonah - the runaway,FB_GNPI_AS_Jonah,illustrations,gnpi-as-jonah,Jonah,Jonah learns about God's forgiveness.,GNPI – Amazing Stories,29,True,0,1,0
Jonah,Jonah learns about God's forgiveness,FB_KTV_Jonah,illustrations,ktv-jonah,Jonah,Jonah and the people of Nineveh.,Kerstin ter Veen – kids-team Österreich,14,False,0,3,0
Jonah,Jonah runs away,FB_MK_Jonah,illustrations,mk-jonah,Jonah,Jonah wants Nineveh to be destroyed and avoids warning them.,Marian van der Kruijt,38,False,0,1,3
Jonah,Jonah the runaway prophet,FB_MP_Jonah,illustrations,mp-jonah,Jonah,Jonah wants the Assyrians in Nineveh to face judgment.,SIKU – Edge Group,18,False,0,6,0
Jonah,Swallowed by a fish,FB_BPA_Jonah,illustrations,bpa-jonah,"Jonah, 2 Kings 14:25",Jonah and God's warning to the people of Nineveh.,Bible Pathway Adventures,18,True,0,3,0
Jonah,The story of Jonah,FB_LBS_Jonah,illustrations,lbs-jonah,Jonah,Jonah learns about forgiveness.,Little Black Seed Bible Stories,33,False,0,1,0
The Gospels,Two miraculous babies,FB_DM_Mary_Elizabeth,illustrations,dm-mary-elizabeth,Luke 1:1-80,Mary and Elizabeth are promised miraculous sons.,Didier Martin,17,False,1,1,0
The Gospels,Birth of John foretold,FB_GNPI_002_Zechariah,illustrations,gnpi-002-zechariah,Luke 1:5-25,An angel appears to Zechariah promising him a son.,Good News Productions Int.,19,True,1,7,0
The Gospels,The birth of John the Baptist,FB_Zechariah_Elizabeth,illustrations,zechariah-elizabeth,"Luke 1:5-25, Luke 1:57-80",God promises Zechariah and Elizabeth a son called John.,Sweet Publishing,11,False,1,3,7
The Gospels,Zacharias can't talk,FB_LS_Zechariah,illustrations,ls-zechariah,"Luke 1:5-23, 57-64","Zacharias, Elizabeth, an angel and a promised son.",Lambsongs,9,False,1,1,3
The Gospels,Zacharias is promised a son,FB_MK_Zacharias,illustrations,mk-zacharias,Luke 1:5-25,God promises Zechariah and Elizabeth a son.,Marian van der Kruijt,15,False,1,1,3
The Gospels,Birth of John the Baptist,FB_GNPI_005_Birth_John,illustrations,gnpi-005-birth-john,Luke 1:57-80,Zechariah and Elizabeth have a baby called John.,Good News Productions Int.,13,True,1,7,0
The Gospels,The Word became flesh,FB_GNPI_001_Word_Flesh,illustrations,gnpi-001-word-flesh,John 1:1-18,John describes how God became man and lived among us.,Good News Productions Int.,17,True,1,7,0
The Gospels,An Angel visits Joseph,FB_DM_Joseph_Angel,illustrations,dm-joseph-angel,Matthew 1:18-24,God tells Joseph about the birth of God's Son.,Didier Martin,8,False,1,1,0
The Gospels,Joseph marries Mary,FB_GNPI_006_Joseph_Angel,illustrations,gnpi-006-joseph-angel,Matthew 1:18-25,An angel tells Joseph that Mary will have God's Son.,Good News Productions Int.,7,True,1,7,0
The Gospels,Mary and the Angel Gabriel,FB_LS_Mary_Angel,illustrations,ls-mary-angel,"Matthew 1:18-25, Luke 1:26-45","An angel tells Mary she will have God's Son, Jesus.",Lambsongs,9,True,1,1,3
The Gospels,The Christmas story - The Birth of Jesus,FB_WB_Birth_Jesus,illustrations,wb-birth-jesus,Matthew 1:18-24,Mary learns she is to give birth to Jesus.,Bible Society Australia – The Wild Bible,17,True,1,3,0
The Gospels,The birth of Jesus,FB_TIS_Birth_Jesus,illustrations,tis-birth-jesus,"Matthew 1:18-25, Luke 1:1-2:7",Nativity paintings of the birth of Christ.,James Tissot Collection (Brooklyn Museum),16,False,1,4,7
The Gospels,Wise Men visit Jesus,FB_GNPI_008_Wise_Men,illustrations,gnpi-008-wise-men,Matthew 2:1-12,Wise men from the east are led by a star.,Good News Productions Int.,10,True,1,7,0
The Gospels,"Zacharias, Elizabeth and baby John",FB_Preschool_Zacharias_Elizabeth,illustrations,preschool-zacharias-elizabeth,"Luke 1:5-25, 39-45, 57-80",Elizabeth will have a son. Zacharias is left speechless.,Sue Bentley,15,False,1,1,7
The Gospels,An Angel visits Mary,FB_ED_Mary_Angel,illustrations,ed-mary-angel,Luke 1:26-56,An angel tells Mary she is to give birth to God's Son.,Edge Group – Lion Hudson,10,False,1,2,0
The Gospels,Birth of Jesus foretold,FB_GNPI_003_Birth_Announcement,illustrations,gnpi-003-birth-announcement,Luke 1:26-38,An angel visits Mary.,Good News Productions Int.,10,True,1,7,0
The Gospels,The first Christmas,FB_FN_Christmas,illustrations,fn-christmas,"Luke 1:26-38, 2:1-20","God's son, Jesus, is born in Bethlehem.",Amy & Carly of Fishnet Bible stories,16,True,1,1,0
The Gospels,Mary visits Elizabeth,FB_GNPI_004_Mary_Elizabeth,illustrations,gnpi-004-mary-elizabeth,Luke 1:39-56,"Mary goes to visit Zechariah's wife, Elizabeth.",Good News Productions Int.,8,True,1,7,0
The Gospels,Birth of Jesus,FB_GNPI_007_Birth_Jesus,illustrations,gnpi-007-birth-jesus,Luke 2:1-20,Angels tell shepherds about the birth of Jesus in Bethlehem.,Good News Productions Int.,14,True,1,7,0
The Gospels,Jesus was born in Bethlehem,FB_LS_Jesus_Born,illustrations,ls-jesus-born,Luke 2:1-7,"Mary, Joseph and the birth of Jesus.",Lambsongs,9,True,1,1,3
The Gospels,The birth of Jesus,FB_ED_Jesus_Birth,illustrations,ed-jesus-birth,Luke 2:1-7,Joseph and Mary travel to Bethlehem.,Edge Group – Lion Hudson,9,False,1,2,0
The Gospels,Shepherds hear the good news,FB_ED_Shepherds_Angels,illustrations,ed-shepherds-angels,Luke 2:8-20,Angels announce the birth of Jesus.,Edge Group – Lion Hudson,8,False,1,2,0
The Gospels,The Angels' Good News,FB_LS_Shepherds_Angels,illustrations,ls-shepherds-angels,Luke 2:8-20,Angels announce the birth of Jesus to shepherds.,Lambsongs,9,True,1,1,3
The Gospels,Jesus is born,FB_Birth_Jesus_Preschool,illustrations,birth-jesus-preschool,"Matthew 1:18-2:12, Luke 1:26-38, 2:1-21","The story of Christmas for young children.
",Sue Bentley,16,False,1,1,7
The Gospels,The birth of Jesus,FB_Christmas_Jesus_Birth,illustrations,christmas-jesus-birth,"Matthew 1:18-24, Luke 1:26-56, Luke 2:1-7","An angel tells Mary, then Joseph, about Jesus.",Sweet Publishing,17,False,1,3,7
The Gospels,The birth of Jesus,FB_LGR_Birth_Jesus,illustrations,lgr-birth-jesus,"Matthew 1:18-2:23, Luke 1:26-56, 2:1-21",Jesus is born and visited by shepherds and Wise Men.,Lars-Goran Ronnberg,37,False,1,3,0
The Gospels,Birth of Jesus,FB_VB_Christmas,illustrations,vb-christmas,"Matthew 2:1-12, Luke 2:1-18","Mary, Joseph, Angels, Shepherds, Wise Men",VideoBible.com,16,True,1,6,0
The Gospels,Birth of The King,FB_BPA_Christmas,illustrations,bpa-christmas,"Matthew 2:1-18, Luke 1:26-2:21","Jesus, the Messiah, is born in Bethlehem.",Bible Pathway Adventures,18,True,1,3,0
The Gospels,Jesus is born - Christmas diorama,FB_DM_Christmas_Diorama,illustrations,dm-christmas-diorama,"Matthew 2:1-12, Luke 2:1-20",The birth of Jesus in Bethlehem.,Didier Martin,11,False,1,1,0
The Gospels,The worship of newborn Jesus,FB_TIS_Shepherds_Magi,illustrations,tis-shepherds-magi,"Matthew 2:1-23, Luke 2:8-40",Shepherds and Wise Men worship the newborn King.,James Tissot Collection (Brooklyn Museum),15,False,1,4,7
The Gospels,Jesus' birth,FB_YO_Christmas_Story,illustrations,yo-christmas-story,Luke 1:1-2:20,The birth of Jesus and the visit of the shepherds.,YO! Ministry,22,True,1,6,0
The Gospels,Gospel images - birth of Jesus,FB_JVH_Birth_Jesus,illustrations,jvh-birth-jesus,Luke 1:26 - 2:40,Paintings of scenes of the Christmas story.,Jan van ’t Hoff – Gospel images,8,False,1,7,0
The Gospels,Away in a manger,FB_LS_Away_Manger,illustrations,ls-away-manger,Luke 2:1-20,Illustration of the Christmas carol.,Lambsongs,11,False,1,1,3
The Gospels,Jesus is born,FB_DM_Jesus_Born,illustrations,dm-jesus-born,Luke 2:1-20,Angels tell shepherds the Saviour is born.,Didier Martin,18,False,1,1,0
The Gospels,Jesus is born,FB_ZB_Jesus_Born,illustrations,zb-jesus-born,Luke 2:1-20,Shepherds learn of the birth of Jesus.,Little Zebra Books,10,False,1,3,7
The Gospels,The Innkeeper at Bethlehem,FB_LS_Innkeeper,illustrations,ls-innkeeper,Luke 2:1-20,An innkeeper offers his stable to Joseph and Mary.,Lambsongs,16,False,1,1,3
The Gospels,The Christmas story - The shepherds,FB_WB_Christmas_Shepherds,illustrations,wb-christmas-shepherds,Luke 2:8-18,Angels tell shepherds that Jesus is born.,Bible Society Australia – The Wild Bible,13,True,1,3,0
The Gospels,Simeon and Anna,FB_DM_Simeon_Anna,illustrations,dm-simeon-anna,Luke 2:21-38,Simeon and Anna meet the Saviour in the temple.,Didier Martin,15,False,1,1,0
The Gospels,"Simeon, Anna and baby Jesus",FB_SB_Simeon_Anna,illustrations,sb-simeon-anna,Luke 2:21-40,Simeon and Anna meet God's promised Messiah.,Sue Bentley,7,False,1,1,7
The Gospels,When Jesus was 8 days old,FB_LS_Simeon_Anna,illustrations,ls-simeon-anna,Luke 2:22-40,Baby Jesus is dedicated to God at the Temple.,Lambsongs,9,False,1,1,3
The Gospels,Herod and the Baby King,FB_LS_Herod_Jesus,illustrations,ls-herod-jesus,Matthew 2:1-17,God rescues baby Jesus from King Herod.,Lambsongs,9,False,1,1,3
The Gospels,The Christmas story - The Wise Men,FB_WB_Wise_Men,illustrations,wb-wise-men,"Matthew 2:1-2, 9-12",Wise Men travel to find the newborn King.,Bible Society Australia – The Wild Bible,14,True,1,3,0
The Gospels,The Wise Men,FB_YO_Wise_Men,illustrations,yo-wise-men,Matthew 2:1-23,"Magi bring gifts of gold, frankincense, and myrrh.",YO! Ministry,14,False,1,6,0
The Gospels,The Wise Men look for a baby King,FB_LS_Wise_Men,illustrations,ls-wise-men,Matthew 2:1-12,Wise Men travel to Bethlehem to bring gifts for Jesus.,Lambsongs,9,True,1,1,3
The Gospels,The visit of the Magi,FB_DM_Wise_Men,illustrations,dm-wise-men,Matthew 2:1-18,"Wise Men bring gold, frankincense, and myrrh.",Didier Martin,24,False,1,1,0
The Gospels,Wise Men bring gifts,FB_ED_Wise_Men,illustrations,ed-wise-men,Matthew 2:1-15,Magi from the east bring gifts for the new King.,Edge Group – Lion Hudson,10,False,1,2,0
The Gospels,Wise Men visit Jesus,FB_Christmas_WiseMen,illustrations,christmas-wisemen,Matthew 2:1-14,Magi from the east follow a star to find Jesus.,Sweet Publishing,15,False,1,3,7
The Gospels,Escape to Egypt,FB_GNPI_009_Flight_Egypt,illustrations,gnpi-009-flight-egypt,Matthew 2:13-23,An angel warns Joseph of Herod's plot to kill Jesus.,Good News Productions Int.,9,True,1,7,0
The Gospels,Shepherds hear of the birth of Jesus,FB_Christmas_Shepherds,illustrations,christmas-shepherds,Luke 2:8-20,Angels announce the birth of Jesus to shepherds.,Sweet Publishing,10,False,1,3,7
The Gospels,Simeon and Anna meet baby Jesus,FB_Simeon_Anna,illustrations,simeon-anna,Luke 2:21-40,Simeon and Anna meet baby Jesus - the promised Saviour.,Sweet Publishing,9,False,1,3,7
The Gospels,Infant Jesus at the Temple,FB_GNPI_010_Simeon_Anna,illustrations,gnpi-010-simeon-anna,Luke 2:22-40,Simeon and Anna meet baby Jesus - the promised Saviour.,Good News Productions Int.,14,True,1,7,0
The Gospels,Jesus growing up,FB_LS_Jesus_Growing,illustrations,ls-jesus-growing,Luke 2:40,Jesus loves God and obeys Mary and Joseph.,Lambsongs,9,False,1,1,3
The Gospels,12-year-old Jesus In Jerusalem,FB_Jesus_Twelve,illustrations,jesus-twelve,Luke 2:41-52,"Jesus, aged 12, is found in the Temple.",Sweet Publishing,12,False,1,3,7
The Gospels,Boy Jesus at the Temple,FB_GNPI_011_Jesus_Found,illustrations,gnpi-011-jesus-found,Luke 2:41-52,Mary and Joseph find Jesus in the Temple.,Good News Productions Int.,14,True,1,7,0
The Gospels,Jesus gets lost,FB_LS_Lost_Temple,illustrations,ls-lost-temple,Luke 2:41-52,Mary and Joseph search Jerusalem for Jesus.,Lambsongs,9,False,1,1,3
The Gospels,Jesus visits Jerusalem as a boy,FB_DM_Jesus_Jerusalem,illustrations,dm-jesus-jerusalem,Luke 2:41-52,Jesus is found in the Temple.,Didier Martin,20,False,1,1,0
The Gospels,When Jesus was twelve years old,FB_LGR_Jesus_12,illustrations,lgr-jesus-12,Luke 2:41-52,Jesus in the Temple in Jerusalem aged 12.,Lars-Goran Ronnberg,31,False,1,3,0
The Gospels,Jesus was a child like me,FB_LS_Jesus_Child,illustrations,ls-jesus-child,Luke 2:52,Jesus loves God and obeys Mary and Joseph.,Lambsongs,9,False,1,1,3
The Gospels,John the Baptist's ministry,FB_GNPI_012_John_Baptist,illustrations,gnpi-012-john-baptist,Matthew 3:1-12,John the Baptist starts preaching in the wilderness of Judea.,Good News Productions Int.,13,True,2,7,0
The Gospels,Jesus heals the sick,FB_LS_Sick_Healed,illustrations,ls-sick-healed,Matthew 8:1-17,Jesus heals many people in Capernaum.,Lambsongs,9,False,2,1,3
The Gospels,Jesus delivers and heals in Capernaum,FB_Jesus_Capernaum,illustrations,jesus-capernaum,"Matthew 8:14-17, Mark 1:21-39, Luke 4:31-44",A busy day of healing and deliverance for Jesus in Capernaum.,Sweet Publishing,12,False,2,3,7
The Gospels,Jesus heals a man with a withered hand,FB_Jesus_Withered_Hand,illustrations,jesus-withered-hand,"Matthew 12:1-14, Mark 3:1-6, Luke 6:1-11",A man with a withered hand is healed on the Sabbath.,Sweet Publishing,12,False,2,3,7
The Gospels,A man with an evil spirit,FB_WB_Jesus_Capernaum,illustrations,wb-jesus-capernaum,Mark 1:21-28,A man shouts at Jesus in the synagogue.,Bible Society Australia – The Wild Bible,16,True,2,3,0
The Gospels,Jesus heals many people,FB_WB_Capernaum_Healings,illustrations,wb-capernaum-healings,Mark 1:29-38,The people of Capenaum go to Jesus.,Bible Society Australia – The Wild Bible,21,True,2,3,0
The Gospels,Jesus heals a man with leprosy,FB_WB_Man_Leprosy,illustrations,wb-man-leprosy,Mark 1:39-45,A man with leprosy approaches Jesus.,Bible Society Australia – The Wild Bible,13,True,2,3,0
The Gospels,A paralysed man and Jesus,FB_CTA_Lame_Man,illustrations,cta-lame-man,Mark 2:1-12,Four friends carry a paralysed man to Jesus.,CommonToAll.com,5,False,2,3,7
The Gospels,A plan to help a friend,FB_DM_Lame_Man,illustrations,dm-lame-man,Mark 2:1-12,Friends carry a lame man to Jesus.,Didier Martin,12,False,2,1,0
The Gospels,Down through the roof,FB_LS_Lame_Man,illustrations,ls-lame-man,Mark 2:1-12,Four friends bring a paralysed man to Jesus.,Lambsongs,9,True,2,1,3
The Gospels,Jesus and the lame man,FB_BTBM_Lame_Man,illustrations,btbm-lame-man,Mark 2:1-12,A lame man and the power of Jesus to forgive sin.,Basic Training Bible Min.,7,False,2,1,3
The Gospels,Jesus heals a man who could not walk,FB_WB_Lame_Man,illustrations,wb-lame-man,Mark 2:1-12,A lame man is let down through a roof to Jesus.,Bible Society Australia – The Wild Bible,22,True,2,3,0
The Gospels,Jesus heals a paralysed man,FB_Jesus_ParalysedMan,illustrations,jesus-paralysed-man,"Mark 2:2-12, Luke 5:17-26",A lame man is let down through the roof to see Jesus.,Andrea Rau,16,False,2,1,0
The Gospels,Jesus heals a paralysed man,FB_WDV_Lame_Man,illustrations,wdv-lame-man,"Mark 2:2-12, Luke 5:17-26",Jesus shows He has the power to forgive sins.,Willem de Vink – Jesus Messiah project,8,False,2,6,7
The Gospels,Paralysed man lowered through roof,FB_Paralysed_Man_Roof,illustrations,paralysed-man-roof,"Mark 2:2-12, Luke 5:17-26",A paralysed man is lowered through a roof to Jesus.,Sweet Publishing,11,False,2,3,7
The Gospels,A man with a crippled hand,FB_WB_Crippled_Hand,illustrations,wb-crippled-hand,Mark 3:1-6,Jesus heals a man on the Sabbath.,Bible Society Australia – The Wild Bible,11,True,2,3,0
The Gospels,Jesus heals the man's hand,FB_LS_Man_Hand,illustrations,ls-man-hand,Mark 3:1-6,Conflict when Jesus heals on the Sabbath.,Lambsongs,9,False,2,1,3
The Gospels,Large crowds come to Jesus,FB_WB_Large_Crowds,illustrations,wb-large-crowds,Mark 3:7-12,Large crowds come to Jesus.,Bible Society Australia – The Wild Bible,13,True,2,3,0
The Gospels,Jesus drives out an evil spirit,FB_GNPI_023_Jesus_PossessedMan,illustrations,gnpi-023-jesus-possessed-man,Luke 4:31-37,Jesus confronts a man shouting in the synagogue.,Good News Productions Int.,8,True,2,7,0
The Gospels,Jesus heals Peter's mother-in-law,FB_GNPI_024_Peter_MotherInLaw,illustrations,gnpi-024-peter-mother-in-law,Luke 4:38-43,Jesus heals Peter's mother-in-law and others in Capernaum.,Good News Productions Int.,11,True,2,7,0
The Gospels,Jesus heals the leper,FB_GNPI_025_Jesus_Leper,illustrations,gnpi-025-jesus-leper,Luke 5:12-16,A man with leprosy begs Jesus to heal him.,Good News Productions Int.,8,True,2,7,0
The Gospels,Jesus heals the lame man,FB_YO_Jesus_LameMan,illustrations,yo-jesus-lame-man,Luke 5:17-26,Four friends lower a paralysed man through the roof.,YO! Ministry,11,True,2,6,0
The Gospels,Jesus heals the paralytic,FB_GNPI_026_Jesus_Paralytic,illustrations,gnpi-026-jesus-paralytic,Luke 5:17-26,"Jesus, a paralysed man and the forgiveness of sin.",Good News Productions Int.,15,True,2,7,0
The Gospels,Jesus calls a Tax Collector,FB_CTA_Matthew,illustrations,cta-matthew,Luke 5:27-32,Jesus invites Matthew to be His disciple.,CommonToAll.com,5,False,2,3,7
The Gospels,Jesus heals on the Sabbath,FB_GNPI_031_Healing_Sabbath,illustrations,gnpi-031-healing-sabbath,Luke 6:6-11,Jesus heals a man with a withered hand on the Sabbath.,Good News Productions Int.,9,True,2,7,0
The Gospels,Jesus at a wedding,FB_Jesus_Wedding,illustrations,jesus-wedding,John 2:1-12,Jesus' first miracle is changing water to wine in Cana.,Sweet Publishing,11,False,2,3,7
The Gospels,Jesus at a wedding,FB_WDV_Wedding_Cana,illustrations,wdv-wedding-cana,John 2:1-12,Water is turned to fine wine.,Willem de Vink – Jesus Messiah project,11,False,2,6,7
The Gospels,Jesus at a wedding in Cana,FB_Wedding_Cana_Preschool,illustrations,wedding-cana-preschool,John 2:1-11,Jesus turns water into wine at a wedding in Cana.,Sue Bentley,9,False,2,1,7
The Gospels,Jesus goes to a wedding,FB_LS_Jesus_Wedding,illustrations,ls-jesus-wedding,John 2:1-11,Jesus turns water to wine at a wedding in Cana.,Lambsongs,9,False,2,1,3
The Gospels,Jesus turns water to wine,FB_DM_Wedding_Cana,illustrations,dm-wedding-cana,John 2:1-12,A miracle at a wedding.,Didier Martin,12,False,2,1,0
The Gospels,John chapter 2,FB_VB_John_2,illustrations,vb-john-2,John 2:1-25,A wedding in Canaan and a visit to Jerusalem.,VideoBible.com,17,True,2,6,0
The Gospels,The first miracle of Jesus,FB_GNPI_016_Wedding_Cana,illustrations,gnpi-016-wedding-cana,John 2:1-12,Jesus turns water to wine at a wedding in Cana.,Good News Productions Int.,11,True,2,7,0
The Gospels,Jesus heals the Official's son,FB_GNPI_020_Officials_Son,illustrations,gnpi-020-officials-son,John 4:43-53,Jesus speaks in Cana to heal a boy in Capernaum.,Good News Productions Int.,12,True,2,7,0
The Gospels,The Nobleman's sick son,FB_LS_Nobleman_Son,illustrations,ls-nobleman-son,John 4:43-54,A man with a sick son travels to find Jesus.,Lambsongs,9,False,2,1,3
The Gospels,Faith of the Roman Centurion,FB_HM_Centurion_Servant,illustrations,hm-centurion-servant,"Matthew 8:5-13, Luke 7:2-9",A Centurion believes Jesus can heal his servant.,Rev. Henry Martin,10,False,2,3,0
The Gospels,Jesus heals a Centurion's servant,FB_SPI_Jesus_Centurion,illustrations,spi-jesus-centurion,"Matthew 8:5-13, Luke 7:2-9",A centurion shows great faith.,Sweet Publishing – FreeBibleimages,10,False,2,7,7
The Gospels,Jesus heals a Centurion's servant,FB_Jesus_Centurion,illustrations,jesus-centurion,"Matthew 8:5-13, Luke 7:2-9",A centurion shows great faith.,Sweet Publishing,10,False,2,3,7
The Gospels,The Centurion's faith,FB_CTA_Centurion,illustrations,cta-centurion,Matthew 8:5-13,A Roman Centurion puts his trust in Jesus.,CommonToAll.com,5,False,2,3,7
The Gospels,Jesus calms the storm,FB_GNPI_043_Jesus_Storm,illustrations,gnpi-043-jesus-storm,Matthew 8:18-27,"Galilee, a sudden storm, a sinking boat and Jesus is asleep.",Good News Productions Int.,9,True,2,7,0
The Gospels,The disciples' faith tested by a storm,FB_YO_Jesus_Storm,illustrations,yo-jesus-storm,Matthew 8:18-27,"The disciples show fear, not faith, in a severe storm.",YO! Ministry,11,True,2,6,0
The Gospels,Jesus calms a storm,FB_SPI_Jesus_Storm,illustrations,spi-jesus-storm,"Matthew 8:23-27, Mark 4:35-41, Luke 8:22-25",Jesus sleeps during a storm on Lake Galilee.,Sweet Publishing – FreeBibleimages,11,False,2,7,7
The Gospels,Jesus calms a storm,FB_CTA_Jesus_Storm,illustrations,cta-jesus-storm,Matthew 8:23-27,The wind and waves obey Jesus.,CommonToAll.com,5,False,2,3,7
The Gospels,Jesus calms a storm,FB_Jesus_Storm,illustrations,jesus-storm,"Matthew 8:23-27, Mark 4:35-41, Luke 8:22-25",Jesus sleeps during a storm on Lake Galilee.,Sweet Publishing,11,False,2,3,7
The Gospels,Jesus calms the storm,FB_LS_Jesus_Storm,illustrations,ls-jesus-storm,"Matthew 8:23-27, Mark 4:35-41, Luke 8:22-25",Jesus is asleep while the storm rages.,Lambsongs,9,True,2,1,3
The Gospels,Jesus sleeps as the storm rages,FB_WDV_Jesus_Storm,illustrations,wdv-jesus-storm,"Matthew 8:23-27, Mark 4:35-41, Luke 8:22-25",Jesus calms a storm.,Willem de Vink – Jesus Messiah project,10,False,2,6,7
The Gospels,Jairus' daughter and the ill woman ,FB_LGR_Jairus,illustrations,lgr-jairus,"Matthew 9:18-26, Mark 5:21-43, Luke 8:40-56",Jesus performs two miracles in Capernaum.,Lars-Goran Ronnberg,35,False,2,3,0
The Gospels,Jesus heals a woman and a girl,FB_Preschool_Jairus,illustrations,preschool-jairus,"Matthew 9:18-26, Mark 5:21-43, Luke 8:40-56","Jesus, Jairus' daughter and a woman reaching out for help.",Sue Bentley,11,False,2,1,7
The Gospels,Jesus raises Jairus's daughter to life,FB_Jairus_Daughter,illustrations,jairus-daughter,"Matthew 9:18-26, Mark 5:21-43, Luke 8:40-56",Jairus' daughter and the woman who touched Jesus.,Sweet Publishing,16,False,2,3,7
The Gospels,Two blind men and a mute man healed,FB_GNPI_046_Blind_Mute,illustrations,gnpi-046-blind-mute,Matthew 9:27-34,Jesus heals two blind men and a mute man.,Good News Productions Int.,8,True,2,7,0
The Gospels,Jesus calms the Storm,FB_WB_Jesus_Storm,illustrations,wb-jesus-storm,Mark 4:35-41,Jesus brings peace to a storm.,Bible Society Australia – The Wild Bible,15,True,2,3,0
The Gospels,Jairus and his sick daughter,FB_DM_Jairus,illustrations,dm-jairus,"Mark 5:21-24, 35-43, Luke 8:40-42, 49-56",Jesus raises a young girl to life.,Didier Martin,13,False,2,1,0
The Gospels,Jairus' Daughter,FB_LS_Jairus_Daughter,illustrations,ls-jairus-daughter,Mark 5:21-43,Jairus pleads with Jesus to help his daughter.,Lambsongs,9,False,2,1,3
The Gospels,Jesus heals a sick woman,FB_WB_Woman_Healed,illustrations,wb-woman-healed,Mark 5:21-34,A woman touches the hem of Jesus' garment.,Bible Society Australia – The Wild Bible,22,True,2,3,0
The Gospels,Jesus raises a dead girl to life,FB_WB_Jairus_Daughter,illustrations,wb-jairus-daughter,Mark 5:21-43,Jairus hears that his daughter is dead.,Bible Society Australia – The Wild Bible,14,True,2,3,0
The Gospels,She just reached out,FB_LS_Reached_Out,illustrations,ls-reached-out,Mark 5:24-34,A woman touches the hem of Jesus' garment.,Lambsongs,9,False,2,1,3
The Gospels,Jesus heals the Centurion's servant,FB_YO_Jesus_Centurion,illustrations,yo-jesus-centurion,Luke 7:1-10,A Centurion believes Jesus can heal his servant.,YO! Ministry,12,True,2,6,0
The Gospels,Jesus raises the widow's son,FB_YO_Widow_Son,illustrations,yo-widow-son,Luke 7:11-17,Jesus brings a widow's dead son back to life in Nain.,YO! Ministry,10,True,2,6,0
The Gospels,Jesus raises the widow's son,FB_GNPI_040_Widow_Nain,illustrations,gnpi-040-widow-nain,Luke 7:11-17,Jesus visits Nain and raises a dead boy to life.,Good News Productions Int.,8,True,2,7,0
The Gospels,Jairus' daughter is raised to life,FB_M7_Jairus,illustrations,m7-jairus,"Luke 8:40-42, 49-56",Jesus shows his power over death.,Max7.org,19,True,2,3,3
The Gospels,Jesus heals a woman and Jairus' daughter,FB_GNPI_045_Two_Miracles,illustrations,gnpi-045-two-miracles,Luke 8:40-56,Jesus heals a woman and raises a girl to life.,Good News Productions Int.,22,True,2,7,0
The Gospels,3D model of the Pool of Bethesda,FB_IH_Pool_Bethesda,illustrations,ih-pool-bethesda,John 5:1-14,Pool of Bethesda as visited by Jesus.,Immersive History,7,False,2,6,0
The Gospels,Jesus heals a man at Bethesda,FB_YO_Jesus_Bethesda,illustrations,yo-jesus-bethesda,John 5:1-24,A man who has been paralysed for 38 years.,YO! Ministry,10,True,2,6,0
The Gospels,Jesus heals a man at the pool of Bethesda,FB_Jesus_Bethesda,illustrations,jesus-bethesda,John 5:1-24,Jesus heals a lame man on the Sabbath.,Arabs for Christ,14,False,2,2,7
The Gospels,Jesus heals the lame man at the pool,FB_GNPI_029_Lame_Man,illustrations,gnpi-029-lame-man,John 5:1-15,Jesus visits the pool Bethesda on the Sabbath.,Good News Productions Int.,15,True,2,7,0
The Gospels,Lame man by the pool,FB_RG_Lame_Man,illustrations,rg-lame-man,John 5:1-15,Jesus heals a man at the pool of Bethesda.,Richard Gunther,11,False,2,3,3
The Gospels,Gospel images - miracles of Jesus,FB_JVH_Miracles,illustrations,jvh-miracles,"Matthew 8, Mark 1, 5, 6, Luke 5, 8, 13, 18, John 2, 5",Paintings of some of the miracles of Jesus.,Jan van ’t Hoff – Gospel images,15,False,2,7,0
The Gospels,Feeding more than 5000 people,FB_Feeding_5000,illustrations,feeding-5000,"Matthew 14:13-22, Mark 6:31-46, Luke 9:10-17, John 6:1-13","Jesus feeds 5,000 with 5 loaves and 2 fish.",Sweet Publishing,14,False,2,3,7
The Gospels,Jesus and the boy with the food basket,FB_LGR_Boy_Lunch,illustrations,lgr-boy-lunch,"Matthew 14:13-22, Mark 6:31-46, Luke 9:10-17, John 6:1-13","Jesus serves 5 loaves and 2 fish to over 5,000 people.",Lars-Goran Ronnberg,34,False,2,3,0
The Gospels,Jesus feeds 5000,FB_HM_Feeding_5000,illustrations,hm-feeding-5000,"Matthew 14:13-22, Mark 6:31-46, Luke 9:10-17, John 6:1-13",Jesus feeds over 5000 with five loaves and two fish.,Rev. Henry Martin,13,False,2,3,0
The Gospels,Jesus feeds lots of people,FB_Preschool_Jesus_5000,illustrations,preschool-jesus-5000,"Matthew 14:13-22, Mark 6:31-46, Luke 9:10-17, John 6:1-13","Jesus feeds over 5,000 with five loaves and two fish.",Sue Bentley,9,True,2,1,7
The Gospels,"Jesus feeds the 5,000",FB_YO_Feeding_5000,illustrations,yo-feeding-5000,"Matthew 14:13-22, Mark 6:31-46, Luke 9:10-17, John 6:1-13",A young lad gives five loaves and two fish to Jesus.,YO! Ministry,12,True,2,6,0
The Gospels,Jesus feeds the multitude,FB_ZB_Feeding_5000,illustrations,zb-feeding-5000,Matthew 14:13-21,"5,000 fed with five loaves and two fish.",Little Zebra Books,7,False,2,3,7
The Gospels,Miracle of five loaves and two fish,FB_ML_Feeding_5000,illustrations,ml-feeding-5000,"Matthew 14:13-22, Mark 6:31-46, Luke 9:10-17, John 6:1-13",Jesus feeds a very large crowd.,MYELLOVE,7,False,2,1,0
The Gospels,The feeding of the 5000,FB_WDV_Feeding_5000,illustrations,wdv-feeding-5000,"Matthew 14:13-22, Mark 6:31-46, Luke 9:10-17, John 6:1-13",Five loaves and two fish feed a large crowd.,Willem de Vink – Jesus Messiah project,11,False,2,6,7
The Gospels,Jesus walks on the water,FB_GNPI_054_Walking_Water,illustrations,gnpi-054-walking-water,Matthew 14:22-33,Jesus walks on the water but Peter fails in his attempt.,Good News Productions Int.,11,True,2,7,0
The Gospels,Jesus walks on water,FB_SPI_Jesus_Water,illustrations,spi-jesus-water,"Matthew 14:22-36, Mark 6:45-56, John 6:16-24",Peter walks on water and is rescued by Jesus.,Sweet Publishing – FreeBibleimages,13,False,2,7,7
The Gospels,Jesus walks on water,FB_SB_Walking_Water,illustrations,sb-walking-water,"Matthew 14:22-36, Mark 6:45-56, John 6:16-24",Peter attempts to copy Jesus and walk on water.,Sue Bentley,11,True,2,1,7
The Gospels,Jesus walks on water,FB_ZB_Walking_Water,illustrations,zb-walking-water,Matthew 14:22-33,Peter tries to walk on water and sinks.,Little Zebra Books,9,False,2,3,7
The Gospels,Jesus walks on water,FB_Jesus_Water,illustrations,jesus-water,"Matthew 14:22-36, Mark 6:45-56, John 6:16-24",Peter walks on water and is rescued by Jesus.,Sweet Publishing,13,False,2,3,7
The Gospels,Peter tries to walk on water,FB_RG_Peter_Water,illustrations,rg-peter-water,"Matthew 14:22-36, Mark 6:45-56, John 6:16-24",Jesus walks on water but Peter sinks.,Richard Gunther,31,False,2,3,3
The Gospels,Peter tries to walk on water,FB_HM_Walking_Water,illustrations,hm-walking-water,"Matthew 14:22-36, Mark 6:45-56, John 6:16-24",Peter tries to walk on water and Jesus rescues him.,Rev. Henry Martin,17,False,2,3,0
The Gospels,Peter tries to walk on water,FB_ED_Peter_Water,illustrations,ed-peter-water,"Matthew 14:22-36, Mark 6:45-56, John 6:16-24",Jesus walks on water but Peter sinks.,Edge Group – Lion Hudson,12,False,2,2,0
The Gospels,Peter walks on the water,FB_LS_Peter_Water,illustrations,ls-peter-water,Matthew 14:22-36,Peter attempts to copy Jesus and walk on water.,Lambsongs,8,False,2,1,3
The Gospels,Walking on water,FB_RG_Walking_Water,illustrations,rg-walking-water,"Matthew 14:22-36, Mark 6:45-56, John 6:16-24",Jesus walks on water but Peter sinks.,Richard Gunther,16,False,2,3,3
The Gospels,Walking on water,FB_WDV_Walking_Water,illustrations,wdv-walking-water,"Matthew 14:22-36, Mark 6:45-56, John 6:16-24",Peter doubts and is rescued by Jesus.,Willem de Vink – Jesus Messiah project,10,False,2,6,7
The Gospels,Walking on water,FB_CTA_Walking_Water,illustrations,cta-walking-water,Matthew 14:22-33,"Jesus, then Peter, walk on water.",CommonToAll.com,5,False,2,3,7
The Gospels,"Jesus feeds 5,000",FB_WB_Feeding_5000,illustrations,wb-feeding-5000,Mark 6:30-44,Five loaves and two fish feed a large crowd.,Bible Society Australia – The Wild Bible,25,True,2,3,0
The Gospels,Jesus walks on water,FB_WB_Walking_Water,illustrations,wb-walking-water,Mark 6:45-56,Jesus walks across the Sea of Galilee.,Bible Society Australia – The Wild Bible,20,True,2,3,0
The Gospels,A woman's faith,FB_WB_Woman_Faith,illustrations,wb-woman-faith,Mark 7:24-30,Jesus helps a woman and her daughter living in Syrian Phoenicia.,Bible Society Australia – The Wild Bible,15,True,2,3,0
The Gospels,Feeding of the 4000,FB_GNPI_055_Feeding_4000,illustrations,gnpi-055-feeding-4000,Mark 8:1-10,Jesus feeds a large crowd with seven loaves of bread.,Good News Productions Int.,12,True,2,7,0
The Gospels,Jesus feeds 4000,FB_WB_Feeding_4000,illustrations,wb-feeding-4000,Mark 8:1-10,Jesus feeds a large crowd with seven small loaves and a few fish.,Bible Society Australia – The Wild Bible,19,True,2,3,0
The Gospels,Blind man at Bethsaida,FB_RG_Blind_Man,illustrations,rg-blind-man,Mark 8:22-25,Jesus heals a blind man.,Richard Gunther,8,False,2,3,3
The Gospels,Jesus heals a blind man at Bethesda,FB_WB_Blind_Man,illustrations,wb-blind-man,Mark 8:22-26,A blind man is brought to Jesus.,Bible Society Australia – The Wild Bible,12,True,2,3,0
The Gospels,Jesus heals a blind man,FB_Jesus_Blind_Man,illustrations,jesus-blind-man,Luke 18:35-43,A blind beggar outside Jericho cries out to Jesus.,Sweet Publishing,8,False,2,3,7
The Gospels,Feeding of the Five Thousand,FB_GNPI_053_Feeding_5000,illustrations,gnpi-053-feeding-5000,John 6:1-13,"Jesus uses five loaves and two fish to feed 5,000.",Good News Productions Int.,11,True,2,7,0
The Gospels,Jesus feeds over 5000 people,FB_CTA_Feeding_5000,illustrations,cta-feeding-5000,John 6:1-15,The miracle of five loaves and two fish.,CommonToAll.com,5,False,2,3,7
The Gospels,The boy shares his lunch,FB_LS_Boy_Lunch,illustrations,ls-boy-lunch,John 6:1-13,"A boys shares his lunch with Jesus and it feeds 5,000.",Lambsongs,10,True,2,1,3
The Gospels,Jesus heals a man born blind,FB_Blind_Man,illustrations,blind-man,John 9:1-41,A man in Jerusalem who was born blind.,Sweet Publishing,11,False,2,3,7
The Gospels,The blind and mute man,FB_GNPI_048_Blind_Healing,illustrations,gnpi-048-blind-healing,"Matthew 12:22-25, 38-42",Jesus delivers a man so he can see and hear.,Good News Productions Int.,8,True,2,7,0
The Gospels,Jesus heals a demon-possessed boy,FB_Jesus_Heals_Boy,illustrations,jesus-heals-boy,"Matthew 17:14-21, Mark 9:14-29, Luke 9:37-42",Jesus acts to help a boy speak.,Sweet Publishing,12,False,2,3,7
The Gospels,Jesus directs Peter to find a coin,FB_YO_Peter_Coin,illustrations,yo-peter-coin,Matthew 17:24-27,Peter goes fishing for Temple tax money.,YO! Ministry,10,True,2,6,0
The Gospels,Peter and the Temple tax coin,FB_DM_Peter_Coin,illustrations,dm-peter-coin,Matthew 17:24-27,Peter goes fishing to pay the Temple tax.,Didier Martin,8,False,2,1,0
The Gospels,Peter goes fishing for money,FB_LS_Peter_Money,illustrations,ls-peter-money,Matthew 17:24-27,Peter goes fishing to pay his Temple tax money.,Lambsongs,9,False,2,1,3
The Gospels,Two blind men,FB_LS_Two_BlindMen,illustrations,ls-two-blind-men,Matthew 20:30-34,Jesus heals two men who want to see.,Lambsongs,9,False,2,1,3
The Gospels,The true glory of Jesus,FB_WB_Transfiguration,illustrations,wb-transfiguration,Mark 9:2-13,Jesus is transfigured.,Bible Society Australia – The Wild Bible,16,True,2,3,0
The Gospels,Jesus heals a boy,FB_WB_Jesus_Boy,illustrations,wb-jesus-boy,Mark 9:14-29,The power of prayer.,Bible Society Australia – The Wild Bible,26,True,2,3,0
The Gospels,Blind Bartimaeus can see,FB_LS_Blind_Bartimaeus,illustrations,ls-blind-bartimaeus,Mark 10:46-52,Jesus responds to blind Bartimaeus' call for help.,Lambsongs,9,False,2,1,3
The Gospels,Jesus heals blind Bartimaeus,FB_Bartimaeus_Sees,illustrations,bartimaeus-sees,Mark 10:46-52,Blind Bartimaeus cries out to Jesus for help.,Andrea Rau,13,False,2,1,0
The Gospels,Transfiguration of Jesus,FB_GNPI_057_Transfiguration,illustrations,gnpi-057-transfiguration,Luke 9:28-36,"Peter, James and John see Jesus with Moses and Elijah.",Good News Productions Int.,9,True,2,7,0
The Gospels,Demoniac boy healed,FB_GNPI_058_Boy_Delivered,illustrations,gnpi-058-boy-delivered,Luke 9:37-43,Jesus delivers a boy from occult power.,Good News Productions Int.,11,True,2,7,0
The Gospels,Jesus heals a stooped woman,FB_GNPI_066_Stooped_Woman,illustrations,gnpi-066-stooped-woman,Luke 13:10-17,A crippled woman meets Jesus in the synagogue.,Good News Productions Int.,9,True,2,7,0
The Gospels,The crippled woman,FB_RG_Crippled_Woman,illustrations,rg-crippled-woman,Luke 13:10-17,Jesus heals a crippled woman on the Sabbath day.,Richard Gunther,15,False,2,3,3
The Gospels,The woman with a bent over back,FB_LS_Crippled_Woman,illustrations,ls-crippled-woman,Luke 13:11-13,Jesus heals a woman in need.,Lambsongs,9,False,2,1,3
The Gospels,Jesus and a meal with Pharisees,FB_DM_Jesus_Pharisees,illustrations,dm-jesus-pharisees,Luke 14:1-11,Jesus heals a man on the Sabbath.,Didier Martin,10,False,2,1,0
The Gospels,Jesus heals ten men with leprosy,FB_Jesus_Ten_Leprosy,illustrations,jesus-ten-leprosy,Luke 17:11-18,"Jesus heals 10 men with leprosy. One says, 'Thank You'.",Sweet Publishing,7,False,2,3,7
The Gospels,Jesus meets ten men with leprosy,FB_SB_Ten_Healed,illustrations,sb-ten-healed,Luke 17:11-18,A Samaritan healed of leprosy returns to thank Jesus.,Sue Bentley,7,False,2,1,7
The Gospels,One leper says thank you,FB_LS_Leprosy_Thanks,illustrations,ls-leprosy-thanks,Luke 17:11-19,One of ten men healed returns to thank Jesus.,Lambsongs,9,False,2,1,3
The Gospels,Ten lepers healed,FB_GNPI_072_Ten_Leprosy,illustrations,gnpi-072-ten-leprosy,Luke 17:11-19,One of ten men healed of leprosy returns to thank Jesus.,Good News Productions Int.,6,True,2,7,0
The Gospels,Ten men with leprosy,FB_WDV_Ten_Leprosy,illustrations,wdv-ten-leprosy,Luke 17:11-18,A healed Samaritan returns to thank Jesus.,Willem de Vink – Jesus Messiah project,15,False,2,6,7
The Gospels,Ten men with leprosy,FB_SAK_Ten_Leprosy,illustrations,sak-ten-leprosy,Luke 17:11-18,A healed man returns to thank Jesus.,Smart Arts for Kids,16,False,2,1,0
The Gospels,Ten men with leprosy,FB_CTA_Leprosy_Healed,illustrations,cta-leprosy-healed,Luke 17:11-19,"A healed man returns to say, 'Thank You'.",CommonToAll.com,5,False,2,3,7
The Gospels,The man who said Thank You,FB_HM_Ten_Leprosy,illustrations,hm-ten-leprosy,Luke 17:11-18,A man healed of leprosy returns to thank Jesus.,Rev. Henry Martin,5,False,2,3,0
The Gospels,Blind Bartimaeus,FB_DM_Blind_Bartimaeus,illustrations,dm-blind-bartimaeus,"Luke 18:35-43, Mark 10:46-52",Jesus heals a blind man.,Didier Martin,14,False,2,1,0
The Gospels,Jesus comes to Jericho part 1 - Bartimaeus,FB_LGR_Blind_Man,illustrations,lgr-blind-man,Luke 18:35-43,A blind man cries out to Jesus for help.,Lars-Goran Ronnberg,27,False,2,3,0
The Gospels,Jesus heals a blind beggar ,FB_GNPI_076_Blind_Beggar,illustrations,gnpi-076-blind-beggar,Luke 18:35-43,A blind man calls out to Jesus for help.,Good News Productions Int.,9,True,2,7,0
The Gospels,3D journey - Pool of Siloam to the Temple,FB_IH_Siloam_Temple,illustrations,ih-siloam-temple,"John 7:37-38, John 9:1-12",A 3D walk from the Pool of Siloam up to the Temple.,Immersive History,19,False,2,6,0
The Gospels,A blind man trusts Jesus,FB_SB_Blind_Man,illustrations,sb-blind-man,John 9:1-41,Jesus heals a blind man but the Pharisees object.,Sue Bentley,12,True,2,1,7
The Gospels,Jesus heals a man born blind,FB_GNPI_061_Jesus_Blindman,illustrations,gnpi-061-jesus-blind-man,John 9:1-17,Pharisees protest when Jesus heals a blind man on the Sabbath.,Good News Productions Int.,15,True,2,7,0
The Gospels,Jesus heals the man born blind,FB_YO_Blind_Man,illustrations,yo-blind-man,John 9:1-41,Pharisees protest as Jesus heals a blind man on the Sabbath.,YO! Ministry,16,True,2,6,0
The Gospels,Pharisees question Jesus about blind man,FB_GNPI_062_Jesus_Pharisees,illustrations,gnpi-062-jesus-pharisees,John 9:18-41,A blind man healed by Jesus faces the religious leaders.,Good News Productions Int.,12,True,2,7,0
The Gospels,Jesus raises Lazarus to life,FB_BTBM_Jesus_Lazarus,illustrations,btbm-jesus-lazarus,John 11:1-45,The miracle of Lazarus raised from the grave.,Basic Training Bible Min.,8,False,2,1,3
The Gospels,Jesus raises Lazarus to life,FB_RG_Lazarus,illustrations,rg-lazarus,John 11:1-45,Jesus commands Lazarus out of the grave.,Richard Gunther,19,False,2,3,3
The Gospels,Jesus' friend Lazarus,FB_YO_Lazarus,illustrations,yo-lazarus,John 11:1-48,"Jesus delays getting to Lazarus, Mary and Martha.",YO! Ministry,15,True,2,6,0
The Gospels,Lazarus dies,FB_GNPI_070_Lazarus_Dies,illustrations,gnpi-070-lazarus-dies,John 11:1-23,Lazarus is dying but Jesus delays going to see him.,Good News Productions Int.,12,True,2,7,0
The Gospels,Lazarus is alive,FB_LS_Lazarus,illustrations,ls-lazarus,John 11:1-46,Jesus arrives after Lazarus has died.,Lambsongs,9,False,2,1,3
The Gospels,Lazarus is raised from the dead,FB_SPI_Jesus_Lazarus,illustrations,spi-jesus-lazarus,John 11:1-57,Mary and Martha see Jesus raise Lazarus to life.,Sweet Publishing – FreeBibleimages,15,False,2,7,7
The Gospels,Lazarus is raised from the dead,FB_Jesus_Lazarus,illustrations,jesus-lazarus,John 11:1-57,Mary and Martha see Jesus raise Lazarus to life.,Sweet Publishing,15,False,2,3,7
The Gospels,Lazarus is raised from the dead,FB_WDV_Jesus_Lazarus,illustrations,wdv-jesus-lazarus,John 11:1-44,Jesus raises Lazarus to life.,Willem de Vink – Jesus Messiah project,15,False,2,6,7
The Gospels,Lazarus raised from death,FB_GNPI_071_Lazarus_Resurrection,illustrations,gnpi-071-lazarus-resurrection,John 11:24-45,Lazarus dies 4 days before Jesus arrives.,Good News Productions Int.,14,True,2,7,0
The Gospels,Jesus is baptised,FB_Preschool_Jesus_Baptised,illustrations,preschool-jesus-baptised,"Matthew 3:1-17, Mark 1:1-11, Luke 3:1-22, John 1:6-34",The baptism of Jesus by John.,Sue Bentley,6,False,3,1,7
The Gospels,John baptises Jesus,FB_JohnBaptist_Jesus,illustrations,john-baptist-jesus,"Matthew 3:1-17, Mark 1:1-11, Luke 3:1-22, John 1:6-34",John the Baptist in the wilderness.,Sweet Publishing,11,False,3,3,7
The Gospels,John baptises Jesus,FB_WDV_John_Baptist,illustrations,wdv-john-baptist,"Matthew 3:1-17, Mark 1:1-22, Luke 3:1-20",Jesus visits John the Baptist by the River Jordan.,Willem de Vink – Jesus Messiah project,14,False,3,6,7
The Gospels,John the Baptist,FB_LS_John_Baptist,illustrations,ls-john-baptist,Matthew 3:1-16,John baptises Jesus.,Lambsongs,9,False,3,1,3
The Gospels,John the Baptist,FB_MK_John_Baptist,illustrations,mk-john-baptist,Matthew 3:1-17,John does not think he is worthy to baptise Jesus.,Marian van der Kruijt,20,False,3,1,3
The Gospels,John the Baptist,FB_LGR_John_Baptist,illustrations,lgr-john-baptist,"Matthew 3:1-17, 11:1-18, 14:1-12, Mark 1:1-11, 6:14-29, Luke 3:1-22, 7:10-30, John 1:19-36, 3:22-31",The life and death of John the Baptist.,Lars-Goran Ronnberg,32,False,3,3,0
The Gospels,Jesus was tempted,FB_YO_Jesus_Tempted,illustrations,yo-jesus-tempted,Matthew 3 - 4:11,Jesus is tempted by the devil in the wilderness.,YO! Ministry,13,True,3,6,0
The Gospels,Baptism of Jesus,FB_GNPI_013_Jesus_Baptism,illustrations,gnpi-013-jesus-baptism,Matthew 3:13-17,Jesus goes to the river Jordan to meet John the Baptist.,Good News Productions Int.,7,True,3,7,0
The Gospels,Jesus is tempted,FB_WDV_Jesus_Tempted,illustrations,wdv-jesus-tempted,"Matthew 4:1-11, Luke 4:1-14",Satan tempts Jesus in the wilderness.,Willem de Vink – Jesus Messiah project,10,False,3,6,7
The Gospels,Jesus is tempted,FB_LS_Jesus_Tempted,illustrations,ls-jesus-tempted,Matthew 4:1-11,Jesus faces temptation in the wilderness.,Lambsongs,9,False,3,1,3
The Gospels,Jesus is tempted in the wilderness,FB_Jesus_Tempted,illustrations,jesus-tempted,"Matthew 4:1-11, Luke 4:1-14",Jesus is tested by Satan.,Sweet Publishing,9,False,3,3,7
The Gospels,Jesus is tested,FB_RG_Jesus_Tested,illustrations,rg-jesus-tested,"Matthew 4:1-11, Luke 4:1-14",Jesus is tempted in the wilderness.,Richard Gunther,16,False,3,3,3
The Gospels,The temptation of Jesus,FB_GNPI_014_Jesus_Temptation,illustrations,gnpi-014-jesus-temptation,Matthew 4:1-11,Jesus fasts in the wilderness and is tempted by Satan.,Good News Productions Int.,9,True,3,7,0
The Gospels,Four fishermen follow Jesus,FB_WDV_Four_Fishermen,illustrations,wdv-four-fishermen,"Matthew 4:18-22, Luke 5:1-11",A large catch of fish.,Willem de Vink – Jesus Messiah project,10,False,3,6,7
The Gospels,Jesus calls Matthew,FB_GNPI_027_Matthew,illustrations,gnpi-027-matthew,Matthew 9:9-13,Jesus eats with tax collectors and sinners.,Good News Productions Int.,9,True,3,7,0
The Gospels,Jesus invites Matthew to be His Disciple,FB_SPI_Jesus_Matthew,illustrations,spi-jesus-matthew,"Matthew 9:9-13, Mark 2:14-17, Luke 5:27-32",Matthew the Tax Collector chooses to follows Jesus.,Sweet Publishing – FreeBibleimages,8,False,3,7,7
The Gospels,Jesus invites Matthew to be His Disciple,FB_Jesus_Matthew,illustrations,jesus-matthew,"Matthew 9:9-13, Mark 2:14-17, Luke 5:27-32",Matthew the Tax Collector chooses to follows Jesus.,Sweet Publishing,8,False,3,3,7
The Gospels,Matthew follows Jesus,FB_LS_Matthew,illustrations,ls-matthew,Matthew 9:9,Matthew quits tax collecting to follow Jesus.,Lambsongs,9,False,3,1,3
The Gospels,Parables of the New Cloth and Wineskins,FB_GNPI_028_Cloth_Wineskins,illustrations,gnpi-028-cloth-wineskins,Matthew 9:14-17,Parables about mending cloth and old wineskins.,Good News Productions Int.,8,True,3,7,0
The Gospels,Lord of the Harvest,FB_GNPI_047_Lord_Harvest,illustrations,gnpi-047-lord-harvest,Matthew 9:35-38,Jesus urges prayer for more workers for the harvest.,Good News Productions Int.,6,True,3,7,0
The Gospels,Parables about the Kingdom of Heaven,FB_Parables_Kingdom_Heaven,illustrations,parables-kingdom-heaven,"Matthew 13:31-33, 44-45, Mark 4:30-32, Luke 13:18-21","Mustard seed, yeast, hidden treasure and a pearl.",Sweet Publishing,10,False,3,3,7
The Gospels,The preaching of John the Baptist,FB_WB_John_Baptist,illustrations,wb-john-baptist,Mark 1:1-11,Jesus is baptised by John.,Bible Society Australia – The Wild Bible,18,True,3,3,0
The Gospels,Jesus starts His work,FB_WB_Four_Disciples,illustrations,wb-four-disciples,Mark 1:12-20,Jesus is tempted then chooses four disciples.,Bible Society Australia – The Wild Bible,20,True,3,3,0
The Gospels,Jesus chooses Levi,FB_WB_Calling_Matthew,illustrations,wb-calling-matthew,Mark 2:13-17,Matthew the tax collector becomes a disciple of Jesus.,Bible Society Australia – The Wild Bible,16,True,3,3,0
The Gospels,Jesus asked about fasting,FB_WB_Fasting_Wineskins,illustrations,wb-fasting-wineskins,Mark 2:18-22,Jesus teaches about new life.,Bible Society Australia – The Wild Bible,14,True,3,3,0
The Gospels,New wine and old wineskins,FB_RG_Garment_Wineskins,illustrations,rg-garment-wineskins,Mark 2:18-22,Parables about mending cloth and old wineskins.,Richard Gunther,8,False,3,3,3
The Gospels,A question about the Sabbath,FB_WB_Grain_Sabbath,illustrations,wb-grain-sabbath,Mark 2:23-28,Jesus's disciples pick wheat on the Sabbath.,Bible Society Australia – The Wild Bible,12,True,3,3,0
The Gospels,Jesus' mother and brothers,FB_WB_Jesus_Brothers,illustrations,wb-jesus-brothers,Mark 3:31-35,Jesus talks about His family.,Bible Society Australia – The Wild Bible,11,True,3,3,0
The Gospels,Isaiah writes about the promised Saviour,FB_RG_Isaiah_Jesus,illustrations,rg-isaiah-jesus,"Luke 4:14-21, Isaiah 61:1-3",God shares His future plans with Isaiah.,Richard Gunther,11,False,3,3,3
The Gospels,Jesus is rejected in Nazareth,FB_Jesus_Rejected_Nazareth,illustrations,jesus-rejected-nazareth,Luke 4:14-30,Jesus reads about the Messiah in Nazareth.,Sweet Publishing,12,False,3,3,7
The Gospels,Jesus' rejection at Nazareth,FB_GNPI_021_Jesus_Nazareth,illustrations,gnpi-021-jesus-nazareth,Luke 4:14-30,Jesus teaches in Nazareth and is rejected.,Good News Productions Int.,15,True,3,7,0
The Gospels,Fishing with Peter,FB_LS_Peter_Fishing,illustrations,ls-peter-fishing,Luke 5:1-11,Peter obeys Jesus and has a record catch of fish.,Lambsongs,8,False,3,1,3
The Gospels,Four fishermen follow Jesus,FB_MP_Miracle_Fish,illustrations,mp-miracle-fish,Luke 5:1-11,"Andrew, Peter, James and John become 'fishers of men'.",SIKU – Edge Group,11,False,3,6,0
The Gospels,Jesus and the Fishermen,FB_YO_Jesus_Fishermen,illustrations,yo-jesus-fishermen,Luke 5:1-11,"Andrew, Peter, James and John and a large catch of fish.",YO! Ministry,12,True,3,6,0
The Gospels,The calling of the first disciples,FB_GNPI_022_Four_Disciples,illustrations,gnpi-022-four-disciples,Luke 5:1-11,Peter casts his net on the other side of the boat.,Good News Productions Int.,12,True,3,7,0
The Gospels,Four fishermen follow Jesus,FB_DM_Jesus_Fisherman,illustrations,dm-jesus-fisherman,Luke 5:4-7,"Peter, Andrew, James and John follow Jesus.",Didier Martin,12,False,3,1,0
The Gospels,Parable of the midnight visitor,FB_Parable_Visitor,illustrations,parable-visitor,Luke 11:5-10,A story of a late-night visitor is a lesson on prayer.,Andrea Rau,14,False,3,1,0
The Gospels,John chapter 1,FB_VB_John_1,illustrations,vb-john-1,John 1:1-51,John testifies about Jesus.,VideoBible.com,25,True,3,6,0
The Gospels,"Andrew, Peter, Philip and Nathanael meet Jesus",FB_Andrew_Philip_Nathanael,illustrations,andrew-philip-nathanael,John 1:28-51,"Andrew, Peter, Philip and Nathanael meet Jesus.",Sweet Publishing,14,False,3,3,7
The Gospels,Jesus' first disciples,FB_GNPI_015_First_Disciples,illustrations,gnpi-015-first-disciples,John 1:35-51,"Peter, Andrew, Philip and Nathanael follow Jesus.",Good News Productions Int.,12,True,3,7,0
The Gospels,John chapter 3,FB_VB_John_3,illustrations,vb-john-3,John 3,Jesus talks with Nicodemus.,VideoBible.com,26,True,3,6,0
The Gospels,"Moses, the serpent and Jesus",FB_YO_Moses_Serpent,illustrations,yo-moses-serpent,"John 3:1-2, 13:17, Deuteronomy 2:7, 8:15-16, 29:5",Jesus talks with Nicodemus about Moses and the serpent in the wilderness.,YO! Ministry,14,False,3,6,0
The Gospels,Nicodemus,FB_LS_Nicodemus,illustrations,ls-nicodemus,John 3,Jesus talks with Nicodemus about a new birth.,Lambsongs,9,True,3,1,3
The Gospels,Nicodemus,FB_GNPI_017_Nicodemus,illustrations,gnpi-017-nicodemus,John 3:1-17,"Jesus, Nicodemus, being born again and eternal life.",Good News Productions Int.,15,True,3,7,0
The Gospels,Nicodemus talks with Jesus,FB_HM_Nicodemus,illustrations,hm-nicodemus,John 3:1-21,Nicodemus talks about eternal life with Jesus.,Rev. Henry Martin,16,False,3,3,0
The Gospels,Nicodemus visits Jesus,FB_RG_Nicodemus,illustrations,rg-nicodemus,John 3:1-21,Nicodemus learns about salvation.,Richard Gunther,19,False,3,3,3
The Gospels,Nicodemus visits Jesus,FB_DM_Nicodemus,illustrations,dm-nicodemus,"John 3:3-21, 19:39",Jesus tells Nicodemus he must be 'born again'.,Didier Martin,11,False,3,1,0
The Gospels,Jesus talks with a Samaritan woman,FB_Jesus_Samaritan_Woman,illustrations,jesus-samaritan-woman,John 4:1-42,Jesus talks with a Samaritan woman at a well near Sychar.,Sweet Publishing,14,False,3,3,7
The Gospels,The Samaritan woman,FB_GNPI_018_Samaritan_Woman,illustrations,gnpi-018-samaritan-woman,John 4:1-19,Jesus talks with a Samaritan woman at a well.,Good News Productions Int.,17,True,3,7,0
The Gospels,Jesus offers living water,FB_GNPI_019_Living_Water,illustrations,gnpi-019-living-water,John 4:20-42,Jesus talks about 'living water' with a Samaritan woman.,Good News Productions Int.,18,True,3,7,0
The Gospels,Gospel images - ministry of Jesus,FB_JVH_Ministry,illustrations,jvh-ministry,"Matthew 3:13-17, Mark 10:13-27, Luke 7:36-50, John 3:1-21, 4:1-30",Paintings of the ministry of Jesus.,Jan van ’t Hoff – Gospel images,7,False,3,7,0
The Gospels,Jesus teaches in Galilee,FB_WDV_Jesus_Galilee,illustrations,wdv-jesus-galilee,"Matthew 5:1-7:29, Luke 6:17-49",The sermon on the mount.,Willem de Vink – Jesus Messiah project,10,False,3,6,7
The Gospels,The Beatitudes,FB_GNPI_033_Beatitudes,illustrations,gnpi-033-beatitudes,Matthew 5:1-12,"Jesus, the sermon on the mount and 8 blessings.",Good News Productions Int.,13,True,3,7,0
The Gospels,The Sermon on the Mount,FB_LGR_Sermon_Mount,illustrations,lgr-sermon-mount,Matthew 5-7,Jesus teaches how to live to please Him.,Lars-Goran Ronnberg,27,False,3,3,0
The Gospels,The parable of salt and light,FB_GNPI_034_Salt_Light,illustrations,gnpi-034-salt-light,Matthew 5:13-16,Jesus teaches parables about salt and light.,Good News Productions Int.,8,True,3,7,0
The Gospels,Jesus teaches about adultery and divorce,FB_GNPI_035_Adultery_Divorce,illustrations,gnpi-035-adultery-divorce,Matthew 5:27-32,Jesus teaches about faithfulness in marriage.,Good News Productions Int.,9,True,3,7,0
The Gospels,The Lord's prayer,FB_GNPI_036_Lords_Prayer,illustrations,gnpi-036-lords-prayer,Matthew 6:1-15,"Jesus teaches us how to pray.
",Good News Productions Int.,12,True,3,7,0
The Gospels,Jesus teaches about fasting,FB_GNPI_037_Fasting,illustrations,gnpi-037-fasting,Matthew 6:16-24,Jesus teaches about fasting and our motivation.,Good News Productions Int.,13,True,3,7,0
The Gospels,Jesus teaches about worry,FB_GNPI_038_Worry,illustrations,gnpi-038-worry,Matthew 6:25-34,Jesus uses birds and flowers to remind us not to worry.,Good News Productions Int.,12,True,3,7,0
The Gospels,A tale of two houses,FB_DM_Wise_Foolish_Builders,illustrations,dm-wise-foolish-builders,"Matthew 7:24-27, Luke 6:46-49",A wise and foolish builder build on rock and sand.,Didier Martin,8,False,3,1,0
The Gospels,The Wise and Foolish Builders,FB_RG_Wise_Foolish_Builders,illustrations,rg-wise-foolish-builders,"Matthew 7:24-27, Luke 6:46-49",Jesus tells a parables about two builders.,Richard Gunther,11,False,3,3,3
The Gospels,The parable of the Wise and Foolish builders,FB_GNPI_039_Parable_Builders,illustrations,gnpi-039-parable-builders,Matthew 7:24-29,The wise and foolish men building on sand and rocks.,Good News Productions Int.,8,True,3,7,0
The Gospels,The parable of the wise and foolish builders,FB_EG_Parable_Builders,illustrations,eg-parable-builders,"Matthew 7:24-27, Luke 6:46-49",Jesus teaches on obedience.,Ewurakua Ghansah,8,False,3,1,0
The Gospels,Jesus changes a troubled man,FB_Jesus_Troubled_Man,illustrations,jesus-troubled-man,"Matthew 8:28-34, Mark 5:5-20, Luke 8:26-39",Jesus delivers a troubled man living in the tombs.,Sweet Publishing,13,False,3,3,7
The Gospels,Jesus heals the demoniacs,FB_GNPI_044_Demoniacs,illustrations,gnpi-044-demoniacs,Matthew 8:28-34,Jesus delivers two demon-possessed men.,Good News Productions Int.,11,True,3,7,0
The Gospels,Jesus sends his disciples out,FB_RG_First_Commission,illustrations,rg-first-commission,"Matthew 10:1-42, Mark 6:7-13, Luke 9:1-6",Jesus' disciples go out in pairs to share the good news.,Richard Gunther,8,False,3,3,3
The Gospels,The Great Commission,FB_LS_Great_Commission,illustrations,ls-great-commission,Matthew 10:1-15,Jesus instructs His disciples to share the gospel.,Lambsongs,9,False,3,1,3
The Gospels,Jesus chooses 12 disciples,FB_WDV_Choosing_Disciples,illustrations,wdv-choosing-disciples,"Matthew 10:2-4, Mark 3:13-19, Luke 6:12-16",Jesus chooses 12 to be His Apostles. ,Willem de Vink – Jesus Messiah project,12,False,3,6,7
The Gospels,Twelve disciples follow Jesus,FB_LS_Disciples,illustrations,ls-disciples,"Matthew 10:2-4, Mark 3:13-19, Luke 6:12-16",Jesus chooses 12 apostles.,Lambsongs,9,False,3,1,3
The Gospels,John the Baptist learns about the miracles of Jesus,FB_RG_John_Jesus,illustrations,rg-john-jesus,Matthew 11:2-12,Messengers tell John what Jesus is doing.,Richard Gunther,16,False,3,3,3
The Gospels,Jesus talks about Jonah,FB_RG_Jesus_Jonah,illustrations,rg-jesus-jonah,Matthew 12:39-40,"Jesus, story of Jonah and resurrection after three days.",Richard Gunther,9,False,3,3,3
The Gospels,The Parable of the Sower,FB_SPI_Parable_Sower,illustrations,spi-parable-sower,"Matthew 13:1-23, Mark 4:1-20, Luke 8:1-15",A story about a sower and seeds.,Sweet Publishing – FreeBibleimages,16,False,3,7,7
The Gospels,Parable of the Sower,FB_DM_Parable_Sower,illustrations,dm-parable-sower,"Matthew 13:1-23, Mark 4:3-20, Luke 8:5-15",Jesus explains the meaning of the seeds and four soils.,Didier Martin,13,False,3,1,0
The Gospels,Parable of the sower for young children,FB_Parable_Sower_Preschool,illustrations,parable-sower-preschool,"Matthew 13:1-23, Mark 4:1-20, Luke 8:4-15",A parable of Jesus about a sower and its meaning.,Sue Bentley,14,False,3,1,7
The Gospels,The Parable of the Sower,FB_GNPI_049_Parable_Sower,illustrations,gnpi-049-parable-sower,"Matthew 13:1-9, 18-23",A parable about seed sown on four different soils.,Good News Productions Int.,16,True,3,7,0
The Gospels,The Parable of the Sower,FB_Parable_Sower,illustrations,parable-sower,"Matthew 13:1-23, Mark 4:1-20, Luke 8:1-15",A story about a sower and seeds.,Sweet Publishing,16,False,3,3,7
The Gospels,The parable of the seeds,FB_EG_Parable_Sower,illustrations,eg-parable-sower,"Matthew 13:1-23, Mark 4:3-20, Luke 8:5-15",A parable of Jesus about God's Word.,Ewurakua Ghansah,16,False,3,1,0
The Gospels,The parable of the sower,FB_RG_Parable_Sower,illustrations,rg-parable-sower,"Matthew 13:1-23, Mark 4:1-20, Luke 8:1-15",A story of four types of people responding to God's Word.,Richard Gunther,15,False,3,3,3
The Gospels,The parable of the sower,FB_LBS_Parable_Sower,illustrations,lbs-parable-sower,"Matthew 13:1-23, Mark 4:1-20, Luke 8:4-15",Jesus teaches about the Word of God.,Little Black Seed Bible Stories,26,False,3,1,0
The Gospels,Parable of the Weeds,FB_SPI_Parable_Weeds,illustrations,spi-parable-weeds,"Matthew 13:24-30, Matthew 13:36-43",A parable about weeds (tares) in a field of wheat.,Sweet Publishing – FreeBibleimages,9,False,3,7,7
The Gospels,Parable of the Weeds,FB_Parable_Weeds,illustrations,parable-weeds,"Matthew 13:24-30, Matthew 13:36-43",A parable about weeds (tares) in a field of wheat.,Sweet Publishing,9,False,3,3,7
The Gospels,Parable of the wheat and tares,FB_EG_Parable_Tares,illustrations,eg-parable-tares,Matthew 13:24-30,An enemy sows tares among the wheat.,Ewurakua Ghansah,8,False,3,1,0
The Gospels,Parable of the wheat and weeds,FB_DM_Good_Seed,illustrations,dm-good-seed,Matthew 13:24-30,An enemy sows weeds in a wheatfield.,Didier Martin,8,False,3,1,0
The Gospels,Parables of the tares and wheat,FB_LS_Wheat_Tares,illustrations,ls-wheat-tares,Matthew 13:24-30,An enemy sows poisonous weeds in a wheat field.,Lambsongs,9,True,3,1,3
The Gospels,"Weeds, Mustard Seed and Leaven Parables",FB_GNPI_050_Parable_Weeds,illustrations,gnpi-050-parable-weeds,Matthew 13:24-43,"Kingdom of Heaven parables - tares, mustard seed and yeast.",Good News Productions Int.,23,True,3,7,0
The Gospels,Parable of the Hidden Treasure,FB_EG_Parable_Treasure,illustrations,eg-parable-treasure,Matthew 13:34,A man finds treasure in a field.,Ewurakua Ghansah,6,False,3,1,0
The Gospels,The parables of the Kingdom of Heaven,FB_GNPI_042_Kingdom_Heaven,illustrations,gnpi-042-kingdom-heaven,Matthew 13:44-53,"Hidden treasure, a valuable pearl and a catch of fish.",Good News Productions Int.,11,True,3,7,0
The Gospels,The treasure in the field,FB_RP_Treasure,illustrations,rp-treasure,Matthew 13:44,Jesus' parable about finding hidden treasure in a field.,René Pfitzner,17,True,3,3,0
The Gospels,The pearl of great price,FB_LS_Parable_Pearl,illustrations,ls-parable-pearl,Matthew 13:45-46,A merchant goes all out to purchase a valuable pearl.,Lambsongs,9,False,3,1,3
The Gospels,Death of John the Baptist,FB_GNPI_052_Death_John,illustrations,gnpi-052-death-john,Matthew 14:1-12,John the Baptist is executed by Herod Antipas.,Good News Productions Int.,14,True,3,7,0
The Gospels,John the Baptist is executed,FB_John_Baptist_Executed,illustrations,john-baptist-executed,"Matthew 14:1-12, Mark 6:14-29",Herod Antipas executes John the Baptist.,Sweet Publishing,14,False,3,3,7
The Gospels,One hundred sheep,FB_LS_Lost_Sheep,illustrations,ls-lost-sheep,Matthew 18:11-14,A caring shepherd searches for a lost sheep.,Lambsongs,9,False,3,1,3
The Gospels,Jesus chooses His twelve Apostles,FB_WB_Jesus_Disciples,illustrations,wb-jesus-disciples,Mark 3:13-19,Twelve disciples are chosen.,Bible Society Australia – The Wild Bible,20,True,3,3,0
The Gospels,Jesus and His power,FB_WB_Power_Jesus,illustrations,wb-power-jesus,Mark 3:20-30,Jesus reveals the true source of His power.,Bible Society Australia – The Wild Bible,16,True,3,3,0
The Gospels,The seeds and the four soils,FB_WB_Parable_Seeds,illustrations,wb-parable-seeds,Mark 4:1-8,The parable of the sower and seeds.,Bible Society Australia – The Wild Bible,16,True,3,3,0
The Gospels,The story of seeds and four soils explained,FB_WB_Seeds_Explained,illustrations,wb-seeds-explained,Mark 4:13-20,Jesus explains the meaning of the four soils.,Bible Society Australia – The Wild Bible,20,True,3,3,0
The Gospels,Jesus teaches about light,FB_WB_Jesus_Light,illustrations,wb-jesus-light,Mark 4:21-24,Jesus explains we cannot hide anything from God.,Bible Society Australia – The Wild Bible,13,True,3,3,0
The Gospels,Parable of the farmer and harvest,FB_WB_Farmer_Harvest,illustrations,wb-farmer-harvest,Mark 4:26-29,Jesus likens His Kingdom to a farmer and his crop.,Bible Society Australia – The Wild Bible,12,True,3,3,0
The Gospels,Parable of the mustard seed,FB_WB_Mustard_Seed,illustrations,wb-mustard-seed,Mark 4:30-34,Jesus teaches on the Kingdom of God.,Bible Society Australia – The Wild Bible,10,True,3,3,0
The Gospels,A man with evil spirits,FB_WB_Wild_Man,illustrations,wb-wild-man,Mark 5:1-20,A wild man is delivered and becomes sane.,Bible Society Australia – The Wild Bible,26,True,3,3,0
The Gospels,Jesus delivers a wild man,FB_WDV_Man_Pigs,illustrations,wdv-man-pigs,"Mark 5:1-20, Luke 8:26-39",Jesus delivers a wild man from torment.,Willem de Vink – Jesus Messiah project,16,False,3,6,7
The Gospels,Jesus heals the wild man,FB_YO_Jesus_WildMan,illustrations,yo-jesus-wild-man,Mark 5:1-20,Jesus delivers a wild demon-possessed man.,YO! Ministry,12,True,3,6,0
The Gospels,The people of Nazareth turn against Jesus,FB_WB_Jesus_Nazareth,illustrations,wb-jesus-nazareth,Mark 6:1-6,Jesus speaks in the synagogue in Nazareth.,Bible Society Australia – The Wild Bible,13,True,3,3,0
The Gospels,The death of John the Baptist,FB_WB_John_Herod,illustrations,wb-john-herod,Mark 6:17-29,Herodias and Salome conspire to have John the Baptist executed.,Bible Society Australia – The Wild Bible,26,True,3,3,0
The Gospels,The parable of the sower,FB_JW_Parable_Sower,illustrations,jw-parable-sower,Mark 13:3-23,Jesus teaches about four soils and harvests.,Julia Watson,9,False,3,3,0
The Gospels,Lord of the Sabbath,FB_GNPI_030_Lord_Sabbath,illustrations,gnpi-030-lord-sabbath,Luke 6:1-5,The disciples rub grain in their hands on the Sabbath.,Good News Productions Int.,7,True,3,7,0
The Gospels,Jesus chooses the twelve disciples,FB_GNPI_032_Jesus_Disciples,illustrations,gnpi-032-jesus-disciples,Luke 6:12-16,"After a night of prayer, Jesus selects His disciples.",Good News Productions Int.,15,True,3,7,0
The Gospels,The house on the rock,FB_RR_Wise_Foolish,illustrations,rr-wise-foolish,Luke 6:46-49,A story about building on sand and rock.,Rawderson Rangel,11,False,3,1,0
The Gospels,The two builders,FB_LS_Two_Builders,illustrations,ls-two-builders,Luke 6:46-49,Two builders and foundations of sand and rock.,Lambsongs,10,False,3,1,3
The Gospels,A woman who anoints Jesus finds forgiveness,FB_Jesus_Simon,illustrations,jesus-simon,Luke 7:36-50,A woman anoints Jesus at Simon the Pharisee's house.,Sweet Publishing,14,False,3,3,7
The Gospels,Anointing of Jesus feet,FB_GNPI_041_Jesus_Anointed,illustrations,gnpi-041-jesus-anointed,Luke 7:36-50,A woman with a bad reputation anoints Jesus feet.,Good News Productions Int.,13,True,3,7,0
The Gospels,"Jesus, Mary and Simon the Pharisee",FB_BTBM_Mary_Perfume,illustrations,btbm-mary-perfume,"Luke 7:36-50, John 11:1-2",Mary anoints the feet of Jesus.,Basic Training Bible Min.,8,False,3,1,3
The Gospels,The Farmer and the Seed (Parable of the Sower),FB_LS_Parable_Sower,illustrations,ls-parable-sower,Luke 8:4-15,A sower scatters seed on different soils.,Lambsongs,9,True,3,1,3
The Gospels,Jesus and the graveyard man,FB_RG_Graveyard_Man,illustrations,rg-graveyard-man,Luke 8:26-36,Jesus meets a demonic wild man.,Richard Gunther,10,False,3,3,3
The Gospels,Signs in the sky,FB_RG_Signs_Sky,illustrations,rg-signs-sky,Matthew 16:1-3,"Jesus, the Messiah, talks about the sky.",Richard Gunther,10,False,3,3,3
The Gospels,On this rock,FB_LS_Peter_Rock,illustrations,rg-peter-rock,Matthew 16:13-18,Peter declares that Jesus is the Son of God.,Lambsongs,9,False,3,1,3
The Gospels,Peter's confession of Jesus,FB_GNPI_056_Peter_Confession,illustrations,gnpi-056-peter-confession,"Matthew 16:13-17, Mark 8:27-30, Luke 9:18-20",Jesus asks His disciples who they think He is.,Good News Productions Int.,8,True,3,7,0
The Gospels,The cost of being a disciple,FB_WDV_Cost_Disciples,illustrations,wdv-cost-disciples,Matthew 16:13-28,Jesus asks His disciples who they think He is.,Willem de Vink – Jesus Messiah project,12,False,3,6,7
The Gospels,Jesus is transfigured,FB_Jesus_Transfiguration,illustrations,jesus-transfiguration,"Matthew 17:1-13, Mark 9:2-13, Luke 9:28-37","Peter James and John see Jesus, Moses and Elijah.",Sweet Publishing,11,False,3,3,7
The Gospels,Parable of the unforgiving servant,FB_SPI_Unforgiving_Servant,illustrations,spi-unforgiving-servant,Matthew 18:21-35,A story of Jesus about forgiveness.,Sweet Publishing – FreeBibleimages,13,False,3,7,7
The Gospels,Parable of the unforgiving servant,FB_Unforgiving_Servant,illustrations,unforgiving-servant,Matthew 18:21-35,A story of Jesus about forgiveness.,Sweet Publishing,13,False,3,3,7
The Gospels,Instructions for the 12 apostles,FB_WB_Disciples_Witness,illustrations,wb-disciples-witness,Mark 6:7-16,Jesus sends out His disciples.,Bible Society Australia – The Wild Bible,13,True,3,3,0
The Gospels,Twelve disciples sent out,FB_GNPI_051_Disciples_Sent,illustrations,gnpi-051-disciples-sent,Mark 6:7-13,"Jesus sends His disciples to preach, heal and deliver.",Good News Productions Int.,10,True,3,7,0
The Gospels,The teaching of the Pharisees,FB_WB_Jesus_Pharisees,illustrations,wb-jesus-pharisees,Mark 7:1-13,Jesus points out the hypocrisy of the Pharisees.,Bible Society Australia – The Wild Bible,21,True,3,3,0
The Gospels,What really makes you unclean,FB_WB_Unclean_Issues,illustrations,wb-unclean-issues,Mark 7:14-23,Jesus teaches about cleanliness.,Bible Society Australia – The Wild Bible,13,True,3,3,0
The Gospels,A sign from Heaven,FB_WB_Sign_Heaven,illustrations,wb-sign-heaven,Mark 8:11-21,The Pharisees want a sign from heaven.,Bible Society Australia – The Wild Bible,17,True,3,3,0
The Gospels,Peter declares Jesus is the Messiah,FB_WB_Peter_Declaration,illustrations,wb-peter-declaration,Mark 8:27-30,Jesus asks His disciples who they think He is.,Bible Society Australia – The Wild Bible,10,True,3,3,0
The Gospels,Jesus speaks about His suffering and death,FB_WB_Jesus_Suffering,illustrations,wb-jesus-suffering,Mark 8:31-38,Jesus predicts His death and resurrection.,Bible Society Australia – The Wild Bible,18,True,3,3,0
The Gospels,Large crowds stop following Jesus,FB_WDV_Jesus_Rejection,illustrations,wdv-jesus-rejection,John 6:25-70,Jesus talks about the bread of life.,Willem de Vink – Jesus Messiah project,7,False,3,6,7
The Gospels,Jesus sends out His disciples,FB_Disciples_Mission,illustrations,disciples-mission,"Matthew 10:1-42, Mark 6:7-31, Luke 9:1-10","The disciples go out to preach, deliver and heal.",Sweet Publishing,26,False,3,3,7
The Gospels,The parable of the seed,FB_ML_Parable_Seed,illustrations,ml-parable-seed,"Matthew 13:1-9, 18-23",A story Jesus told about a sower.,MYELLOVE,7,False,3,1,0
The Gospels,Gospel images - Parables of Jesus,FB_JVH_Parables,illustrations,jvh-parables,"Matthew 13:3-9, 25:1-13, Luke 10:25-37, 14:15-24, 15:3-7, 15:11-32",Paintings of parables in the Gospels.,Jan van ’t Hoff – Gospel images,13,False,3,7,0
The Gospels,The mustard seed,FB_DM_Mustard_Seed,illustrations,dm-mustard-seed,"Matthew 13:31-32, 17:19-20, Luke 13:18-19, 17:5-6",A parable about the Kingdom of Heaven.,Didier Martin,6,False,3,1,0
The Gospels,Jesus shows His love for children,FB_M7_Jesus_Children,illustrations,m7-jesus-children,"Matthew 18:1-8, Luke 7:11-17, 8:40-56, 18:15-17, 19:28-40, John 6:1-13",Examples from the Gospels of Jesus' care for children.,Max7.org,8,False,3,3,3
The Gospels,Who is the greatest?,FB_RG_Jesus_Children,illustrations,rg-jesus-children,Matthew 18:1-8,Jesus uses a child to illustrate His teaching.,Richard Gunther,10,False,3,3,3
The Gospels,Parable of the Lost Sheep,FB_RR_Lost_Sheep,illustrations,rr-lost-sheep,"Matthew 18:12-14, Luke 15:1-7",A parable about a lost sheep that is found.,Rawderson Rangel,8,False,3,1,0
The Gospels,The Good Shepherd,FB_DM_Good_Shepherd,illustrations,dm-good-shepherd,"Matthew 18:12-14, Luke 15:1-7",A parable about the lost being found.,Didier Martin,16,False,3,1,0
The Gospels,The Lost Sheep,FB_RG_Lost_Sheep,illustrations,rg-lost-sheep,"Matthew 18:12-14, Luke 15:4-7",A shepherd searches for a missing sheep.,Richard Gunther,9,False,3,3,3
The Gospels,Restoring Christian Relationships,FB_GNPI_059_Christian_Relationships,illustrations,gnpi-059-christian-relationships,Matthew 18:15-22,Jesus explains how we should resolve differences.,Good News Productions Int.,8,True,3,7,0
The Gospels,Parable of the unforgiving servant,FB_SAK_Unforgiving_Servant,illustrations,sak-unforgiving-servant,Matthew 18:21-35,A forgiven servant refuses to forgive.,Smart Arts for Kids,19,False,3,1,0
The Gospels,The unforgiving servant,FB_ML_Unforgiving_Servant,illustrations,ml-unforgiving-servant,Matthew 18:21-35,A parable of Jesus about forgiveness.,MYELLOVE,8,False,3,1,0
The Gospels,The unforgiving servant,FB_MP_Unforgiving_Servant,illustrations,mp-unforgiving-servant,Matthew 18:21-35,A story about a forgiven servant who could not forgive.,SIKU – Edge Group,12,False,3,6,0
The Gospels,A rich man questions Jesus,FB_SPI_Jesus_Rich_Man,illustrations,spi-jesus-rich-man,"Matthew 19:16-30, Mark 10:17-31, Luke 18:18-30",A rich man questions Jesus about eternal life.,Sweet Publishing – FreeBibleimages,11,False,3,7,7
The Gospels,A rich man questions Jesus,FB_Jesus_Rich_Man,illustrations,jesus-rich-man,"Matthew 19:16-30, Mark 10:17-31, Luke 18:18-30",A rich man questions Jesus about eternal life.,Sweet Publishing,11,False,3,3,7
The Gospels,The rich young ruler,FB_GNPI_074_Rich_Ruler,illustrations,gnpi-074-rich-ruler,Matthew 19:16-26,A rich man discovers the cost of discipleship.,Good News Productions Int.,10,True,3,7,0
The Gospels,Jesus cleanses the Temple,FB_Jesus_Cleansing_Temple,illustrations,jesus-cleansing-temple,"Matthew 21:12-17, Mark 11:15-19, Luke 19:45-48, John 2:13-24",Jesus drives out the money changers and traders.,Sweet Publishing,7,False,3,3,7
The Gospels,Mary anoints Jesus,FB_BTBM_Jesus_Anointed,illustrations,btbm-jesus-anointed,"Matthew 26:6-13, Mark 14:3-9, John 12:1-8",Jesus is anointed with expensive oil.,Basic Training Bible Min.,11,False,3,1,3
The Gospels,Mary anoints Jesus,FB_WDV_Jesus_Anointed,illustrations,wdv-jesus-anointed,"Matthew 26:6-12, Mark 14:3-9, John 12:1-8",Mary gives and Judas complains.,Willem de Vink – Jesus Messiah project,8,False,3,6,7
The Gospels,Who is the greatest?,FB_WB_Jesus_Greatest,illustrations,wb-jesus-greatest,Mark 9:30-41,Jesus uses a child to illustrate a point.,Bible Society Australia – The Wild Bible,17,True,3,3,0
The Gospels,Temptations to sin,FB_WB_Temptation,illustrations,wb-temptation,Mark 9:42-50,The dangers of giving in to temptation.,Bible Society Australia – The Wild Bible,13,True,3,3,0
The Gospels,Jesus and the children,FB_ZB_Jesus_Children,illustrations,zb-jesus-children,Mark 10:13-16,Jesus wants to bless children.,Little Zebra Books,8,False,3,3,7
The Gospels,James and John request prominence,FB_James_John,illustrations,james-john,Mark 10:32-45,John and James want honour. Jesus teaches on humility.,Sweet Publishing,12,False,3,3,7
The Gospels,Don't start and look back,FB_RG_Looking_Back,illustrations,rg-looking-back,Luke 9:62,A parable about a man ploughing a field.,Richard Gunther,8,False,3,3,3
The Gospels,Good Samaritan,FB_HM_Good_Samaritan,illustrations,hm-good-samaritan,Luke 10:25-37,A parable about a Samaritan saving the life of a Jew.,Rev. Henry Martin,8,False,3,3,0
The Gospels,Parable of the Good Samaritan,FB_Good_Samaritan,illustrations,good-samaritan,Luke 10:25-37,"An injured Jew and the priest, levite and Samaritan.",Sweet Publishing,13,False,3,3,7
The Gospels,The Good Samaritan,FB_GNPI_064_Good_Samaritan,illustrations,gnpi-064-good-samaritan,Luke 10:25-37,"An injured man, a levite, a priest and a Samaritan.",Good News Productions Int.,17,True,3,7,0
The Gospels,The Good Samaritan,FB_ML_Good_Samaritan,illustrations,ml-good-samaritan,Luke 10:25-37,Who is my neighbour?,MYELLOVE,7,False,3,1,0
The Gospels,The Good Samaritan,FB_RR_Good_Samaritan,illustrations,rr-good-samaritan,Luke 10:25-37,A parable about a Samaritan who helped a Jew.,Rawderson Rangel,17,False,3,1,0
The Gospels,The Good Samaritan,FB_MP_Good_Samaritan,illustrations,mp-good-samaritan,Luke 10:25-37,"Jesus answers the question, 'Who is my neighbour?'",SIKU – Edge Group,9,False,3,6,0
The Gospels,The Good Samaritan,FB_LS_Good_Samaritan,illustrations,ls-good-samaritan,Luke 10:25-42,Jesus' parable about a Samaritan who saved a Jew.,Lambsongs,9,False,3,1,3
The Gospels,The parable of the Good Samaritan,FB_CL_Good_Samaritan,illustrations,cl-good-samaritan,Luke 10:25-37,The story of the Samaritan who helped a Jew.,FreeBibleimages,18,False,3,6,0
The Gospels,"Jesus, Mary and busy Martha",FB_BTBM_Mary_Martha,illustrations,btbm-mary-martha,Luke 10:38-42,Martha learns to make time for Jesus.,Basic Training Bible Min.,11,False,3,1,3
The Gospels,Martha and Mary,FB_DM_Mary_Martha,illustrations,dm-mary-martha,Luke 10:38-42,Martha is busy but Mary finds time for Jesus.,Didier Martin,9,False,3,1,0
The Gospels,Martha and Mary,FB_LS_Martha_Mary,illustrations,ls-martha-mary,Luke 10:38-42,Martha is upset when Mary does not help her.,Lambsongs,9,False,3,1,3
The Gospels,Mary and Martha,FB_CTA_Mary_Martha,illustrations,cta-mary-martha,Luke 10:38-42,Martha complains that Mary is not helping.,CommonToAll.com,5,False,3,3,7
The Gospels,Mary and Martha,FB_GNPI_065_Mary_Martha,illustrations,gnpi-065-mary-martha,Luke 10:38-42,Martha works while Mary listens to Jesus.,Good News Productions Int.,8,True,3,7,0
The Gospels,Parable of the midnight visitor,FB_RG_Midnight_Visitor,illustrations,rg-midnight-visitor,Luke 11:5-10,A parable about persistence in asking.,Richard Gunther,9,False,3,3,3
The Gospels,The man who never gave up,FB_LS_Persistent_Prayer,illustrations,ls-persistent-prayer,Luke 11:5-10,A parable to encourage us to pray persistently.,Lambsongs,9,False,3,1,3
The Gospels,Parable of the Rich Fool,FB_Rich_Fool,illustrations,rich-fool,Luke 12:13-21,A parable of Jesus about a foolish rich man.,Arabs for Christ,8,False,3,2,7
The Gospels,The rich fool,FB_DM_Rich_Fool,illustrations,dm-rich-fool,Luke 12:13-21,A parable about a selfish rich man.,Didier Martin,7,False,3,1,0
The Gospels,"The silly, greedy farmer",FB_LS_Greedy_Farmer,illustrations,ls-greedy-farmer,Luke 12:16-21,Jesus tells a parable about a rich fool.,Lambsongs,8,False,3,1,3
The Gospels,Parable of fig tree with no fruit,FB_LS_Fig_Tree,illustrations,ls-fig-tree,Luke 13:6-9,A farmer strives to get fruit from his fig tree.,Lambsongs,9,False,3,1,3
The Gospels,The Narrow Door,FB_LS_Narrow_Door,illustrations,ls-narrow-door,Luke 13:22-30,Jesus explains how riches can hinder us.,Lambsongs,9,False,3,1,3
The Gospels,Parable: 'Come to my feast',FB_LS_Parable_Feast,illustrations,ls-parable-feast,Luke 14:16-24,A rich man's friends reject his invite to a feast.,Lambsongs,9,False,3,1,3
The Gospels,Counting the cost,FB_LS_Counting_Cost,illustrations,ls-counting-cost,Luke 14:25-33,Counting the cost of following Jesus.,Lambsongs,9,True,3,1,3
The Gospels,The parable of the lost sheep,FB_EG_Lost_Sheep,illustrations,eg-lost-sheep,Luke 15:1-7,Jesus explains He has come to save the lost.,Ewurakua Ghansah,9,False,3,1,0
The Gospels,The Lost Sheep,FB_DM_Lost_Sheep,illustrations,dm-lost-sheep,Luke 15:1-7,A parable of Jesus.,Didier Martin,17,False,3,1,0
The Gospels,The lost little lamb,FB_RG_Lost_Lamb,illustrations,rg-lost-lamb,Luke 15:1-7,A 'find the lost sheep' story for young children.,Richard Gunther,22,False,3,3,3
The Gospels,Prodigal Son - part 1: The Lost Son,FB_LS_Lost_Son,illustrations,ls-lost-son,"Luke 15:2, 11-20",A loving father forgives his disobedient son.,Lambsongs,9,False,3,1,3
The Gospels,Prodigal Son - part 2: The Jealous Son,FB_LS_Jealous_Son,illustrations,ls-jealous-son,"Luke 15:2, 21-32",A son is jealous when his disobedient brother returns.,Lambsongs,9,False,3,1,3
The Gospels,Parable of the Lost coin,FB_Parable_LostCoin,illustrations,parable-lostcoin,Luke 15:8-10,Parable of the woman who searches for a lost coin.,Andrea Rau,12,False,3,1,0
The Gospels,Parable of the lost coin,FB_LS_Lost_Coin,illustrations,ls-lost-coin,Luke 15:8-10,A woman rejoices when she finds her lost coin.,Lambsongs,12,True,3,1,3
The Gospels,Parable of the forgiving father,FB_HM_Prodigal_Son,illustrations,hm-prodigal-son,Luke 15:11-32,A wayward son repents and returns to his forgiving father.,Rev. Henry Martin,32,False,3,3,0
The Gospels,Parable of the lost son,FB_Prodigal_Son_Preschool,illustrations,prodigal-son-preschool,Luke 15:11-32,A father forgives a son who squanders his inheritance.,Sue Bentley,15,True,3,1,7
The Gospels,The Prodigal Son,FB_GNPI_067_Prodigal_Son,illustrations,gnpi-067-prodigal-son,Luke 15:11-32,Jesus tells a parable about two sons.,Good News Productions Int.,16,True,3,7,0
The Gospels,The parable of the two sons,FB_SPI_Parable_TwoSons,illustrations,spi-parable-two-sons,Luke 15:11-32,A son resents his father welcoming his wayward brother.,Sweet Publishing – FreeBibleimages,19,False,3,7,7
The Gospels,The parable of the two sons,FB_Parable_TwoSons,illustrations,parable-two-sons,Luke 15:11-32,A son resents his father welcoming his wayward brother.,Sweet Publishing,19,False,3,3,7
The Gospels,The prodigal son,FB_MP_Prodigal_Son,illustrations,mp-prodigal-son,Luke 15:11-32,Jesus tells a parable about two sons.,SIKU – Edge Group,11,False,3,6,0
The Gospels,The prodigal son returns,FB_ML_Prodigal_Son,illustrations,ml-prodigal-son,Luke 15:11-32,A rebellious son is forgiven by his father.,MYELLOVE,7,False,3,1,0
The Gospels,The wild son who returned,FB_RG_Prodigal_Son,illustrations,rg-prodigal-son,Luke 15:11-32,A rebellious son repents and asks his father for forgiveness.,Richard Gunther,20,False,3,3,3
The Gospels,Parable of the unjust servant,FB_GNPI_068_Unjust_Servant,illustrations,gnpi-068-unjust-servant,Luke 16:1-13,Jesus' parable about a manager cheating his boss.,Good News Productions Int.,10,True,3,7,0
The Gospels,Parable of the Rich Man and Lazarus,FB_RichMan_Lazarus,illustrations,rich-man-lazarus,Luke 16:19-31,Jesus tells a parable about a rich man and Lazarus the beggar.,Arabs for Christ,11,False,3,2,7
The Gospels,Rich man and Lazarus,FB_BTBM_Lazarus_RichMan,illustrations,btbm-lazarus-rich-man,Luke 16:19-31,A parable about a rich man and a beggar who both die.,Basic Training Bible Min.,7,False,3,1,3
The Gospels,The rich man and Lazarus,FB_GNPI_069_RichMan_Lazarus,illustrations,gnpi-069-rich-man-lazarus,Luke 16:19-31,A rich man and a beggar named Lazarus who die.,Good News Productions Int.,13,True,3,7,0
The Gospels,The persistent widow,FB_RP_Persistent_Widow,illustrations,rp-persistent-widow,Luke 18:1-8,A modern day adaptation of this parable.,René Pfitzner,21,True,3,3,0
The Gospels,The unjust judge,FB_DM_Unjust_Judge,illustrations,dm-unjust-judge,Luke 18:1-8,A widow persists to get justice.,Didier Martin,12,False,3,1,0
The Gospels,The widow who kept asking,FB_RG_Persistent_Widow,illustrations,rg-persistent-widow,Luke 18:1-8,A story about a widow who pesters a judge for justice.,Richard Gunther,22,False,3,3,3
The Gospels,Parable of Pharisee and Tax Collector,FB_SPI_Pharisee_TaxCollector,illustrations,spi-pharisee-tax-collector,Luke 18:9-14,A Pharisee and Tax Collector pray in the Temple.,Sweet Publishing – FreeBibleimages,7,False,3,7,7
The Gospels,Parable of Pharisee and Tax Collector,FB_Pharisee_TaxCollector,illustrations,pharisee-tax-collector,Luke 18:9-14,A Pharisee and Tax Collector pray in the Temple.,Sweet Publishing,7,False,3,3,7
The Gospels,Pharisee and Tax Collector,FB_RR_Pharisee_TaxCollector,illustrations,rr-pharisee-tax-collector,Luke 18:9-14,A Pharisee and tax collector pray in the temple.,Rawderson Rangel,7,False,3,1,0
The Gospels,The Pharisee and Tax Collector,FB_DM_Pharisee_TaxCollector,illustrations,dm-pharisee-tax-collector,Luke 18:9-14,Two men go into the temple to pray.,Didier Martin,7,False,3,1,0
The Gospels,The Pharisee and the Tax Collector,FB_CTA_Two_Men_Praying,illustrations,cta-two-men-praying,Luke 18:9-14,A parable about two men praying in the Temple.,CommonToAll.com,5,False,3,3,7
The Gospels,Jesus welcomes children,FB_LGR_Jesus_Children,illustrations,lgr-jesus-children,Luke 18:15-17,The disciples are rebuked for turning children away.,Lars-Goran Ronnberg,20,False,3,3,0
The Gospels,Jesus welcomes little children,FB_GNPI_073_Jesus_Children,illustrations,gnpi-073-jesus-children,Luke 18:15-17,Jesus tells His disciples that He wants to bless children.,Good News Productions Int.,6,True,3,7,0
The Gospels,Death and resurrection prophecies,FB_GNPI_075_Resurrection_Prophecies,illustrations,gnpi-075-resurrection-prophecies,Luke 18:31-34,Jesus' disciples told He will die and rise again.,Good News Productions Int.,6,True,3,7,0
The Gospels,Jesus and Zacchaeus,FB_ZB_Zacchaeus,illustrations,zb-zacchaeus,Luke 19:1-10,A tax collector repents.,Little Zebra Books,7,False,3,3,7
The Gospels,Jesus comes to Jericho part 2 - Zacchaeus,FB_LGR_Zacchaeus,illustrations,lgr-zacchaeus,Luke 19:1-10,A cheating tax collector meets Jesus.,Lars-Goran Ronnberg,39,False,3,3,0
The Gospels,Jesus meets Zacchaeus,FB_M7_Zacchaeus,illustrations,m7-zacchaeus,Luke 19:1-10,A tax collector in Jericho meets Jesus.,Max7.org,18,True,3,3,3
The Gospels,Jesus meets Zacchaeus,FB_CTA_Jesus_Zacchaeus,illustrations,cta-jesus-zacchaeus,Luke 19:1-10,Jesus eats with a tax collector.,CommonToAll.com,5,False,3,3,7
The Gospels,Jesus meets Zacchaeus,FB_BTBM_Zacchaeus,illustrations,btbm-zacchaeus,Luke 19:1-10,Tax collector Zacchaeus repents after meeting Jesus.,Basic Training Bible Min.,9,False,3,1,3
The Gospels,Story of Zacchaeus,FB_Jesus_Zacchaeus_Preschool,illustrations,jesus-zacchaeus-preschool,Luke 19:1-10,The story of Zacchaeus the tax collector.,Sue Bentley,5,True,3,1,7
The Gospels,Zacchaeus,FB_LS_Zacchaeus,illustrations,ls-zacchaeus,Luke 19:1-10,Zacchaeus the greedy tax collector meets Jesus.,Lambsongs,8,True,3,1,3
The Gospels,Zacchaeus,FB_GNPI_AS_Zacchaeus,illustrations,gnpi-as-zacchaeus,Luke 19:1-10,A tax collector meets Jesus.,GNPI – Amazing Stories,17,True,3,1,0
The Gospels,Zacchaeus meets Jesus,FB_DM_Zacchaeus,illustrations,dm-zacchaeus,Luke 19:1-10,A cheating tax collector repents.,Didier Martin,10,False,3,1,0
The Gospels,Zacchaeus the Tax Collector,FB_Zacchaeus,illustrations,zacchaeus,Luke 19:1-10,Zacchaeus climbs a sycamore tree to see Jesus.,Sweet Publishing,9,False,3,3,7
The Gospels,Zacchaeus the tax collector,FB_GNPI_077_Zacchaeus,illustrations,gnpi-077-zacchaeus,Luke 19:1-10,Jesus meets a despised chief tax collector.,Good News Productions Int.,10,True,3,7,0
The Gospels,Zacchaeus: Little man - big change,FB_HM_Zacchaeus,illustrations,hm-zacchaeus,Luke 19:1-10,Jesus meets Zacchaeus the cheating tax collector.,Rev. Henry Martin,21,False,3,3,0
The Gospels,A woman accused of adultery,FB_RG_Woman_Adultery,illustrations,rg-woman-adultery,John 8:1-11,How will Jesus judge a guilty woman?,Richard Gunther,10,False,3,3,3
The Gospels,Jesus and the adulterous woman,FB_Jesus_Question_Adultery,illustrations,jesus-question-adultery,John 8:1-11,Jesus gives His verdict on a woman accused of adultery.,Arabs for Christ,11,False,3,2,7
The Gospels,Jesus and the woman accused of adultery,FB_GNPI_060_Woman_Adultery,illustrations,gnpi-060-woman-adultery,John 8:1-11,A woman accused of adultery finds forgiveness.,Good News Productions Int.,11,True,3,7,0
The Gospels,Jesus wrote in the dust,FB_LS_Writing_Dust,illustrations,ls-writing-dust,John 8:2-11,A woman who has done wrong finds forgiveness.,Lambsongs,9,False,3,1,3
The Gospels,Jesus - the good shepherd,FB_GNPI_063_Good_Shepherd,illustrations,gnpi-063-good-shepherd,John 10:1-17,Jesus explains why He is like a good shepherd.,Good News Productions Int.,16,True,3,7,0
The Gospels,Jesus is the door,FB_BTBM_Jesus_Door,illustrations,btbm-jesus-door,John 10:9-16,Jesus talks about the way to heaven.,Basic Training Bible Min.,7,False,3,1,3
The Gospels,The plot to kill Jesus,FB_WDV_Leaders_Plot,illustrations,wdv-leaders-plot,John 11:45-57,The Sanhedrin meet to discuss Jesus.,Willem de Vink – Jesus Messiah project,5,False,3,6,7
The Gospels,Children praise Jesus,FB_DSA_Palm_Sunday,illustrations,dsa-palm-sunday,"Matthew 21:1-11, Mark 11:1-11, Luke 19:28-44, John 12:12-17","Children wave palms and shout, 'Hosanna'.",D.S.art,11,False,4,1,7
The Gospels,Jesus enters Jerusalem,FB_TIS_Palm_Sunday,illustrations,tis-palm-sunday,"Matthew 21:1-11, Mark 11:1-11, Luke 19:28-44, John 12:12-17","Palms, hosannas and a king on a donkey.",James Tissot Collection (Brooklyn Museum),15,False,4,4,7
The Gospels,Jesus rides a donkey (Palm Sunday),FB_LS_Palm_Sunday,illustrations,ls-palm-sunday,"Matthew 21:1-11, Mark 11:1-11, Luke 19:28-44, John 12:12-17",Jesus rides into Jerusalem to shouts of 'Hosanna'.,Lambsongs,9,True,4,1,3
The Gospels,Jesus rides into Jerusalem,FB_ML_Palm_Sunday,illustrations,ml-palm-sunday,"Matthew 21:1-17, Mark 11:1-19, Luke 19:28-48",The first Palm Sunday.,MYELLOVE,7,False,4,1,0
The Gospels,Jesus rides into Jerusalem,FB_WDV_Palm_Sunday,illustrations,wdv-palm-sunday,"Matthew 21:1-11, Mark 11:1-11, Luke 19:28-44, John 12:12-17",Crowds welcome Jesus as He rides on a donkey.,Willem de Vink – Jesus Messiah project,9,False,4,6,7
The Gospels,Jesus rides into Jerusalem,FB_Jesus_Jerusalem,illustrations,jesus-jerusalem,"Matthew 21:1-11, Mark 11:1-11, Luke 19:28-44, John 12:12-17",Crowds wave palms as Jesus rides into Jerusalem.,Sweet Publishing,12,False,4,3,7
The Gospels,Jesus rides into Jerusalem on a donkey,FB_Preschool_Palms_Hosanna,illustrations,preschool-palms-hosanna,"Matthew 21:1-11, Mark 11:1-11, Luke 19:28-44, John 12:12-17",Jesus rides into Jerusalem to shouts of 'Hosanna'.,Sue Bentley,7,False,4,1,7
The Gospels,King Jesus,FB_RG_King_Jesus,illustrations,rg-king-jesus,Matthew 21:1-17,Jesus rides into Jerusalem and drives out moneychangers.,Richard Gunther,21,False,4,3,3
The Gospels,The Triumphant Entry,FB_GNPI_078_Triumphant_Entry,illustrations,gnpi-078-triumphant-entry,Matthew 21:1-11,Jesus rides into Jerusalem to shouts of 'Hosanna'.,Good News Productions Int.,9,True,4,7,0
The Gospels,Jesus and the Temple traders,FB_HM_Cleansing_Temple,illustrations,hm-cleansing-temple,"Matthew 21:12-17, Mark 11:15-19, Luke 19:45-48, John 2:13-24",Jesus clears the Temple of the dishonest traders.,Rev. Henry Martin,8,False,4,3,0
The Gospels,Parable of the Tenants,FB_SPI_Parable_Tenants,illustrations,spi-parable-tenants,"Matthew 21:33-46, Mark 12:1-12, Luke 20:9-19",The tenant farmers who murder the owner's son.,Sweet Publishing – FreeBibleimages,17,False,4,7,7
The Gospels,Parable of the Tenants,FB_Parable_Tenants,illustrations,parable-tenants,"Matthew 21:33-46, Mark 12:1-12, Luke 20:9-19",The tenant farmers who murder the owner's son.,Sweet Publishing,17,False,4,3,7
The Gospels,Jesus enters Jerusalem,FB_WB_Palm_Sunday,illustrations,wb-palm-sunday,Mark 11:1-11,Jesus rides into Jerusalem on a donkey.,Bible Society Australia – The Wild Bible,20,True,4,3,0
The Gospels,Fig tree cursed and Temple cleansed,FB_GNPI_079_Temple_Cleansing,illustrations,gnpi-079-temple-cleansing,Mark 11:12-33,Jesus curses a fig tree and cleanses the temple.,Good News Productions Int.,15,True,4,7,0
The Gospels,Jesus cleans the Temple,FB_WDV_Jesus_Temple,illustrations,wdv-jesus-temple,"Matthew 21:12-17, Mark 11:15-19, Luke 19:45-48, John 2:13-24",Jesus drives out the corrupt traders in the temple.,Willem de Vink – Jesus Messiah project,14,False,4,6,7
The Gospels,Jesus cleanses the Temple,FB_GNPI_AS_Temple_Cleansing,illustrations,gnpi-as-temple-cleansing,"Matthew 21:12-17, Mark 11:15-19, Luke 19:45-48, John 2:13-24",Jesus declares the Temple should be a place of prayer.,GNPI – Amazing Stories,18,True,4,1,0
The Gospels,Jesus in the Temple,FB_WB_Jesus_Temple,illustrations,wb-jesus-temple,Mark 11:11-19,Jesus cleanses the Temple.,Bible Society Australia – The Wild Bible,17,True,4,3,0
The Gospels,A lesson from a fig tree,FB_WB_Fig_Tree,illustrations,wb-fig-tree,"Mark 11:12-14, 20-26",Jesus teaches on faith.,Bible Society Australia – The Wild Bible,13,True,4,3,0
The Gospels,Doing the Father's will,FB_LS_Fathers_Will,illustrations,ls-fathers-will,Matthew 21:28-31,A parable about obedience.,Lambsongs,9,False,4,1,3
The Gospels,Parable of two sons asked to help,FB_RG_Two_Sons_Obedience,illustrations,rg-two-sons-obedience,Matthew 21:28-31,Two sons are asked to work in a vineyard.,Richard Gunther,9,False,4,3,3
The Gospels,Parable of the tenants of a vineyard,FB_HM_Parable_Tenants,illustrations,hm-parable-tenants,"Matthew 21:33-45, Mark 12:1-12, Luke 20:9-19",The wicked vineyard tenants who murder the owner's son.,Rev. Henry Martin,16,False,4,3,0
The Gospels,Parable of the vineyard tenants,FB_RG_Vineyard,illustrations,rg-vineyard,"Matthew 21:33-46, Mark 12:1-12, Luke 20:9-19",A parable Jesus told to those plotting to kill Him.,Richard Gunther,22,False,4,3,3
The Gospels,Parable of the Royal Wedding,FB_Parable_Wedding,illustrations,parable-wedding,Matthew 22:1-14,"The king, the royal wedding and the invited guests.",Arabs for Christ,16,False,4,2,7
The Gospels,Jesus answers a trick question on taxes,FB_Jesus_Coin,illustrations,jesus-coin,"Matthew 22:15-22, Mark 12:13-17, Luke 20:20-26",The Pharisees test Jesus with a question about taxes.,Sweet Publishing,14,False,4,3,7
The Gospels,Jesus speaks about the Pharisees,FB_RG_Pharisees,illustrations,rg-pharisees,Matthew 23:1-12,The burden of the Pharisees' rules.,Richard Gunther,10,False,4,3,3
The Gospels,Jesus talks about future events,FB_Jesus_Future,illustrations,jesus-future,"Matthew 24:1-35, Mark 13:1-31, Luke 21:5-38",The destruction of Jerusalem and future events.,Sweet Publishing,22,False,4,3,7
The Gospels,Five wise and five foolish,FB_RG_Wise_Foolish,illustrations,rg-wise-foolish,Matthew 25:1-13,Ten bridesmaids prepare for a wedding.,Richard Gunther,9,False,4,3,3
The Gospels,Ten bridesmaids waiting for the groom,FB_ML_Ten_Bridesmaids,illustrations,ml-ten-bridesmaids,Matthew 25:1-13,Five bridesmaids are ready for the groom.,MYELLOVE,7,False,4,1,0
The Gospels,The parable of the ten virgins,FB_GNPI_081_Wise_Foolish_Virgins,illustrations,gnpi-081-wise-foolish-virgins,Matthew 25:1-13,Jesus tells us to be ready as His return will be unexpected.,Good News Productions Int.,14,True,4,7,0
The Gospels,Parable of the talents,FB_ML_Parable_Talents,illustrations,ml-parable-talents,Matthew 25:14-30,Three servants invest their talents.,MYELLOVE,7,False,4,1,0
The Gospels,The Good Worker (Parable of the Talents),FB_LS_Parable_Talents,illustrations,ls-parable-talents,Matthew 25:14-30,A parable about workers investing their talents.,Lambsongs,9,False,4,1,3
The Gospels,The parable of the talents,FB_SAK_Parable_Talents,illustrations,sak-parable-talents,Matthew 25:14-30,Three servants are trusted to use their talents.,Smart Arts for Kids,15,False,4,1,0
The Gospels,The parable of the talents of gold,FB_Parable_Talents,illustrations,parable-talents,Matthew 25:14-30,Three servants invest their master's money.,Arabs for Christ,14,False,4,2,7
The Gospels,The three servants and the talents,FB_DM_Parable_Talents,illustrations,dm-parable-talents,Matthew 25:14-30,Three servants are entrusted with money. ,Didier Martin,13,False,4,1,0
The Gospels,Final judgement of the world,FB_GNPI_082_Final_Judgement,illustrations,gnpi-082-final-judgement,Matthew 25:31-46,Jesus talks about events yet to take place.,Good News Productions Int.,17,True,4,7,0
The Gospels,The great judgement,FB_JL_Great_Judgement,illustrations,jl-great-judgement,Matthew 25:31-46,Jesus warns about the judgement to come.,Jay (JayBob) Launius,8,False,4,3,0
The Gospels,The plot to kill Jesus,FB_GNPI_083_Jesus_Plot,illustrations,gnpi-083-jesus-plot,Matthew 26:1-5,"High Priest, Chief Priests and Elders plot to kill.",Good News Productions Int.,5,True,4,7,0
The Gospels,Judas agrees to betray Jesus,FB_GNPI_085_Judas_Betrays,illustrations,gnpi-085-judas-betrays,Matthew 26:14-16,Judas betrays Jesus for thirty pieces of silver.,Good News Productions Int.,5,True,4,7,0
The Gospels,Judas agrees to betray Jesus,FB_WDV_Judas_Betrays,illustrations,wdv-judas-betrays,"Matthew 26:14-16, Mark 14:10-11, Luke 22:1-6",Judas gets 30 pieces of silver to betray Jesus.,Willem de Vink – Jesus Messiah project,8,False,4,6,7
The Gospels,A question about Jesus' authority,FB_WB_Jesus_Authority,illustrations,wb-jesus-authority,Mark 11:27-33,Jesus is questioned in the Temple.,Bible Society Australia – The Wild Bible,11,True,4,3,0
The Gospels,A lesson in giving to God,FB_HM_Widow_Mite,illustrations,hm-widow-mite,"Mark 12:41-44, Luke 21:1-4",The widow who gave everything she had to God.,Rev. Henry Martin,8,False,4,3,0
The Gospels,The widow who gave everything,FB_Widow_Mite,illustrations,widow-mite,"Mark 12:41-44, Luke 21:1-4",Two small coins given to God.,Sweet Publishing,6,False,4,3,7
The Gospels,The widow with just two coins,FB_RG_Widow_Coins,illustrations,rg-widow-coins,"Mark 12:41-44, Luke 21:1-4",A poor woman gives at the Temple.,Richard Gunther,10,False,4,3,3
The Gospels,The widow's offering,FB_GNPI_080_Widow_Mite,illustrations,gnpi-080-widow-mite,Mark 12:41-44,Jesus watches those giving in the Temple.,Good News Productions Int.,6,True,4,7,0
The Gospels,Beware of proud hypocrites,FB_RG_Beware_Hypocrites,illustrations,rg-beware-hypocrites,Luke 20:45-47,Jesus highlights the hypocrisy of the Pharisees.,Richard Gunther,9,False,4,3,3
The Gospels,The widow who gave everything,FB_CTA_Widow_Mite,illustrations,cta-widow-mite,Luke 21:1-4,Jesus watches people giving to God.,CommonToAll.com,5,False,4,3,7
The Gospels,Two small coins for God,FB_LS_Widow_Coins,illustrations,ls-widow-coins,Luke 21:1-4,A poor widow gives everything she has to God.,Lambsongs,9,False,4,1,3
The Gospels,Judas - 30 silver coins,FB_LS_Judas,illustrations,ls-judas,Luke 22:3-6,Judas betrays Jesus to gain 30 pieces of silver.,Lambsongs,9,False,4,1,3
The Gospels,Mary anoints Jesus' feet ,FB_GNPI_084_Jesus_Anointed,illustrations,gnpi-084-jesus-anointed,"John 12:1-8, Mark 14:3-9",Mary anoints Jesus with expensive oil.,Good News Productions Int.,9,True,4,7,0
The Gospels,Mary anoints Jesus,FB_Mary_Anoints_Jesus,illustrations,mary-anoints-jesus,"Matthew 26:6-16, Mark 14:1-11, John 12:1-11",Mary anoints Jesus with a very expensive oil.,Sweet Publishing,14,False,4,3,7
The Gospels,The Easter Story,FB_VB_Easter,illustrations,vb-easter,"Matthew 17, Luke 22-24, John 12, 20",Key scenes of the death and resurrection of Jesus.,VideoBible.com,16,False,5,6,0
The Gospels,Betrayal of the King,FB_BPA_Betrayal_King,illustrations,bpa-betrayal-king,"Matthew 21, Matthew 26-27, Mark 14-15, Luke 22-23, John 13-19","Jesus is welcomed as King, betrayed and sentenced to death.",Bible Pathway Adventures,18,True,5,3,0
The Gospels,"Gospel images - Death, Resurrection and Ascension of Jesus",FB_JVH_Easter,illustrations,jvh-easter,"Matthew 26-28, Mark 14-16, Luke 22-24, John 13, 19-21","Paintings of Jesus' death, resurrection and ascension.",Jan van ’t Hoff – Gospel images,17,False,5,7,0
The Gospels,Jesus at the Passover - part 1,FB_LGR_Jesus_Passover_1,illustrations,lgr-jesus-passover-1,"Matthew 26, Mark 14, Luke 22, John 13, 18",Judas betrays Jesus and Peter denies Him.,Lars-Goran Ronnberg,39,False,5,3,0
The Gospels,Jesus and the Last Supper,FB_Preschool_Last_Supper,illustrations,preschool-last-supper,"Matthew 26:17-35, Mark 14:12-31, Luke 22:7-38, John 13:18-38",Jesus arranges His last meal before He is crucified.,Sue Bentley,8,False,5,1,7
The Gospels,Jesus shows humility,FB_GNPI_086_Washing_Feet,illustrations,gnpi-086-washing-feet,"Matthew 26:17-20, John 13:3-16",Jesus washes His disciples' feet.,Good News Productions Int.,13,True,5,7,0
The Gospels,The Last Supper,FB_Last_Supper_Jesus,illustrations,last-supper-jesus,"Matthew 26:17-30, Mark 14:12-31, Luke 22:7-39, John 13:1 - 17:26",Jesus celebrates the Passover with His disciples.,Sweet Publishing,19,False,5,3,7
The Gospels,The Last Supper,FB_TIS_Last_Supper,illustrations,tis-last-supper,"Matthew 26:17-35, Mark 14:12-31, Luke 22:7-38, John 13:18-38",Jesus in the upper room with His disciples.,James Tissot Collection (Brooklyn Museum),11,False,5,4,7
The Gospels,Jesus celebrates Passover with His disciples,FB_WDV_Last_Supper,illustrations,wdv-last-supper,"Matthew 26:26-35, Mark 14: 22-26, Luke 22:14-39, John 13:31-38",Jesus introduces a new agreement.,Willem de Vink – Jesus Messiah project,8,False,5,6,7
The Gospels,Jesus died for sinners,FB_YO_Jesus_Sinners,illustrations,yo-jesus-sinners,"Matthew 26:26-68, Mark 14:12-16, Luke 22:39-23:39, John 18:1-19:37","Jesus is betrayed, faces injustice and is crucified.",YO! Ministry,22,False,5,6,0
The Gospels,Gethsemane and Peter denies Jesus,FB_Gethsemane_Peter,illustrations,gethsemane-peter,"Matthew 26:30-75, Mark 14:26-72, Luke 22:31-71, John 18:1-27",Judas betrays Jesus and Peter denies Him.,Sweet Publishing,25,False,5,3,7
The Gospels,Jesus prays and is arrested,FB_Preschool_Jesus_Arrested,illustrations,preschool-jesus-arrested,"Matthew 26:30-75, Mark 14:26-72, Luke 22:31-71, John 18:1-27",Jesus prays in Gethsemane and is betrayed by Judas.,Sue Bentley,10,False,5,1,7
The Gospels,Peter denies Jesus,FB_ML_Peter_Denial,illustrations,ml-peter-denial,"Matthew 26:30-75, Mark 14:26-72, Luke 22:31-71, John 18:1-27",Peter denies knowing Jesus three times.,MYELLOVE,7,False,5,1,0
The Gospels,Peter and the Rooster,FB_LS_Peter_Rooster,illustrations,ls-peter-rooster,Matthew 26:33-75,"Peter denies Jesus three times.
",Lambsongs,9,False,5,1,3
The Gospels,Jesus in Gethsemane,FB_TIS_Jesus_Gethsemane,illustrations,tis-jesus-gethsemane,"Matthew 26:36-56, Mark 14:32-52, Luke 22:39-53, John 18:1-12",Jesus prays in the garden of Gethsemane.,James Tissot Collection (Brooklyn Museum),14,False,5,4,7
The Gospels,Jesus prays in the Garden of Gethsemane,FB_LS_Jesus_Gethsemane,illustrations,ls-jesus-gethsemane,Matthew 26:36-50,Jesus prays before being betrayed and arrested.,Lambsongs,9,False,5,1,3
The Gospels,Jesus prays in the garden of Gethsemane,FB_WDV_Garden_Gethsemane,illustrations,wdv-garden-gethsemane,"Matthew 26:36-56, Mark 14:32-52, Luke 22:39-53, John 18:1-14",Jesus prays while the disciples sleep.,Willem de Vink – Jesus Messiah project,14,False,5,6,7
The Gospels,Manga - Trials of Jesus (text free),FB_MP_Jesus_Trials_NoText,illustrations,mp-jesus-trials-notext,"Matthew 26:36-46, Matthew 26:57-74, Mark 15:1-5",Jesus on trial before the Jewish and Roman authorities.,SIKU – Edge Group,27,False,5,6,0
The Gospels,Manga - Trials of Jesus (text on images),FB_MP_Jesus_Trials_Text,illustrations,mp-jesus-trials-text,"Matthew 26:36-46, Matthew 26:57-74, Mark 15:1-5",Jesus on trial before the Jewish and Roman authorities.,SIKU – Edge Group,27,False,5,6,0
The Gospels,Prayer in the garden,FB_GNPI_089_Prayer_Garden,illustrations,gnpi-089-prayer-garden,"Matthew 26:36-56, Mark 14:32-52, Luke 22:39-53, John 18:1-10",Jesus prays in Gethsemane and is arrested.,Good News Productions Int.,20,True,5,7,0
The Gospels,Jesus before Annas and Caiaphas,FB_TIS_Trial_Caiaphas,illustrations,tis-trial-caiaphas,"Matthew 26:57-75, Mark 14:53-72, Luke 22:56-71, John 18:12-28",Jesus on trial before the Jewish religious leaders.,James Tissot Collection (Brooklyn Museum),13,False,5,4,7
The Gospels,Jesus is put on trial,FB_WDV_Jesus_Trials,illustrations,wdv-jesus-trials,"Matthew 26:57-67, 27:11-31, Mark 1:1-15, Luke 22:66-23:25, John 18:19-22, 28-40",Jesus on trial before the High Priest and Pilate.,Willem de Vink – Jesus Messiah project,18,False,5,6,7
The Gospels,The Trial of Jesus begins,FB_GNPI_090_Trial_Begins,illustrations,gnpi-090-trial-begins,Matthew 26:57-68,Jesus is questioned by the Jewish leaders.,Good News Productions Int.,14,True,5,7,0
The Gospels,Denials by Peter,FB_GNPI_091_Peter_Denials,illustrations,gnpi-091-peter-denials,"Matthew 26:69-75, Luke 22:54-62, John 18:15-18, 25-27","Peter denies Jesus, and Judas hangs himself.",Good News Productions Int.,17,True,5,7,0
The Gospels,Peter denies knowing Jesus,FB_WDV_Peter_Denies,illustrations,wdv-peter-denies,"Matthew 26:69-75, Mark 14:66-72, Luke 22:54-62, John 18:15-18, 25-27",Peter denies Jesus three times.,Willem de Vink – Jesus Messiah project,9,False,5,6,7
The Gospels,Jesus before Herod and Pilate,FB_TIS_Trial_Pilate,illustrations,tis-trial-pilate,"Matthew 27:1-31, Mark 15:1-20, Luke 23:1-25, John 18:28 - 19:16",Jesus on trial before the Roman authorities.,James Tissot Collection (Brooklyn Museum),20,False,5,4,7
The Gospels,Barabbas or Jesus?,FB_AC_Barabbas,illustrations,ac-barabbas,"Matthew 27:11-26, Mark 15:1-15, Luke 23:1-25, John 18:28-19:16",Pilate and the choice between Jesus or Barabbas.,Arabs for Christ,11,False,5,2,7
The Gospels,Jesus and Pontius Pilate,FB_LS_Pontius_Pilate,illustrations,ls-pontius-pilate,Matthew 27:11,Pontius Pilate offers to release Jesus or Barabbas.,Lambsongs,12,False,5,1,3
The Gospels,Jesus on trial before Herod and Pilate,FB_Jesus_Trials,illustrations,jesus-trials,"Matthew 27:11-26, Mark 15:1-15, Luke 23:1-25, John 18:28-40",Jesus on trial before Herod Antipas and Pilate.,Sweet Publishing,17,False,5,3,7
The Gospels,Mocking of Jesus,FB_GNPI_093_Mocking_Jesus,illustrations,gnpi-093-mocking-jesus,"Matthew 27:11-31, Mark 15:6-20, Luke 23:8-25, John 18:39-19:16",The crowd wants Barabbas and Pilate has Jesus flogged.,Good News Productions Int.,12,True,5,7,0
The Gospels,Jesus led away,FB_GNPI_095_Jesus_Led,illustrations,gnpi-095-jesus-led,"Matthew 27:16-22, Mark 15:25-47, Luke 23:26-33, John 19:16-17",Jesus and two criminals are taken to be crucified.,Good News Productions Int.,11,True,5,7,0
The Gospels,Pilate tries to release Jesus,FB_GNPI_094_Pilate,illustrations,gnpi-094-pilate,"Matthew 27:19-26, John 19:1-16","Pilate, Jesus, Barabbas and the crowd shouting 'Crucify Him'.",Good News Productions Int.,13,True,5,7,0
The Gospels,Bread and wine,FB_RG_Bread_Wine,illustrations,rg-bread-wine,Mark 14:22-24,Bread and wine symbolise Jesus' death and resurrection.,Richard Gunther,10,False,5,3,3
The Gospels,Jesus before Pilate,FB_GNPI_092_Jesus_Pilate,illustrations,gnpi-092-jesus-pilate,"Mark 15:1-5, Luke 23:1-4, John 18:28-38",Pilate washes his hands of Jesus.,Good News Productions Int.,15,True,5,7,0
The Gospels,Jesus eats with His friends (The Last Supper),FB_LS_Last_Supper,illustrations,ls-last-supper,Luke 22:7-20,Jesus tells the disciples how to remember Him.,Lambsongs,9,False,5,1,3
The Gospels,Remembering Jesus with Communion,FB_YO_Jesus_Communion,illustrations,yo-jesus-communion,Luke 22:14-23,Jesus teaches His Disciples how to remember Him.,YO! Ministry,14,True,5,6,0
The Gospels,Peter is sifted like wheat,FB_RG_Peter_Sifted,illustrations,rg-peter-sifted,Luke 22:31-34,Peter denies Jesus but is later restored.,Richard Gunther,14,False,5,3,3
The Gospels,Jesus washes the disciples' feet,FB_WDV_Washing_Feet,illustrations,wdv-washing-feet,John 13:1-17,Peter protests when Jesus washes his feet.,Willem de Vink – Jesus Messiah project,16,False,5,6,7
The Gospels,Washing feet,FB_LS_Washing_Feet,illustrations,ls-washing-feet,John 13:1-9,Jesus washes His disciples' feet but Peter objects.,Lambsongs,9,False,5,1,3
The Gospels,The Last Supper,FB_GNPI_087_Last_Supper,illustrations,gnpi-087-last-supper,"John 13:21-30, Matthew 26:31-35, Mark 14:22-26",Bread and wine. Remembering Jesus until He returns.,Good News Productions Int.,19,True,5,7,0
The Gospels,Jesus the true vine,FB_GNPI_088_Vine_Branches,illustrations,gnpi-088-vine-branches,John 15:1-7,Jesus talks about a vine and branches pruned to bear fruit.,Good News Productions Int.,7,True,5,7,0
The Gospels,Jesus is taken to the High Priest,FB_LS_Jesus_HighPriest,illustrations,ls-jesus-high-priest,John 18:12-28,Jesus is falsely accused by Annas and Caiaphas.,Lambsongs,9,False,5,1,3
The Gospels,A very happy Easter,FB_TGBC_Easter_Story,illustrations,tgbc-easter-story,"Matthew 21-28, Mark 11-16, Luke 19-24, John 12-20",An interactive story with facial expressions to make.,The Good Book Company,13,False,5,3,0
The Gospels,The story of Easter,FB_LS_Easter,illustrations,ls-easter,"Matthew 26-28, Mark 14-16, Luke 22-24, John 18-20","Jesus is arrested, crucified and rises from the dead.",Lambsongs,9,False,5,1,3
The Gospels,The first Easter,FB_DM_Easter,illustrations,dm-easter,"Matthew 26:36 - 28:6, Mark 14:32 - 15:20, Luke 22:1 - 24:7",The death and resurrection of Jesus.,Didier Martin,8,False,5,1,0
The Gospels,Jesus is crucified,FB_WDV_Jesus_Crucified,illustrations,wdv-jesus-crucified,"Matthew 27:1-10, 32-44, Mark 15:21-32, Luke 23:26-38, John 19:16-24",Jesus is sentenced to death on a cross.,Willem de Vink – Jesus Messiah project,15,False,5,6,7
The Gospels,Jesus at the Passover - part 2,FB_LGR_Jesus_Passover_2,illustrations,lgr-jesus-passover-2,"Matthew 27:11-61, Mark 15:1-47, Luke 23:1-56, John 18:28-19:42",Jesus faces an unfair trial and crucifixion.,Lars-Goran Ronnberg,39,False,5,3,0
The Gospels,Jesus is crucified and dies,FB_Jesus_Crucified_Dies,illustrations,jesus-crucified-dies,"Matthew 27:27-66, Mark 15:16-47, Luke 23:26-56, John 19:16-42",Jesus dies and is buried in a tomb.,Sweet Publishing,16,False,5,3,7
The Gospels,Jesus is led away to be crucified,FB_TIS_Jesus_Crucifixion,illustrations,tis-jesus-crucifixion,"Matthew 27:31-40, Mark 15:20-30, Luke 23:26-36, John 19:16-24",Jesus is led out of Jerusalem to be crucified.,James Tissot Collection (Brooklyn Museum),21,False,5,4,7
The Gospels,Crucifixion of Jesus,FB_GNPI_096_Jesus_Crucifixion,illustrations,gnpi-096-jesus-crucifixion,"Matthew 27:32-44, Mark 15:22-32, Luke 23:26-43, John 19:18-27",Jesus is nailed to a cross at Golgotha.,Good News Productions Int.,12,True,5,7,0
The Gospels,Jesus suffers and dies on the cross,FB_TIS_Jesus_Cross,illustrations,tis-jesus-cross,"Matthew 27:33-56, Mark 15:27-41, Luke 23:35-47, John 19:25-30",The hours of Jesus' suffering on the cross.,James Tissot Collection (Brooklyn Museum),17,False,5,4,7
The Gospels,Jesus on the cross,FB_GNPI_097_Jesus_Cross,illustrations,gnpi-097-jesus-cross,"Matthew 27:38-44, Mark 15:27-32, Luke 23:39-43",Jesus is mocked on the cross but talks with a dying thief.,Good News Productions Int.,13,True,5,7,0
The Gospels,Death of Jesus,FB_GNPI_098_Jesus_Dies,illustrations,gnpi-098-jesus-dies,"Matthew 27:45-66, Mark 15:33-41, Luke 23:44-49, John 19:28-37","Jesus dies, and the temple curtain is torn in two.",Good News Productions Int.,12,True,5,7,0
The Gospels,Jesus dies and is placed in a tomb,FB_WDV_Jesus_Dies,illustrations,wdv-jesus-dies,"Matthew 27:45-61, Mark 15:33-47, Luke 23:39-56, John 19:25-42",The crucifixion of Jesus.,Willem de Vink – Jesus Messiah project,13,False,5,6,7
The Gospels,Jesus is buried in a tomb,FB_TIS_Jesus_Buried,illustrations,tis-jesus-buried,"Matthew 27:55-66, Mark 15:40-47, Luke 23:48-56, John 19:25-30",Jesus dies and His body is sealed in a tomb.,James Tissot Collection (Brooklyn Museum),12,False,5,4,7
The Gospels,Burial of Jesus,FB_GNPI_099_Jesus_Burial,illustrations,gnpi-099-jesus-burial,"Matthew 27:57-61, Mark 15:42-47, Luke 23:50-56, John 19:38-42",Jesus is put in the tomb of Joseph of Arimathea.,Good News Productions Int.,12,True,5,7,0
The Gospels,Joseph of Arimathea,FB_LS_Joseph_Arimathea,illustrations,ls-joseph-arimathea,"Matthew 27:57-66, John 19:38-42",Joseph offers to bury Jesus in his family tomb.,Lambsongs,9,True,5,1,3
The Gospels,Manga - Crucifixion (text free),FB_MP_Jesus_Crucified_NoText,illustrations,mp-jesus-crucified-notext,"Matthew 27:57-60, Mark 15:21, Luke 23:25-49, John 19:1-3, John 19:25-27",Jesus is crucified and buried but rises from the dead.,SIKU – Edge Group,28,False,5,6,0
The Gospels,Manga - Crucifixion (text on images),FB_MP_Jesus_Crucified_Text,illustrations,mp-jesus-crucified-text,"Matthew 27:57-60, Mark 15:21, Luke 23:25-49, John 19:1-3, John 19:25-27",Jesus is crucified and buried but rises from the dead.,SIKU – Edge Group,28,False,5,6,0
The Gospels,Guard at the tomb,FB_GNPI_100_Guard_Tomb,illustrations,gnpi-100-guard-tomb,Matthew 27:62-66,Pilate sends soldiers to guard the tomb.,Good News Productions Int.,7,True,5,7,0
The Gospels,Jesus is alive again,FB_Preschool_Jesus_Alive,illustrations,preschool-jesus-alive,"Matthew 28:1-10, Mark 16:1-20, Luke 24:1-53, John 20:1-29","Jesus appears to Mary Magdalene, His disciples then Thomas.",Sue Bentley,11,False,5,1,7
The Gospels,The Thief on the Cross,FB_LS_Thief_Cross,illustrations,ls-thief-cross,Luke 23:39-43,A dying thief on the cross turns to Jesus for salvation.,Lambsongs,9,True,5,1,3
The Gospels,Jesus dies and lives,FB_DM_Jesus_Resurrection,illustrations,dm-jesus-resurrection,"Matthew 26-28, Mark 14-16, Luke 22-24, John 19-21",The resurrection of Jesus.,Didier Martin,26,False,5,1,0
The Gospels,Jesus is put on trial,FB_Preschool_Jesus_Trial,illustrations,preschool-jesus-trial,"Matthew 26:57-27:31, Mark 15:6-10, Luke 22:58-62, John 18:28-19:14",Peter denies Jesus. Barabbas is freed. Jesus is crucified.,Sue Bentley,10,False,5,1,7
The Gospels,The Risen King,FB_BPA_Risen_King,illustrations,bpa-risen-king,"Matthew 27-28, Mark 15-16, Luke 23-24, John 19-21",Jesus is alive and appears to His disciples.,Bible Pathway Adventures,17,True,5,3,0
The Gospels,Jesus is put to death,FB_Preschool_Jesus_Dies,illustrations,preschool-jesus-dies,"Matthew 27:33-66, Mark 15:25-47, Luke 23:26-56, John 19:42",Jesus is crucified and buried.,Sue Bentley,10,False,5,1,7
The Gospels,Jesus at the Passover - part 3,FB_LGR_Jesus_Passover_3,illustrations,lgr-jesus-passover-3,"Matthew 27:57-28:15, Mark 15:42-16:20, Luke 23:50-24:49, John 19:38-20:29",The risen Jesus appears to His disciples.,Lars-Goran Ronnberg,36,False,5,3,0
The Gospels,Jesus is alive,FB_RR_Resurrection,illustrations,rr-resurrection,"Matthew 27:57-28:20, Mark 16:1-8, Luke 24:1-12, 36-49, John 20-21","The life, death and resurrection of Jesus.",Rawderson Rangel,9,False,5,1,0
The Gospels,Jesus is risen,FB_YO_Resurrection,illustrations,yo-resurrection,"Matthew 27:57-28:20, Mark 16:1-8, Luke 24:1-12, 36-49, John 20-21",The tomb is empty and Jesus has risen to life.,YO! Ministry,17,False,5,6,0
The Gospels,Jesus is alive!,FB_DSA_Resurrection_Women,illustrations,dsa-resurrection-women,"Matthew 28:1-10, Mark 16:1-8, Luke 24:1-12, John 20:1-18",The resurrection of Jesus.,D.S.art,12,False,5,1,7
The Gospels,Jesus rises from the dead,FB_Jesus_Resurrection,illustrations,jesus-resurrection,"Matthew 28:1-10, Mark 16:1-8, Luke 24:1-12, John 20:1-18",The resurrection. Jesus is alive.,Sweet Publishing,12,False,5,3,7
The Gospels,The empty tomb,FB_WDV_Empty_Tomb,illustrations,wdv-empty-tomb,"Matthew 28:1-10, Luke 24:1-11, Mark 16:1-8, John 20:1-10",The resurrection of Jesus.,Willem de Vink – Jesus Messiah project,7,False,5,6,7
The Gospels,The resurrection of Jesus,FB_TIS_Resurrection,illustrations,tis-resurrection,"Matthew 28, Mark 16, Luke 24, John 20-21",The resurrected Jesus appears to His disciples.,James Tissot Collection (Brooklyn Museum),19,False,5,4,7
The Gospels,The Resurrection of Jesus,FB_GNPI_101_Jesus_Resurrection,illustrations,gnpi-101-jesus-resurrection,"Matthew 28:2-4, Mark 16:1-7, Luke 24:9-11, John 20:3-10",Mary Magdalene and Mary go to the empty tomb.,Good News Productions Int.,20,True,5,7,0
The Gospels,Jesus appears in Galilee,FB_WDV_Resurrection_Galilee,illustrations,wdv-resurrection-galilee,"Matthew 28:16-20, John 21:1-25",Jesus cooks breakfast for His disciples.,Willem de Vink – Jesus Messiah project,12,False,5,6,7
The Gospels,The Easter Story,FB_SIL_Easter,illustrations,sil-easter,Mark 14 - 16,The death and resurrection of Jesus.,SIL Global Bloom Library,24,False,5,6,3
The Gospels,Jesus is alive - part 1,FB_LS_Jesus_Alive_1,illustrations,ls-jesus-alive-1,Mark 16:1-8,Women arrive at the tomb to find the stone is rolled back.,Lambsongs,9,True,5,1,3
The Gospels,Jesus is alive!,FB_M7_Resurrection,illustrations,m7-resurrection,Mark 16:1-7,Women visit Jesus' tomb and find it empty.,Max7.org,14,False,5,3,3
The Gospels,Doubting Thomas,FB_HM_Doubting_Thomas,illustrations,hm-doubting-thomas,"Mark 16:9-18, Luke 24:33-49, John 20:19-31",Thomas will not believe Jesus is alive unless he sees Him.,Rev. Henry Martin,7,False,5,3,0
The Gospels,Jesus appears to the disciples then Thomas,FB_Resurrection_Appearances,illustrations,resurrection-appearances,"Mark 16:9-18, Luke 24:33-49, John 20:19-31",Resurrection appearances of Jesus in Jerusalem.,Sweet Publishing,13,False,5,3,7
The Gospels,The Stranger on the road to Emmaus,FB_DM_Emmaus,illustrations,dm-emmaus,Luke 24:12-25,Jesus appears to two disciples.,Didier Martin,15,False,5,1,0
The Gospels,Jesus appears to His disciples,FB_WDV_Resurrection_Disciples,illustrations,wdv-resurrection,"Luke 24:13-49, John 20:19-29",Jesus is alive!,Willem de Vink – Jesus Messiah project,7,False,5,6,7
The Gospels,Jesus appears to two of His friends,FB_DSA_Resurrection_Emmaus,illustrations,dsa-resurrection-emmaus,Luke 24:13-35,Two disciples walking to Emmaus meet Jesus.,D.S.art,8,False,5,1,7
The Gospels,Jesus' Appearance on the road to Emmaus,FB_GNPI_103_Appearance_Emmaus,illustrations,gnpi-103-appearance-emmaus,Luke 24:13-35,Jesus appears to two disciples on the way to Emmaus.,Good News Productions Int.,28,True,5,7,0
The Gospels,On the road to Emmaus,FB_LS_Emmaus,illustrations,ls-emmaus,Luke 24:13-35,Jesus appears to two disciples walking to Emmaus.,Lambsongs,9,True,5,1,3
The Gospels,Two disciples on road to Emmaus,FB_Disciples_Emmaus,illustrations,disciples-emmaus,Luke 24:13-49,Jesus appears to two travelling Emmaus and the disciples.,Sweet Publishing,19,False,5,3,7
The Gospels,Jesus is alive - part 2,FB_LS_Jesus_Alive_2,illustrations,ls-jesus-alive-2,John 20:1-18,"Peter, John and Mary Magdalene at the empty tomb.",Lambsongs,9,False,5,1,3
The Gospels,The folded cloth,FB_JL_Folded_Cloth,illustrations,jl-folded-cloth,John 20:1-10,"Peter, John, an empty tomb and a folded gravecloth.",Jay (JayBob) Launius,10,False,5,3,0
The Gospels,Jesus' appearance to Mary Magdalene,FB_GNPI_102_Appearance_Mary,illustrations,gnpi-102-appearance-mary,John 20:10-18,Jesus appears to Mary Magdalene at the tomb.,Good News Productions Int.,12,True,5,7,0
The Gospels,Jesus appears to Mary Magdalene,FB_WDV_Mary_Tomb,illustrations,wdv-mary-tomb,John 20:11-18,Jesus is raised from the dead.,Willem de Vink – Jesus Messiah project,8,False,5,6,7
The Gospels,Jesus appears to His disciples and Thomas,FB_DSA_Resurrection_Disciples,illustrations,dsa-resurrection-disciples,John 20:19-31,All the disciples discover that Jesus is alive.,D.S.art,14,False,5,1,7
The Gospels,Jesus' Appearance to the Disciples and Thomas,FB_GNPI_104_Appearance_Thomas,illustrations,gnpi-104-appearance-thomas,John 20:19-31,Jesus is alive but Thomas has doubts.,Good News Productions Int.,14,True,5,7,0
The Gospels,Thomas needed to see,FB_LS_Thomas_Doubts,illustrations,ls-thomas-doubts,John 20:24-29,Thomas doubts that Jesus is alive.,Lambsongs,9,True,5,1,3
The Gospels,Amazing breakfast,FB_LS_Resurrection_Breakfast,illustrations,ls-resurrection-breakfast,John 21:1-14,"Jesus, a big catch of fish and breakfast by Galilee.",Lambsongs,9,True,5,1,3
The Gospels,Breakfast with the risen Jesus,FB_ML_Resurrection_Galilee,illustrations,ml-resurrection-galilee,John 21:1-19,Jesus appears to His disciples in Galilee.,MYELLOVE,8,False,5,1,0
The Gospels,Jesus questions and reinstates Peter,FB_Peter_Reinstated,illustrations,peter-reinstated,John 21:1-25,Peter is asked three times by Jesus about his love for Him.,Arabs for Christ,17,False,5,2,7
The Gospels,Peter is restored,FB_GNPI_105_Peter_Restored,illustrations,gnpi-105-peter-restored,"John 21:1-19, 24-25",Jesus appears to His disciples in Galilee and restores Peter.,Good News Productions Int.,20,True,5,7,0
The Gospels,The resurrection breakfast ,FB_SB_Resurrection_Breakfast,illustrations,sb-resurrection-breakfast,John 21,Jesus appears to His disciples in Galilee.,Sue Bentley,20,False,5,1,7
The Gospels,The risen Jesus cooks breakfast,FB_RG_Resurrection_Galilee,illustrations,rg-resurrection-galilee,John 21:1-23,Miraculous catch of fish on Lake Galilee.,Richard Gunther,15,False,5,3,3
The Gospels,The Great Commission,FB_GNPI_106_Great_Commission,illustrations,gnpi-106-great-commission,Matthew 28:16-20,Jesus commissions His disciples to share the gospel.,Good News Productions Int.,5,True,5,7,0
The Gospels,Jesus ascends to heaven,FB_GNPI_107_Jesus_Ascension,illustrations,gnpi-107-jesus-ascension,"Luke 24:44-49, Acts 1:10-11",Jesus' instructions before ascending to heaven.,Good News Productions Int.,13,True,5,7,0
Acts,Bible Maps: Acts 1-12,FB_BM_Maps_Acts_1_12,illustrations,bm-maps-acts-1-12,Acts 1-12,Key locations in the growth of the early church.,David P. Barrett – BibleMapper.com,6,False,0,4,3
Acts,Book of Acts - for young children - part 1,FB_DM_Acts_1,illustrations,dm-acts-1,Acts 1-11,Key events in the early church.,Didier Martin,12,False,0,1,0
Acts,Jesus ascends to heaven,FB_NDB_Ascension,illustrations,ndb-ascension,Acts 1:1-11,Jesus appears to His disciples then ascends to heaven.,Nadine de Boer,6,False,0,3,0
Acts,Jesus ascends to heaven,FB_Jesus_Ascension,illustrations,jesus-ascension,Acts 1:1-26,Jesus ascends from the Mount of Olives.,Sweet Publishing,12,False,0,3,7
Acts,Jesus goes to heaven,FB_GNPI_Acts_Ascension,illustrations,gnpi-acts-ascension,Acts 1:1-12,The great commission and the ascension of Jesus.,Good News Productions Int.,17,False,0,7,0
Acts,Jesus went back to heaven,FB_LS_Ascension,illustrations,ls-ascension,Acts 1:3-12,Jesus goes back to heaven and promises to return.,Lambsongs,10,True,0,1,3
Acts,Matthias is chosen,FB_GNPI_Acts_Matthias,illustrations,gnpi-acts-matthias,"Acts 1:9, 12-26",A replacement for Judas is found.,Good News Productions Int.,16,False,0,7,0
Acts,The Day of Pentecost,FB_SPI_Pentecost,illustrations,spi-pentecost,Acts 2:1-47,The Holy Spirit comes on the Day of Pentecost.,Sweet Publishing – FreeBibleimages,13,False,0,7,7
Acts,Peter at the Ascension and Pentecost,FB_LGR_Peter_Pentecost,illustrations,lgr-peter-pentecost,"Acts 2:1-27, Matthew 28:16-19, Luke 24:50-53",Peter is filled with the Holy Spirit at Pentecost.,Lars-Goran Ronnberg,12,False,0,3,0
Acts,The Day of Pentecost,FB_Pentecost,illustrations,pentecost,Acts 2:1-47,The Holy Spirit comes on the Day of Pentecost.,Sweet Publishing,13,False,0,3,7
Acts,The Holy Spirit comes,FB_LS_Pentecost,illustrations,ls-pentecost,Acts 2:1-13,God sends the promised Holy Spirit at Pentecost.,Lambsongs,8,True,0,1,3
Acts,The Holy Spirit comes at Pentecost,FB_NDB_Pentecost,illustrations,ndb-pentecost,Acts 2:1-47,God sends the promised Holy Spirit at Pentecost.,Nadine de Boer,9,False,0,3,0
Acts,The Holy Spirit is sent at Pentecost,FB_GNPI_Acts_Pentecost,illustrations,gnpi-acts-pentecost,Acts 2:1-21,Tongues of fire appear over the disciples.,Good News Productions Int.,21,False,0,7,0
Acts,Peter speaks at Pentecost,FB_GNPI_Acts_Peter_Pentecost,illustrations,gnpi-acts-peter-pentecost,Acts 2:22-47,Peter peaches about Jesus at Pentecost.,Good News Productions Int.,23,False,0,7,0
Acts,A lame beggar is healed,FB_SPI_Lame_Beggar_Healed,illustrations,spi-lame-beggar-healed,Acts 3:1-26,"Peter, John and a lame beggar healed outside the Temple.",Sweet Publishing – FreeBibleimages,10,False,0,7,7
Acts,A lame beggar is healed,FB_Lame_Beggar_Healed,illustrations,lame-beggar-healed,Acts 3:1-26,"Peter, John and a lame beggar healed outside the Temple.",Sweet Publishing,10,False,0,3,7
Acts,A lame man healed,FB_JL_Lame_Man,illustrations,jl-lame-man,Acts 3:1-10,Peter and John meet a lame man at the Temple.,Jay (JayBob) Launius,9,False,0,3,0
Acts,A lame man is healed,FB_NDB_Lame_Man,illustrations,ndb-lame-man,Acts 3-4,A miraculous healing and Peter and John are arrested.,Nadine de Boer,14,False,0,3,0
Acts,Peter and the Lame Man,FB_YO_Peter_LameMan,illustrations,yo-peter-lame-man,Acts 3:1-4:31,A lame man is healed and Peter and John end up in prison.,YO! Ministry,19,False,0,6,0
Acts,Peter and the lame man,FB_LS_Peter_LameMan,illustrations,ls-peter-lame-man,Acts 3:1-16,Peter and John meet a lame man at the Temple.,Lambsongs,9,False,0,1,3
Acts,Peter and the lame man,FB_LGR_Peter_LameMan,illustrations,lgr-peter-lame-man,Acts 3-4,There is trouble when a lame man is healed.,Lars-Goran Ronnberg,17,False,0,3,0
Acts,"Peter, John and the Lame Man",FB_MP_Peter_Lame_Man,illustrations,mp-peter-lame-man,Acts 3:1-4:21,A man is healed but Peter and John are imprisoned.,SIKU – Edge Group,15,False,0,6,0
Acts,The lame man,FB_GNPI_Acts_Lame_Man,illustrations,gnpi-acts-lame-man,Acts 3:1-26,Peter speaks after a lame man is healed.,Good News Productions Int.,13,False,0,7,0
Acts,Peter & John arrested,FB_SPI_Peter_John_Arrested,illustrations,spi-peter-john-arrested,Acts 4:1-37,Peter and John are ordered not to speak about Jesus.,Sweet Publishing – FreeBibleimages,18,False,0,7,7
Acts,Peter & John arrested,FB_Peter_John_Arrested,illustrations,peter-john-arrested,Acts 4:1-37,Peter and John are ordered not to speak about Jesus.,Sweet Publishing,18,False,0,3,7
Acts,Peter and John on trial,FB_GNPI_Acts_4,illustrations,gnpi-acts4,Acts 4:1-31,Peter and John witness to the Jewish authorities.,Good News Productions Int.,17,False,0,7,0
Acts,Christians share what they have,FB_GNPI_Acts_Sharing,illustrations,gnpi-acts-sharing,Acts 4:32-5:16,Ananias and Sapphira try to deceive the church.,Good News Productions Int.,22,False,0,7,0
Acts,Unity of the early believers,FB_ANV_EarlyChurch_Unity,illustrations,anv-early-church-unity,Acts 4:32-37,The early Christians help those in need.,Aya & Nicole Velasquez,8,False,0,3,0
Acts,Ananias and Sapphira,FB_SPI_Ananias_Sapphira,illustrations,spi-ananias-sapphira,Acts 5:1-11,Ananias and Sapphira lie about money given to God.,Sweet Publishing – FreeBibleimages,9,False,0,7,7
Acts,Ananias and Sapphira,FB_NDB_Acts_5,illustrations,ndb-acts5,Acts 5:1-42,Peter is not deceived and the apostles keep witnessing.,Nadine de Boer,13,False,0,3,0
Acts,Ananias and Sapphira,FB_Ananias_Sapphira,illustrations,ananias-sapphira,Acts 5:1-11,Ananias and Sapphira lie about money given to God.,Sweet Publishing,9,False,0,3,7
Acts,Ananias and Sapphira,FB_RG_Ananias_Sapphira,illustrations,rg-ananias-sapphira,Acts 5:1-11,Ananias and Sapphira think they deceive Peter.,Richard Gunther,12,False,0,3,3
Acts,Ananias and Sapphira tell a lie,FB_LS_Ananias_Sapphira,illustrations,ls-ananias-sapphira,Acts 5:1-11,A couple set out to deceive others.,Lambsongs,9,False,0,1,3
Acts,The Apostles are persecuted,FB_SPI_Apostles_Persecuted,illustrations,spi-apostles-persecuted,Acts 5:12-42,The Apostles are imprisoned and beaten but keep witnessing.,Sweet Publishing – FreeBibleimages,12,False,0,7,7
Acts,The Apostles are persecuted,FB_Apostles_Persecuted,illustrations,apostles-persecuted,Acts 5:12-42,The Apostles are imprisoned and beaten but keep witnessing.,Sweet Publishing,12,False,0,3,7
Acts,The apostles are imprisoned,FB_GNPI_Acts_Prison,illustrations,gnpi-acts-prison,Acts 5:17-42,"The apostles are jailed, released and continue witnessing.",Good News Productions Int.,18,False,0,7,0
Acts,Stephen is martyred,FB_SPI_Stephen_Martyred,illustrations,spi-stephen-martyred,Acts 6-7,Deacon Stephen is stoned to death for speaking about Jesus.,Sweet Publishing – FreeBibleimages,18,False,0,7,7
Acts,Stephen is martyred,FB_Stephen_Martyred,illustrations,stephen-martyred,Acts 6-7,Deacon Stephen is stoned to death for speaking about Jesus.,Sweet Publishing,18,False,0,3,7
Acts,The story of Stephen - part 1,FB_GNPI_Acts_Stephen_1,illustrations,gnpi-acts-stephen1,Acts 6:1-7:19,Stephen begins his defence of the gospel.,Good News Productions Int.,25,False,0,7,0
Acts,Saul becomes Paul,FB_YO_Paul_Conversion,illustrations,yo-paul-conversion,"Acts 6:13-14, 7:51-60, 9:1-31",The conversion of Saul (Paul).,YO! Ministry,23,True,0,6,0
Acts,Paul becomes a Christian,FB_BTBM_Paul_Conversion,illustrations,btbm-paul-conversion,"Acts 7, 8:1-3, 9:1-31",Jesus speaks to Saul (Paul) as he travels to Damascus.,Basic Training Bible Min.,10,False,0,1,3
Acts,The story of Stephen - part 2,FB_GNPI_Acts_Stephen_2,illustrations,gnpi-acts-stephen2,Acts 7:20 - 8:2,Stephen continues to witness and is stoned to death.,Good News Productions Int.,22,False,0,7,0
Acts,Philip and Simon the sorceror,FB_SPI_Philip_Simon,illustrations,spi-philip-simon,Acts 8:1-25,Philip is in Samaria and meets Simon the sorceror.,Sweet Publishing – FreeBibleimages,12,False,0,7,7
Acts,Philip and Simon the sorceror,FB_Philip_Simon,illustrations,philip-simon,Acts 8:1-25,Philip is in Samaria and meets Simon the sorceror.,Sweet Publishing,12,False,0,3,7
Acts,Saul becomes a Christian,FB_RG_Saul_Tarsus,illustrations,rg-saul-tarsus,Acts 8-9,Saul (later Paul) hears Jesus on the way to Damascus.,Richard Gunther,13,False,0,3,3
Acts,Philip in Samaria,FB_GNPI_Philip_Samaria,illustrations,gnpi-philip-samaria,Acts 8:3-25,Philip begins to witness in Samaria.,Good News Productions Int.,17,False,0,7,0
Acts,Philip and the Ethiopian,FB_DPI_Philip_Ethiopian,illustrations,dpi-philip-ethiopian,"Acts 8:4-8, 26-40",An Ethiopian treasurer believes in Jesus.,David Padfield's Bible World,21,False,0,6,0
Acts,Philip and the Treasurer from Ethiopia,FB_SAK_Philip_Ethiopian,illustrations,sak-philip-ethiopian,"Acts 8:4-8, 26-40",An Ethiopian becomes a Christian.,Smart Arts for Kids,14,False,0,1,0
Acts,Philip the Evangelist,FB_YO_Philip_Evangelist,illustrations,yo-philip-evangelist,Acts 8:4-40,Philip preaches in Samaria and to an Ethiopian.,YO! Ministry,18,True,0,6,0
Acts,Philip and the Ethiopian official,FB_SPI_Philip_Ethiopian,illustrations,spi-philip-ethiopian,Acts 8:26-40,Philip explains the prophecy of Isaiah to an Ethiopian official.,Sweet Publishing – FreeBibleimages,12,False,0,7,7
Acts,Philip and the Ethiopian Treasurer,FB_GNPI_Philip_Ethiopian,illustrations,gnpi-philip-ethiopian,Acts 8:26-40,An Ethiopian believes and is baptised.,Good News Productions Int.,15,False,0,7,0
Acts,Philip and the Ethiopian official,FB_Philip_Ethiopian,illustrations,philip-ethiopian,Acts 8:26-40,Philip explains the prophecy of Isaiah to an Ethiopian official.,Sweet Publishing,12,False,0,3,7
Acts,Philip baptises an Ethiopian man,FB_LS_Philip_Ethiopian,illustrations,ls-philip-ethiopian,Acts 8:26-40,Philip talks with an Ethiopian man about Jesus.,Lambsongs,9,False,0,1,3
Acts,Paul - Part 1 - Damascus,FB_LGR_Paul_1_Damascus,illustrations,lgr-paul-1-damscus,Acts 9:1-25,Jesus speaks to Paul on the road to Damascus.,Lars-Goran Ronnberg,34,False,0,3,0
Acts,Saul (Paul) becomes a Christian,FB_M7_Paul_Damascus,illustrations,m7-paul-damascus,Acts 9:1-31,Paul meets Jesus on the road to Damascus.,Max7.org,25,False,0,3,3
Acts,Saul on the road to Damascus,FB_EG_Paul_Damascus,illustrations,eg-paul-damascus,Acts 9:1-18,Saul (Paul) becomes a Christian.,Ewurakua Ghansah,10,False,0,1,0
Acts,Saul on the road to Damascus,FB_SB_Saul_Damascus,illustrations,sb-saul-damascus,Acts 9:1-31,Jesus speaks to Saul as he travels to Damascus.,Sue Bentley,13,False,0,1,7
Acts,Saul sees the light,FB_LS_Paul_Damascus,illustrations,ls-paul-damascus,Acts 9:1-8,Jesus speaks to Saul on the way to Damascus.,Lambsongs,8,False,0,1,3
Acts,The conversion of Saul (Paul),FB_GNPI_Acts_Paul_Conversion,illustrations,gnpi-acts-paul-conversion,Acts 9:1-19,Paul encounters Jesus on the road to Damascus.,Good News Productions Int.,15,False,0,7,0
Acts,The conversion of Saul (Paul),FB_Paul_Conversion,illustrations,paul-conversion,Acts 9:1-31,Jesus appears to Saul (Paul) as he travels to Damascus.,Sweet Publishing,26,False,0,3,7
Acts,Paul preaches,FB_GNPI_Acts_Paul_Preaches,illustrations,gnpi-acts-paul-preaches,"Acts 9:19-31, Galatians 1:15-24",Paul starts preaching after becoming a Christian.,Good News Productions Int.,15,False,0,7,0
Acts,Saul Of Tarsus Escapes,FB_LS_Saul_Escapes,illustrations,ls-saul-escapes,Acts 9:19-31,Saul becomes a Christian and escapes from Damascus.,Lambsongs,9,True,0,1,3
Acts,Peter and Aeneas,FB_Peter_Aeneas,illustrations,peter-aeneas,Acts 9:32-35,Peter heals bedridden Aeneas in the name of Jesus.,Sweet Publishing,9,False,0,3,7
Acts,Peter and Aeneas,FB_JN_Peter_Aeneas,illustrations,jn-peter-aeneas,Acts 9:32-35,Peter visits a lame man bedridden for 8 years.,Jo and Nik,5,False,0,3,0
Acts,Peter raises Tabitha (Dorcas),FB_GNPI_AS_Tabitha,illustrations,gnpi-as-tabitha,Acts 9:32-43,God brings a dead woman to life.,GNPI – Amazing Stories,18,True,0,1,0
Acts,"Peter, Aeneas and Dorcas",FB_GNPI_Acts_Peter_Dorcas,illustrations,gnpi-acts-peter-dorcas,Acts 9:32-43,Aeneas is healed and Dorcas is raised to life.,Good News Productions Int.,19,False,0,7,0
Acts,Dorcas,FB_LS_Dorcas,illustrations,ls-dorcas,Acts 9:36-43,"When kind Dorcas dies, Peter prays for help.",Lambsongs,8,True,0,1,3
Acts,Tabitha (Dorcas) is raised to life,FB_Peter_Dorcas,illustrations,peter-dorcas,Acts 9:36-43,Tabitha (Dorcas) dies but when Peter prays she lives again.,Sweet Publishing,12,False,0,3,7
Acts,Tabitha (Dorcas) raised from the dead,FB_CTA_Tabitha,illustrations,cta-tabitha,Acts 9:36-43,Illustrations to colour or paint.,CommonToAll.com,5,False,0,3,7
Acts,Cornelius sends for Peter,FB_GNPI_Acts_Peter_Vision,illustrations,gnpi-acts-peter-vision,Acts 10:1-23,Peter has a vision before meeting Cornelius.,Good News Productions Int.,16,False,0,7,0
Acts,Peter tells Cornelius about Jesus,FB_Peter_Cornelius,illustrations,peter-cornelius,Acts 10:1-48,"Peter, a vision of unclean animals and Cornelius.",Sweet Publishing,17,False,0,3,7
Acts,Peter visits Cornelius,FB_GNPI_Acts_Peter_Cornelius,illustrations,gnpi-acts-peter-cornelius,Acts 10:23-11:18,The Gentiles receive the Holy Spirit.,Good News Productions Int.,23,False,0,7,0
Acts,The church faces persecution,FB_GNPI_Acts_Persecution,illustrations,gnpi-acts-persecution,Acts 11:19-30,Many Christians flee to Antioch.,Good News Productions Int.,17,False,0,7,0
Acts,An angel releases Peter from prison,FB_GNPI_Acts_Peter_Prison,illustrations,gnpi-acts-peter-prison,Acts 12:1-11,Peter is led out of prison by an angel.,Good News Productions Int.,15,False,0,7,0
Acts,Book of Acts - for young children - part 2,FB_DM_Acts_2,illustrations,dm-acts-2,Acts 12-28,Key events in the early church.,Didier Martin,13,False,0,1,0
Acts,Peter escapes from prison,FB_LGR_Peter_Prison,illustrations,lgr-peter-prison,Acts 12:1-18,"Peter, an Angel, a girl called Rhoda and prayer.",Lars-Goran Ronnberg,21,False,0,3,0
Acts,Peter's miraculous escape from prison,FB_Peter_Prison,illustrations,peter-prison,Acts 12:1-24,Peter is in prison. Christians meet to pray for him.,Sweet Publishing,13,False,0,3,7
Acts,Prayer for Peter in prison,FB_ANV_Peter_Prison,illustrations,anv-peter-prison,Acts 12:1-18,"Peter, the prison escape, Rhoda and the prayer meeting.",Aya & Nicole Velasquez,17,False,0,3,0
Acts,Peter escapes from prison,FB_LS_Peter_Prison,illustrations,ls-peter-prison,Acts 12:4-18,"Peter, prison, an angel, Rhoda and a prayer meeting.",Lambsongs,9,False,0,1,3
Acts,Peter appears at the prayer meeting,FB_GNPI_Acts_Peter_Rhoda,illustrations,gnpi-acts-peter-rhoda,Acts 12:11-24,Rhoda discovers that Peter is at the door.,Good News Productions Int.,18,False,0,7,0
Acts,Bible Maps - Paul's first Missionary Journey,FB_BM_Maps_Paul_Journey_1,illustrations,bm-maps-paul-journey-1,Acts 13-14,Maps of Paul's journey to Cyprus and Galatia.,David P. Barrett – BibleMapper.com,6,False,0,4,3
Acts,Locations on Paul's first missionary journey,FB_BS_Paul_Journey_1,illustrations,bs-paul-journey1,Acts 13-14,Satellite map locations Paul and Barnabas visited.,Bible Scenes,22,True,0,6,7
Acts,Paul - Part 2 - Cyprus,FB_LGR_Paul_2_Cyprus,illustrations,lgr-paul-2-cyprus,Acts 13:1-12,Elymas the sorceror is blinded.,Lars-Goran Ronnberg,26,False,0,3,0
Acts,Paul and Barnabas sail to Cyprus,FB_SB_Paul_Cyprus,illustrations,sb-paul-cyprus,Acts 13:1-12,Paul and Barnabas travel to Cyprus on their first trip.,Sue Bentley,7,False,0,1,7
Acts,Paul and Barnabas set off on their first trip,FB_GNPI_Acts_Paul_Cyprus,illustrations,gnpi-acts-paul-cyprus,"Acts 13:1-12, Galatians 2:11-21",Paul and Barnabas visit Cyprus.,Good News Productions Int.,16,False,0,7,0
Acts,Paul and Barnabas visit Cyprus,FB_Paul_Cyprus,illustrations,paul-cyprus,Acts 13:1-12,Paul and Barnabas travel to Cyprus.,Sweet Publishing,20,False,0,3,7
Acts,Paul in Cyprus,FB_YO_Paul_Cyprus,illustrations,yo-paul-cyprus,Acts 13:1-49,Paul and Barnabas go on their first missionary trip.,YO! Ministry,22,True,0,6,0
Acts,Paul the servant of Jesus,FB_BTBM_Paul_Servant,illustrations,btbm-paul-servant,"Acts 13:2, 14, 17, 28","Paul's service to Jesus is shown at Lystra, Athens and Malta.",Basic Training Bible Min.,8,False,0,1,3
Acts,Paul and Barnabas in Antioch and Iconium,FB_Paul_Antioch_Iconium,illustrations,paul-antioch-iconium,Acts 13:13-14:7,Paul and Barnabas visit Antioch and Iconium.,Sweet Publishing,16,False,0,3,7
Acts,Paul and Barnabas in Pisidian Antioch,FB_GNPI_Acts_Pisidian_Antioch,illustrations,gnpi-acts-pisidian-antioch,Acts 13:13-43,Paul and Barnabas preach in the synagogue.,Good News Productions Int.,19,False,0,7,0
Acts,Pisidian Antioch to Iconium,FB_GNPI_Acts_Iconium,illustrations,gnpi-acts-iconium,Acts 13:44-14:7,Paul travels in Galatia.,Good News Productions Int.,18,False,0,7,0
Acts,Paul And Barnabas In Turkey,FB_YO_Paul_Turkey,illustrations,yo-paul-turkey,Acts 14:1-26,"Trips to Iconium, Lystra and Derbe.",YO! Ministry,15,True,0,6,0
Acts,Paul and Barnabas In Lystra and Derbe,FB_Paul_Lystra_Derbe,illustrations,paul-lystra-derbe,Acts 14:8-28,Paul and Barnabas visit Lystra and Derbe.,Sweet Publishing,14,False,0,3,7
Acts,Paul and Barnabas in Lystra and Derbe,FB_GNPI_Acts_Paul_Lystra,illustrations,gnpi-acts-paul-lystra,Acts 14:8-28,A lame man is healed and Paul is stoned.,Good News Productions Int.,14,False,0,7,0
Acts,Paul arrives at the Council of Jerusalem,FB_GNPI_Acts_Paul_Jerusalem,illustrations,gnpi-acts-paul-jerusalem,Acts 15:1-12,The early church hear how gentiles are coming to Christ.,Good News Productions Int.,17,False,0,7,0
Acts,The Council of Jerusalem,FB_Paul_Jerusalem,illustrations,paul-jerusalem,Acts 15:1-35,The council of Jerusalem - Gentile Christians and Jewish laws.,Sweet Publishing,14,False,0,3,7
Acts,James speaks at the Council of Jerusalem,FB_GNPI_Acts_James_Jerusalem,illustrations,gnpi-acts-james-jerusalem,Acts 15:12-41,Jews and Gentile Christians find agreement.,Good News Productions Int.,16,False,0,7,0
Acts,Paul and the earthquake,FB_YO_Paul_Earthquake,illustrations,yo-paul-earthquake,Acts 15:30-16:40,"Paul, Silas, the prison in Philippi, the earthquake and the jailer.",YO! Ministry,15,True,0,6,0
Acts,Bible Maps - Paul's Second Missionary Journey,FB_BM_Maps_Paul_Journey_2,illustrations,bm-maps-paul-journey-2,Acts 15:36-18:22,Paul travels through Asia Minor to Greece.,David P. Barrett – BibleMapper.com,10,False,0,4,3
Acts,Paul and Silas travel to Philippi,FB_Paul_Antioch_Philippi,illustrations,paul-antioch-philippi,Acts 15:36 - 16:15,Paul and Silas meet Lydia in Philippi.,Sweet Publishing,18,False,0,3,7
Acts,Paul's second missionary journey,FB_BS_Paul_Journey_2,illustrations,bs-paul-journey2,Acts 15:36 - 18:22,Map locations of Paul's second missionary journey.,Bible Scenes,19,True,0,6,7
Acts,Paul and Silas invite Timothy to join them,FB_DPI_Timothy,illustrations,dpi-timothy,"Acts 16:1-5, 2 Timothy 1:5",Timothy goes on his first missionary trip.,David Padfield's Bible World,14,False,0,6,0
Acts,The plea to help in Macedonia,FB_DPI_Macedonian_Call,illustrations,dpi-macedonian-call,Acts 16:1-10,Paul is called to take the gospel into Europe.,David Padfield's Bible World,20,False,0,6,0
Acts,Paul goes to Europe,FB_GNPI_Acts_Paul_Lydia,illustrations,gnpi-acts-paul-lydia,Acts 16:1-15,God leads Paul to share the gospel in Europe.,Good News Productions Int.,16,False,0,7,0
Acts,Lydia's conversion in Philippi,FB_DPI_Paul_Lydia,illustrations,dpi-paul-lydia,Acts 16:11-15,A seller of purple cloth believes in Jesus.,David Padfield's Bible World,15,False,0,6,0
Acts,Paul - Part 3 - Philippi,FB_LGR_Paul_3_Philippi,illustrations,lgr-paul-3-philippi,Acts 16:11-40,"Paul, Lydia, a fortune teller and a jailer.",Lars-Goran Ronnberg,35,False,0,3,0
Acts,Paul the prisoner,FB_BTBM_Paul_Prisoner,illustrations,btbm-paul-prisoner,Acts 16:11-40,God rescues Paul and Silas from prison in Philippi.,Basic Training Bible Min.,8,False,0,1,3
Acts,A slave girl confronts Paul in Philippi,FB_DPI_Slave_Girl_Philippi,illustrations,dpi-slave-girl-philippi,Acts 16:16-23,A fortune teller loses her power.,David Padfield's Bible World,17,False,0,6,0
Acts,A Philippian jailer believes in Jesus,FB_DPI_Jail_Philippi,illustrations,dpi-jail-philippi,Acts 16:16-40,A jailer cries out for salvation.,David Padfield's Bible World,16,False,0,6,0
Acts,Paul and Silas in Philippi,FB_SB_Paul_Silas,illustrations,sb-paul-silas,Acts 16:16-40,God rescues Paul and Silas from prison.,Sue Bentley,17,True,0,1,7
Acts,Paul and Silas in Philippi,FB_GNPI_Acts_Paul_Philippi,illustrations,gnpi-acts-paul-philippi,Acts 16:16-40,A girl is delivered and a Jailer saved.,Good News Productions Int.,19,False,0,7,0
Acts,Paul and Silas in Prison,FB_Paul_Silas_Prison,illustrations,paul-silas-prison,Acts 16:16-40,Paul and Silas praise God and an earthquake strikes.,Sweet Publishing,12,False,0,3,7
Acts,Paul and Silas in prison,FB_FL_Paul_Silas,illustrations,fl-paul-silas,Acts 16:16-40,"Paul, Silas and the jailer of the prison in Philippi.",Frances Lee,10,False,0,1,0
Acts,Paul and Silas sing in jail,FB_LS_Paul_Prison,illustrations,ls-paul-prison,Acts 16:16-40,"Paul, Silas, a earthquake and the prison jailer in Philippi.",Lambsongs,9,False,0,1,3
Acts,The Jailer who became a Christian,FB_HM_Prison_Philippi,illustrations,hm-prison-philippi,Acts 16:16-40,Paul and Silas help a Philippian Jailer become a Christian,Rev. Henry Martin,14,False,0,3,0
Acts,A Jailer in Philippi becomes a Christian,FB_M7_Paul_Philippi,illustrations,m7-paul-philippi,Acts 16:22-34,Paul and Silas in prison.,Max7.org,13,False,0,3,3
Acts,Paul and Silas in prison,FB_RG_Paul_Silas,illustrations,rg-paul-silas,Acts 16:22-40,Paul and Silas sing in prison and an earthquake strikes.,Richard Gunther,20,False,0,3,3
Acts,Paul in Prison at Philippi,FB_ED_Paul_Philippi,illustrations,ed-paul-philippi,Acts 16:34-40,Paul and Silas help a jailer in Philippi.,Edge Group – Lion Hudson,11,False,0,2,0
Acts,Paul and Silas in Thessalonica,FB_DPI_Paul_Thessalonica,illustrations,dpi-paul-thessalonica,Acts 17:1-9,Paul's teaching leads to a riot.,David Padfield's Bible World,18,False,0,6,0
Acts,Paul in Thessalonica and Berea,FB_GNPI_Acts_Thessalonica_Berea,illustrations,gnpi-acts-thessalonica-berea,"Acts 17:1-15, 2 Thessalonians 3:7-10, Philippians 3:16",Paul teaches in Thessalonica and Berea.,Good News Productions Int.,18,False,0,7,0
Acts,Paul in Thessalonica and Berea,FB_Paul_Thessalonica_Berea,illustrations,paul-thessalonica-berea,Acts 17:1-15,Paul and Silas visit Thessalonica and Berea.,Sweet Publishing,13,False,0,3,7
Acts,Paul in Berea,FB_DPI_Paul_Berea,illustrations,dpi-paul-berea,Acts 17:10-15,The Bereans examine the scriptures.,David Padfield's Bible World,13,False,0,6,0
Acts,Paul in Athens,FB_DPI_Paul_Athens,illustrations,dpi-paul-athens,Acts 17:15-34,Paul talks to the philosophers in Athens.,David Padfield's Bible World,25,False,0,6,0
Acts,Athens: Altar to the 'unknown god',FB_Athens,illustrations,athens,Acts 17:16-34,3D images of ancient Athens in the time of Paul.,FreeBibleimages,25,False,0,6,0
Acts,Paul in Athens,FB_Paul_Athens,illustrations,paul-athens,Acts 17:16-34,Paul talks about an 'Unknown God' in Athens.,Sweet Publishing,14,False,0,3,7
Acts,Paul the tentmaker in Corinth,FB_DPI_Paul_Corinth_Tentmaker,illustrations,dpi-paul-corinth-tentmaker,Acts 18:1-3,Paul works as a tentmaker to pay his way.,David Padfield's Bible World,24,False,0,6,0
Acts,Paul lives and preaches in Corinth,FB_DPI_Paul_Corinth,illustrations,dpi-paul-corinth,Acts 18:1-22,A dispute with some of the Jews in Corinth.,David Padfield's Bible World,20,False,0,6,0
Acts,Paul in Corinth,FB_Paul_Corinth,illustrations,paul-corinth,Acts 18:1-18,"Paul, Priscilla and Aquila share the gospel in Corinth.",Sweet Publishing,15,False,0,3,7
Acts,Paul returns to Antioch,FB_Paul_Ephesus_Antioch,illustrations,paul-ephesus-antioch,Acts 18:19-28,Paul returns to Antioch via Ephesus and Jerusalem.,Sweet Publishing,15,False,0,3,7
Acts,Bible maps - Paul's Third Missionary Journey,FB_BM_Maps_Paul_Journey_3,illustrations,bm-maps-paul-journey-3,Acts 19-23,Locations on Paul's Third Journey.,David P. Barrett – BibleMapper.com,9,False,0,4,3
Acts,Ephesus 3D reconstruction,FB_NA_Ephesus_3D,illustrations,na-ephesus-3d,Acts 19-20,A 3D reconstruction of Ephesus in the time of Paul.,FreeBibleimages,17,False,0,6,0
Acts,Paul in Ephesus,FB_Paul_Ephesus,illustrations,paul-ephesus,Acts 19:1-22,Paul in Ephesus. Christians burn their books on the occult.,Sweet Publishing,13,False,0,3,7
Acts,Paul in Ephesus,FB_YO_Paul_Ephesus,illustrations,yo-paul-ephesus,Acts 19:1-41,Paul in Ephesus as books on magic are set on fire.,YO! Ministry,12,True,0,6,0
Acts,Paul and the riot in Ephesus,FB_M7_Paul_Ephesus,illustrations,m7-paul-ephesus,Acts 19:21-41,Paul's life is spared from the angry mob.,Max7.org,14,False,0,3,3
Acts,Paul - Part 4 - Ephesus,FB_LGR_Paul_4_Ephesus,illustrations,lgr-paul-4-ephesus,Acts 19:23-41,The riot in Ephesus.,Lars-Goran Ronnberg,35,False,0,3,0
Acts,Silversmiths in Ephesus riot against 'The Way',FB_Paul_Demetrius_Artemis,illustrations,paul-demetrius-artemis,Acts 19:23-41,"Paul, Demetrius, Artemis and a riot in Ephesus.",Sweet Publishing,15,False,0,3,7
Acts,Paul returns via Troas and Miletus,FB_Paul_Troas_Miletus,illustrations,paul-troas-miletus,Acts 20:1-38,Eutychus gets drowsy and falls from a third storey window.,Sweet Publishing,23,False,0,3,7
Acts,Sleepy Eutychus,FB_RG_Eutychus,illustrations,rg-eutychus,Acts 20:6-12,Eutychus falls out of a window as Paul preaches.,Richard Gunther,9,False,0,3,3
Acts,Paul in bondage,FB_YO_Paul_Prisoner,illustrations,yo-paul-prisoner,Acts 21-26,Paul becomes a prisoner in Caesarea before going to Rome.,YO! Ministry,15,True,0,6,0
Acts,Paul warned not to go to Jerusalem,FB_Paul_Jerusalem_Return,illustrations,paul-jerusalem-return,Acts 21:1-26,The prophet Agabus warns Paul about the future.,Sweet Publishing,17,False,0,3,7
Acts,Paul arrested in Jerusalem,FB_Paul_Arrested_Jerusalem,illustrations,paul-arrested-jerusalem,Acts 21:27-23:35,Paul is falsely accused in Jerusalem.,Sweet Publishing,25,False,0,3,7
Acts,Paul before King Agrippa,FB_DM_Paul_Agrippa,illustrations,dm-paul-agrippa,Acts 21:27 - 26:32,Paul tells the King about Jesus.,Didier Martin,12,False,0,1,0
Acts,Paul's nephew reports a plot,FB_DM_Paul_Nephew,illustrations,dm-paul-nephew,Acts 23:12-35,A plan to kill Paul is revealed by his nephew.,Didier Martin,11,False,0,1,0
Acts,Paul's trial before Felix,FB_Paul_Felix,illustrations,paul-felix,Acts 24:1-27,Paul faces trial before Roman Governor Felix.,Sweet Publishing,11,False,0,3,7
Acts,Paul's trial before Festus and Agrippa,FB_Paul_Festus_Agrippa,illustrations,paul-festus-agrippa,Acts 25:1-26:32,Paul on trial at Caesarea.,Sweet Publishing,13,False,0,3,7
Acts,Paul's defense before Festus and Agrippa,FB_MP_Paul_Agrippa,illustrations,mp-paul-agrippa,Acts 26,Paul testifies before two Roman governors.,SIKU – Edge Group,15,False,0,6,0
Acts,Bible Maps - Paul's Journey to Rome,FB_BM_Maps_Paul_Rome,illustrations,bm-maps-paul-rome,Acts 27-28,Maps of locations on Paul's journey to Rome.,David P. Barrett – BibleMapper.com,9,False,0,4,3
Acts,Paul - Part 5 - Malta,FB_LGR_Paul_5_Malta,illustrations,lgr-paul-5-malta,Acts 27:1 -28:10,Paul is shipwrecked.,Lars-Goran Ronnberg,35,False,0,3,0
Acts,Paul is shipwrecked,FB_Paul_Shipwrecked,illustrations,paul-shipwrecked,Acts 27:1-44,A violent storm on the way to Rome.,Sweet Publishing,28,False,0,3,7
Acts,Paul is shipwrecked,FB_RG_Paul_Shipwreck,illustrations,rg-paul-shipwreck,Acts 27,Paul and the ship's crew face shipwreck.,Richard Gunther,17,False,0,3,3
Acts,Paul is shipwrecked,FB_LS_Paul_Shipwrecked,illustrations,ls-paul-shipwrecked,Acts 27:1-44,Paul is shipwrecked on his way to Rome.,Lambsongs,8,False,0,1,3
Acts,Shipwrecked,FB_BPA_Shipwrecked,illustrations,bpa-shipwrecked,Acts 27:1-28:10,Will Paul survive a shipwreck and make it to Rome?,Bible Pathway Adventures,16,True,0,3,0
Acts,Paul in the storm,FB_YO_Paul_Storm,illustrations,yo-paul-storm,Acts 27-28:10,Paul is rescued from a shipwreck and a snake bite.,YO! Ministry,13,True,0,6,0
Acts,Paul and the snake,FB_LS_Paul_Snake,illustrations,ls-paul-snake,Acts 28:1-10,A poisonous snake leaps out of the fire to bite Paul.,Lambsongs,8,False,0,1,3
Acts,Paul arrives in Rome,FB_Paul_Rome,illustrations,paul-rome,Acts 28:1-31,Paul survives a snake bite and travels to Rome.,Sweet Publishing,17,False,0,3,7
Acts,Paul - Part 6 - Rome,FB_LGR_Paul_6_Rome,illustrations,lgr-paul-6-rome,"Acts 28:10-31, 9:15-16, 16:14-32, 19:9-10, 19, 27:21-26; Philemon; Philippians 1:12, 4:10-20",Paul witnesses as a prisoner in Rome.,Lars-Goran Ronnberg,32,False,0,3,0
Acts,Paul under arrest in Rome,FB_DM_Paul_Rome,illustrations,dm-paul-rome,Acts 28:17-30,Paul witnesses under house arrest.,Didier Martin,8,False,0,1,0
Acts,Maps: Journeys of the early church,FB_Maps_EarlyChurch,illustrations,maps-early-church,Acts,Maps showing how the gospel spread after Pentecost.,The Bible Journey,7,False,0,6,3
Acts,Maps: The journeys of Paul,FB_BJ_Paul_Maps,illustrations,bj-paul-maps,Acts,Maps of Paul's missionary travels.,The Bible Journey,9,False,0,6,3
Acts,Places and journeys mentioned in Acts,FB_BI_Maps_Acts,illustrations,bi-maps-acts,Acts,Maps of locations mentioned in Acts.,Biblica Inc.,22,False,0,0,7
1 Corinthians,Alive! Many people see Jesus,FB_LS_Jesus_Alive_3,illustrations,ls-jesus-alive-3,1 Corinthians 15:6,The many people who saw Jesus after His resurrection.,Lambsongs,9,True,0,1,3
2 Corinthians,Paul the soldier - suffers for his faith,FB_BTBM_Paul_Soldier,illustrations,btbm-paul-soldier,2 Corinthians 11:23-27,Paul and the suffering he has endured as a soldier for Christ.,Basic Training Bible Min.,8,False,0,1,3
Galatians,The fruit of the Spirit,FB_LS_Fruit_Spirit,illustrations,ls-fruit-spirit,Galatians 5:22,Nine character qualities of the Holy Spirit.,Lambsongs,9,False,0,1,3
Ephesians,Put on God's armour,FB_LS_Armour,illustrations,ls-armour,Ephesians 6:10-20,"Paul, spiritual warfare and the armour of a Roman soldier.",Lambsongs,9,False,0,1,3
Ephesians,The Armour of a Christian,FB_YL_Ephesians_6,illustrations,yl-ephesians-6,Ephesians 6:10-20,Spiritual warfare and the armour of a Roman soldier.,Rev. Yves Langevin,19,False,0,2,3
Ephesians,The Christian armour,FB_SAK_Christian_Armour,illustrations,sak-christian-armour,Ephesians 6:10-18,How to overcome trials and tempations.,Smart Arts for Kids,8,False,0,1,0
Ephesians,The armour of God,FB_ANV_Christian_Armour,illustrations,anv-christian-armour,Ephesians 6:10-18,A Roman soldier's armour and the armour of God.,Aya & Nicole Velasquez,11,False,0,3,0
Ephesians,The armour of God,FB_BTBM_Armour,illustrations,btbm-armour,Ephesians 6:11-20,Paul teaches about protection in spiritual battles.,Basic Training Bible Min.,12,False,0,1,3
Philippians,Philippians Chapter One,FB_VB_Philippians_1,illustrations,vb-philippians-1,Philippians 1,Paul's letter to the Christians in Philippi.,VideoBible.com,11,True,0,6,0
1 Timothy,Paul's last days,FB_Paul_Last_Days,illustrations,paul-last-days,"1 Timothy, 2 Timothy, Titus",Timothy and Titus give clues to the final events in Paul's life.,Sweet Publishing,13,False,0,3,7
2 Timothy,Timothy loves God,FB_LS_Timothy,illustrations,ls-timothy,2 Timothy 1:5,Timothy is taught by his grandmother Lois.,Lambsongs,8,False,0,1,3
Philemon,A letter to Philemon,FB_VB_Philemon,illustrations,vb-philemon,Philemon 1:1-25,Paul writes to Philemon about his runaway slave Onesimus.,VideoBible.com,11,True,0,6,0
Philemon,Onesimus - the runaway slave,FB_RG_Onesimus,illustrations,rg-onesimus,Philemon,"Onesimus, the runaway slave, returns to Philemon.",Richard Gunther,9,False,0,3,3
Philemon,Onesimus the runaway slave,FB_Onesimus,illustrations,onesimus,Philemon,"Onesimus, a runaway slave, returns to face Philemon.",Helen Reason,44,False,0,3,0
Philemon,Paul and the runaway slave,FB_MP_Onesimus,illustrations,mp-onesimus,Philemon,"Onesimus, the runaway slave, returns to Philemon.",SIKU – Edge Group,10,False,0,6,0
Philemon,The Runaway Slave,FB_JW_Onesimus,illustrations,jw-onesimus,Philemon,Onesimus runs away from Philemon.,Julia Watson,12,False,0,3,0
Hebrews,Great Faith - Part 1: Creation - Noah,FB_RP_Faith_Hebrews_11_A,illustrations,rp-faith-hebrews-11-a,Hebrews 11:1-7,"Hebrews 11 - Great heroes of faith - Abel, Enoch and Noah.",René Pfitzner,14,True,0,3,0
Hebrews,People of faith,FB_RG_People_Faith,illustrations,rg-people-faith,Hebrews 11,Heroes of faith mentioned in Hebrews.,Richard Gunther,9,False,0,3,3
Hebrews,Great faith - Part 2: Abraham,FB_RP_Faith_Hebrews_11_B,illustrations,rp-faith-hebrews-11-b,Hebrews 11:8-19,Hebrews 11 - Great heroes of faith - Abraham.,René Pfitzner,24,True,0,3,0
Hebrews,Great Faith - Part 3: Isaac - Rahab,FB_RP_Faith_Hebrews_11_C,illustrations,rp-faith-hebrews-11-c,Hebrews 11:20-31,"The faith of Isaac, Jacob, Moses, Joshua and Rahab.",René Pfitzner,24,True,0,3,0
Hebrews,Great Faith - Part 4: Gideon - The Prophets,FB_RP_Faith_Hebrews_11_D,illustrations,rp-faith-hebrews-11-d,Hebrews 11:32-40,Hebrews 11 - Great heroes of faith - judges and prophets.,René Pfitzner,18,True,0,3,0
Hebrews,Great Faith - Part 5: Running the race,FB_RP_Faith_Hebrews_12_E,illustrations,rp-faith-hebrews-12-e,Hebrews 12:1-3,Running the race of faith with our eyes on Jesus.,René Pfitzner,10,True,0,3,0
James,James chapter one,FB_VB_James_1,illustrations,vb-james-1,James 1,James talks about trials and temptation,VideoBible.com,11,True,0,6,0
James,The Epistle of James,FB_Epistle_James,illustrations,epistle-james,James 1-5,James writes to Jewish Christians in the Roman Empire.,Sweet Publishing,19,False,0,3,7
James,James chapter two,FB_VB_James_2,illustrations,vb-james-2,James 2:1-26,Caring for the poor and showing faith with works.,VideoBible.com,10,True,0,6,0
James,James chapter three,FB_VB_James_3,illustrations,vb-james-3,James 3:1-18,James warns about the tongue.,VideoBible.com,9,True,0,6,0
James,The dangers of the tongue ,FB_RG_James_Tongue,illustrations,rg-james-tongue,James 3:1-12,James warns that tongues can say good and bad.,Richard Gunther,10,False,0,3,3
James,James chapter four,FB_VB_James_4,illustrations,vb-james-4,James 4:1-17,James writes about quarrels and slander.,VideoBible.com,7,True,0,6,0
James,James chapter five,FB_VB_James_5,illustrations,vb-james-5,James 5:1-20,"James writes about faith, riches and suffering.",VideoBible.com,11,True,0,6,0
James,The patient farmer,FB_RG_Farmer_Grapes,illustrations,rg-farmer-grapes,James 5:7-9,James teaches about a vineyard and patience.,Richard Gunther,10,False,0,3,3
Jude,The book of Jude,FB_VB_Jude,illustrations,vb-jude,Jude 1:1-15,Jude's letter to Christians,VideoBible.com,12,True,0,6,0
Revelation,Revelation Chapter One,FB_VB_Revelation_1,illustrations,vb-revelation-1,Revelation 1:1-20,John introduces the book of Revelation.,VideoBible.com,8,True,0,6,0
Revelation,Maps: Seven churches of Revelation,FB_7Churches_Maps,illustrations,seven-churches-maps,Revelation 1:9-3:22,Maps - the seven churches mentioned in Revelation.,FreeBibleimages,17,False,0,6,3
Revelation,Revelation Chapter Two,FB_VB_Revelation_2,illustrations,vb-revelation-2,Revelation 2:1-29,God gives John messages for 7 churches.,VideoBible.com,14,True,0,6,0
Revelation,3D reconstruction of Pergamon (Pergamum),FB_JG_Pergamon,illustrations,jg-pergamon,Revelation 2:12-17,Pergamon in New Testament times.,FreeBibleimages,13,False,0,6,0
Revelation,Revelation Chapter Three,FB_VB_Revelation_3,illustrations,vb-revelation-3,Revelation 3:1-22,"Letters to the churches at Sardis, Philadelphia, and Laodicea.",VideoBible.com,11,True,0,6,0
Revelation,Revelation Chapter Four,FB_VB_Revelation_4,illustrations,vb-revelation-4,Revelation 4:1-11,John's vision of the throne of heaven.,VideoBible.com,11,True,0,6,0
Revelation,Revelation Chapter Five,FB_VB_Revelation_5,illustrations,vb-revelation-5,Revelation 5:1-14,John's vision of the Lamb and the scroll.,VideoBible.com,9,True,0,6,0
Revelation,Four horsemen of the apocalypse,FB_MP_Four_Horsemen,illustrations,mp-four-horsemen,Revelation 6,A prophecy about terrible judgement to come.,SIKU – Edge Group,17,False,0,6,0
Revelation,Revelation Chapter Six,FB_VB_Revelation_6,illustrations,vb-revelation-6,Revelation 6:1-17,The seals are opened.,VideoBible.com,17,True,0,6,0
Bible overview,Luke - the physician and writer,FB_DPI_Luke,illustrations,dpi-luke,Bible overview,The doctor who wrote a Gospel and the Acts.,David Padfield's Bible World,13,False,0,6,0
Bible overview,Bible Books - Letters by Paul,FB_PM_Books_Paul,illustrations,pm-books-paul,Bible overview,The epistles written by Paul.,Phillip Martin,12,False,0,7,0
Bible overview,Bible Characters: Men - Group 1,FB_ISC_Men_1,illustrations,isc-men1,Bible overview,Clip art Bible characters to create your own scenes.,Ian & Sue Coate,20,False,0,1,3
Bible overview,Bible Maps - Divided Kingdom - part 1,FB_BM_Maps_Divided_Kingdom_1,illustrations,bm-maps-divided-kingdom-1,Bible overview,Maps of Judah and Israel.,David P. Barrett – BibleMapper.com,11,False,0,4,3
Bible overview,Bible Maps - Divided Kingdom - part 2,FB_BM_Maps_Divided_Kingdom_2,illustrations,bm-maps-divided-kingdom-2,Bible overview,"Maps of locations in Judah, Israel and Phoenicia.",David P. Barrett – BibleMapper.com,11,False,0,4,3
Bible overview,Bible Maps - the Gospels,FB_BM_Maps_Gospels,illustrations,bm-maps-gospels,Bible overview,Maps showing locations in the Gospels.,David P. Barrett – BibleMapper.com,19,False,0,4,3
Bible overview,Bible Maps - the Inter-Testament years,FB_BM_Maps_InterTestament_Years,illustrations,bm-maps-intertestament-years,Bible overview,Maps of the era between the Old and New Testaments.,David P. Barrett – BibleMapper.com,5,False,0,4,3
Bible overview,Bible books - the Gospels and Acts,FB_PM_Books_Gospels,illustrations,pm-books-gospels,Bible overview,Four gospel books and Acts of the Apostles.,Phillip Martin,7,False,0,7,0
Bible overview,Bible books - the Historical books,FB_PM_Books_Historical,illustrations,pm-books-historical,Bible overview,Bible books from Joshua to Esther.,Phillip Martin,11,False,0,7,0
Bible overview,Bible books - the Poetic books,FB_PM_Books_Poetic,illustrations,pm-books-poetic,Bible overview,"Job, Psalms, Proverbs, Ecclesiastes and Song of Songs.",Phillip Martin,7,False,0,7,0
Bible overview,Bible books - the books of the law,FB_PM_Books_Law,illustrations,pm-books-law,Bible overview,"Genesis, Exodus, Leviticus, Numbers and Deuteronomy.",Phillip Martin,7,False,0,7,0
Bible overview,Bible books - the major Prophets,FB_PM_Books_Major_Prophets,illustrations,pm-books-major-prophets,Bible overview,The books of the major prophets.,Phillip Martin,7,False,0,7,0
Bible overview,Bible books - the minor Prophets,FB_PM_Books_Minor_Prophets,illustrations,pm-books-minor-prophets,Bible overview,The smaller books written by prophets.,Phillip Martin,14,False,0,7,0
Bible overview,"Bible characters: Kings, Queens and Officials",FB_BibleCharacters_Officials,illustrations,bible-characters-officials,Bible overview,"Multi-purpose illustrations of Kings, Queens and Officials.",John Heseltine & Pam Masco,21,False,0,6,0
Bible overview,"Bible characters: Kings, Queens and Rulers",FB_ISC_Kings_Queens,illustrations,isc-kings-queens,Bible overview,Clip art Bible characters to create your own scenes.,Ian & Sue Coate,26,False,0,1,3
Bible overview,Bible characters: Men - Group 2,FB_ISC_Men_2,illustrations,isc-men2,Bible overview,Clip art Bible characters to create your own scenes.,Ian & Sue Coate,28,False,0,1,3
Bible overview,Bible characters: Older Men,FB_BibleCharacters_Older_Men,illustrations,bible-characters-older-men,Bible overview,Characters that can represent older man in the Bible.,John Heseltine & Pam Masco,29,False,0,6,0
Bible overview,"Bible characters: Priests, Levites and Teachers",FB_BibleCharacters_Priests_Teachers,illustrations,bible-characters-priests-teachers,Bible overview,Multi-purpose illustrations of religious leaders in Bible times.,John Heseltine & Pam Masco,17,False,0,6,0
Bible overview,Bible characters: Prophets and Teachers,FB_BibleCharacters_Prophets,illustrations,bible-characters-prophets,Bible overview,General purpose illustrations of Bible prophets and teachers.,John Heseltine & Pam Masco,27,False,0,6,0
Bible overview,Bible characters: Soldiers and guards,FB_ISC_Soldiers_Guards,illustrations,isc-soldiers-guards,Bible overview,Clip art to create your own Bible Story scenes.,Ian & Sue Coate,15,False,0,1,3
Bible overview,Bible characters: Women,FB_BibleCharacters_Women,illustrations,bible-characters-women,Bible overview,Multi-purpose illustrations of women in Bible times.,John Heseltine & Pam Masco,29,False,0,6,0
Bible overview,Bible characters: Women and babies,FB_ISC_Women_Babies,illustrations,isc-women-babies,Bible overview,Clip art Bible characters to create your own scenes.,Ian & Sue Coate,18,False,0,1,3
Bible overview,Bible characters: Young men,FB_BibleCharacters_Young_Men,illustrations,bible-characters-young-men,Bible overview,Multi-purpose illustrations of young men in the Bible.,John Heseltine & Pam Masco,25,False,0,6,0
Bible overview,Bible clip art: Animals,FB_ISC_Animals,illustrations,isc-animals,Bible overview,Create your own Bible story scenes: Animals.,Ian & Sue Coate,16,False,0,1,3
Bible overview,Bible clip art: Buildings and structures,FB_ISC_Buildings,illustrations,isc-buildings,Bible overview,Clip art to create your own Bible story scenes.,Ian & Sue Coate,9,False,0,1,3
Bible overview,Bible clip art: Easter,FB_ISC_Easter,illustrations,isc-easter,Bible overview,Clip art Bible characters and objects to create Easter scenes.,Ian & Sue Coate,26,False,0,1,3
Bible overview,Bible clip art: Objects,FB_ISC_Objects,illustrations,isc-objects,Bible overview,Create your own Bible story scenes: Objects.,Ian & Sue Coate,19,False,0,1,3
Bible overview,Bible clip art: Vegetation,FB_ISC_Vegetation,illustrations,isc-vegetation,Bible overview,Create your own Bible story scenes: vegetation,Ian & Sue Coate,9,False,0,1,3
Bible overview,Bible heroes: Men,FB_RG_Heroes_Men,illustrations,rg-heroes-men,Bible overview,Some of the male heroes in the Bible.,Richard Gunther,21,False,0,3,3
Bible overview,Bible heroes: Women,FB_RG_Heroes_Women,illustrations,rg-heroes-women,Bible overview,Some of the female heroes in the Bible.,Richard Gunther,7,False,0,3,3
Bible overview,Bible maps - Exile and Return,FB_BM_Maps_Exile_Return,illustrations,bm-maps-exile-return,Bible overview,Maps of the exiles to Assyria and Babylon.,David P. Barrett – BibleMapper.com,11,False,0,4,3
Bible overview,Bible maps - Judah and Jerusalem,FB_BM_Judah_Jerusalem,illustrations,bm-judah-jerusalem,Bible overview,Maps of Jerusalem and the surrounding area.,David P. Barrett – BibleMapper.com,6,False,0,4,3
Bible overview,Bible maps - the world of the Bible,FB_BM_Maps_Bible_World,illustrations,bm-maps-bible-world,Bible overview,General Bible maps.,David P. Barrett – BibleMapper.com,11,False,0,4,3
Bible overview,Bible maps of Israel and the Middle East,FB_Bible_Maps_SBL,illustrations,bible-maps-sbl,Bible overview,Maps showing key regions mentioned in the Bible.,Society of Biblical Literature,20,False,0,6,0
Bible overview,Blank Bible maps,FB_KTB_Blank_Maps,illustrations,ktb-blank-maps,Bible overview,Blank maps you can use to add Bible locations.,FreeBibleimages,8,False,0,6,3
Bible overview,Blank maps of the Middle East,FB_Maps_Middle_East,illustrations,maps-middle-east,Bible overview,Add locations to these blank maps of the Middle-East.,FreeBibleimages,15,False,0,6,7
Bible overview,Blank relief maps of regions of Israel,FB_Israel_Blank_Maps,illustrations,israel-blank-maps,Bible overview,You can add locations to these blank relief maps of Israel.,FreeBibleimages,11,False,0,6,3
Bible overview,Blank satellite maps of Israel and Middle East,FB_Blank_Satellite_Maps,illustrations,blank-satellite-maps,Bible overview,Blank satellite maps of Israel for you to add locations.,FreeBibleimages,20,False,0,6,3
Bible overview,Books of the Bible - other Epistles,FB_PM_Books_Epistles,illustrations,pm-books-epistles,Bible overview,"Epistles written by James, Peter, John and Jude.",Phillip Martin,8,False,0,7,0
Bible overview,Christmas Story Clip Art,FB_ISC_Christmas_Clipart,illustrations,isc-christmas-clipart,Bible overview,Clip art to create your own Christmas story scenes.,Ian & Sue Coate,31,False,0,1,3
Bible overview,God's promise of redemption,FB_Redemption_Story,illustrations,redemption-story,Bible overview,70 images about God's promise of Redemption.,New Harvest Min. Int. Inc.,71,False,0,6,7
Bible overview,Gospel images - David and Solomon,FB_JVH_David_Solomon,illustrations,jvh-david-solomon,Bible overview,Paintings of scenes in the lives of David and Solomon.,Jan van ’t Hoff – Gospel images,9,False,0,7,0
Bible overview,Gospel images - other Old Testament scenes,FB_JVH_OT_Scenes,illustrations,jvh-ot-scenes,Bible overview,Paintings of scenes from Old Testament stories.,Jan van ’t Hoff – Gospel images,7,False,0,7,0
Bible overview,Herod's Temple - Colonnades and Soreg,FB_BS_Temple_Colonnades,illustrations,bs-temple-colonnades,Bible overview,"The Royal Stoa, Colonnades and Court of the Gentiles.",Bible Scenes,24,True,0,6,7
Bible overview,Herod's Temple - Court of the Women,FB_BS_Temple_Court_Women,illustrations,bs-temple-court-women,Bible overview,3D scenes of the Temple Court of the women.,Bible Scenes,20,False,0,6,7
Bible overview,Herod's Temple - Court of the Women Chambers,FB_BS_Chambers_Court_Women,illustrations,bs-chambers-court-women,Bible overview,Chambers in and around the Court of women.,Bible Scenes,12,True,0,6,7
Bible overview,Herod's Temple - Nicanor Gate,FB_BS_Temple_Nicanor_Gate,illustrations,bs-temple-nicanor-gate,Bible overview,3D scenes of the Nicanor Gate in the Temple.,Bible Scenes,13,True,0,6,7
Bible overview,Herod's Temple - Northern wall,FB_BS_Temple_North_Wall,illustrations,bs-temple-north-wall,Bible overview,The Fortress of Antonia and northern Temple entrance.,Bible Scenes,17,True,0,6,7
Bible overview,Herod's Temple - Overview,FB_BS_Temple_Overview,illustrations,bs-temple-overview,Bible overview,A 3D tour of Herod's Temple.,Bible Scenes,21,True,0,6,7
Bible overview,Herod's Temple - Sanctuary,FB_BS_Temple_Sanctuary,illustrations,bs-temple-sanctuary,Bible overview,The temple sanctuary and storage rooms.,Bible Scenes,25,True,0,6,7
Bible overview,Herod's Temple - Sanctuary Chambers,FB_BS_Sanctuary_Chambers,illustrations,bs-sanctuary-chambers,Bible overview,A guided tour of the Temple storerooms.,Bible Scenes,22,True,0,6,7
Bible overview,Herod's Temple - South wall,FB_BS_Temple_South_Entrances,illustrations,bs-temple-south-entrances,Bible overview,Entrances into Herod's temple from the south.,Bible Scenes,21,True,0,6,7
Bible overview,Herod's Temple - West Wall,FB_BS_Temple_West_Wall,illustrations,bs-temple-west-wall,Bible overview,Entrances into Herod's temple from the west,Bible Scenes,26,True,0,6,7
Bible overview,Herod's Temple - inside the Holy Place,FB_BS_Temple_Holy_Place,illustrations,bs-temple-holy-place,Bible overview,The Holy Place and Holy of Holies.,Bible Scenes,15,True,0,6,7
Bible overview,Herod's Temple - the Inner Court,FB_BS_Temple_Altar,illustrations,bs-temple-altar,Bible overview,"The altar, laver and sacrificial area.",Bible Scenes,19,True,0,6,7
Bible overview,Herod's temple - East Wall,FB_BS_Temple_East_Wall,illustrations,bs-temple-east-wall,Bible overview,Features of the East Wall of the Temple.,Bible Scenes,12,False,0,6,7
Bible overview,Journeys from Egypt to Canaan,FB_BJ_Maps_Egypt_Canaan,illustrations,bj-maps-egypt-canaan,Bible overview,Maps of the Exodus and Canaan to the times of the judges.,The Bible Journey,12,False,0,6,3
Bible overview,Journeys of the Kings and prophets,FB_BJ_Kings_Prophets,illustrations,bj-kings-prophets,Bible overview,Maps showing travels of Kings and prophets.,The Bible Journey,11,False,0,6,3
Bible overview,Line Art: Jesus dies and rises,FB_GNPI_NT_4,illustrations,gnpi-nt-4,Bible overview,Pictures you can colour or paint.,GNPI – Line Art,10,False,0,3,0
Bible overview,Line Art: Jesus' birth and childhood,FB_GNPI_NT_1,illustrations,gnpi-nt-1,Bible overview,Pictures you can colour or paint.,GNPI – Line Art,7,False,0,3,0
Bible overview,Line Art: Miracles of Jesus,FB_GNPI_NT_3,illustrations,gnpi-nt-3,Bible overview,Pictures you can colour or paint.,GNPI – Line Art,9,False,0,3,0
Bible overview,Line Art: Teaching of Jesus,FB_GNPI_NT_2,illustrations,gnpi-nt-2,Bible overview,Pictures you can colour or paint.,GNPI – Line Art,14,False,0,3,0
Bible overview,Line Art: The early church,FB_GNPI_NT_5,illustrations,gnpi-nt-5,Bible overview,Pictures you can colour or paint.,GNPI – Line Art,11,False,0,3,0
Bible overview,Line art: Adam - Moses,FB_GNPI_OT_1,illustrations,gnpi-ot-1,Bible overview,Pictures you can colour or paint.,GNPI – Line Art,11,False,0,3,0
Bible overview,Line art: Elijah - Esther,FB_GNPI_OT_3,illustrations,gnpi-ot-3,Bible overview,Pictures you can colour or paint.,GNPI – Line Art,10,False,0,3,0
Bible overview,Line art: Joshua - David,FB_GNPI_OT_2,illustrations,gnpi-ot-2,Bible overview,Pictures you can colour or paint.,GNPI – Line Art,10,False,0,3,0
Bible overview,Maps - Egypt and the Sinai Peninsular,FB_Maps_Egypt,illustrations,maps-egypt,Bible overview,Maps of Egypt and the Sinai Peninsular.,Biblos.com (Bible Hub),16,False,0,6,0
Bible overview,Maps - Israel in the New Testament era,FB_Maps_Israel_NT,illustrations,maps-israel-nt,Bible overview,Maps of Israel in the New Testament era.,Biblos.com (Bible Hub),21,False,0,6,0
Bible overview,Maps - Israel in the Old Testament era,FB_Maps_Israel_OT,illustrations,maps-israel-ot,Bible overview,Maps of Israel in the Old Testament era.,Biblos.com (Bible Hub),32,False,0,6,0
Bible overview,"Maps - Mesopotamia, Babylon and Assyria",FB_Maps_Babylon,illustrations,maps-babylon,Bible overview,"Maps of Ancient Mesopotamia, Babylon and Assyria.",Biblos.com (Bible Hub),11,False,0,6,0
Bible overview,Maps - Places Jesus visited,FB_Maps_Jesus_Visited,illustrations,maps-jesus-visited,Bible overview,Maps of the journeys of Jesus.,Biblos.com (Bible Hub),26,False,0,6,0
Bible overview,Maps - Regions visited by the Apostle Paul,FB_Maps_Mediterranean,illustrations,maps-mediterranean,Bible overview,Maps of the Apostle Paul's travels.,Biblos.com (Bible Hub),24,False,0,6,0
Bible overview,Maps of Edom,FB_Maps_Edom,illustrations,maps-edom,Bible overview,Maps of Edom the land of the Edomites.,FreeBibleimages,17,False,0,6,3
Bible overview,Maps of Empires in Bible times,FB_KTB_Bible_Empires,illustrations,ktb-bible-empires,Bible overview,"Assyrian, Babylonian, Mede and Persian, Greek and Roman Empires.",FreeBibleimages,13,False,0,6,3
Bible overview,Maps of journeys in the Gospels,FB_BI_Maps_Gospels,illustrations,bi-maps-gospels,Bible overview,Maps of locations in the gospels.,Biblica Inc.,15,False,0,0,7
Bible overview,Maps of key cities Paul visited,FB_BI_City_Maps,illustrations,bi-city-maps,Bible overview,Ancient city plans in Bible times.,Biblica Inc.,13,False,0,0,7
Bible overview,Maps: Israel in times of Kings and Prophets,FB_KTB_Maps_Kings_Prophets,illustrations,ktb-maps-kings-prophets,Bible overview,Maps of Israel before and after the exile.,FreeBibleimages,10,False,0,6,3
Bible overview,Maps: Israel in times of Patriarchs and Judges,FB_KTB_Maps_Patriarchs_Judges,illustrations,ktb-maps-patriarchs-judges,Bible overview,Maps of Israel in the early Old Testament.,FreeBibleimages,12,False,0,6,3
Bible overview,Maps: Jerusalem in the time of Jesus,FB_Jerusalem_Jesus,illustrations,jerusalem-jesus,Bible overview,The topography of Jerusalem in the time of Jesus.,FreeBibleimages,13,False,0,6,3
Bible overview,Maps: The world of the Old Testament,FB_BJ_OT_World,illustrations,bj-ot-world,Bible overview,Maps of the world in Old Testament times.,The Bible Journey,9,False,0,6,3
Bible overview,Maps: World of the New Testament,FB_BJ_NT_Maps,illustrations,bj-nt-maps,Bible overview,Maps and charts of the New Testament world.,The Bible Journey,11,False,0,6,3
Bible overview,New Testament Bible story graphics,FB_JJ_New_Testament,illustrations,jj-new-testament,Bible overview,Graphics for Bible story blogs and media.,FreeBibleimages,12,False,0,6,7
Bible overview,New Testament maps,FB_BI_Maps_New_Testament,illustrations, fb-bi-maps-new-testament,Bible overview,General purpose maps of New Testament locations.,Biblica Inc.,11,False,0,0,7
Bible overview,Old Testament Bible story graphics,FB_JJ_Old_Testament,illustrations,jj-old-testament,Bible overview,Graphics for Bible story blogs and media.,FreeBibleimages,9,False,0,6,7
Bible overview,Old Testament maps,FB_BI_Maps_Old_Testament,illustrations,bi-maps-old-testament,Bible overview,Maps for teaching events in the Old testament.,Biblica Inc.,11,False,0,0,7
Bible overview,Old and New Testament maps,FB_Church_Maps,illustrations,church-maps,Bible overview,Useful Bible maps.,FreeBibleimages,15,False,0,6,7
Bible overview,Other New Testament scenes,FB_JVH_NT_Scenes,illustrations,jvh-nt-scenes,Bible overview,Paintings of scenes from the Acts and Epistles.,Jan van ’t Hoff – Gospel images,7,False,0,7,0
Bible overview,Paintings of Acts of the Apostles,FB_HC_Acts_Apostles,illustrations,hc-acts-apostles,Bible overview,Scenes from the book of Acts.,Harold Copping,39,False,0,4,7
Bible overview,Paintings of Parables of Jesus,FB_HC_Jesus_Parables,illustrations,hc-jesus-parables,Bible overview,Scenes from Parables Jesus told.,Harold Copping,27,False,0,4,7
Bible overview,Sketches of Middle-Eastern people,FB_TIS_Sketches_People,illustrations,tis-sketches-people,Bible overview,Characters to illustrate Bible presentation slides.,James Tissot Collection (Brooklyn Museum),26,False,0,4,7
Bible overview,Some of the names of Jesus,FB_RG_Names_Jesus,illustrations,rg-names-jesus,Bible overview,Bible verses with titles given to Jesus.,Richard Gunther,26,False,0,3,3
Bible overview,Stories from the Gospels: Part 1,FB_WR_Gospels_1,illustrations,wr-gospels1,Bible overview,Images showing scenes in the Life of Jesus.,Wycliffe Russia,8,False,0,6,0
Bible overview,Stories from the Gospels: Part 2 ,FB_WR_Gospels_2,illustrations,wr-gospels2,Bible overview,Scenes from the Gospels.,Wycliffe Russia,8,False,0,6,0
Bible overview,The Minor Prophets,FB_JTJM_Minor_Prophets,illustrations,jtjm-minor-prophets,Bible overview,Paintings of the Minor Prophets.,James Tissot Collection (The Jewish Museum),25,False,0,4,7
Bible overview,The Tabernacle,FB_ISC_Tabernacle,illustrations,isc-tabernacle,Bible overview,Clip art of the Tabernacle and its furnishings.,Ian & Sue Coate,10,False,0,1,3
Bible overview,The journeys of Jesus - 11 maps,FB_BJ_Jesus_Journeys,illustrations,bj-jesus-journeys,Bible overview,Eleven maps showing the journeys Jesus took.,The Bible Journey,12,False,0,6,3
Bible overview,The journeys of Jesus - 47 maps,FB_BJ_Jesus_Journeys_47Maps,illustrations,bj-jesus-journeys-47-maps,Bible overview,Forty seven maps showing the journeys of Jesus.,The Bible Journey,48,False,0,6,3
Bible overview,The special (atonement) lamb,FB_LS_Atonement_Lamb,illustrations,ls-atonement-lamb,Bible overview,The special lamb that died to pay the price of sin.,Lambsongs,9,False,0,1,3
Additional resources,Background images: General purpose backgrounds,FB_KT_General_Purpose_Backgrounds,illustrations,kt-general-purpose-backgrounds,Additional resources,Illustrations for teaching and worship backgrounds.,Kevin Tuck,24,False,0,4,0
