path,filename,folder,size_bytes,width,height,book_num,book_code,chapter,last_num,matches_pattern
SweetPublishingBibleIllustrations-610px/59/610px/59_Ja_01_02_RG.jpg,59_Ja_01_02_RG.jpg,59,142338,831,610,59,Ja,1,2,True
SweetPublishingBibleIllustrations-610px/59/610px/59_Ja_02_03_RG.jpg,59_Ja_02_03_RG.jpg,59,135938,831,610,59,Ja,2,3,True
SweetPublishingBibleIllustrations-610px/59/610px/59_Ja_02_01_RG.jpg,59_Ja_02_01_RG.jpg,59,156304,831,610,59,Ja,2,1,True
SweetPublishingBibleIllustrations-610px/59/610px/59_Ja_02_04_RG.jpg,59_Ja_02_04_RG.jpg,59,153737,831,610,59,Ja,2,4,True
SweetPublishingBibleIllustrations-610px/59/610px/59_Ja_01_01_RG.jpg,59_Ja_01_01_RG.jpg,59,143589,831,610,59,Ja,1,1,True
SweetPublishingBibleIllustrations-610px/59/610px/59_Ja_02_02_RG.jpg,59_Ja_02_02_RG.jpg,59,145526,831,610,59,Ja,2,2,True
SweetPublishingBibleIllustrations-610px/66/610px/66_Re_21_02_RG.jpg,66_Re_21_02_RG.jpg,66,150107,831,610,66,Re,21,2,True
SweetPublishingBibleIllustrations-610px/66/610px/66_Re_09_01_RG.jpg,66_Re_09_01_RG.jpg,66,194660,831,610,66,Re,9,1,True
SweetPublishingBibleIllustrations-610px/66/610px/66_Re_19_02_RG.jpg,66_Re_19_02_RG.jpg,66,170264,831,610,66,Re,19,2,True
SweetPublishingBibleIllustrations-610px/66/610px/66_Re_12_02_RG.jpg,66_Re_12_02_RG.jpg,66,189598,831,610,66,Re,12,2,True
SweetPublishingBibleIllustrations-610px/66/610px/66_Re_01_02_RG.jpg,66_Re_01_02_RG.jpg,66,152155,831,610,66,Re,1,2,True
SweetPublishingBibleIllustrations-610px/66/610px/66_Re_21_04_RG.jpg,66_Re_21_04_RG.jpg,66,92213,832,610,66,Re,21,4,True
SweetPublishingBibleIllustrations-610px/66/610px/66_Re_12_01_RG.jpg,66_Re_12_01_RG.jpg,66,159473,831,610,66,Re,12,1,True
SweetPublishingBibleIllustrations-610px/66/610px/66_Re_21_03_RG.jpg,66_Re_21_03_RG.jpg,66,150563,831,610,66,Re,21,3,True
SweetPublishingBibleIllustrations-610px/66/610px/66_Re_21_01_RG.jpg,66_Re_21_01_RG.jpg,66,154968,831,610,66,Re,21,1,True
SweetPublishingBibleIllustrations-610px/66/610px/66_Re_19_01_RG.jpg,66_Re_19_01_RG.jpg,66,173591,831,610,66,Re,19,1,True
SweetPublishingBibleIllustrations-610px/66/610px/66_Re_13_01_RG.jpg,66_Re_13_01_RG.jpg,66,168485,831,610,66,Re,13,1,True
SweetPublishingBibleIllustrations-610px/66/610px/66_Re_01_01_RG.jpg,66_Re_01_01_RG.jpg,66,170555,831,610,66,Re,1,1,True
SweetPublishingBibleIllustrations-610px/03/610px/03_Le_26_01_RG.jpg,03_Le_26_01_RG.jpg,03,164285,832,605,03,Le,26,1,True
SweetPublishingBibleIllustrations-610px/03/610px/03_Le_08_02_RG.jpg,03_Le_08_02_RG.jpg,03,160136,808,610,03,Le,8,2,True
SweetPublishingBibleIllustrations-610px/03/610px/03_Le_01_01_RG.jpg,03_Le_01_01_RG.jpg,03,176206,828,610,03,Le,1,1,True
SweetPublishingBibleIllustrations-610px/03/610px/03_Le_10_02_RG.jpg,03_Le_10_02_RG.jpg,03,200561,832,594,03,Le,10,2,True
SweetPublishingBibleIllustrations-610px/03/610px/03_Le_08_01_RG.jpg,03_Le_08_01_RG.jpg,03,160030,830,610,03,Le,8,1,True
SweetPublishingBibleIllustrations-610px/03/610px/03_Le_10_01_RG.jpg,03_Le_10_01_RG.jpg,03,173040,832,595,03,Le,10,1,True
SweetPublishingBibleIllustrations-610px/03/610px/03_Le_10_03_RG.jpg,03_Le_10_03_RG.jpg,03,159777,830,610,03,Le,10,3,True
SweetPublishingBibleIllustrations-610px/04/610px/04_Nu_12_03_RG.jpg,04_Nu_12_03_RG.jpg,04,126603,832,605,04,Nu,12,3,True
SweetPublishingBibleIllustrations-610px/04/610px/04_Nu_13_05_RG.jpg,04_Nu_13_05_RG.jpg,04,150935,832,604,04,Nu,13,5,True
SweetPublishingBibleIllustrations-610px/04/610px/04_Nu_14_01_RG.jpg,04_Nu_14_01_RG.jpg,04,170398,832,608,04,Nu,14,1,True
SweetPublishingBibleIllustrations-610px/04/610px/04_Nu_21_01_RG.jpg,04_Nu_21_01_RG.jpg,04,152121,832,608,04,Nu,21,1,True
SweetPublishingBibleIllustrations-610px/04/610px/04_Nu_22_04_RG.jpg,04_Nu_22_04_RG.jpg,04,119908,822,610,04,Nu,22,4,True
SweetPublishingBibleIllustrations-610px/04/610px/04_Nu_14_03_RG.jpg,04_Nu_14_03_RG.jpg,04,181533,826,610,04,Nu,14,3,True
SweetPublishingBibleIllustrations-610px/04/610px/04_Nu_13_07_RG.jpg,04_Nu_13_07_RG.jpg,04,138656,822,610,04,Nu,13,7,True
SweetPublishingBibleIllustrations-610px/04/610px/04_Nu_33_01_RG.jpg,04_Nu_33_01_RG.jpg,04,154802,797,610,04,Nu,33,1,True
SweetPublishingBibleIllustrations-610px/04/610px/04_Nu_12_01_RG.jpg,04_Nu_12_01_RG.jpg,04,159186,828,610,04,Nu,12,1,True
SweetPublishingBibleIllustrations-610px/04/610px/04_Nu_13_03_RG.jpg,04_Nu_13_03_RG.jpg,04,192788,828,610,04,Nu,13,3,True
SweetPublishingBibleIllustrations-610px/04/610px/04_Nu_15_01_RG.jpg,04_Nu_15_01_RG.jpg,04,152524,832,596,04,Nu,15,1,True
SweetPublishingBibleIllustrations-610px/04/610px/04_Nu_22_02_RG.jpg,04_Nu_22_02_RG.jpg,04,129409,822,610,04,Nu,22,2,True
SweetPublishingBibleIllustrations-610px/04/610px/04_Nu_13_01_RG.jpg,04_Nu_13_01_RG.jpg,04,141266,822,610,04,Nu,13,1,True
SweetPublishingBibleIllustrations-610px/04/610px/04_Nu_14_05_RG.jpg,04_Nu_14_05_RG.jpg,04,186595,832,610,04,Nu,14,5,True
SweetPublishingBibleIllustrations-610px/04/610px/04_Nu_13_04_RG.jpg,04_Nu_13_04_RG.jpg,04,146446,832,610,04,Nu,13,4,True
SweetPublishingBibleIllustrations-610px/04/610px/04_Nu_12_02_RG.jpg,04_Nu_12_02_RG.jpg,04,146439,832,604,04,Nu,12,2,True
SweetPublishingBibleIllustrations-610px/04/610px/04_Nu_21_02_RG.jpg,04_Nu_21_02_RG.jpg,04,95442,811,610,04,Nu,21,2,True
SweetPublishingBibleIllustrations-610px/04/610px/04_Nu_13_06_RG.jpg,04_Nu_13_06_RG.jpg,04,173695,828,610,04,Nu,13,6,True
SweetPublishingBibleIllustrations-610px/04/610px/04_Nu_14_02_RG.jpg,04_Nu_14_02_RG.jpg,04,153615,831,610,04,Nu,14,2,True
SweetPublishingBibleIllustrations-610px/04/610px/04_Nu_13_02_RG.jpg,04_Nu_13_02_RG.jpg,04,177228,818,610,04,Nu,13,2,True
SweetPublishingBibleIllustrations-610px/04/610px/04_Nu_22_01_RG.jpg,04_Nu_22_01_RG.jpg,04,140839,822,610,04,Nu,22,1,True
SweetPublishingBibleIllustrations-610px/04/610px/04_Nu_22_03_RG.jpg,04_Nu_22_03_RG.jpg,04,120910,831,610,04,Nu,22,3,True
SweetPublishingBibleIllustrations-610px/04/610px/04_Nu_14_04_RG.jpg,04_Nu_14_04_RG.jpg,04,169015,792,610,04,Nu,14,4,True
SweetPublishingBibleIllustrations-610px/32/610px/32_Jon_04_02_RG.jpg,32_Jon_04_02_RG.jpg,32,170790,832,605,32,Jon,4,2,True
SweetPublishingBibleIllustrations-610px/32/610px/32_Jon_01_05_RG.jpg,32_Jon_01_05_RG.jpg,32,176694,831,610,32,Jon,1,5,True
SweetPublishingBibleIllustrations-610px/32/610px/32_Jon_01_01_RG.jpg,32_Jon_01_01_RG.jpg,32,174318,831,610,32,Jon,1,1,True
SweetPublishingBibleIllustrations-610px/32/610px/32_Jon_04_04_RG.jpg,32_Jon_04_04_RG.jpg,32,143328,831,610,32,Jon,4,4,True
SweetPublishingBibleIllustrations-610px/32/610px/32_Jon_03_02_RG.jpg,32_Jon_03_02_RG.jpg,32,173470,831,610,32,Jon,3,2,True
SweetPublishingBibleIllustrations-610px/32/610px/32_Jon_01_03_RG.jpg,32_Jon_01_03_RG.jpg,32,178766,831,610,32,Jon,1,3,True
SweetPublishingBibleIllustrations-610px/32/610px/32_Jon_02_01_RG.jpg,32_Jon_02_01_RG.jpg,32,140968,831,610,32,Jon,2,1,True
SweetPublishingBibleIllustrations-610px/32/610px/32_Jon_01_06_RG.jpg,32_Jon_01_06_RG.jpg,32,140968,831,610,32,Jon,1,6,True
SweetPublishingBibleIllustrations-610px/32/610px/32_Jon_04_03_RG.jpg,32_Jon_04_03_RG.jpg,32,163415,831,610,32,Jon,4,3,True
SweetPublishingBibleIllustrations-610px/32/610px/32_Jon_04_01_RG.jpg,32_Jon_04_01_RG.jpg,32,171967,831,610,32,Jon,4,1,True
SweetPublishingBibleIllustrations-610px/32/610px/32_Jon_01_04_RG.jpg,32_Jon_01_04_RG.jpg,32,191084,831,610,32,Jon,1,4,True
SweetPublishingBibleIllustrations-610px/32/610px/32_Jon_03_01_RG.jpg,32_Jon_03_01_RG.jpg,32,152170,831,610,32,Jon,3,1,True
SweetPublishingBibleIllustrations-610px/32/610px/32_Jon_01_02_RG.jpg,32_Jon_01_02_RG.jpg,32,157943,831,610,32,Jon,1,2,True
SweetPublishingBibleIllustrations-610px/32/610px/32_Jon_03_03_RG.jpg,32_Jon_03_03_RG.jpg,32,171967,831,610,32,Jon,3,3,True
SweetPublishingBibleIllustrations-610px/56/610px/56_Tit_01_01_RG.jpg,56_Tit_01_01_RG.jpg,56,162786,831,610,56,Tit,1,1,True
SweetPublishingBibleIllustrations-610px/05/610px/05_De_31_03_RG.jpg,05_De_31_03_RG.jpg,05,140681,832,609,05,De,31,3,True
SweetPublishingBibleIllustrations-610px/05/610px/05_De_04_01_RG.jpg,05_De_04_01_RG.jpg,05,164285,832,605,05,De,4,1,True
SweetPublishingBibleIllustrations-610px/05/610px/05_De_31_01_RG.jpg,05_De_31_01_RG.jpg,05,141908,832,607,05,De,31,1,True
SweetPublishingBibleIllustrations-610px/05/610px/05_De_00_02_RG.jpg,05_De_00_02_RG.jpg,05,144286,822,610,05,De,0,2,True
SweetPublishingBibleIllustrations-610px/05/610px/05_De_22_01_RG.jpg,05_De_22_01_RG.jpg,05,152524,832,596,05,De,22,1,True
SweetPublishingBibleIllustrations-610px/05/610px/05_De_00_06_RG.jpg,05_De_00_06_RG.jpg,05,144391,832,610,05,De,0,6,True
SweetPublishingBibleIllustrations-610px/05/610px/05_De_31_05_RG.jpg,05_De_31_05_RG.jpg,05,156350,832,608,05,De,31,5,True
SweetPublishingBibleIllustrations-610px/05/610px/05_De_17_01_RG.jpg,05_De_17_01_RG.jpg,05,152524,832,596,05,De,17,1,True
SweetPublishingBibleIllustrations-610px/05/610px/05_De_32_02_RG.jpg,05_De_32_02_RG.jpg,05,152897,832,606,05,De,32,2,True
SweetPublishingBibleIllustrations-610px/05/610px/05_De_11_03_RG.jpg,05_De_11_03_RG.jpg,05,150943,832,607,05,De,11,3,True
SweetPublishingBibleIllustrations-610px/05/610px/05_De_34_02_RG.jpg,05_De_34_02_RG.jpg,05,145188,798,610,05,De,34,2,True
SweetPublishingBibleIllustrations-610px/05/610px/05_De_11_01_RG.jpg,05_De_11_01_RG.jpg,05,162931,832,607,05,De,11,1,True
SweetPublishingBibleIllustrations-610px/05/610px/05_De_05_01_RG.jpg,05_De_05_01_RG.jpg,05,152063,832,594,05,De,5,1,True
SweetPublishingBibleIllustrations-610px/05/610px/05_De_00_08_RG.jpg,05_De_00_08_RG.jpg,05,170301,832,605,05,De,0,8,True
SweetPublishingBibleIllustrations-610px/05/610px/05_De_00_04_RG.jpg,05_De_00_04_RG.jpg,05,150972,817,610,05,De,0,4,True
SweetPublishingBibleIllustrations-610px/05/610px/05_De_00_01_RG.jpg,05_De_00_01_RG.jpg,05,165037,832,600,05,De,0,1,True
SweetPublishingBibleIllustrations-610px/05/610px/05_De_31_02_RG.jpg,05_De_31_02_RG.jpg,05,154054,810,610,05,De,31,2,True
SweetPublishingBibleIllustrations-610px/05/610px/05_De_21_01_RG.jpg,05_De_21_01_RG.jpg,05,152524,832,596,05,De,21,1,True
SweetPublishingBibleIllustrations-610px/05/610px/05_De_33_01_RG.jpg,05_De_33_01_RG.jpg,05,164187,817,610,05,De,33,1,True
SweetPublishingBibleIllustrations-610px/05/610px/05_De_06_01_RG.jpg,05_De_06_01_RG.jpg,05,162931,832,607,05,De,6,1,True
SweetPublishingBibleIllustrations-610px/05/610px/05_De_12_01_RG.jpg,05_De_12_01_RG.jpg,05,154802,797,610,05,De,12,1,True
SweetPublishingBibleIllustrations-610px/05/610px/05_De_00_03_RG.jpg,05_De_00_03_RG.jpg,05,190257,816,610,05,De,0,3,True
SweetPublishingBibleIllustrations-610px/05/610px/05_De_34_01_RG.jpg,05_De_34_01_RG.jpg,05,145063,832,603,05,De,34,1,True
SweetPublishingBibleIllustrations-610px/05/610px/05_De_11_02_RG.jpg,05_De_11_02_RG.jpg,05,137223,817,610,05,De,11,2,True
SweetPublishingBibleIllustrations-610px/05/610px/05_De_32_03_RG.jpg,05_De_32_03_RG.jpg,05,164187,817,610,05,De,32,3,True
SweetPublishingBibleIllustrations-610px/05/610px/05_De_00_07_RG.jpg,05_De_00_07_RG.jpg,05,153982,825,610,05,De,0,7,True
SweetPublishingBibleIllustrations-610px/05/610px/05_De_31_04_RG.jpg,05_De_31_04_RG.jpg,05,165514,822,610,05,De,31,4,True
SweetPublishingBibleIllustrations-610px/05/610px/05_De_32_01_RG.jpg,05_De_32_01_RG.jpg,05,153625,824,610,05,De,32,1,True
SweetPublishingBibleIllustrations-610px/05/610px/05_De_13_01_RG.jpg,05_De_13_01_RG.jpg,05,152524,832,596,05,De,13,1,True
SweetPublishingBibleIllustrations-610px/05/610px/05_De_07_01_RG.jpg,05_De_07_01_RG.jpg,05,152524,832,596,05,De,7,1,True
SweetPublishingBibleIllustrations-610px/05/610px/05_De_00_05_RG.jpg,05_De_00_05_RG.jpg,05,169545,832,602,05,De,0,5,True
SweetPublishingBibleIllustrations-610px/05/610px/05_De_22_02_RG.jpg,05_De_22_02_RG.jpg,05,152063,832,594,05,De,22,2,True
SweetPublishingBibleIllustrations-610px/02/610px/02_Ex_04_01_RG.jpg,02_Ex_04_01_RG.jpg,02,126553,827,610,02,Ex,4,1,True
SweetPublishingBibleIllustrations-610px/02/610px/02_Ex_10_13_RG.jpg,02_Ex_10_13_RG.jpg,02,170051,832,610,02,Ex,10,13,True
SweetPublishingBibleIllustrations-610px/02/610px/02_Ex_03_05_RG.jpg,02_Ex_03_05_RG.jpg,02,174273,817,610,02,Ex,3,5,True
SweetPublishingBibleIllustrations-610px/02/610px/02_Ex_04_13_RG.jpg,02_Ex_04_13_RG.jpg,02,167543,823,610,02,Ex,4,13,True
SweetPublishingBibleIllustrations-610px/02/610px/02_Ex_03_09_RG.jpg,02_Ex_03_09_RG.jpg,02,178235,822,610,02,Ex,3,9,True
SweetPublishingBibleIllustrations-610px/02/610px/02_Ex_35_02_RG.jpg,02_Ex_35_02_RG.jpg,02,143380,824,610,02,Ex,35,2,True
SweetPublishingBibleIllustrations-610px/02/610px/02_Ex_32_06_RG.jpg,02_Ex_32_06_RG.jpg,02,124121,830,610,02,Ex,32,6,True
SweetPublishingBibleIllustrations-610px/02/610px/02_Ex_14_02_RG.jpg,02_Ex_14_02_RG.jpg,02,155000,819,610,02,Ex,14,2,True
SweetPublishingBibleIllustrations-610px/02/610px/02_Ex_00_10_RG.jpg,02_Ex_00_10_RG.jpg,02,111381,808,610,02,Ex,0,10,True
SweetPublishingBibleIllustrations-610px/02/610px/02_Ex_25_01_RG.jpg,02_Ex_25_01_RG.jpg,02,100291,822,610,02,Ex,25,1,True
SweetPublishingBibleIllustrations-610px/02/610px/02_Ex_14_10_RG.jpg,02_Ex_14_10_RG.jpg,02,162019,824,610,02,Ex,14,10,True
SweetPublishingBibleIllustrations-610px/02/610px/02_Ex_08_07_RG.jpg,02_Ex_08_07_RG.jpg,02,150183,815,610,02,Ex,8,7,True
SweetPublishingBibleIllustrations-610px/02/610px/02_Ex_00_02_RG.jpg,02_Ex_00_02_RG.jpg,02,159087,832,583,02,Ex,0,2,True
SweetPublishingBibleIllustrations-610px/02/610px/02_Ex_01_04_RG.jpg,02_Ex_01_04_RG.jpg,02,134011,823,610,02,Ex,1,4,True
SweetPublishingBibleIllustrations-610px/02/610px/02_Ex_02_27_RG.jpg,02_Ex_02_27_RG.jpg,02,143705,830,610,02,Ex,2,27,True
SweetPublishingBibleIllustrations-610px/02/610px/02_Ex_15_04_RG.jpg,02_Ex_15_04_RG.jpg,02,176029,832,610,02,Ex,15,4,True
SweetPublishingBibleIllustrations-610px/02/610px/02_Ex_01_08_RG.jpg,02_Ex_01_08_RG.jpg,02,148867,822,610,02,Ex,1,8,True
SweetPublishingBibleIllustrations-610px/02/610px/02_Ex_02_11_RG.jpg,02_Ex_02_11_RG.jpg,02,154659,828,610,02,Ex,2,11,True
SweetPublishingBibleIllustrations-610px/02/610px/02_Ex_19_02_RG.jpg,02_Ex_19_02_RG.jpg,02,142770,820,610,02,Ex,19,2,True
SweetPublishingBibleIllustrations-610px/02/610px/02_Ex_16_03_RG.jpg,02_Ex_16_03_RG.jpg,02,153101,829,610,02,Ex,16,3,True
SweetPublishingBibleIllustrations-610px/02/610px/02_Ex_02_03_RG.jpg,02_Ex_02_03_RG.jpg,02,172661,823,610,02,Ex,2,3,True
SweetPublishingBibleIllustrations-610px/02/610px/02_Ex_19_10_RG.jpg,02_Ex_19_10_RG.jpg,02,151908,816,610,02,Ex,19,10,True
SweetPublishingBibleIllustrations-610px/02/610px/02_Ex_28_01_RG.jpg,02_Ex_28_01_RG.jpg,02,156845,824,610,02,Ex,28,1,True
SweetPublishingBibleIllustrations-610px/02/610px/02_Ex_16_11_RG.jpg,02_Ex_16_11_RG.jpg,02,149156,825,610,02,Ex,16,11,True
SweetPublishingBibleIllustrations-610px/02/610px/02_Ex_05_07_RG.jpg,02_Ex_05_07_RG.jpg,02,144477,817,610,02,Ex,5,7,True
SweetPublishingBibleIllustrations-610px/02/610px/02_Ex_02_25_RG.jpg,02_Ex_02_25_RG.jpg,02,191708,827,610,02,Ex,2,25,True
SweetPublishingBibleIllustrations-610px/02/610px/02_Ex_01_14_RG.jpg,02_Ex_01_14_RG.jpg,02,148278,819,610,02,Ex,1,14,True
SweetPublishingBibleIllustrations-610px/02/610px/02_Ex_09_11_RG.jpg,02_Ex_09_11_RG.jpg,02,118610,797,610,02,Ex,9,11,True
SweetPublishingBibleIllustrations-610px/02/610px/02_Ex_12_02_RG.jpg,02_Ex_12_02_RG.jpg,02,144961,824,610,02,Ex,12,2,True
SweetPublishingBibleIllustrations-610px/02/610px/02_Ex_01_06_RG.jpg,02_Ex_01_06_RG.jpg,02,157419,822,610,02,Ex,1,6,True
SweetPublishingBibleIllustrations-610px/02/610px/02_Ex_09_03_RG.jpg,02_Ex_09_03_RG.jpg,02,153001,824,610,02,Ex,9,3,True
SweetPublishingBibleIllustrations-610px/02/610px/02_Ex_12_10_RG.jpg,02_Ex_12_10_RG.jpg,02,144841,803,610,02,Ex,12,10,True
SweetPublishingBibleIllustrations-610px/02/610px/02_Ex_27_02_RG.jpg,02_Ex_27_02_RG.jpg,02,144459,823,610,02,Ex,27,2,True
SweetPublishingBibleIllustrations-610px/02/610px/02_Ex_05_05_RG.jpg,02_Ex_05_05_RG.jpg,02,163691,817,610,02,Ex,5,5,True
SweetPublishingBibleIllustrations-610px/02/610px/02_Ex_19_12_RG.jpg,02_Ex_19_12_RG.jpg,02,142010,822,610,02,Ex,19,12,True
SweetPublishingBibleIllustrations-610px/02/610px/02_Ex_02_01_RG.jpg,02_Ex_02_01_RG.jpg,02,149027,827,610,02,Ex,2,1,True
SweetPublishingBibleIllustrations-610px/02/610px/02_Ex_28_03_RG.jpg,02_Ex_28_03_RG.jpg,02,94312,827,610,02,Ex,28,3,True
SweetPublishingBibleIllustrations-610px/02/610px/02_Ex_16_01_RG.jpg,02_Ex_16_01_RG.jpg,02,153733,832,609,02,Ex,16,1,True
SweetPublishingBibleIllustrations-610px/02/610px/02_Ex_02_13_RG.jpg,02_Ex_02_13_RG.jpg,02,157862,826,610,02,Ex,2,13,True
SweetPublishingBibleIllustrations-610px/02/610px/02_Ex_32_04_RG.jpg,02_Ex_32_04_RG.jpg,02,136152,817,610,02,Ex,32,4,True
SweetPublishingBibleIllustrations-610px/02/610px/02_Ex_10_03_RG.jpg,02_Ex_10_03_RG.jpg,02,178322,827,610,02,Ex,10,3,True
SweetPublishingBibleIllustrations-610px/02/610px/02_Ex_04_11_RG.jpg,02_Ex_04_11_RG.jpg,02,149000,820,610,02,Ex,4,11,True
SweetPublishingBibleIllustrations-610px/02/610px/02_Ex_29_05_RG.jpg,02_Ex_29_05_RG.jpg,02,149422,832,581,02,Ex,29,5,True
SweetPublishingBibleIllustrations-610px/02/610px/02_Ex_03_07_RG.jpg,02_Ex_03_07_RG.jpg,02,169924,825,610,02,Ex,3,7,True
SweetPublishingBibleIllustrations-610px/02/610px/02_Ex_10_11_RG.jpg,02_Ex_10_11_RG.jpg,02,139556,820,610,02,Ex,10,11,True
SweetPublishingBibleIllustrations-610px/02/610px/02_Ex_32_08_RG.jpg,02_Ex_32_08_RG.jpg,02,157707,832,610,02,Ex,32,8,True
SweetPublishingBibleIllustrations-610px/02/610px/02_Ex_04_03_RG.jpg,02_Ex_04_03_RG.jpg,02,109889,826,610,02,Ex,4,3,True
SweetPublishingBibleIllustrations-610px/02/610px/02_Ex_08_05_RG.jpg,02_Ex_08_05_RG.jpg,02,154230,828,610,02,Ex,8,5,True
SweetPublishingBibleIllustrations-610px/02/610px/02_Ex_25_03_RG.jpg,02_Ex_25_03_RG.jpg,02,170977,825,610,02,Ex,25,3,True
SweetPublishingBibleIllustrations-610px/02/610px/02_Ex_07_04_RG.jpg,02_Ex_07_04_RG.jpg,02,146766,812,610,02,Ex,7,4,True
SweetPublishingBibleIllustrations-610px/02/610px/02_Ex_14_12_RG.jpg,02_Ex_14_12_RG.jpg,02,108481,824,610,02,Ex,14,12,True
SweetPublishingBibleIllustrations-610px/02/610px/02_Ex_00_12_RG.jpg,02_Ex_00_12_RG.jpg,02,151098,828,610,02,Ex,0,12,True
SweetPublishingBibleIllustrations-610px/02/610px/02_Ex_08_09_RG.jpg,02_Ex_08_09_RG.jpg,02,151186,828,610,02,Ex,8,9,True
SweetPublishingBibleIllustrations-610px/02/610px/02_Ex_16_05_RG.jpg,02_Ex_16_05_RG.jpg,02,156375,831,610,02,Ex,16,5,True
SweetPublishingBibleIllustrations-610px/02/610px/02_Ex_02_09_RG.jpg,02_Ex_02_09_RG.jpg,02,134380,829,610,02,Ex,2,9,True
SweetPublishingBibleIllustrations-610px/02/610px/02_Ex_02_17_RG.jpg,02_Ex_02_17_RG.jpg,02,153969,826,610,02,Ex,2,17,True
SweetPublishingBibleIllustrations-610px/02/610px/02_Ex_19_04_RG.jpg,02_Ex_19_04_RG.jpg,02,160568,816,610,02,Ex,19,4,True
SweetPublishingBibleIllustrations-610px/02/610px/02_Ex_11_01_RG.jpg,02_Ex_11_01_RG.jpg,02,144477,817,610,02,Ex,11,1,True
SweetPublishingBibleIllustrations-610px/02/610px/02_Ex_05_01_RG.jpg,02_Ex_05_01_RG.jpg,02,165089,830,610,02,Ex,5,1,True
SweetPublishingBibleIllustrations-610px/02/610px/02_Ex_19_08_RG.jpg,02_Ex_19_08_RG.jpg,02,125877,817,610,02,Ex,19,8,True
SweetPublishingBibleIllustrations-610px/02/610px/02_Ex_20_02_RG.jpg,02_Ex_20_02_RG.jpg,02,135680,832,604,02,Ex,20,2,True
SweetPublishingBibleIllustrations-610px/02/610px/02_Ex_16_09_RG.jpg,02_Ex_16_09_RG.jpg,02,137368,831,610,02,Ex,16,9,True
SweetPublishingBibleIllustrations-610px/02/610px/02_Ex_28_07_RG.jpg,02_Ex_28_07_RG.jpg,02,121655,832,606,02,Ex,28,7,True
SweetPublishingBibleIllustrations-610px/02/610px/02_Ex_02_05_RG.jpg,02_Ex_02_05_RG.jpg,02,192703,825,610,02,Ex,2,5,True
SweetPublishingBibleIllustrations-610px/02/610px/02_Ex_24_01_RG.jpg,02_Ex_24_01_RG.jpg,02,160030,830,610,02,Ex,24,1,True
SweetPublishingBibleIllustrations-610px/02/610px/02_Ex_01_02_RG.jpg,02_Ex_01_02_RG.jpg,02,154368,827,610,02,Ex,1,2,True
SweetPublishingBibleIllustrations-610px/02/610px/02_Ex_09_07_RG.jpg,02_Ex_09_07_RG.jpg,02,150665,824,610,02,Ex,9,7,True
SweetPublishingBibleIllustrations-610px/02/610px/02_Ex_15_02_RG.jpg,02_Ex_15_02_RG.jpg,02,182009,817,610,02,Ex,15,2,True
SweetPublishingBibleIllustrations-610px/02/610px/02_Ex_01_10_RG.jpg,02_Ex_01_10_RG.jpg,02,148222,818,610,02,Ex,1,10,True
SweetPublishingBibleIllustrations-610px/02/610px/02_Ex_12_06_RG.jpg,02_Ex_12_06_RG.jpg,02,150216,832,607,02,Ex,12,6,True
SweetPublishingBibleIllustrations-610px/02/610px/02_Ex_02_21_RG.jpg,02_Ex_02_21_RG.jpg,02,166662,813,610,02,Ex,2,21,True
SweetPublishingBibleIllustrations-610px/02/610px/02_Ex_30_01_RG.jpg,02_Ex_30_01_RG.jpg,02,135351,828,610,02,Ex,30,1,True
SweetPublishingBibleIllustrations-610px/02/610px/02_Ex_00_16_RG.jpg,02_Ex_00_16_RG.jpg,02,173763,829,610,02,Ex,0,16,True
SweetPublishingBibleIllustrations-610px/02/610px/02_Ex_08_13_RG.jpg,02_Ex_08_13_RG.jpg,02,170051,832,610,02,Ex,8,13,True
SweetPublishingBibleIllustrations-610px/02/610px/02_Ex_14_04_RG.jpg,02_Ex_14_04_RG.jpg,02,167782,817,610,02,Ex,14,4,True
SweetPublishingBibleIllustrations-610px/02/610px/02_Ex_00_08_RG.jpg,02_Ex_00_08_RG.jpg,02,151915,827,610,02,Ex,0,8,True
SweetPublishingBibleIllustrations-610px/02/610px/02_Ex_14_08_RG.jpg,02_Ex_14_08_RG.jpg,02,180870,832,606,02,Ex,14,8,True
SweetPublishingBibleIllustrations-610px/02/610px/02_Ex_00_04_RG.jpg,02_Ex_00_04_RG.jpg,02,144452,826,610,02,Ex,0,4,True
SweetPublishingBibleIllustrations-610px/02/610px/02_Ex_08_01_RG.jpg,02_Ex_08_01_RG.jpg,02,132888,823,610,02,Ex,8,1,True
SweetPublishingBibleIllustrations-610px/02/610px/02_Ex_03_03_RG.jpg,02_Ex_03_03_RG.jpg,02,106363,832,608,02,Ex,3,3,True
SweetPublishingBibleIllustrations-610px/02/610px/02_Ex_29_01_RG.jpg,02_Ex_29_01_RG.jpg,02,180397,826,610,02,Ex,29,1,True
SweetPublishingBibleIllustrations-610px/02/610px/02_Ex_04_07_RG.jpg,02_Ex_04_07_RG.jpg,02,132271,825,610,02,Ex,4,7,True
SweetPublishingBibleIllustrations-610px/02/610px/02_Ex_03_11_RG.jpg,02_Ex_03_11_RG.jpg,02,152019,812,610,02,Ex,3,11,True
SweetPublishingBibleIllustrations-610px/02/610px/02_Ex_00_20_RG.jpg,02_Ex_00_20_RG.jpg,02,138822,832,608,02,Ex,0,20,True
SweetPublishingBibleIllustrations-610px/02/610px/02_Ex_14_14_RG.jpg,02_Ex_14_14_RG.jpg,02,132654,814,610,02,Ex,14,14,True
SweetPublishingBibleIllustrations-610px/02/610px/02_Ex_07_02_RG.jpg,02_Ex_07_02_RG.jpg,02,141525,832,603,02,Ex,7,2,True
SweetPublishingBibleIllustrations-610px/02/610px/02_Ex_00_18_RG.jpg,02_Ex_00_18_RG.jpg,02,156454,816,610,02,Ex,0,18,True
SweetPublishingBibleIllustrations-610px/02/610px/02_Ex_25_05_RG.jpg,02_Ex_25_05_RG.jpg,02,144168,832,610,02,Ex,25,5,True
SweetPublishingBibleIllustrations-610px/02/610px/02_Ex_08_03_RG.jpg,02_Ex_08_03_RG.jpg,02,152201,829,610,02,Ex,8,3,True
SweetPublishingBibleIllustrations-610px/02/610px/02_Ex_00_06_RG.jpg,02_Ex_00_06_RG.jpg,02,122779,780,610,02,Ex,0,6,True
SweetPublishingBibleIllustrations-610px/02/610px/02_Ex_14_06_RG.jpg,02_Ex_14_06_RG.jpg,02,146813,810,610,02,Ex,14,6,True
SweetPublishingBibleIllustrations-610px/02/610px/02_Ex_08_11_RG.jpg,02_Ex_08_11_RG.jpg,02,163602,821,610,02,Ex,8,11,True
SweetPublishingBibleIllustrations-610px/02/610px/02_Ex_13_02_RG.jpg,02_Ex_13_02_RG.jpg,02,114642,817,610,02,Ex,13,2,True
SweetPublishingBibleIllustrations-610px/02/610px/02_Ex_00_14_RG.jpg,02_Ex_00_14_RG.jpg,02,141324,817,610,02,Ex,0,14,True
SweetPublishingBibleIllustrations-610px/02/610px/02_Ex_04_17_RG.jpg,02_Ex_04_17_RG.jpg,02,171361,832,610,02,Ex,4,17,True
SweetPublishingBibleIllustrations-610px/02/610px/02_Ex_10_05_RG.jpg,02_Ex_10_05_RG.jpg,02,150339,832,608,02,Ex,10,5,True
SweetPublishingBibleIllustrations-610px/02/610px/02_Ex_32_02_RG.jpg,02_Ex_32_02_RG.jpg,02,132883,832,603,02,Ex,32,2,True
SweetPublishingBibleIllustrations-610px/02/610px/02_Ex_04_09_RG.jpg,02_Ex_04_09_RG.jpg,02,133267,825,610,02,Ex,4,9,True
SweetPublishingBibleIllustrations-610px/02/610px/02_Ex_00_22_RG.jpg,02_Ex_00_22_RG.jpg,02,172357,832,603,02,Ex,0,22,True
SweetPublishingBibleIllustrations-610px/02/610px/02_Ex_10_09_RG.jpg,02_Ex_10_09_RG.jpg,02,146356,831,610,02,Ex,10,9,True
SweetPublishingBibleIllustrations-610px/02/610px/02_Ex_26_02_RG.jpg,02_Ex_26_02_RG.jpg,02,109853,823,610,02,Ex,26,2,True
SweetPublishingBibleIllustrations-610px/02/610px/02_Ex_04_05_RG.jpg,02_Ex_04_05_RG.jpg,02,136594,826,610,02,Ex,4,5,True
SweetPublishingBibleIllustrations-610px/02/610px/02_Ex_03_01_RG.jpg,02_Ex_03_01_RG.jpg,02,137266,828,610,02,Ex,3,1,True
SweetPublishingBibleIllustrations-610px/02/610px/02_Ex_29_03_RG.jpg,02_Ex_29_03_RG.jpg,02,155926,832,604,02,Ex,29,3,True
SweetPublishingBibleIllustrations-610px/02/610px/02_Ex_28_05_RG.jpg,02_Ex_28_05_RG.jpg,02,107473,728,610,02,Ex,28,5,True
SweetPublishingBibleIllustrations-610px/02/610px/02_Ex_02_07_RG.jpg,02_Ex_02_07_RG.jpg,02,138406,825,610,02,Ex,2,7,True
SweetPublishingBibleIllustrations-610px/02/610px/02_Ex_05_03_RG.jpg,02_Ex_05_03_RG.jpg,02,161228,815,610,02,Ex,5,3,True
SweetPublishingBibleIllustrations-610px/02/610px/02_Ex_02_19_RG.jpg,02_Ex_02_19_RG.jpg,02,159522,832,606,02,Ex,2,19,True
SweetPublishingBibleIllustrations-610px/02/610px/02_Ex_11_03_RG.jpg,02_Ex_11_03_RG.jpg,02,151882,817,610,02,Ex,11,3,True
SweetPublishingBibleIllustrations-610px/02/610px/02_Ex_19_06_RG.jpg,02_Ex_19_06_RG.jpg,02,99168,766,610,02,Ex,19,6,True
SweetPublishingBibleIllustrations-610px/02/610px/02_Ex_02_15_RG.jpg,02_Ex_02_15_RG.jpg,02,163775,822,610,02,Ex,2,15,True
SweetPublishingBibleIllustrations-610px/02/610px/02_Ex_16_07_RG.jpg,02_Ex_16_07_RG.jpg,02,162514,828,610,02,Ex,16,7,True
SweetPublishingBibleIllustrations-610px/02/610px/02_Ex_12_04_RG.jpg,02_Ex_12_04_RG.jpg,02,144927,832,610,02,Ex,12,4,True
SweetPublishingBibleIllustrations-610px/02/610px/02_Ex_01_12_RG.jpg,02_Ex_01_12_RG.jpg,02,131936,815,610,02,Ex,1,12,True
SweetPublishingBibleIllustrations-610px/02/610px/02_Ex_02_23_RG.jpg,02_Ex_02_23_RG.jpg,02,166662,813,610,02,Ex,2,23,True
SweetPublishingBibleIllustrations-610px/02/610px/02_Ex_09_09_RG.jpg,02_Ex_09_09_RG.jpg,02,150339,832,608,02,Ex,9,9,True
SweetPublishingBibleIllustrations-610px/02/610px/02_Ex_09_05_RG.jpg,02_Ex_09_05_RG.jpg,02,134880,820,610,02,Ex,9,5,True
SweetPublishingBibleIllustrations-610px/02/610px/02_Ex_12_08_RG.jpg,02_Ex_12_08_RG.jpg,02,229357,832,605,02,Ex,12,8,True
SweetPublishingBibleIllustrations-610px/02/610px/02_Ex_16_02_RG.jpg,02_Ex_16_02_RG.jpg,02,128991,825,610,02,Ex,16,2,True
SweetPublishingBibleIllustrations-610px/02/610px/02_Ex_02_10_RG.jpg,02_Ex_02_10_RG.jpg,02,141785,829,610,02,Ex,2,10,True
SweetPublishingBibleIllustrations-610px/02/610px/02_Ex_19_03_RG.jpg,02_Ex_19_03_RG.jpg,02,141266,822,610,02,Ex,19,3,True
SweetPublishingBibleIllustrations-610px/02/610px/02_Ex_16_10_RG.jpg,02_Ex_16_10_RG.jpg,02,150048,817,610,02,Ex,16,10,True
SweetPublishingBibleIllustrations-610px/02/610px/02_Ex_05_06_RG.jpg,02_Ex_05_06_RG.jpg,02,109959,815,610,02,Ex,5,6,True
SweetPublishingBibleIllustrations-610px/02/610px/02_Ex_27_01_RG.jpg,02_Ex_27_01_RG.jpg,02,149489,809,610,02,Ex,27,1,True
SweetPublishingBibleIllustrations-610px/02/610px/02_Ex_02_02_RG.jpg,02_Ex_02_02_RG.jpg,02,154592,820,610,02,Ex,2,2,True
SweetPublishingBibleIllustrations-610px/02/610px/02_Ex_19_11_RG.jpg,02_Ex_19_11_RG.jpg,02,152707,824,610,02,Ex,19,11,True
SweetPublishingBibleIllustrations-610px/02/610px/02_Ex_01_05_RG.jpg,02_Ex_01_05_RG.jpg,02,146538,813,610,02,Ex,1,5,True
SweetPublishingBibleIllustrations-610px/02/610px/02_Ex_01_09_RG.jpg,02_Ex_01_09_RG.jpg,02,130772,832,604,02,Ex,1,9,True
SweetPublishingBibleIllustrations-610px/02/610px/02_Ex_12_01_RG.jpg,02_Ex_12_01_RG.jpg,02,166119,820,610,02,Ex,12,1,True
SweetPublishingBibleIllustrations-610px/02/610px/02_Ex_09_12_RG.jpg,02_Ex_09_12_RG.jpg,02,117122,822,610,02,Ex,9,12,True
SweetPublishingBibleIllustrations-610px/02/610px/02_EX_05_09_RG.jpg,02_EX_05_09_RG.jpg,02,138189,807,610,02,EX,5,9,True
SweetPublishingBibleIllustrations-610px/02/610px/02_Ex_02_26_RG.jpg,02_Ex_02_26_RG.jpg,02,164783,826,610,02,Ex,2,26,True
SweetPublishingBibleIllustrations-610px/02/610px/02_Ex_00_11_RG.jpg,02_Ex_00_11_RG.jpg,02,172557,832,597,02,Ex,0,11,True
SweetPublishingBibleIllustrations-610px/02/610px/02_Ex_14_03_RG.jpg,02_Ex_14_03_RG.jpg,02,157861,818,610,02,Ex,14,3,True
SweetPublishingBibleIllustrations-610px/02/610px/02_Ex_08_06_RG.jpg,02_Ex_08_06_RG.jpg,02,145652,821,610,02,Ex,8,6,True
SweetPublishingBibleIllustrations-610px/02/610px/02_Ex_00_03_RG.jpg,02_Ex_00_03_RG.jpg,02,118193,832,610,02,Ex,0,3,True
SweetPublishingBibleIllustrations-610px/02/610px/02_Ex_14_11_RG.jpg,02_Ex_14_11_RG.jpg,02,152742,814,610,02,Ex,14,11,True
SweetPublishingBibleIllustrations-610px/02/610px/02_Ex_10_12_RG.jpg,02_Ex_10_12_RG.jpg,02,153129,827,610,02,Ex,10,12,True
SweetPublishingBibleIllustrations-610px/02/610px/02_Ex_03_04_RG.jpg,02_Ex_03_04_RG.jpg,02,150898,832,610,02,Ex,3,4,True
SweetPublishingBibleIllustrations-610px/02/610px/02_Ex_29_06_RG.jpg,02_Ex_29_06_RG.jpg,02,157290,823,610,02,Ex,29,6,True
SweetPublishingBibleIllustrations-610px/02/610px/02_Ex_32_07_RG.jpg,02_Ex_32_07_RG.jpg,02,149993,829,610,02,Ex,32,7,True
SweetPublishingBibleIllustrations-610px/02/610px/02_Ex_03_08_RG.jpg,02_Ex_03_08_RG.jpg,02,143952,832,604,02,Ex,3,8,True
SweetPublishingBibleIllustrations-610px/02/610px/02_Ex_35_03_RG.jpg,02_Ex_35_03_RG.jpg,02,169809,824,610,02,Ex,35,3,True
SweetPublishingBibleIllustrations-610px/02/610px/02_Ex_04_12_RG.jpg,02_Ex_04_12_RG.jpg,02,150235,812,610,02,Ex,4,12,True
SweetPublishingBibleIllustrations-610px/02/610px/02_Ex_07_05_RG.jpg,02_Ex_07_05_RG.jpg,02,161387,822,610,02,Ex,7,5,True
SweetPublishingBibleIllustrations-610px/02/610px/02_Ex_14_13_RG.jpg,02_Ex_14_13_RG.jpg,02,176579,826,610,02,Ex,14,13,True
SweetPublishingBibleIllustrations-610px/02/610px/02_Ex_25_02_RG.jpg,02_Ex_25_02_RG.jpg,02,141314,832,590,02,Ex,25,2,True
SweetPublishingBibleIllustrations-610px/02/610px/02_Ex_00_01_RG.jpg,02_Ex_00_01_RG.jpg,02,172304,832,578,02,Ex,0,1,True
SweetPublishingBibleIllustrations-610px/02/610px/02_Ex_08_04_RG.jpg,02_Ex_08_04_RG.jpg,02,160632,812,610,02,Ex,8,4,True
SweetPublishingBibleIllustrations-610px/02/610px/02_Ex_14_01_RG.jpg,02_Ex_14_01_RG.jpg,02,171825,832,604,02,Ex,14,1,True
SweetPublishingBibleIllustrations-610px/02/610px/02_Ex_08_08_RG.jpg,02_Ex_08_08_RG.jpg,02,170463,827,610,02,Ex,8,8,True
SweetPublishingBibleIllustrations-610px/02/610px/02_Ex_00_13_RG.jpg,02_Ex_00_13_RG.jpg,02,144260,813,610,02,Ex,0,13,True
SweetPublishingBibleIllustrations-610px/02/610px/02_Ex_35_01_RG.jpg,02_Ex_35_01_RG.jpg,02,135680,832,604,02,Ex,35,1,True
SweetPublishingBibleIllustrations-610px/02/610px/02_Ex_04_10_RG.jpg,02_Ex_04_10_RG.jpg,02,172385,823,610,02,Ex,4,10,True
SweetPublishingBibleIllustrations-610px/02/610px/02_Ex_10_02_RG.jpg,02_Ex_10_02_RG.jpg,02,150665,824,610,02,Ex,10,2,True
SweetPublishingBibleIllustrations-610px/02/610px/02_Ex_32_05_RG.jpg,02_Ex_32_05_RG.jpg,02,155320,832,606,02,Ex,32,5,True
SweetPublishingBibleIllustrations-610px/02/610px/02_Ex_04_02_RG.jpg,02_Ex_04_02_RG.jpg,02,110032,820,610,02,Ex,4,2,True
SweetPublishingBibleIllustrations-610px/02/610px/02_Ex_03_06_RG.jpg,02_Ex_03_06_RG.jpg,02,139292,832,604,02,Ex,3,6,True
SweetPublishingBibleIllustrations-610px/02/610px/02_Ex_29_04_RG.jpg,02_Ex_29_04_RG.jpg,02,160136,808,610,02,Ex,29,4,True
SweetPublishingBibleIllustrations-610px/02/610px/02_Ex_28_02_RG.jpg,02_Ex_28_02_RG.jpg,02,72771,832,607,02,Ex,28,2,True
SweetPublishingBibleIllustrations-610px/02/610px/02_Ex_05_04_RG.jpg,02_Ex_05_04_RG.jpg,02,165588,802,610,02,Ex,5,4,True
SweetPublishingBibleIllustrations-610px/02/610px/02_Ex_05_08_RG.jpg,02_Ex_05_08_RG.jpg,02,156570,822,610,02,Ex,5,8,True
SweetPublishingBibleIllustrations-610px/02/610px/02_Ex_19_01_RG.jpg,02_Ex_19_01_RG.jpg,02,142596,825,610,02,Ex,19,1,True
SweetPublishingBibleIllustrations-610px/02/610px/02_Ex_02_12_RG.jpg,02_Ex_02_12_RG.jpg,02,143646,819,610,02,Ex,2,12,True
SweetPublishingBibleIllustrations-610px/02/610px/02_Ex_11_04_RG.jpg,02_Ex_11_04_RG.jpg,02,148249,818,610,02,Ex,11,4,True
SweetPublishingBibleIllustrations-610px/02/610px/02_Ex_01_15_RG.jpg,02_Ex_01_15_RG.jpg,02,138483,816,610,02,Ex,1,15,True
SweetPublishingBibleIllustrations-610px/02/610px/02_Ex_09_10_RG.jpg,02_Ex_09_10_RG.jpg,02,109959,815,610,02,Ex,9,10,True
SweetPublishingBibleIllustrations-610px/02/610px/02_Ex_12_03_RG.jpg,02_Ex_12_03_RG.jpg,02,170397,826,610,02,Ex,12,3,True
SweetPublishingBibleIllustrations-610px/02/610px/02_Ex_02_24_RG.jpg,02_Ex_02_24_RG.jpg,02,153930,820,610,02,Ex,2,24,True
SweetPublishingBibleIllustrations-610px/02/610px/02_Ex_01_07_RG.jpg,02_Ex_01_07_RG.jpg,02,149479,820,610,02,Ex,1,7,True
SweetPublishingBibleIllustrations-610px/02/610px/02_Ex_09_02_RG.jpg,02_Ex_09_02_RG.jpg,02,144419,827,610,02,Ex,9,2,True
SweetPublishingBibleIllustrations-610px/02/610px/02_Ex_02_28_RG.jpg,02_Ex_02_28_RG.jpg,02,158210,832,587,02,Ex,2,28,True
SweetPublishingBibleIllustrations-610px/02/610px/02_Ex_15_15_RG.jpg,02_Ex_15_15_RG.jpg,02,160752,803,610,02,Ex,15,15,True
SweetPublishingBibleIllustrations-610px/02/610px/02_Ex_04_06_RG.jpg,02_Ex_04_06_RG.jpg,02,134481,813,610,02,Ex,4,6,True
SweetPublishingBibleIllustrations-610px/02/610px/02_Ex_26_01_RG.jpg,02_Ex_26_01_RG.jpg,02,150663,832,602,02,Ex,26,1,True
SweetPublishingBibleIllustrations-610px/02/610px/02_Ex_03_02_RG.jpg,02_Ex_03_02_RG.jpg,02,133208,824,610,02,Ex,3,2,True
SweetPublishingBibleIllustrations-610px/02/610px/02_Ex_04_14_RG.jpg,02_Ex_04_14_RG.jpg,02,141887,831,610,02,Ex,4,14,True
SweetPublishingBibleIllustrations-610px/02/610px/02_Ex_00_21_RG.jpg,02_Ex_00_21_RG.jpg,02,160186,815,610,02,Ex,0,21,True
SweetPublishingBibleIllustrations-610px/02/610px/02_Ex_32_01_RG.jpg,02_Ex_32_01_RG.jpg,02,164287,812,610,02,Ex,32,1,True
SweetPublishingBibleIllustrations-610px/02/610px/02_Ex_03_10_RG.jpg,02_Ex_03_10_RG.jpg,02,113022,819,610,02,Ex,3,10,True
SweetPublishingBibleIllustrations-610px/02/610px/02_Ex_10_06_RG.jpg,02_Ex_10_06_RG.jpg,02,156659,791,610,02,Ex,10,6,True
SweetPublishingBibleIllustrations-610px/02/610px/02_Ex_00_09_RG.jpg,02_Ex_00_09_RG.jpg,02,106667,817,610,02,Ex,0,9,True
SweetPublishingBibleIllustrations-610px/02/610px/02_Ex_14_05_RG.jpg,02_Ex_14_05_RG.jpg,02,142957,829,610,02,Ex,14,5,True
SweetPublishingBibleIllustrations-610px/02/610px/02_Ex_00_17_RG.jpg,02_Ex_00_17_RG.jpg,02,178212,830,610,02,Ex,0,17,True
SweetPublishingBibleIllustrations-610px/02/610px/02_Ex_13_01_RG.jpg,02_Ex_13_01_RG.jpg,02,158395,832,598,02,Ex,13,1,True
SweetPublishingBibleIllustrations-610px/02/610px/02_Ex_08_12_RG.jpg,02_Ex_08_12_RG.jpg,02,156417,831,610,02,Ex,8,12,True
SweetPublishingBibleIllustrations-610px/02/610px/02_Ex_25_06_RG.jpg,02_Ex_25_06_RG.jpg,02,116516,820,610,02,Ex,25,6,True
SweetPublishingBibleIllustrations-610px/02/610px/02_Ex_07_01_RG.jpg,02_Ex_07_01_RG.jpg,02,163853,819,610,02,Ex,7,1,True
SweetPublishingBibleIllustrations-610px/02/610px/02_Ex_00_05_RG.jpg,02_Ex_00_05_RG.jpg,02,162802,825,610,02,Ex,0,5,True
SweetPublishingBibleIllustrations-610px/02/610px/02_Ex_14_09_RG.jpg,02_Ex_14_09_RG.jpg,02,162808,821,610,02,Ex,14,9,True
SweetPublishingBibleIllustrations-610px/02/610px/02_Ex_01_03_RG.jpg,02_Ex_01_03_RG.jpg,02,198488,827,610,02,Ex,1,3,True
SweetPublishingBibleIllustrations-610px/02/610px/02_Ex_09_06_RG.jpg,02_Ex_09_06_RG.jpg,02,158664,817,610,02,Ex,9,6,True
SweetPublishingBibleIllustrations-610px/02/610px/02_Ex_02_20_RG.jpg,02_Ex_02_20_RG.jpg,02,147253,829,610,02,Ex,2,20,True
SweetPublishingBibleIllustrations-610px/02/610px/02_Ex_01_11_RG.jpg,02_Ex_01_11_RG.jpg,02,134366,816,610,02,Ex,1,11,True
SweetPublishingBibleIllustrations-610px/02/610px/02_Ex_12_07_RG.jpg,02_Ex_12_07_RG.jpg,02,173385,832,607,02,Ex,12,7,True
SweetPublishingBibleIllustrations-610px/02/610px/02_Ex_15_03_RG.jpg,02_Ex_15_03_RG.jpg,02,187706,827,610,02,Ex,15,3,True
SweetPublishingBibleIllustrations-610px/02/610px/02_Ex_02_16_RG.jpg,02_Ex_02_16_RG.jpg,02,139410,832,610,02,Ex,2,16,True
SweetPublishingBibleIllustrations-610px/02/610px/02_Ex_19_05_RG.jpg,02_Ex_19_05_RG.jpg,02,122511,831,610,02,Ex,19,5,True
SweetPublishingBibleIllustrations-610px/02/610px/02_Ex_02_08_RG.jpg,02_Ex_02_08_RG.jpg,02,142739,821,610,02,Ex,2,8,True
SweetPublishingBibleIllustrations-610px/02/610px/02_Ex_16_04_RG.jpg,02_Ex_16_04_RG.jpg,02,164699,815,610,02,Ex,16,4,True
SweetPublishingBibleIllustrations-610px/02/610px/02_Ex_02_04_RG.jpg,02_Ex_02_04_RG.jpg,02,166384,829,610,02,Ex,2,4,True
SweetPublishingBibleIllustrations-610px/02/610px/02_Ex_20_03_RG.jpg,02_Ex_20_03_RG.jpg,02,165037,832,600,02,Ex,20,3,True
SweetPublishingBibleIllustrations-610px/02/610px/02_Ex_16_08_RG.jpg,02_Ex_16_08_RG.jpg,02,156866,819,610,02,Ex,16,8,True
SweetPublishingBibleIllustrations-610px/02/610px/02_Ex_28_06_RG.jpg,02_Ex_28_06_RG.jpg,02,124837,832,606,02,Ex,28,6,True
SweetPublishingBibleIllustrations-610px/02/610px/02_Ex_19_09_RG.jpg,02_Ex_19_09_RG.jpg,02,130082,819,610,02,Ex,19,9,True
SweetPublishingBibleIllustrations-610px/02/610px/02_Ex_15_01_RG.jpg,02_Ex_15_01_RG.jpg,02,171328,818,610,02,Ex,15,1,True
SweetPublishingBibleIllustrations-610px/02/610px/02_Ex_09_08_RG.jpg,02_Ex_09_08_RG.jpg,02,178322,827,610,02,Ex,9,8,True
SweetPublishingBibleIllustrations-610px/02/610px/02_Ex_30_02_RG.jpg,02_Ex_30_02_RG.jpg,02,120226,819,610,02,Ex,30,2,True
SweetPublishingBibleIllustrations-610px/02/610px/02_Ex_12_05_RG.jpg,02_Ex_12_05_RG.jpg,02,161682,813,610,02,Ex,12,5,True
SweetPublishingBibleIllustrations-610px/02/610px/02_Ex_01_13_RG.jpg,02_Ex_01_13_RG.jpg,02,156417,831,610,02,Ex,1,13,True
SweetPublishingBibleIllustrations-610px/02/610px/02_Ex_12_09_RG.jpg,02_Ex_12_09_RG.jpg,02,163229,832,598,02,Ex,12,9,True
SweetPublishingBibleIllustrations-610px/02/610px/02_Ex_09_04_RG.jpg,02_Ex_09_04_RG.jpg,02,150329,832,607,02,Ex,9,4,True
SweetPublishingBibleIllustrations-610px/02/610px/02_Ex_01_01_RG.jpg,02_Ex_01_01_RG.jpg,02,136367,832,525,02,Ex,1,1,True
SweetPublishingBibleIllustrations-610px/02/610px/02_Ex_02_18_RG.jpg,02_Ex_02_18_RG.jpg,02,136714,819,610,02,Ex,2,18,True
SweetPublishingBibleIllustrations-610px/02/610px/02_Ex_05_02_RG.jpg,02_Ex_05_02_RG.jpg,02,156659,791,610,02,Ex,5,2,True
SweetPublishingBibleIllustrations-610px/02/610px/02_Ex_02_06_RG.jpg,02_Ex_02_06_RG.jpg,02,143662,832,592,02,Ex,2,6,True
SweetPublishingBibleIllustrations-610px/02/610px/02_Ex_28_04_RG.jpg,02_Ex_28_04_RG.jpg,02,109019,822,610,02,Ex,28,4,True
SweetPublishingBibleIllustrations-610px/02/610px/02_Ex_20_01_RG.jpg,02_Ex_20_01_RG.jpg,02,143380,824,610,02,Ex,20,1,True
SweetPublishingBibleIllustrations-610px/02/610px/02_Ex_34_01_RG.jpg,02_Ex_34_01_RG.jpg,02,137228,819,610,02,Ex,34,1,True
SweetPublishingBibleIllustrations-610px/02/610px/02_Ex_16_06_RG.jpg,02_Ex_16_06_RG.jpg,02,175453,830,610,02,Ex,16,6,True
SweetPublishingBibleIllustrations-610px/02/610px/02_Ex_05_10_RG.jpg,02_Ex_05_10_RG.jpg,02,104347,656,610,02,Ex,5,10,True
SweetPublishingBibleIllustrations-610px/02/610px/02_Ex_11_02_RG.jpg,02_Ex_11_02_RG.jpg,02,153129,827,610,02,Ex,11,2,True
SweetPublishingBibleIllustrations-610px/02/610px/02_Ex_19_07_RG.jpg,02_Ex_19_07_RG.jpg,02,100291,822,610,02,Ex,19,7,True
SweetPublishingBibleIllustrations-610px/02/610px/02_Ex_02_14_RG.jpg,02_Ex_02_14_RG.jpg,02,131840,807,610,02,Ex,2,14,True
SweetPublishingBibleIllustrations-610px/02/610px/02_Ex_00_23_RG.jpg,02_Ex_00_23_RG.jpg,02,147211,832,609,02,Ex,0,23,True
SweetPublishingBibleIllustrations-610px/02/610px/02_Ex_32_03_RG.jpg,02_Ex_32_03_RG.jpg,02,155466,810,610,02,Ex,32,3,True
SweetPublishingBibleIllustrations-610px/02/610px/02_Ex_04_08_RG.jpg,02_Ex_04_08_RG.jpg,02,139395,814,610,02,Ex,4,8,True
SweetPublishingBibleIllustrations-610px/02/610px/02_Ex_10_04_RG.jpg,02_Ex_10_04_RG.jpg,02,165089,830,610,02,Ex,10,4,True
SweetPublishingBibleIllustrations-610px/02/610px/02_Ex_29_02_RG.jpg,02_Ex_29_02_RG.jpg,02,166767,832,605,02,Ex,29,2,True
SweetPublishingBibleIllustrations-610px/02/610px/02_Ex_10_08_RG.jpg,02_Ex_10_08_RG.jpg,02,126914,822,610,02,Ex,10,8,True
SweetPublishingBibleIllustrations-610px/02/610px/02_Ex_08_02_RG.jpg,02_Ex_08_02_RG.jpg,02,148570,815,610,02,Ex,8,2,True
SweetPublishingBibleIllustrations-610px/02/610px/02_Ex_00_07_RG.jpg,02_Ex_00_07_RG.jpg,02,115677,820,610,02,Ex,0,7,True
SweetPublishingBibleIllustrations-610px/02/610px/02_Ex_00_19_RG.jpg,02_Ex_00_19_RG.jpg,02,170030,806,610,02,Ex,0,19,True
SweetPublishingBibleIllustrations-610px/02/610px/02_Ex_25_04_RG.jpg,02_Ex_25_04_RG.jpg,02,142796,832,598,02,Ex,25,4,True
SweetPublishingBibleIllustrations-610px/02/610px/02_Ex_07_03_RG.jpg,02_Ex_07_03_RG.jpg,02,162820,820,610,02,Ex,7,3,True
SweetPublishingBibleIllustrations-610px/02/610px/02_Ex_08_10_RG.jpg,02_Ex_08_10_RG.jpg,02,149198,810,610,02,Ex,8,10,True
SweetPublishingBibleIllustrations-610px/02/610px/02_Ex_13_03_RG.jpg,02_Ex_13_03_RG.jpg,02,122803,824,610,02,Ex,13,3,True
SweetPublishingBibleIllustrations-610px/02/610px/02_Ex_00_15_RG.jpg,02_Ex_00_15_RG.jpg,02,177164,828,610,02,Ex,0,15,True
SweetPublishingBibleIllustrations-610px/02/610px/02_Ex_39_01_RG.jpg,02_Ex_39_01_RG.jpg,02,121655,832,606,02,Ex,39,1,True
SweetPublishingBibleIllustrations-610px/02/610px/02_Ex_14_07_RG.jpg,02_Ex_14_07_RG.jpg,02,153875,825,610,02,Ex,14,7,True
SweetPublishingBibleIllustrations-610px/18/610px/18_Jb_02_06a1_RG.jpg,18_Jb_02_06a1_RG.jpg,18,205996,832,603,,,,,False
SweetPublishingBibleIllustrations-610px/18/610px/18_Jb_32_01_RG.jpg,18_Jb_32_01_RG.jpg,18,151620,831,610,18,Jb,32,1,True
SweetPublishingBibleIllustrations-610px/18/610px/18_Jb_02_04_RG.jpg,18_Jb_02_04_RG.jpg,18,177974,813,610,18,Jb,2,4,True
SweetPublishingBibleIllustrations-610px/18/610px/18_Jb_01_03_RG.jpg,18_Jb_01_03_RG.jpg,18,170466,804,610,18,Jb,1,3,True
SweetPublishingBibleIllustrations-610px/18/610px/18_Jb_02_06_RG.jpg,18_Jb_02_06_RG.jpg,18,195044,832,603,18,Jb,2,6,True
SweetPublishingBibleIllustrations-610px/18/610px/18_Jb_01_01_RG.jpg,18_Jb_01_01_RG.jpg,18,162655,832,605,18,Jb,1,1,True
SweetPublishingBibleIllustrations-610px/18/610px/18_Jb_15_01_RG.jpg,18_Jb_15_01_RG.jpg,18,178639,832,608,18,Jb,15,1,True
SweetPublishingBibleIllustrations-610px/18/610px/18_Jb_01_09_RG.jpg,18_Jb_01_09_RG.jpg,18,184730,822,610,18,Jb,1,9,True
SweetPublishingBibleIllustrations-610px/18/610px/18_Jb_42_03_RG.jpg,18_Jb_42_03_RG.jpg,18,173953,832,601,18,Jb,42,3,True
SweetPublishingBibleIllustrations-610px/18/610px/18_Jb_01_05_RG.jpg,18_Jb_01_05_RG.jpg,18,63786,665,610,18,Jb,1,5,True
SweetPublishingBibleIllustrations-610px/18/610px/18_Jb_06_01_RG.jpg,18_Jb_06_01_RG.jpg,18,177231,829,610,18,Jb,6,1,True
SweetPublishingBibleIllustrations-610px/18/610px/18_Jb_02_02_RG.jpg,18_Jb_02_02_RG.jpg,18,162211,828,610,18,Jb,2,2,True
SweetPublishingBibleIllustrations-610px/18/610px/18_Jb_01_07_RG.jpg,18_Jb_01_07_RG.jpg,18,181711,832,606,18,Jb,1,7,True
SweetPublishingBibleIllustrations-610px/18/610px/18_Jb_42_01_RG.jpg,18_Jb_42_01_RG.jpg,18,160595,829,610,18,Jb,42,1,True
SweetPublishingBibleIllustrations-610px/18/610px/18_Jb_19_01_RG.jpg,18_Jb_19_01_RG.jpg,18,202505,828,610,18,Jb,19,1,True
SweetPublishingBibleIllustrations-610px/18/610px/18_Jb_01_10_RG.jpg,18_Jb_01_10_RG.jpg,18,169713,822,610,18,Jb,1,10,True
SweetPublishingBibleIllustrations-610px/18/610px/18_Jb_01_02_RG.jpg,18_Jb_01_02_RG.jpg,18,172640,832,600,18,Jb,1,2,True
SweetPublishingBibleIllustrations-610px/18/610px/18_Jb_02_05_RG.jpg,18_Jb_02_05_RG.jpg,18,151853,832,607,18,Jb,2,5,True
SweetPublishingBibleIllustrations-610px/18/610px/18_Jb_03_01_RG.jpg,18_Jb_03_01_RG.jpg,18,177161,825,610,18,Jb,3,1,True
SweetPublishingBibleIllustrations-610px/18/610px/18_Jb_02_04a1_RG.jpg,18_Jb_02_04a1_RG.jpg,18,189868,813,610,,,,,False
SweetPublishingBibleIllustrations-610px/18/610px/18_Jb_04_01_RG.jpg,18_Jb_04_01_RG.jpg,18,172883,827,610,18,Jb,4,1,True
SweetPublishingBibleIllustrations-610px/18/610px/18_Jb_02_03_RG.jpg,18_Jb_02_03_RG.jpg,18,177468,812,610,18,Jb,2,3,True
SweetPublishingBibleIllustrations-610px/18/610px/18_Jb_42_02_RG.jpg,18_Jb_42_02_RG.jpg,18,184763,832,602,18,Jb,42,2,True
SweetPublishingBibleIllustrations-610px/18/610px/18_Jb_01_08_RG.jpg,18_Jb_01_08_RG.jpg,18,153733,832,609,18,Jb,1,8,True
SweetPublishingBibleIllustrations-610px/18/610px/18_Jb_01_04_RG.jpg,18_Jb_01_04_RG.jpg,18,178656,809,610,18,Jb,1,4,True
SweetPublishingBibleIllustrations-610px/18/610px/18_Jb_16_01_RG.jpg,18_Jb_16_01_RG.jpg,18,149705,827,610,18,Jb,16,1,True
SweetPublishingBibleIllustrations-610px/18/610px/18_Jb_02_01_RG.jpg,18_Jb_02_01_RG.jpg,18,164792,812,610,18,Jb,2,1,True
SweetPublishingBibleIllustrations-610px/18/610px/18_Jb_01_06_RG.jpg,18_Jb_01_06_RG.jpg,18,169076,810,610,18,Jb,1,6,True
SweetPublishingBibleIllustrations-610px/27/610px/27_Da_06_11_RG.jpg,27_Da_06_11_RG.jpg,27,184617,831,610,27,Da,6,11,True
SweetPublishingBibleIllustrations-610px/27/610px/27_Da_06_03_RG.jpg,27_Da_06_03_RG.jpg,27,180389,831,610,27,Da,6,3,True
SweetPublishingBibleIllustrations-610px/27/610px/27_Da_05_04_RG.jpg,27_Da_05_04_RG.jpg,27,149435,831,610,27,Da,5,4,True
SweetPublishingBibleIllustrations-610px/27/610px/27_Da_05_08_RG.jpg,27_Da_05_08_RG.jpg,27,129270,831,610,27,Da,5,8,True
SweetPublishingBibleIllustrations-610px/27/610px/27_Da_03_06_RG.jpg,27_Da_03_06_RG.jpg,27,151846,831,610,27,Da,3,6,True
SweetPublishingBibleIllustrations-610px/27/610px/27_Da_03_04_RG.jpg,27_Da_03_04_RG.jpg,27,170569,831,610,27,Da,3,4,True
SweetPublishingBibleIllustrations-610px/27/610px/27_Da_03_08_RG.jpg,27_Da_03_08_RG.jpg,27,168835,831,610,27,Da,3,8,True
SweetPublishingBibleIllustrations-610px/27/610px/27_Da_06_01_RG.jpg,27_Da_06_01_RG.jpg,27,182790,831,610,27,Da,6,1,True
SweetPublishingBibleIllustrations-610px/27/610px/27_Da_02_02_RG.jpg,27_Da_02_02_RG.jpg,27,163213,831,610,27,Da,2,2,True
SweetPublishingBibleIllustrations-610px/27/610px/27_Da_05_06_RG.jpg,27_Da_05_06_RG.jpg,27,160816,831,610,27,Da,5,6,True
SweetPublishingBibleIllustrations-610px/27/610px/27_Da_02_06_RG.jpg,27_Da_02_06_RG.jpg,27,138422,831,610,27,Da,2,6,True
SweetPublishingBibleIllustrations-610px/27/610px/27_Da_05_02_RG.jpg,27_Da_05_02_RG.jpg,27,205044,831,610,27,Da,5,2,True
SweetPublishingBibleIllustrations-610px/27/610px/27_Da_05_10_RG.jpg,27_Da_05_10_RG.jpg,27,140768,831,610,27,Da,5,10,True
SweetPublishingBibleIllustrations-610px/27/610px/27_Da_06_09_RG.jpg,27_Da_06_09_RG.jpg,27,147803,831,610,27,Da,6,9,True
SweetPublishingBibleIllustrations-610px/27/610px/27_Da_01_01_RG.jpg,27_Da_01_01_RG.jpg,27,155422,831,610,27,Da,1,1,True
SweetPublishingBibleIllustrations-610px/27/610px/27_Da_06_05_RG.jpg,27_Da_06_05_RG.jpg,27,172151,831,610,27,Da,6,5,True
SweetPublishingBibleIllustrations-610px/27/610px/27_Da_02_08_RG.jpg,27_Da_02_08_RG.jpg,27,165447,831,610,27,Da,2,8,True
SweetPublishingBibleIllustrations-610px/27/610px/27_Da_02_04_RG.jpg,27_Da_02_04_RG.jpg,27,202571,831,610,27,Da,2,4,True
SweetPublishingBibleIllustrations-610px/27/610px/27_Da_06_07_RG.jpg,27_Da_06_07_RG.jpg,27,170093,831,610,27,Da,6,7,True
SweetPublishingBibleIllustrations-610px/27/610px/27_Da_01_03_RG.jpg,27_Da_01_03_RG.jpg,27,163876,831,610,27,Da,1,3,True
SweetPublishingBibleIllustrations-610px/27/610px/27_Da_03_02_RG.jpg,27_Da_03_02_RG.jpg,27,175933,831,610,27,Da,3,2,True
SweetPublishingBibleIllustrations-610px/27/610px/27_Da_03_10_RG.jpg,27_Da_03_10_RG.jpg,27,162132,831,610,27,Da,3,10,True
SweetPublishingBibleIllustrations-610px/27/610px/27_Da_03_07_RG.jpg,27_Da_03_07_RG.jpg,27,157047,831,610,27,Da,3,7,True
SweetPublishingBibleIllustrations-610px/27/610px/27_Da_02_01_RG.jpg,27_Da_02_01_RG.jpg,27,173595,831,610,27,Da,2,1,True
SweetPublishingBibleIllustrations-610px/27/610px/27_Da_05_05_RG.jpg,27_Da_05_05_RG.jpg,27,173919,831,610,27,Da,5,5,True
SweetPublishingBibleIllustrations-610px/27/610px/27_Da_05_09_RG.jpg,27_Da_05_09_RG.jpg,27,164531,831,610,27,Da,5,9,True
SweetPublishingBibleIllustrations-610px/27/610px/27_Da_06_10_RG.jpg,27_Da_06_10_RG.jpg,27,184807,831,610,27,Da,6,10,True
SweetPublishingBibleIllustrations-610px/27/610px/27_Da_06_02_RG.jpg,27_Da_06_02_RG.jpg,27,165822,831,610,27,Da,6,2,True
SweetPublishingBibleIllustrations-610px/27/610px/27_Da_05_07_RG.jpg,27_Da_05_07_RG.jpg,27,174713,831,610,27,Da,5,7,True
SweetPublishingBibleIllustrations-610px/27/610px/27_Da_02_03_RG.jpg,27_Da_02_03_RG.jpg,27,154529,831,610,27,Da,2,3,True
SweetPublishingBibleIllustrations-610px/27/610px/27_Da_03_05_RG.jpg,27_Da_03_05_RG.jpg,27,175238,831,610,27,Da,3,5,True
SweetPublishingBibleIllustrations-610px/27/610px/27_Da_03_09_RG.jpg,27_Da_03_09_RG.jpg,27,167046,831,610,27,Da,3,9,True
SweetPublishingBibleIllustrations-610px/27/610px/27_Da_06_08_RG.jpg,27_Da_06_08_RG.jpg,27,161885,831,610,27,Da,6,8,True
SweetPublishingBibleIllustrations-610px/27/610px/27_Da_06_04_RG.jpg,27_Da_06_04_RG.jpg,27,169379,831,610,27,Da,6,4,True
SweetPublishingBibleIllustrations-610px/27/610px/27_Da_05_03_RG.jpg,27_Da_05_03_RG.jpg,27,162006,831,610,27,Da,5,3,True
SweetPublishingBibleIllustrations-610px/27/610px/27_Da_02_07_RG.jpg,27_Da_02_07_RG.jpg,27,135226,831,610,27,Da,2,7,True
SweetPublishingBibleIllustrations-610px/27/610px/27_Da_05_11_RG.jpg,27_Da_05_11_RG.jpg,27,169467,831,610,27,Da,5,11,True
SweetPublishingBibleIllustrations-610px/27/610px/27_Da_03_01_RG.jpg,27_Da_03_01_RG.jpg,27,148590,831,610,27,Da,3,1,True
SweetPublishingBibleIllustrations-610px/27/610px/27_Da_03_03_RG.jpg,27_Da_03_03_RG.jpg,27,170029,831,610,27,Da,3,3,True
SweetPublishingBibleIllustrations-610px/27/610px/27_Da_03_11_RG.jpg,27_Da_03_11_RG.jpg,27,177567,831,610,27,Da,3,11,True
SweetPublishingBibleIllustrations-610px/27/610px/27_Da_01_02_RG.jpg,27_Da_01_02_RG.jpg,27,174417,831,610,27,Da,1,2,True
SweetPublishingBibleIllustrations-610px/27/610px/27_Da_06_06_RG.jpg,27_Da_06_06_RG.jpg,27,178508,831,610,27,Da,6,6,True
SweetPublishingBibleIllustrations-610px/27/610px/27_Da_02_05_RG.jpg,27_Da_02_05_RG.jpg,27,187444,831,610,27,Da,2,5,True
SweetPublishingBibleIllustrations-610px/27/610px/27_Da_05_01_RG.jpg,27_Da_05_01_RG.jpg,27,165588,831,610,27,Da,5,1,True
SweetPublishingBibleIllustrations-610px/11/610px/11_1Ki_11_03_RG.jpg,11_1Ki_11_03_RG.jpg,11,164491,824,610,11,1Ki,11,3,True
SweetPublishingBibleIllustrations-610px/11/610px/11_1Ki_12_04_RG.jpg,11_1Ki_12_04_RG.jpg,11,154076,832,609,11,1Ki,12,4,True
SweetPublishingBibleIllustrations-610px/11/610px/11_1Ki_08_03_RG.jpg,11_1Ki_08_03_RG.jpg,11,145117,832,605,11,1Ki,8,3,True
SweetPublishingBibleIllustrations-610px/11/610px/11_1Ki_13_02_RG.jpg,11_1Ki_13_02_RG.jpg,11,159233,831,610,11,1Ki,13,2,True
SweetPublishingBibleIllustrations-610px/11/610px/11_1Ki_17_01_RG.jpg,11_1Ki_17_01_RG.jpg,11,138474,832,609,11,1Ki,17,1,True
SweetPublishingBibleIllustrations-610px/11/610px/11_1Ki_21_06_RG.jpg,11_1Ki_21_06_RG.jpg,11,166140,831,610,11,1Ki,21,6,True
SweetPublishingBibleIllustrations-610px/11/610px/11_1Ki_18_12_RG.jpg,11_1Ki_18_12_RG.jpg,11,156725,831,610,11,1Ki,18,12,True
SweetPublishingBibleIllustrations-610px/11/610px/11_1Ki_03_01_RG.jpg,11_1Ki_03_01_RG.jpg,11,154325,832,602,11,1Ki,3,1,True
SweetPublishingBibleIllustrations-610px/11/610px/11_1Ki_14_04_RG.jpg,11_1Ki_14_04_RG.jpg,11,167832,832,609,11,1Ki,14,4,True
SweetPublishingBibleIllustrations-610px/11/610px/11_1Ki_08_01_RG.jpg,11_1Ki_08_01_RG.jpg,11,187139,832,608,11,1Ki,8,1,True
SweetPublishingBibleIllustrations-610px/11/610px/11_1Ki_21_04_RG.jpg,11_1Ki_21_04_RG.jpg,11,134502,803,610,11,1Ki,21,4,True
SweetPublishingBibleIllustrations-610px/11/610px/11_1Ki_03_03_RG.jpg,11_1Ki_03_03_RG.jpg,11,160814,832,606,11,1Ki,3,3,True
SweetPublishingBibleIllustrations-610px/11/610px/11_1Ki_18_10_RG.jpg,11_1Ki_18_10_RG.jpg,11,165991,831,610,11,1Ki,18,10,True
SweetPublishingBibleIllustrations-610px/11/610px/11_1Ki_03_11_RG.jpg,11_1Ki_03_11_RG.jpg,11,168070,830,610,11,1Ki,3,11,True
SweetPublishingBibleIllustrations-610px/11/610px/11_1Ki_18_02_RG.jpg,11_1Ki_18_02_RG.jpg,11,154538,832,601,11,1Ki,18,2,True
SweetPublishingBibleIllustrations-610px/11/610px/11_1Ki_17_03_RG.jpg,11_1Ki_17_03_RG.jpg,11,167838,832,608,11,1Ki,17,3,True
SweetPublishingBibleIllustrations-610px/11/610px/11_1Ki_21_08_RG.jpg,11_1Ki_21_08_RG.jpg,11,163618,831,610,11,1Ki,21,8,True
SweetPublishingBibleIllustrations-610px/11/610px/11_1Ki_11_01_RG.jpg,11_1Ki_11_01_RG.jpg,11,174311,832,608,11,1Ki,11,1,True
SweetPublishingBibleIllustrations-610px/11/610px/11_1Ki_20_10_RG.jpg,11_1Ki_20_10_RG.jpg,11,143926,831,610,11,1Ki,20,10,True
SweetPublishingBibleIllustrations-610px/11/610px/11_1Ki_05_01_RG.jpg,11_1Ki_05_01_RG.jpg,11,168949,827,610,11,1Ki,5,1,True
SweetPublishingBibleIllustrations-610px/11/610px/11_1Ki_20_02_RG.jpg,11_1Ki_20_02_RG.jpg,11,146423,831,610,11,1Ki,20,2,True
SweetPublishingBibleIllustrations-610px/11/610px/11_1Ki_01_02_RG.jpg,11_1Ki_01_02_RG.jpg,11,177056,829,610,11,1Ki,1,2,True
SweetPublishingBibleIllustrations-610px/11/610px/11_1Ki_12_06_RG.jpg,11_1Ki_12_06_RG.jpg,11,145932,829,610,11,1Ki,12,6,True
SweetPublishingBibleIllustrations-610px/11/610px/11_1Ki_18_06_RG.jpg,11_1Ki_18_06_RG.jpg,11,141130,832,603,11,1Ki,18,6,True
SweetPublishingBibleIllustrations-610px/11/610px/11_1Ki_17_07_RG.jpg,11_1Ki_17_07_RG.jpg,11,139055,832,606,11,1Ki,17,7,True
SweetPublishingBibleIllustrations-610px/11/610px/11_1Ki_03_07_RG.jpg,11_1Ki_03_07_RG.jpg,11,163550,832,588,11,1Ki,3,7,True
SweetPublishingBibleIllustrations-610px/11/610px/11_1Ki_08_05_RG.jpg,11_1Ki_08_05_RG.jpg,11,167289,824,610,11,1Ki,8,5,True
SweetPublishingBibleIllustrations-610px/11/610px/11_1Ki_12_02_RG.jpg,11_1Ki_12_02_RG.jpg,11,145959,824,610,11,1Ki,12,2,True
SweetPublishingBibleIllustrations-610px/11/610px/11_1Ki_06_02_RG.jpg,11_1Ki_06_02_RG.jpg,11,187918,832,605,11,1Ki,6,2,True
SweetPublishingBibleIllustrations-610px/11/610px/11_1Ki_01_06_RG.jpg,11_1Ki_01_06_RG.jpg,11,175781,832,600,11,1Ki,1,6,True
SweetPublishingBibleIllustrations-610px/11/610px/11_1Ki_11_09_RG.jpg,11_1Ki_11_09_RG.jpg,11,159560,832,606,11,1Ki,11,9,True
SweetPublishingBibleIllustrations-610px/11/610px/11_1Ki_20_06_RG.jpg,11_1Ki_20_06_RG.jpg,11,156276,831,610,11,1Ki,20,6,True
SweetPublishingBibleIllustrations-610px/11/610px/11_1Ki_02_01_RG.jpg,11_1Ki_02_01_RG.jpg,11,169946,826,610,11,1Ki,2,1,True
SweetPublishingBibleIllustrations-610px/11/610px/11_1Ki_16_01_RG.jpg,11_1Ki_16_01_RG.jpg,11,164306,831,610,11,1Ki,16,1,True
SweetPublishingBibleIllustrations-610px/11/610px/11_1Ki_11_05_RG.jpg,11_1Ki_11_05_RG.jpg,11,142916,829,610,11,1Ki,11,5,True
SweetPublishingBibleIllustrations-610px/11/610px/11_1Ki_01_04_RG.jpg,11_1Ki_01_04_RG.jpg,11,151459,832,609,11,1Ki,1,4,True
SweetPublishingBibleIllustrations-610px/11/610px/11_1Ki_09_01_RG.jpg,11_1Ki_09_01_RG.jpg,11,161061,832,592,11,1Ki,9,1,True
SweetPublishingBibleIllustrations-610px/11/610px/11_1Ki_01_08_RG.jpg,11_1Ki_01_08_RG.jpg,11,169669,829,610,11,1Ki,1,8,True
SweetPublishingBibleIllustrations-610px/11/610px/11_1Ki_11_07_RG.jpg,11_1Ki_11_07_RG.jpg,11,143339,832,607,11,1Ki,11,7,True
SweetPublishingBibleIllustrations-610px/11/610px/11_1Ki_20_08_RG.jpg,11_1Ki_20_08_RG.jpg,11,155681,831,610,11,1Ki,20,8,True
SweetPublishingBibleIllustrations-610px/11/610px/11_1Ki_20_04_RG.jpg,11_1Ki_20_04_RG.jpg,11,192060,831,610,11,1Ki,20,4,True
SweetPublishingBibleIllustrations-610px/11/610px/11_1Ki_18_08_RG.jpg,11_1Ki_18_08_RG.jpg,11,151898,831,610,11,1Ki,18,8,True
SweetPublishingBibleIllustrations-610px/11/610px/11_1Ki_03_05_RG.jpg,11_1Ki_03_05_RG.jpg,11,204346,830,610,11,1Ki,3,5,True
SweetPublishingBibleIllustrations-610px/11/610px/11_1Ki_17_09_RG.jpg,11_1Ki_17_09_RG.jpg,11,154296,818,610,11,1Ki,17,9,True
SweetPublishingBibleIllustrations-610px/11/610px/11_1Ki_21_02_RG.jpg,11_1Ki_21_02_RG.jpg,11,138463,831,610,11,1Ki,21,2,True
SweetPublishingBibleIllustrations-610px/11/610px/11_1Ki_03_09_RG.jpg,11_1Ki_03_09_RG.jpg,11,146700,827,610,11,1Ki,3,9,True
SweetPublishingBibleIllustrations-610px/11/610px/11_1Ki_17_05_RG.jpg,11_1Ki_17_05_RG.jpg,11,150441,825,610,11,1Ki,17,5,True
SweetPublishingBibleIllustrations-610px/11/610px/11_1Ki_18_04_RG.jpg,11_1Ki_18_04_RG.jpg,11,130067,828,610,11,1Ki,18,4,True
SweetPublishingBibleIllustrations-610px/11/610px/11_1Ki_21_10_RG.jpg,11_1Ki_21_10_RG.jpg,11,128045,831,610,11,1Ki,21,10,True
SweetPublishingBibleIllustrations-610px/11/610px/11_1Ki_14_02_RG.jpg,11_1Ki_14_02_RG.jpg,11,147536,832,599,11,1Ki,14,2,True
SweetPublishingBibleIllustrations-610px/11/610px/11_1Ki_18_01_RG.jpg,11_1Ki_18_01_RG.jpg,11,171511,822,610,11,1Ki,18,1,True
SweetPublishingBibleIllustrations-610px/11/610px/11_1Ki_03_12_RG.jpg,11_1Ki_03_12_RG.jpg,11,171055,822,610,11,1Ki,3,12,True
SweetPublishingBibleIllustrations-610px/11/610px/11_1Ki_21_07_RG.jpg,11_1Ki_21_07_RG.jpg,11,162155,820,610,11,1Ki,21,7,True
SweetPublishingBibleIllustrations-610px/11/610px/11_1Ki_08_02_RG.jpg,11_1Ki_08_02_RG.jpg,11,142966,832,610,11,1Ki,8,2,True
SweetPublishingBibleIllustrations-610px/11/610px/11_1Ki_13_03_RG.jpg,11_1Ki_13_03_RG.jpg,11,163495,823,610,11,1Ki,13,3,True
SweetPublishingBibleIllustrations-610px/11/610px/11_1Ki_12_05_RG.jpg,11_1Ki_12_05_RG.jpg,11,156991,832,609,11,1Ki,12,5,True
SweetPublishingBibleIllustrations-610px/11/610px/11_1Ki_01_01_RG.jpg,11_1Ki_01_01_RG.jpg,11,169847,832,602,11,1Ki,1,1,True
SweetPublishingBibleIllustrations-610px/11/610px/11_1Ki_20_01_RG.jpg,11_1Ki_20_01_RG.jpg,11,139097,831,610,11,1Ki,20,1,True
SweetPublishingBibleIllustrations-610px/11/610px/11_1Ki_11_10_RG.jpg,11_1Ki_11_10_RG.jpg,11,176654,829,610,11,1Ki,11,10,True
SweetPublishingBibleIllustrations-610px/11/610px/11_1Ki_11_02_RG.jpg,11_1Ki_11_02_RG.jpg,11,156454,832,582,11,1Ki,11,2,True
SweetPublishingBibleIllustrations-610px/11/610px/11_1Ki_01_03_RG.jpg,11_1Ki_01_03_RG.jpg,11,160524,827,610,11,1Ki,1,3,True
SweetPublishingBibleIllustrations-610px/11/610px/11_1Ki_12_07_RG.jpg,11_1Ki_12_07_RG.jpg,11,157896,819,610,11,1Ki,12,7,True
SweetPublishingBibleIllustrations-610px/11/610px/11_1Ki_20_03_RG.jpg,11_1Ki_20_03_RG.jpg,11,185038,831,610,11,1Ki,20,3,True
SweetPublishingBibleIllustrations-610px/11/610px/11_1Ki_03_02_RG.jpg,11_1Ki_03_02_RG.jpg,11,159272,832,606,11,1Ki,3,2,True
SweetPublishingBibleIllustrations-610px/11/610px/11_1Ki_18_11_RG.jpg,11_1Ki_18_11_RG.jpg,11,166369,831,610,11,1Ki,18,11,True
SweetPublishingBibleIllustrations-610px/11/610px/11_1Ki_21_05_RG.jpg,11_1Ki_21_05_RG.jpg,11,165646,831,610,11,1Ki,21,5,True
SweetPublishingBibleIllustrations-610px/11/610px/11_1Ki_17_02_RG.jpg,11_1Ki_17_02_RG.jpg,11,156947,821,610,11,1Ki,17,2,True
SweetPublishingBibleIllustrations-610px/11/610px/11_1Ki_21_09_RG.jpg,11_1Ki_21_09_RG.jpg,11,169757,831,610,11,1Ki,21,9,True
SweetPublishingBibleIllustrations-610px/11/610px/11_1Ki_03_10_RG.jpg,11_1Ki_03_10_RG.jpg,11,176735,819,610,11,1Ki,3,10,True
SweetPublishingBibleIllustrations-610px/11/610px/11_1Ki_18_03_RG.jpg,11_1Ki_18_03_RG.jpg,11,154665,832,610,11,1Ki,18,3,True
SweetPublishingBibleIllustrations-610px/11/610px/11_1Ki_14_05_RG.jpg,11_1Ki_14_05_RG.jpg,11,188172,831,610,11,1Ki,14,5,True
SweetPublishingBibleIllustrations-610px/11/610px/11_1Ki_13_01_RG.jpg,11_1Ki_13_01_RG.jpg,11,160052,823,610,11,1Ki,13,1,True
SweetPublishingBibleIllustrations-610px/11/610px/11_1Ki_07_01_RG.jpg,11_1Ki_07_01_RG.jpg,11,154634,818,610,11,1Ki,7,1,True
SweetPublishingBibleIllustrations-610px/11/610px/11_1Ki_20_07_RG.jpg,11_1Ki_20_07_RG.jpg,11,149866,831,610,11,1Ki,20,7,True
SweetPublishingBibleIllustrations-610px/11/610px/11_1Ki_11_08_RG.jpg,11_1Ki_11_08_RG.jpg,11,137950,832,603,11,1Ki,11,8,True
SweetPublishingBibleIllustrations-610px/11/610px/11_1Ki_11_04_RG.jpg,11_1Ki_11_04_RG.jpg,11,158299,832,602,11,1Ki,11,4,True
SweetPublishingBibleIllustrations-610px/11/610px/11_1Ki_19_01_RG.jpg,11_1Ki_19_01_RG.jpg,11,162662,831,610,11,1Ki,19,1,True
SweetPublishingBibleIllustrations-610px/11/610px/11_1Ki_12_03_RG.jpg,11_1Ki_12_03_RG.jpg,11,165888,827,610,11,1Ki,12,3,True
SweetPublishingBibleIllustrations-610px/11/610px/11_1Ki_09_02_RG.jpg,11_1Ki_09_02_RG.jpg,11,183334,823,610,11,1Ki,9,2,True
SweetPublishingBibleIllustrations-610px/11/610px/11_1Ki_01_07_RG.jpg,11_1Ki_01_07_RG.jpg,11,166721,832,608,11,1Ki,1,7,True
SweetPublishingBibleIllustrations-610px/11/610px/11_1Ki_06_03_RG.jpg,11_1Ki_06_03_RG.jpg,11,194387,832,598,11,1Ki,6,3,True
SweetPublishingBibleIllustrations-610px/11/610px/11_1Ki_08_04_RG.jpg,11_1Ki_08_04_RG.jpg,11,178060,832,601,11,1Ki,8,4,True
SweetPublishingBibleIllustrations-610px/11/610px/11_1Ki_14_01_RG.jpg,11_1Ki_14_01_RG.jpg,11,155220,817,610,11,1Ki,14,1,True
SweetPublishingBibleIllustrations-610px/11/610px/11_1Ki_17_06_RG.jpg,11_1Ki_17_06_RG.jpg,11,149940,823,610,11,1Ki,17,6,True
SweetPublishingBibleIllustrations-610px/11/610px/11_1Ki_18_07_RG.jpg,11_1Ki_18_07_RG.jpg,11,176568,831,610,11,1Ki,18,7,True
SweetPublishingBibleIllustrations-610px/11/610px/11_1Ki_21_01_RG.jpg,11_1Ki_21_01_RG.jpg,11,165345,831,610,11,1Ki,21,1,True
SweetPublishingBibleIllustrations-610px/11/610px/11_1Ki_03_06_RG.jpg,11_1Ki_03_06_RG.jpg,11,135738,832,610,11,1Ki,3,6,True
SweetPublishingBibleIllustrations-610px/11/610px/11_1Ki_14_03_RG.jpg,11_1Ki_14_03_RG.jpg,11,157812,830,610,11,1Ki,14,3,True
SweetPublishingBibleIllustrations-610px/11/610px/11_1Ki_17_08_RG.jpg,11_1Ki_17_08_RG.jpg,11,135601,832,589,11,1Ki,17,8,True
SweetPublishingBibleIllustrations-610px/11/610px/11_1Ki_21_03_RG.jpg,11_1Ki_21_03_RG.jpg,11,156717,831,610,11,1Ki,21,3,True
SweetPublishingBibleIllustrations-610px/11/610px/11_1Ki_03_04_RG.jpg,11_1Ki_03_04_RG.jpg,11,152804,832,603,11,1Ki,3,4,True
SweetPublishingBibleIllustrations-610px/11/610px/11_1Ki_18_09_RG.jpg,11_1Ki_18_09_RG.jpg,11,186535,831,610,11,1Ki,18,9,True
SweetPublishingBibleIllustrations-610px/11/610px/11_1Ki_18_05_RG.jpg,11_1Ki_18_05_RG.jpg,11,162044,821,610,11,1Ki,18,5,True
SweetPublishingBibleIllustrations-610px/11/610px/11_1Ki_17_04_RG.jpg,11_1Ki_17_04_RG.jpg,11,146619,832,606,11,1Ki,17,4,True
SweetPublishingBibleIllustrations-610px/11/610px/11_1Ki_03_08_RG.jpg,11_1Ki_03_08_RG.jpg,11,153673,832,601,11,1Ki,3,8,True
SweetPublishingBibleIllustrations-610px/11/610px/11_1Ki_20_09_RG.jpg,11_1Ki_20_09_RG.jpg,11,162712,831,610,11,1Ki,20,9,True
SweetPublishingBibleIllustrations-610px/11/610px/11_1Ki_11_06_RG.jpg,11_1Ki_11_06_RG.jpg,11,138051,832,607,11,1Ki,11,6,True
SweetPublishingBibleIllustrations-610px/11/610px/11_1Ki_02_02_RG.jpg,11_1Ki_02_02_RG.jpg,11,175581,816,610,11,1Ki,2,2,True
SweetPublishingBibleIllustrations-610px/11/610px/11_1Ki_20_05_RG.jpg,11_1Ki_20_05_RG.jpg,11,151364,831,610,11,1Ki,20,5,True
SweetPublishingBibleIllustrations-610px/11/610px/11_1Ki_06_01_RG.jpg,11_1Ki_06_01_RG.jpg,11,154634,818,610,11,1Ki,6,1,True
SweetPublishingBibleIllustrations-610px/11/610px/11_1Ki_01_05_RG.jpg,11_1Ki_01_05_RG.jpg,11,159669,806,610,11,1Ki,1,5,True
SweetPublishingBibleIllustrations-610px/11/610px/11_1Ki_01_09_RG.jpg,11_1Ki_01_09_RG.jpg,11,150038,832,600,11,1Ki,1,9,True
SweetPublishingBibleIllustrations-610px/11/610px/11_1Ki_12_01_RG.jpg,11_1Ki_12_01_RG.jpg,11,142043,832,605,11,1Ki,12,1,True
SweetPublishingBibleIllustrations-610px/16/610px/16_Ne_04_02_RG.jpg,16_Ne_04_02_RG.jpg,16,144172,831,610,16,Ne,4,2,True
SweetPublishingBibleIllustrations-610px/16/610px/16_Ne_06_01_RG.jpg,16_Ne_06_01_RG.jpg,16,158010,831,610,16,Ne,6,1,True
SweetPublishingBibleIllustrations-610px/16/610px/16_Ne_02_02_RG.jpg,16_Ne_02_02_RG.jpg,16,172040,831,610,16,Ne,2,2,True
SweetPublishingBibleIllustrations-610px/16/610px/16_Ne_01_01_RG.jpg,16_Ne_01_01_RG.jpg,16,173348,831,610,16,Ne,1,1,True
SweetPublishingBibleIllustrations-610px/16/610px/16_Ne_02_04_RG.jpg,16_Ne_02_04_RG.jpg,16,166720,831,610,16,Ne,2,4,True
SweetPublishingBibleIllustrations-610px/16/610px/16_Ne_04_03_RG.jpg,16_Ne_04_03_RG.jpg,16,156649,831,610,16,Ne,4,3,True
SweetPublishingBibleIllustrations-610px/16/610px/16_Ne_02_01_RG.jpg,16_Ne_02_01_RG.jpg,16,182445,831,610,16,Ne,2,1,True
SweetPublishingBibleIllustrations-610px/16/610px/16_Ne_06_02_RG.jpg,16_Ne_06_02_RG.jpg,16,162437,831,610,16,Ne,6,2,True
SweetPublishingBibleIllustrations-610px/16/610px/16_Ne_02_03_RG.jpg,16_Ne_02_03_RG.jpg,16,158032,831,610,16,Ne,2,3,True
SweetPublishingBibleIllustrations-610px/16/610px/16_Ne_04_01_RG.jpg,16_Ne_04_01_RG.jpg,16,175058,831,610,16,Ne,4,1,True
SweetPublishingBibleIllustrations-610px/16/610px/16_Ne_03_01_RG.jpg,16_Ne_03_01_RG.jpg,16,156498,831,610,16,Ne,3,1,True
SweetPublishingBibleIllustrations-610px/16/610px/16_Ne_02_05_RG.jpg,16_Ne_02_05_RG.jpg,16,175058,831,610,16,Ne,2,5,True
SweetPublishingBibleIllustrations-610px/42/610px/42_Lk_04_03_RG.jpg,42_Lk_04_03_RG.jpg,42,129115,831,610,42,Lk,4,3,True
SweetPublishingBibleIllustrations-610px/42/610px/42_Lk_03_07_RG.jpg,42_Lk_03_07_RG.jpg,42,168008,831,610,42,Lk,3,7,True
SweetPublishingBibleIllustrations-610px/42/610px/42_Lk_18_14_RG.jpg,42_Lk_18_14_RG.jpg,42,143989,831,610,42,Lk,18,14,True
SweetPublishingBibleIllustrations-610px/42/610px/42_Lk_10_11_RG.jpg,42_Lk_10_11_RG.jpg,42,135148,819,610,42,Lk,10,11,True
SweetPublishingBibleIllustrations-610px/42/610px/42_Lk_22_31_RG.jpg,42_Lk_22_31_RG.jpg,42,156982,831,610,42,Lk,22,31,True
SweetPublishingBibleIllustrations-610px/42/610px/42_Lk_08_33_RG.jpg,42_Lk_08_33_RG.jpg,42,152941,831,610,42,Lk,8,33,True
SweetPublishingBibleIllustrations-610px/42/610px/42_Lk_18_18_RG.jpg,42_Lk_18_18_RG.jpg,42,143644,831,610,42,Lk,18,18,True
SweetPublishingBibleIllustrations-610px/42/610px/42_Lk_04_11_RG.jpg,42_Lk_04_11_RG.jpg,42,145942,831,610,42,Lk,4,11,True
SweetPublishingBibleIllustrations-610px/42/610px/42_Lk_18_06_RG.jpg,42_Lk_18_06_RG.jpg,42,143895,831,610,42,Lk,18,6,True
SweetPublishingBibleIllustrations-610px/42/610px/42_Lk_22_23_RG.jpg,42_Lk_22_23_RG.jpg,42,169335,832,609,42,Lk,22,23,True
SweetPublishingBibleIllustrations-610px/42/610px/42_Lk_10_03_RG.jpg,42_Lk_10_03_RG.jpg,42,146973,831,610,42,Lk,10,3,True
SweetPublishingBibleIllustrations-610px/42/610px/42_Lk_08_21_RG.jpg,42_Lk_08_21_RG.jpg,42,152012,831,610,42,Lk,8,21,True
SweetPublishingBibleIllustrations-610px/42/610px/42_Lk_21_12_RG.jpg,42_Lk_21_12_RG.jpg,42,141228,831,610,42,Lk,21,12,True
SweetPublishingBibleIllustrations-610px/42/610px/42_Lk_07_16_RG.jpg,42_Lk_07_16_RG.jpg,42,147747,831,610,42,Lk,7,16,True
SweetPublishingBibleIllustrations-610px/42/610px/42_Lk_08_09_RG.jpg,42_Lk_08_09_RG.jpg,42,151312,831,610,42,Lk,8,9,True
SweetPublishingBibleIllustrations-610px/42/610px/42_Lk_22_15_RG.jpg,42_Lk_22_15_RG.jpg,42,159830,831,610,42,Lk,22,15,True
SweetPublishingBibleIllustrations-610px/42/610px/42_Lk_07_08_RG.jpg,42_Lk_07_08_RG.jpg,42,152740,831,610,42,Lk,7,8,True
SweetPublishingBibleIllustrations-610px/42/610px/42_Lk_08_17_RG.jpg,42_Lk_08_17_RG.jpg,42,155590,831,610,42,Lk,8,17,True
SweetPublishingBibleIllustrations-610px/42/610px/42_Lk_07_04_RG.jpg,42_Lk_07_04_RG.jpg,42,164969,831,610,42,Lk,7,4,True
SweetPublishingBibleIllustrations-610px/42/610px/42_Lk_22_19_RG.jpg,42_Lk_22_19_RG.jpg,42,159204,831,610,42,Lk,22,19,True
SweetPublishingBibleIllustrations-610px/42/610px/42_Lk_22_07_RG.jpg,42_Lk_22_07_RG.jpg,42,153618,831,610,42,Lk,22,7,True
SweetPublishingBibleIllustrations-610px/42/610px/42_Lk_08_05_RG.jpg,42_Lk_08_05_RG.jpg,42,162834,831,610,42,Lk,8,5,True
SweetPublishingBibleIllustrations-610px/42/610px/42_Lk_09_03_RG.jpg,42_Lk_09_03_RG.jpg,42,171499,831,610,42,Lk,9,3,True
SweetPublishingBibleIllustrations-610px/42/610px/42_Lk_23_01_RG.jpg,42_Lk_23_01_RG.jpg,42,160248,831,610,42,Lk,23,1,True
SweetPublishingBibleIllustrations-610px/42/610px/42_Lk_24_05_RG.jpg,42_Lk_24_05_RG.jpg,42,150797,831,610,42,Lk,24,5,True
SweetPublishingBibleIllustrations-610px/42/610px/42_Lk_06_02_RG.jpg,42_Lk_06_02_RG.jpg,42,159659,831,610,42,Lk,6,2,True
SweetPublishingBibleIllustrations-610px/42/610px/42_Lk_01_14_RG.jpg,42_Lk_01_14_RG.jpg,42,126857,831,610,42,Lk,1,14,True
SweetPublishingBibleIllustrations-610px/42/610px/42_Lk_09_11_RG.jpg,42_Lk_09_11_RG.jpg,42,181667,831,610,42,Lk,9,11,True
SweetPublishingBibleIllustrations-610px/42/610px/42_Lk_24_09_RG.jpg,42_Lk_24_09_RG.jpg,42,136198,831,610,42,Lk,24,9,True
SweetPublishingBibleIllustrations-610px/42/610px/42_Lk_23_13_RG.jpg,42_Lk_23_13_RG.jpg,42,144318,827,610,42,Lk,23,13,True
SweetPublishingBibleIllustrations-610px/42/610px/42_Lk_24_17_RG.jpg,42_Lk_24_17_RG.jpg,42,157108,831,610,42,Lk,24,17,True
SweetPublishingBibleIllustrations-610px/42/610px/42_Lk_06_10_RG.jpg,42_Lk_06_10_RG.jpg,42,148951,831,610,42,Lk,6,10,True
SweetPublishingBibleIllustrations-610px/42/610px/42_Lk_15_06_RG.jpg,42_Lk_15_06_RG.jpg,42,138494,827,610,42,Lk,15,6,True
SweetPublishingBibleIllustrations-610px/42/610px/42_Lk_09_27_RG.jpg,42_Lk_09_27_RG.jpg,42,160763,831,610,42,Lk,9,27,True
SweetPublishingBibleIllustrations-610px/42/610px/42_Lk_20_14_RG.jpg,42_Lk_20_14_RG.jpg,42,151773,831,610,42,Lk,20,14,True
SweetPublishingBibleIllustrations-610px/42/610px/42_Lk_05_09_RG.jpg,42_Lk_05_09_RG.jpg,42,160550,831,610,42,Lk,5,9,True
SweetPublishingBibleIllustrations-610px/42/610px/42_Lk_02_13_RG.jpg,42_Lk_02_13_RG.jpg,42,138093,831,610,42,Lk,2,13,True
SweetPublishingBibleIllustrations-610px/42/610px/42_Lk_09_39_RG.jpg,42_Lk_09_39_RG.jpg,42,165928,831,610,42,Lk,9,39,True
SweetPublishingBibleIllustrations-610px/42/610px/42_Lk_24_21_RG.jpg,42_Lk_24_21_RG.jpg,42,158744,821,610,42,Lk,24,21,True
SweetPublishingBibleIllustrations-610px/42/610px/42_Lk_20_06_RG.jpg,42_Lk_20_06_RG.jpg,42,149109,831,610,42,Lk,20,6,True
SweetPublishingBibleIllustrations-610px/42/610px/42_Lk_09_35_RG.jpg,42_Lk_09_35_RG.jpg,42,147430,831,610,42,Lk,9,35,True
SweetPublishingBibleIllustrations-610px/42/610px/42_Lk_02_01_RG.jpg,42_Lk_02_01_RG.jpg,42,159582,831,610,42,Lk,2,1,True
SweetPublishingBibleIllustrations-610px/42/610px/42_Lk_19_12_RG.jpg,42_Lk_19_12_RG.jpg,42,144184,831,610,42,Lk,19,12,True
SweetPublishingBibleIllustrations-610px/42/610px/42_Lk_05_05_RG.jpg,42_Lk_05_05_RG.jpg,42,150881,831,610,42,Lk,5,5,True
SweetPublishingBibleIllustrations-610px/42/610px/42_Lk_20_18_RG.jpg,42_Lk_20_18_RG.jpg,42,152371,831,610,42,Lk,20,18,True
SweetPublishingBibleIllustrations-610px/42/610px/42_Lk_01_08_RG.jpg,42_Lk_01_08_RG.jpg,42,149478,831,610,42,Lk,1,8,True
SweetPublishingBibleIllustrations-610px/42/610px/42_Lk_24_15_RG.jpg,42_Lk_24_15_RG.jpg,42,168348,831,610,42,Lk,24,15,True
SweetPublishingBibleIllustrations-610px/42/610px/42_Lk_15_04_RG.jpg,42_Lk_15_04_RG.jpg,42,138101,831,610,42,Lk,15,4,True
SweetPublishingBibleIllustrations-610px/42/610px/42_Lk_06_12_RG.jpg,42_Lk_06_12_RG.jpg,42,160101,831,610,42,Lk,6,12,True
SweetPublishingBibleIllustrations-610px/42/610px/42_Lk_09_13_RG.jpg,42_Lk_09_13_RG.jpg,42,173354,831,610,42,Lk,9,13,True
SweetPublishingBibleIllustrations-610px/42/610px/42_Lk_01_16_RG.jpg,42_Lk_01_16_RG.jpg,42,139540,831,610,42,Lk,1,16,True
SweetPublishingBibleIllustrations-610px/42/610px/42_Lk_23_11_RG.jpg,42_Lk_23_11_RG.jpg,42,190122,822,610,42,Lk,23,11,True
SweetPublishingBibleIllustrations-610px/42/610px/42_Lk_24_07_RG.jpg,42_Lk_24_07_RG.jpg,42,127412,831,610,42,Lk,24,7,True
SweetPublishingBibleIllustrations-610px/42/610px/42_Lk_24_19_RG.jpg,42_Lk_24_19_RG.jpg,42,159181,831,610,42,Lk,24,19,True
SweetPublishingBibleIllustrations-610px/42/610px/42_Lk_09_01_RG.jpg,42_Lk_09_01_RG.jpg,42,169460,831,610,42,Lk,9,1,True
SweetPublishingBibleIllustrations-610px/42/610px/42_Lk_01_04_RG.jpg,42_Lk_01_04_RG.jpg,42,175022,831,610,42,Lk,1,4,True
SweetPublishingBibleIllustrations-610px/42/610px/42_Lk_23_03_RG.jpg,42_Lk_23_03_RG.jpg,42,159463,831,610,42,Lk,23,3,True
SweetPublishingBibleIllustrations-610px/42/610px/42_Lk_15_08_RG.jpg,42_Lk_15_08_RG.jpg,42,140994,831,610,42,Lk,15,8,True
SweetPublishingBibleIllustrations-610px/42/610px/42_Lk_09_29_RG.jpg,42_Lk_09_29_RG.jpg,42,147214,831,610,42,Lk,9,29,True
SweetPublishingBibleIllustrations-610px/42/610px/42_Lk_05_07_RG.jpg,42_Lk_05_07_RG.jpg,42,142901,831,610,42,Lk,5,7,True
SweetPublishingBibleIllustrations-610px/42/610px/42_Lk_20_04_RG.jpg,42_Lk_20_04_RG.jpg,42,163545,831,610,42,Lk,20,4,True
SweetPublishingBibleIllustrations-610px/42/610px/42_Lk_09_37_RG.jpg,42_Lk_09_37_RG.jpg,42,157961,831,610,42,Lk,9,37,True
SweetPublishingBibleIllustrations-610px/42/610px/42_Lk_19_10_RG.jpg,42_Lk_19_10_RG.jpg,42,180041,831,610,42,Lk,19,10,True
SweetPublishingBibleIllustrations-610px/42/610px/42_Lk_02_03_RG.jpg,42_Lk_02_03_RG.jpg,42,168710,831,610,42,Lk,2,3,True
SweetPublishingBibleIllustrations-610px/42/610px/42_Lk_20_08_RG.jpg,42_Lk_20_08_RG.jpg,42,141516,831,610,42,Lk,20,8,True
SweetPublishingBibleIllustrations-610px/42/610px/42_Lk_05_15_RG.jpg,42_Lk_05_15_RG.jpg,42,161469,831,610,42,Lk,5,15,True
SweetPublishingBibleIllustrations-610px/42/610px/42_Lk_09_25_RG.jpg,42_Lk_09_25_RG.jpg,42,165918,831,610,42,Lk,9,25,True
SweetPublishingBibleIllustrations-610px/42/610px/42_Lk_20_16_RG.jpg,42_Lk_20_16_RG.jpg,42,147894,812,610,42,Lk,20,16,True
SweetPublishingBibleIllustrations-610px/42/610px/42_Lk_19_02_RG.jpg,42_Lk_19_02_RG.jpg,42,168479,818,610,42,Lk,19,2,True
SweetPublishingBibleIllustrations-610px/42/610px/42_Lk_02_11_RG.jpg,42_Lk_02_11_RG.jpg,42,156281,831,610,42,Lk,2,11,True
SweetPublishingBibleIllustrations-610px/42/610px/42_Lk_22_21_RG.jpg,42_Lk_22_21_RG.jpg,42,186437,831,610,42,Lk,22,21,True
SweetPublishingBibleIllustrations-610px/42/610px/42_Lk_10_01_RG.jpg,42_Lk_10_01_RG.jpg,42,146756,831,610,42,Lk,10,1,True
SweetPublishingBibleIllustrations-610px/42/610px/42_Lk_18_04_RG.jpg,42_Lk_18_04_RG.jpg,42,139757,824,610,42,Lk,18,4,True
SweetPublishingBibleIllustrations-610px/42/610px/42_Lk_08_23_RG.jpg,42_Lk_08_23_RG.jpg,42,140187,818,610,42,Lk,8,23,True
SweetPublishingBibleIllustrations-610px/42/610px/42_Lk_21_10_RG.jpg,42_Lk_21_10_RG.jpg,42,149226,831,610,42,Lk,21,10,True
SweetPublishingBibleIllustrations-610px/42/610px/42_Lk_03_09_RG.jpg,42_Lk_03_09_RG.jpg,42,183463,831,610,42,Lk,3,9,True
SweetPublishingBibleIllustrations-610px/42/610px/42_Lk_17_05_RG.jpg,42_Lk_17_05_RG.jpg,42,138396,831,610,42,Lk,17,5,True
SweetPublishingBibleIllustrations-610px/42/610px/42_Lk_04_13_RG.jpg,42_Lk_04_13_RG.jpg,42,150052,831,610,42,Lk,4,13,True
SweetPublishingBibleIllustrations-610px/42/610px/42_Lk_22_33_RG.jpg,42_Lk_22_33_RG.jpg,42,149478,831,610,42,Lk,22,33,True
SweetPublishingBibleIllustrations-610px/42/610px/42_Lk_18_16_RG.jpg,42_Lk_18_16_RG.jpg,42,129044,831,610,42,Lk,18,16,True
SweetPublishingBibleIllustrations-610px/42/610px/42_Lk_03_05_RG.jpg,42_Lk_03_05_RG.jpg,42,176373,831,610,42,Lk,3,5,True
SweetPublishingBibleIllustrations-610px/42/610px/42_Lk_21_02_RG.jpg,42_Lk_21_02_RG.jpg,42,151391,831,610,42,Lk,21,2,True
SweetPublishingBibleIllustrations-610px/42/610px/42_Lk_08_31_RG.jpg,42_Lk_08_31_RG.jpg,42,155106,831,610,42,Lk,8,31,True
SweetPublishingBibleIllustrations-610px/42/610px/42_Lk_18_08_RG.jpg,42_Lk_18_08_RG.jpg,42,137784,831,610,42,Lk,18,8,True
SweetPublishingBibleIllustrations-610px/42/610px/42_Lk_04_01_RG.jpg,42_Lk_04_01_RG.jpg,42,136015,831,610,42,Lk,4,1,True
SweetPublishingBibleIllustrations-610px/42/610px/42_Lk_18_20_RG.jpg,42_Lk_18_20_RG.jpg,42,152469,831,610,42,Lk,18,20,True
SweetPublishingBibleIllustrations-610px/42/610px/42_Lk_07_18_RG.jpg,42_Lk_07_18_RG.jpg,42,140289,831,610,42,Lk,7,18,True
SweetPublishingBibleIllustrations-610px/42/610px/42_Lk_22_05_RG.jpg,42_Lk_22_05_RG.jpg,42,167314,831,610,42,Lk,22,5,True
SweetPublishingBibleIllustrations-610px/42/610px/42_Lk_08_07_RG.jpg,42_Lk_08_07_RG.jpg,42,132533,800,610,42,Lk,8,7,True
SweetPublishingBibleIllustrations-610px/42/610px/42_Lk_07_06_RG.jpg,42_Lk_07_06_RG.jpg,42,154473,831,610,42,Lk,7,6,True
SweetPublishingBibleIllustrations-610px/42/610px/42_Lk_08_19_RG.jpg,42_Lk_08_19_RG.jpg,42,134382,817,610,42,Lk,8,19,True
SweetPublishingBibleIllustrations-610px/42/610px/42_Lk_22_17_RG.jpg,42_Lk_22_17_RG.jpg,42,163996,831,610,42,Lk,22,17,True
SweetPublishingBibleIllustrations-610px/42/610px/42_Lk_08_15_RG.jpg,42_Lk_08_15_RG.jpg,42,141877,831,610,42,Lk,8,15,True
SweetPublishingBibleIllustrations-610px/42/610px/42_Lk_22_09_RG.jpg,42_Lk_22_09_RG.jpg,42,142770,831,610,42,Lk,22,9,True
SweetPublishingBibleIllustrations-610px/42/610px/42_Lk_07_14_RG.jpg,42_Lk_07_14_RG.jpg,42,162277,831,610,42,Lk,7,14,True
SweetPublishingBibleIllustrations-610px/42/610px/42_Lk_05_11_RG.jpg,42_Lk_05_11_RG.jpg,42,159768,831,610,42,Lk,5,11,True
SweetPublishingBibleIllustrations-610px/42/610px/42_Lk_11_03_RG.jpg,42_Lk_11_03_RG.jpg,42,146988,831,610,42,Lk,11,3,True
SweetPublishingBibleIllustrations-610px/42/610px/42_Lk_02_15_RG.jpg,42_Lk_02_15_RG.jpg,42,153003,831,610,42,Lk,2,15,True
SweetPublishingBibleIllustrations-610px/42/610px/42_Lk_19_06_RG.jpg,42_Lk_19_06_RG.jpg,42,150803,831,610,42,Lk,19,6,True
SweetPublishingBibleIllustrations-610px/42/610px/42_Lk_09_21_RG.jpg,42_Lk_09_21_RG.jpg,42,157226,831,610,42,Lk,9,21,True
SweetPublishingBibleIllustrations-610px/42/610px/42_Lk_20_12_RG.jpg,42_Lk_20_12_RG.jpg,42,155059,815,610,42,Lk,20,12,True
SweetPublishingBibleIllustrations-610px/42/610px/42_Lk_02_19_RG.jpg,42_Lk_02_19_RG.jpg,42,163283,831,610,42,Lk,2,19,True
SweetPublishingBibleIllustrations-610px/42/610px/42_Lk_05_03_RG.jpg,42_Lk_05_03_RG.jpg,42,156947,831,610,42,Lk,5,3,True
SweetPublishingBibleIllustrations-610px/42/610px/42_Lk_02_07_RG.jpg,42_Lk_02_07_RG.jpg,42,150080,831,610,42,Lk,2,7,True
SweetPublishingBibleIllustrations-610px/42/610px/42_Lk_19_14_RG.jpg,42_Lk_19_14_RG.jpg,42,153812,831,610,42,Lk,19,14,True
SweetPublishingBibleIllustrations-610px/42/610px/42_Lk_09_33_RG.jpg,42_Lk_09_33_RG.jpg,42,151885,831,610,42,Lk,9,33,True
SweetPublishingBibleIllustrations-610px/42/610px/42_Lk_15_12_RG.jpg,42_Lk_15_12_RG.jpg,42,149827,831,610,42,Lk,15,12,True
SweetPublishingBibleIllustrations-610px/42/610px/42_Lk_23_19_RG.jpg,42_Lk_23_19_RG.jpg,42,132211,763,610,42,Lk,23,19,True
SweetPublishingBibleIllustrations-610px/42/610px/42_Lk_06_04_RG.jpg,42_Lk_06_04_RG.jpg,42,163437,831,610,42,Lk,6,4,True
SweetPublishingBibleIllustrations-610px/42/610px/42_Lk_24_03_RG.jpg,42_Lk_24_03_RG.jpg,42,142401,831,610,42,Lk,24,3,True
SweetPublishingBibleIllustrations-610px/42/610px/42_Lk_23_07_RG.jpg,42_Lk_23_07_RG.jpg,42,153706,831,610,42,Lk,23,7,True
SweetPublishingBibleIllustrations-610px/42/610px/42_Lk_09_05_RG.jpg,42_Lk_09_05_RG.jpg,42,144613,831,610,42,Lk,9,5,True
SweetPublishingBibleIllustrations-610px/42/610px/42_Lk_06_16_RG.jpg,42_Lk_06_16_RG.jpg,42,147693,831,610,42,Lk,6,16,True
SweetPublishingBibleIllustrations-610px/42/610px/42_Lk_24_11_RG.jpg,42_Lk_24_11_RG.jpg,42,137650,831,610,42,Lk,24,11,True
SweetPublishingBibleIllustrations-610px/42/610px/42_Lk_09_09_RG.jpg,42_Lk_09_09_RG.jpg,42,144571,831,610,42,Lk,9,9,True
SweetPublishingBibleIllustrations-610px/42/610px/42_Lk_06_08_RG.jpg,42_Lk_06_08_RG.jpg,42,131177,831,610,42,Lk,6,8,True
SweetPublishingBibleIllustrations-610px/42/610px/42_Lk_23_15_RG.jpg,42_Lk_23_15_RG.jpg,42,165802,809,610,42,Lk,23,15,True
SweetPublishingBibleIllustrations-610px/42/610px/42_Lk_09_17_RG.jpg,42_Lk_09_17_RG.jpg,42,147122,831,610,42,Lk,9,17,True
SweetPublishingBibleIllustrations-610px/42/610px/42_Lk_01_12_RG.jpg,42_Lk_01_12_RG.jpg,42,180420,831,610,42,Lk,1,12,True
SweetPublishingBibleIllustrations-610px/42/610px/42_Lk_08_11_RG.jpg,42_Lk_08_11_RG.jpg,42,153321,831,610,42,Lk,8,11,True
SweetPublishingBibleIllustrations-610px/42/610px/42_Lk_22_13_RG.jpg,42_Lk_22_13_RG.jpg,42,166713,831,610,42,Lk,22,13,True
SweetPublishingBibleIllustrations-610px/42/610px/42_Lk_04_21_RG.jpg,42_Lk_04_21_RG.jpg,42,169043,831,610,42,Lk,4,21,True
SweetPublishingBibleIllustrations-610px/42/610px/42_Lk_07_10_RG.jpg,42_Lk_07_10_RG.jpg,42,150082,831,610,42,Lk,7,10,True
SweetPublishingBibleIllustrations-610px/42/610px/42_Lk_08_03_RG.jpg,42_Lk_08_03_RG.jpg,42,183219,831,610,42,Lk,8,3,True
SweetPublishingBibleIllustrations-610px/42/610px/42_Lk_22_01_RG.jpg,42_Lk_22_01_RG.jpg,42,154386,831,610,42,Lk,22,1,True
SweetPublishingBibleIllustrations-610px/42/610px/42_Lk_07_02_RG.jpg,42_Lk_07_02_RG.jpg,42,142301,831,610,42,Lk,7,2,True
SweetPublishingBibleIllustrations-610px/42/610px/42_Lk_21_06_RG.jpg,42_Lk_21_06_RG.jpg,42,157422,831,610,42,Lk,21,6,True
SweetPublishingBibleIllustrations-610px/42/610px/42_Lk_08_35_RG.jpg,42_Lk_08_35_RG.jpg,42,160205,831,610,42,Lk,8,35,True
SweetPublishingBibleIllustrations-610px/42/610px/42_Lk_03_01_RG.jpg,42_Lk_03_01_RG.jpg,42,119723,831,610,42,Lk,3,1,True
SweetPublishingBibleIllustrations-610px/42/610px/42_Lk_18_12_RG.jpg,42_Lk_18_12_RG.jpg,42,158969,831,610,42,Lk,18,12,True
SweetPublishingBibleIllustrations-610px/42/610px/42_Lk_04_05_RG.jpg,42_Lk_04_05_RG.jpg,42,172137,831,610,42,Lk,4,5,True
SweetPublishingBibleIllustrations-610px/42/610px/42_Lk_10_09_RG.jpg,42_Lk_10_09_RG.jpg,42,141008,804,610,42,Lk,10,9,True
SweetPublishingBibleIllustrations-610px/42/610px/42_Lk_22_29_RG.jpg,42_Lk_22_29_RG.jpg,42,174383,831,610,42,Lk,22,29,True
SweetPublishingBibleIllustrations-610px/42/610px/42_Lk_04_09_RG.jpg,42_Lk_04_09_RG.jpg,42,155510,831,610,42,Lk,4,9,True
SweetPublishingBibleIllustrations-610px/42/610px/42_Lk_08_27_RG.jpg,42_Lk_08_27_RG.jpg,42,149784,822,610,42,Lk,8,27,True
SweetPublishingBibleIllustrations-610px/42/610px/42_Lk_22_25_RG.jpg,42_Lk_22_25_RG.jpg,42,177926,831,610,42,Lk,22,25,True
SweetPublishingBibleIllustrations-610px/42/610px/42_Lk_10_05_RG.jpg,42_Lk_10_05_RG.jpg,42,124619,831,610,42,Lk,10,5,True
SweetPublishingBibleIllustrations-610px/42/610px/42_Lk_08_39_RG.jpg,42_Lk_08_39_RG.jpg,42,166391,831,610,42,Lk,8,39,True
SweetPublishingBibleIllustrations-610px/42/610px/42_Lk_17_01_RG.jpg,42_Lk_17_01_RG.jpg,42,156211,831,610,42,Lk,17,1,True
SweetPublishingBibleIllustrations-610px/42/610px/42_LK_04_22_RG.jpg,42_LK_04_22_RG.jpg,42,158600,831,610,42,LK,4,22,True
SweetPublishingBibleIllustrations-610px/42/610px/42_Lk_04_17_RG.jpg,42_Lk_04_17_RG.jpg,42,168787,831,610,42,Lk,4,17,True
SweetPublishingBibleIllustrations-610px/42/610px/42_Lk_08_01_RG.jpg,42_Lk_08_01_RG.jpg,42,117634,831,610,42,Lk,8,1,True
SweetPublishingBibleIllustrations-610px/42/610px/42_Lk_22_03_RG.jpg,42_Lk_22_03_RG.jpg,42,164824,831,610,42,Lk,22,3,True
SweetPublishingBibleIllustrations-610px/42/610px/42_Lk_04_23_RG.jpg,42_Lk_04_23_RG.jpg,42,161154,831,610,42,Lk,4,23,True
SweetPublishingBibleIllustrations-610px/42/610px/42_Lk_07_12_RG.jpg,42_Lk_07_12_RG.jpg,42,141825,831,610,42,Lk,7,12,True
SweetPublishingBibleIllustrations-610px/42/610px/42_Lk_08_13_RG.jpg,42_Lk_08_13_RG.jpg,42,171692,831,610,42,Lk,8,13,True
SweetPublishingBibleIllustrations-610px/42/610px/42_Lk_22_11_RG.jpg,42_Lk_22_11_RG.jpg,42,147496,831,610,42,Lk,22,11,True
SweetPublishingBibleIllustrations-610px/42/610px/42_Lk_04_15_RG.jpg,42_Lk_04_15_RG.jpg,42,117111,831,610,42,Lk,4,15,True
SweetPublishingBibleIllustrations-610px/42/610px/42_Lk_17_03_RG.jpg,42_Lk_17_03_RG.jpg,42,148973,831,610,42,Lk,17,3,True
SweetPublishingBibleIllustrations-610px/42/610px/42_Lk_21_08_RG.jpg,42_Lk_21_08_RG.jpg,42,144555,831,610,42,Lk,21,8,True
SweetPublishingBibleIllustrations-610px/42/610px/42_Lk_08_25_RG.jpg,42_Lk_08_25_RG.jpg,42,140470,831,610,42,Lk,8,25,True
SweetPublishingBibleIllustrations-610px/42/610px/42_Lk_18_02_RG.jpg,42_Lk_18_02_RG.jpg,42,122033,824,610,42,Lk,18,2,True
SweetPublishingBibleIllustrations-610px/42/610px/42_Lk_03_11_RG.jpg,42_Lk_03_11_RG.jpg,42,155428,831,610,42,Lk,3,11,True
SweetPublishingBibleIllustrations-610px/42/610px/42_Lk_22_27_RG.jpg,42_Lk_22_27_RG.jpg,42,192855,831,610,42,Lk,22,27,True
SweetPublishingBibleIllustrations-610px/42/610px/42_Lk_10_07_RG.jpg,42_Lk_10_07_RG.jpg,42,129575,831,610,42,Lk,10,7,True
SweetPublishingBibleIllustrations-610px/42/610px/42_Lk_04_07_RG.jpg,42_Lk_04_07_RG.jpg,42,129590,831,610,42,Lk,4,7,True
SweetPublishingBibleIllustrations-610px/42/610px/42_Lk_08_29_RG.jpg,42_Lk_08_29_RG.jpg,42,167033,831,610,42,Lk,8,29,True
SweetPublishingBibleIllustrations-610px/42/610px/42_Lk_21_04_RG.jpg,42_Lk_21_04_RG.jpg,42,138557,831,610,42,Lk,21,4,True
SweetPublishingBibleIllustrations-610px/42/610px/42_Lk_08_37_RG.jpg,42_Lk_08_37_RG.jpg,42,153903,831,610,42,Lk,8,37,True
SweetPublishingBibleIllustrations-610px/42/610px/42_Lk_04_19_RG.jpg,42_Lk_04_19_RG.jpg,42,169803,831,610,42,Lk,4,19,True
SweetPublishingBibleIllustrations-610px/42/610px/42_Lk_18_10_RG.jpg,42_Lk_18_10_RG.jpg,42,142755,831,610,42,Lk,18,10,True
SweetPublishingBibleIllustrations-610px/42/610px/42_Lk_03_03_RG.jpg,42_Lk_03_03_RG.jpg,42,152182,831,610,42,Lk,3,3,True
SweetPublishingBibleIllustrations-610px/42/610px/42_Lk_19_16_RG.jpg,42_Lk_19_16_RG.jpg,42,144197,831,610,42,Lk,19,16,True
SweetPublishingBibleIllustrations-610px/42/610px/42_Lk_02_05_RG.jpg,42_Lk_02_05_RG.jpg,42,183101,831,610,42,Lk,2,5,True
SweetPublishingBibleIllustrations-610px/42/610px/42_Lk_20_02_RG.jpg,42_Lk_20_02_RG.jpg,42,141486,831,610,42,Lk,20,2,True
SweetPublishingBibleIllustrations-610px/42/610px/42_Lk_09_31_RG.jpg,42_Lk_09_31_RG.jpg,42,158624,831,610,42,Lk,9,31,True
SweetPublishingBibleIllustrations-610px/42/610px/42_Lk_19_08_RG.jpg,42_Lk_19_08_RG.jpg,42,153351,831,610,42,Lk,19,8,True
SweetPublishingBibleIllustrations-610px/42/610px/42_Lk_05_01_RG.jpg,42_Lk_05_01_RG.jpg,42,163809,831,610,42,Lk,5,1,True
SweetPublishingBibleIllustrations-610px/42/610px/42_Lk_19_04_RG.jpg,42_Lk_19_04_RG.jpg,42,138856,831,610,42,Lk,19,4,True
SweetPublishingBibleIllustrations-610px/42/610px/42_Lk_02_17_RG.jpg,42_Lk_02_17_RG.jpg,42,159966,831,610,42,Lk,2,17,True
SweetPublishingBibleIllustrations-610px/42/610px/42_Lk_23_21_RG.jpg,42_Lk_23_21_RG.jpg,42,138167,813,610,42,Lk,23,21,True
SweetPublishingBibleIllustrations-610px/42/610px/42_Lk_11_01_RG.jpg,42_Lk_11_01_RG.jpg,42,160759,831,610,42,Lk,11,1,True
SweetPublishingBibleIllustrations-610px/42/610px/42_Lk_09_23_RG.jpg,42_Lk_09_23_RG.jpg,42,150617,831,610,42,Lk,9,23,True
SweetPublishingBibleIllustrations-610px/42/610px/42_Lk_20_10_RG.jpg,42_Lk_20_10_RG.jpg,42,143079,831,610,42,Lk,20,10,True
SweetPublishingBibleIllustrations-610px/42/610px/42_Lk_02_09_RG.jpg,42_Lk_02_09_RG.jpg,42,169294,831,610,42,Lk,2,9,True
SweetPublishingBibleIllustrations-610px/42/610px/42_Lk_05_13_RG.jpg,42_Lk_05_13_RG.jpg,42,173716,831,610,42,Lk,5,13,True
SweetPublishingBibleIllustrations-610px/42/610px/42_Lk_23_17_RG.jpg,42_Lk_23_17_RG.jpg,42,139725,831,610,42,Lk,23,17,True
SweetPublishingBibleIllustrations-610px/42/610px/42_Lk_02_21_RG.jpg,42_Lk_02_21_RG.jpg,42,154835,831,610,42,Lk,2,21,True
SweetPublishingBibleIllustrations-610px/42/610px/42_Lk_01_10_RG.jpg,42_Lk_01_10_RG.jpg,42,119723,831,610,42,Lk,1,10,True
SweetPublishingBibleIllustrations-610px/42/610px/42_Lk_09_15_RG.jpg,42_Lk_09_15_RG.jpg,42,146084,831,610,42,Lk,9,15,True
SweetPublishingBibleIllustrations-610px/42/610px/42_Lk_06_14_RG.jpg,42_Lk_06_14_RG.jpg,42,143621,831,610,42,Lk,6,14,True
SweetPublishingBibleIllustrations-610px/42/610px/42_Lk_23_09_RG.jpg,42_Lk_23_09_RG.jpg,42,169813,831,610,42,Lk,23,9,True
SweetPublishingBibleIllustrations-610px/42/610px/42_Lk_15_02_RG.jpg,42_Lk_15_02_RG.jpg,42,135865,831,610,42,Lk,15,2,True
SweetPublishingBibleIllustrations-610px/42/610px/42_Lk_24_13_RG.jpg,42_Lk_24_13_RG.jpg,42,142830,831,610,42,Lk,24,13,True
SweetPublishingBibleIllustrations-610px/42/610px/42_Lk_23_05_RG.jpg,42_Lk_23_05_RG.jpg,42,161917,831,610,42,Lk,23,5,True
SweetPublishingBibleIllustrations-610px/42/610px/42_Lk_06_18_RG.jpg,42_Lk_06_18_RG.jpg,42,142795,827,610,42,Lk,6,18,True
SweetPublishingBibleIllustrations-610px/42/610px/42_Lk_01_02_RG.jpg,42_Lk_01_02_RG.jpg,42,182017,831,610,42,Lk,1,2,True
SweetPublishingBibleIllustrations-610px/42/610px/42_Lk_09_07_RG.jpg,42_Lk_09_07_RG.jpg,42,133897,831,610,42,Lk,9,7,True
SweetPublishingBibleIllustrations-610px/42/610px/42_Lk_06_06_RG.jpg,42_Lk_06_06_RG.jpg,42,143057,831,610,42,Lk,6,6,True
SweetPublishingBibleIllustrations-610px/42/610px/42_Lk_15_10_RG.jpg,42_Lk_15_10_RG.jpg,42,148709,831,610,42,Lk,15,10,True
SweetPublishingBibleIllustrations-610px/42/610px/42_Lk_09_19_RG.jpg,42_Lk_09_19_RG.jpg,42,149162,831,610,42,Lk,9,19,True
SweetPublishingBibleIllustrations-610px/42/610px/42_Lk_24_01_RG.jpg,42_Lk_24_01_RG.jpg,42,130673,831,610,42,Lk,24,1,True
SweetPublishingBibleIllustrations-610px/42/610px/42_Lk_05_16_RG.jpg,42_Lk_05_16_RG.jpg,42,148234,831,610,42,Lk,5,16,True
SweetPublishingBibleIllustrations-610px/42/610px/42_Lk_09_38_RG.jpg,42_Lk_09_38_RG.jpg,42,153665,831,610,42,Lk,9,38,True
SweetPublishingBibleIllustrations-610px/42/610px/42_Lk_24_20_RG.jpg,42_Lk_24_20_RG.jpg,42,151149,831,610,42,Lk,24,20,True
SweetPublishingBibleIllustrations-610px/42/610px/42_Lk_02_12_RG.jpg,42_Lk_02_12_RG.jpg,42,154726,817,610,42,Lk,2,12,True
SweetPublishingBibleIllustrations-610px/42/610px/42_Lk_19_01_RG.jpg,42_Lk_19_01_RG.jpg,42,152688,831,610,42,Lk,19,1,True
SweetPublishingBibleIllustrations-610px/42/610px/42_Lk_11_04_RG.jpg,42_Lk_11_04_RG.jpg,42,151231,826,610,42,Lk,11,4,True
SweetPublishingBibleIllustrations-610px/42/610px/42_Lk_20_15_RG.jpg,42_Lk_20_15_RG.jpg,42,146455,831,610,42,Lk,20,15,True
SweetPublishingBibleIllustrations-610px/42/610px/42_Lk_09_26_RG.jpg,42_Lk_09_26_RG.jpg,42,166069,831,610,42,Lk,9,26,True
SweetPublishingBibleIllustrations-610px/42/610px/42_Lk_05_08_RG.jpg,42_Lk_05_08_RG.jpg,42,141801,831,610,42,Lk,5,8,True
SweetPublishingBibleIllustrations-610px/42/610px/42_Lk_05_04_RG.jpg,42_Lk_05_04_RG.jpg,42,158651,831,610,42,Lk,5,4,True
SweetPublishingBibleIllustrations-610px/42/610px/42_Lk_19_13_RG.jpg,42_Lk_19_13_RG.jpg,42,161935,830,610,42,Lk,19,13,True
SweetPublishingBibleIllustrations-610px/42/610px/42_Lk_09_34_RG.jpg,42_Lk_09_34_RG.jpg,42,154523,831,610,42,Lk,9,34,True
SweetPublishingBibleIllustrations-610px/42/610px/42_Lk_20_07_RG.jpg,42_Lk_20_07_RG.jpg,42,138462,831,610,42,Lk,20,7,True
SweetPublishingBibleIllustrations-610px/42/610px/42_Lk_06_03_RG.jpg,42_Lk_06_03_RG.jpg,42,158910,831,610,42,Lk,6,3,True
SweetPublishingBibleIllustrations-610px/42/610px/42_Lk_24_04_RG.jpg,42_Lk_24_04_RG.jpg,42,131328,831,610,42,Lk,24,4,True
SweetPublishingBibleIllustrations-610px/42/610px/42_Lk_01_07_RG.jpg,42_Lk_01_07_RG.jpg,42,159729,831,610,42,Lk,1,7,True
SweetPublishingBibleIllustrations-610px/42/610px/42_Lk_09_02_RG.jpg,42_Lk_09_02_RG.jpg,42,157400,831,610,42,Lk,9,2,True
SweetPublishingBibleIllustrations-610px/42/610px/42_Lk_06_11_RG.jpg,42_Lk_06_11_RG.jpg,42,171246,831,610,42,Lk,6,11,True
SweetPublishingBibleIllustrations-610px/42/610px/42_Lk_15_07_RG.jpg,42_Lk_15_07_RG.jpg,42,137590,831,610,42,Lk,15,7,True
SweetPublishingBibleIllustrations-610px/42/610px/42_Lk_24_16_RG.jpg,42_Lk_24_16_RG.jpg,42,155286,831,610,42,Lk,24,16,True
SweetPublishingBibleIllustrations-610px/42/610px/42_Lk_23_12_RG.jpg,42_Lk_23_12_RG.jpg,42,165985,811,610,42,Lk,23,12,True
SweetPublishingBibleIllustrations-610px/42/610px/42_Lk_01_15_RG.jpg,42_Lk_01_15_RG.jpg,42,149006,831,610,42,Lk,1,15,True
SweetPublishingBibleIllustrations-610px/42/610px/42_Lk_09_10_RG.jpg,42_Lk_09_10_RG.jpg,42,155419,831,610,42,Lk,9,10,True
SweetPublishingBibleIllustrations-610px/42/610px/42_Lk_24_08_RG.jpg,42_Lk_24_08_RG.jpg,42,144293,831,610,42,Lk,24,8,True
SweetPublishingBibleIllustrations-610px/42/610px/42_Lk_08_16_RG.jpg,42_Lk_08_16_RG.jpg,42,152977,831,610,42,Lk,8,16,True
SweetPublishingBibleIllustrations-610px/42/610px/42_Lk_22_14_RG.jpg,42_Lk_22_14_RG.jpg,42,148706,831,610,42,Lk,22,14,True
SweetPublishingBibleIllustrations-610px/42/610px/42_Lk_07_09_RG.jpg,42_Lk_07_09_RG.jpg,42,135863,831,610,42,Lk,7,9,True
SweetPublishingBibleIllustrations-610px/42/610px/42_Lk_08_08_RG.jpg,42_Lk_08_08_RG.jpg,42,156808,831,610,42,Lk,8,8,True
SweetPublishingBibleIllustrations-610px/42/610px/42_Lk_07_17_RG.jpg,42_Lk_07_17_RG.jpg,42,145830,831,610,42,Lk,7,17,True
SweetPublishingBibleIllustrations-610px/42/610px/42_Lk_08_04_RG.jpg,42_Lk_08_04_RG.jpg,42,200399,831,610,42,Lk,8,4,True
SweetPublishingBibleIllustrations-610px/42/610px/42_Lk_22_06_RG.jpg,42_Lk_22_06_RG.jpg,42,153068,808,610,42,Lk,22,6,True
SweetPublishingBibleIllustrations-610px/42/610px/42_Lk_07_05_RG.jpg,42_Lk_07_05_RG.jpg,42,140871,831,610,42,Lk,7,5,True
SweetPublishingBibleIllustrations-610px/42/610px/42_Lk_22_18_RG.jpg,42_Lk_22_18_RG.jpg,42,150239,810,610,42,Lk,22,18,True
SweetPublishingBibleIllustrations-610px/42/610px/42_Lk_08_32_RG.jpg,42_Lk_08_32_RG.jpg,42,166083,831,610,42,Lk,8,32,True
SweetPublishingBibleIllustrations-610px/42/610px/42_Lk_21_01_RG.jpg,42_Lk_21_01_RG.jpg,42,151652,831,610,42,Lk,21,1,True
SweetPublishingBibleIllustrations-610px/42/610px/42_Lk_03_06_RG.jpg,42_Lk_03_06_RG.jpg,42,170647,831,610,42,Lk,3,6,True
SweetPublishingBibleIllustrations-610px/42/610px/42_Lk_18_15_RG.jpg,42_Lk_18_15_RG.jpg,42,160988,831,610,42,Lk,18,15,True
SweetPublishingBibleIllustrations-610px/42/610px/42_Lk_22_30_RG.jpg,42_Lk_22_30_RG.jpg,42,165375,831,610,42,Lk,22,30,True
SweetPublishingBibleIllustrations-610px/42/610px/42_Lk_10_10_RG.jpg,42_Lk_10_10_RG.jpg,42,148434,818,610,42,Lk,10,10,True
SweetPublishingBibleIllustrations-610px/42/610px/42_Lk_04_02_RG.jpg,42_Lk_04_02_RG.jpg,42,138340,831,610,42,Lk,4,2,True
SweetPublishingBibleIllustrations-610px/42/610px/42_Lk_08_20_RG.jpg,42_Lk_08_20_RG.jpg,42,142081,831,610,42,Lk,8,20,True
SweetPublishingBibleIllustrations-610px/42/610px/42_Lk_18_07_RG.jpg,42_Lk_18_07_RG.jpg,42,135999,831,610,42,Lk,18,7,True
SweetPublishingBibleIllustrations-610px/42/610px/42_Lk_10_02_RG.jpg,42_Lk_10_02_RG.jpg,42,134471,831,610,42,Lk,10,2,True
SweetPublishingBibleIllustrations-610px/42/610px/42_Lk_22_22_RG.jpg,42_Lk_22_22_RG.jpg,42,172645,831,610,42,Lk,22,22,True
SweetPublishingBibleIllustrations-610px/42/610px/42_Lk_04_10_RG.jpg,42_Lk_04_10_RG.jpg,42,162623,831,610,42,Lk,4,10,True
SweetPublishingBibleIllustrations-610px/42/610px/42_Lk_18_19_RG.jpg,42_Lk_18_19_RG.jpg,42,158323,831,610,42,Lk,18,19,True
SweetPublishingBibleIllustrations-610px/42/610px/42_Lk_08_18_RG.jpg,42_Lk_08_18_RG.jpg,42,164749,831,610,42,Lk,8,18,True
SweetPublishingBibleIllustrations-610px/42/610px/42_Lk_07_07_RG.jpg,42_Lk_07_07_RG.jpg,42,137862,831,610,42,Lk,7,7,True
SweetPublishingBibleIllustrations-610px/42/610px/42_Lk_08_06_RG.jpg,42_Lk_08_06_RG.jpg,42,165593,831,610,42,Lk,8,6,True
SweetPublishingBibleIllustrations-610px/42/610px/42_Lk_18_21_RG.jpg,42_Lk_18_21_RG.jpg,42,149777,831,610,42,Lk,18,21,True
SweetPublishingBibleIllustrations-610px/42/610px/42_Lk_22_04_RG.jpg,42_Lk_22_04_RG.jpg,42,169566,831,610,42,Lk,22,4,True
SweetPublishingBibleIllustrations-610px/42/610px/42_Lk_04_24_RG.jpg,42_Lk_04_24_RG.jpg,42,132605,831,610,42,Lk,4,24,True
SweetPublishingBibleIllustrations-610px/42/610px/42_Lk_22_08_RG.jpg,42_Lk_22_08_RG.jpg,42,141758,831,610,42,Lk,22,8,True
SweetPublishingBibleIllustrations-610px/42/610px/42_Lk_07_15_RG.jpg,42_Lk_07_15_RG.jpg,42,128473,831,610,42,Lk,7,15,True
SweetPublishingBibleIllustrations-610px/42/610px/42_Lk_08_14_RG.jpg,42_Lk_08_14_RG.jpg,42,176768,831,610,42,Lk,8,14,True
SweetPublishingBibleIllustrations-610px/42/610px/42_Lk_22_16_RG.jpg,42_Lk_22_16_RG.jpg,42,147371,831,610,42,Lk,22,16,True
SweetPublishingBibleIllustrations-610px/42/610px/42_Lk_17_04_RG.jpg,42_Lk_17_04_RG.jpg,42,145911,831,610,42,Lk,17,4,True
SweetPublishingBibleIllustrations-610px/42/610px/42_Lk_04_12_RG.jpg,42_Lk_04_12_RG.jpg,42,132461,831,610,42,Lk,4,12,True
SweetPublishingBibleIllustrations-610px/42/610px/42_Lk_03_08_RG.jpg,42_Lk_03_08_RG.jpg,42,164980,831,610,42,Lk,3,8,True
SweetPublishingBibleIllustrations-610px/42/610px/42_Lk_21_11_RG.jpg,42_Lk_21_11_RG.jpg,42,129997,804,610,42,Lk,21,11,True
SweetPublishingBibleIllustrations-610px/42/610px/42_Lk_08_22_RG.jpg,42_Lk_08_22_RG.jpg,42,164905,831,610,42,Lk,8,22,True
SweetPublishingBibleIllustrations-610px/42/610px/42_Lk_22_20_RG.jpg,42_Lk_22_20_RG.jpg,42,175580,831,610,42,Lk,22,20,True
SweetPublishingBibleIllustrations-610px/42/610px/42_Lk_18_05_RG.jpg,42_Lk_18_05_RG.jpg,42,118835,822,610,42,Lk,18,5,True
SweetPublishingBibleIllustrations-610px/42/610px/42_Lk_18_09_RG.jpg,42_Lk_18_09_RG.jpg,42,144807,831,610,42,Lk,18,9,True
SweetPublishingBibleIllustrations-610px/42/610px/42_Lk_08_30_RG.jpg,42_Lk_08_30_RG.jpg,42,165797,831,610,42,Lk,8,30,True
SweetPublishingBibleIllustrations-610px/42/610px/42_Lk_21_03_RG.jpg,42_Lk_21_03_RG.jpg,42,145404,831,610,42,Lk,21,3,True
SweetPublishingBibleIllustrations-610px/42/610px/42_Lk_22_32_RG.jpg,42_Lk_22_32_RG.jpg,42,159907,821,610,42,Lk,22,32,True
SweetPublishingBibleIllustrations-610px/42/610px/42_Lk_10_12_RG.jpg,42_Lk_10_12_RG.jpg,42,134006,831,610,42,Lk,10,12,True
SweetPublishingBibleIllustrations-610px/42/610px/42_Lk_18_17_RG.jpg,42_Lk_18_17_RG.jpg,42,155481,831,610,42,Lk,18,17,True
SweetPublishingBibleIllustrations-610px/42/610px/42_Lk_03_04_RG.jpg,42_Lk_03_04_RG.jpg,42,142427,831,610,42,Lk,3,4,True
SweetPublishingBibleIllustrations-610px/42/610px/42_Lk_19_11_RG.jpg,42_Lk_19_11_RG.jpg,42,178978,831,610,42,Lk,19,11,True
SweetPublishingBibleIllustrations-610px/42/610px/42_Lk_02_02_RG.jpg,42_Lk_02_02_RG.jpg,42,190348,831,610,42,Lk,2,2,True
SweetPublishingBibleIllustrations-610px/42/610px/42_LK_01_06_RG.jpg,42_LK_01_06_RG.jpg,42,167171,831,610,42,LK,1,6,True
SweetPublishingBibleIllustrations-610px/42/610px/42_Lk_09_36_RG.jpg,42_Lk_09_36_RG.jpg,42,148085,831,610,42,Lk,9,36,True
SweetPublishingBibleIllustrations-610px/42/610px/42_Lk_20_05_RG.jpg,42_Lk_20_05_RG.jpg,42,128815,831,610,42,Lk,20,5,True
SweetPublishingBibleIllustrations-610px/42/610px/42_Lk_09_28_RG.jpg,42_Lk_09_28_RG.jpg,42,154533,831,610,42,Lk,9,28,True
SweetPublishingBibleIllustrations-610px/42/610px/42_Lk_05_06_RG.jpg,42_Lk_05_06_RG.jpg,42,154953,831,610,42,Lk,5,6,True
SweetPublishingBibleIllustrations-610px/42/610px/42_Lk_19_03_RG.jpg,42_Lk_19_03_RG.jpg,42,172679,831,610,42,Lk,19,3,True
SweetPublishingBibleIllustrations-610px/42/610px/42_Lk_02_10_RG.jpg,42_Lk_02_10_RG.jpg,42,164932,831,610,42,Lk,2,10,True
SweetPublishingBibleIllustrations-610px/42/610px/42_Lk_20_17_RG.jpg,42_Lk_20_17_RG.jpg,42,134341,831,610,42,Lk,20,17,True
SweetPublishingBibleIllustrations-610px/42/610px/42_Lk_09_24_RG.jpg,42_Lk_09_24_RG.jpg,42,148902,831,610,42,Lk,9,24,True
SweetPublishingBibleIllustrations-610px/42/610px/42_Lk_20_09_RG.jpg,42_Lk_20_09_RG.jpg,42,137340,831,610,42,Lk,20,9,True
SweetPublishingBibleIllustrations-610px/42/610px/42_Lk_24_22_RG.jpg,42_Lk_24_22_RG.jpg,42,138724,831,610,42,Lk,24,22,True
SweetPublishingBibleIllustrations-610px/42/610px/42_Lk_05_14_RG.jpg,42_Lk_05_14_RG.jpg,42,151042,831,610,42,Lk,5,14,True
SweetPublishingBibleIllustrations-610px/42/610px/42_Lk_23_10_RG.jpg,42_Lk_23_10_RG.jpg,42,180951,808,610,42,Lk,23,10,True
SweetPublishingBibleIllustrations-610px/42/610px/42_Lk_09_12_RG.jpg,42_Lk_09_12_RG.jpg,42,114664,831,610,42,Lk,9,12,True
SweetPublishingBibleIllustrations-610px/42/610px/42_Lk_01_17_RG.jpg,42_Lk_01_17_RG.jpg,42,182722,831,610,42,Lk,1,17,True
SweetPublishingBibleIllustrations-610px/42/610px/42_Lk_15_05_RG.jpg,42_Lk_15_05_RG.jpg,42,137659,831,610,42,Lk,15,5,True
SweetPublishingBibleIllustrations-610px/42/610px/42_Lk_06_13_RG.jpg,42_Lk_06_13_RG.jpg,42,171977,832,603,42,Lk,6,13,True
SweetPublishingBibleIllustrations-610px/42/610px/42_Lk_01_09_RG.jpg,42_Lk_01_09_RG.jpg,42,160172,831,610,42,Lk,1,9,True
SweetPublishingBibleIllustrations-610px/42/610px/42_Lk_24_14_RG.jpg,42_Lk_24_14_RG.jpg,42,149458,831,610,42,Lk,24,14,True
SweetPublishingBibleIllustrations-610px/42/610px/42_Lk_23_02_RG.jpg,42_Lk_23_02_RG.jpg,42,153762,831,610,42,Lk,23,2,True
SweetPublishingBibleIllustrations-610px/42/610px/42_Lk_15_09_RG.jpg,42_Lk_15_09_RG.jpg,42,153970,831,610,42,Lk,15,9,True
SweetPublishingBibleIllustrations-610px/42/610px/42_Lk_24_18_RG.jpg,42_Lk_24_18_RG.jpg,42,165543,831,610,42,Lk,24,18,True
SweetPublishingBibleIllustrations-610px/42/610px/42_Lk_01_05_RG.jpg,42_Lk_01_05_RG.jpg,42,173559,831,610,42,Lk,1,5,True
SweetPublishingBibleIllustrations-610px/42/610px/42_Lk_06_01_RG.jpg,42_Lk_06_01_RG.jpg,42,163206,831,610,42,Lk,6,1,True
SweetPublishingBibleIllustrations-610px/42/610px/42_Lk_24_06_RG.jpg,42_Lk_24_06_RG.jpg,42,119876,831,610,42,Lk,24,6,True
SweetPublishingBibleIllustrations-610px/42/610px/42_Lk_22_28_RG.jpg,42_Lk_22_28_RG.jpg,42,166623,831,610,42,Lk,22,28,True
SweetPublishingBibleIllustrations-610px/42/610px/42_Lk_10_08_RG.jpg,42_Lk_10_08_RG.jpg,42,140540,831,610,42,Lk,10,8,True
SweetPublishingBibleIllustrations-610px/42/610px/42_Lk_04_04_RG.jpg,42_Lk_04_04_RG.jpg,42,175055,831,610,42,Lk,4,4,True
SweetPublishingBibleIllustrations-610px/42/610px/42_Lk_18_13_RG.jpg,42_Lk_18_13_RG.jpg,42,150043,831,610,42,Lk,18,13,True
SweetPublishingBibleIllustrations-610px/42/610px/42_Lk_08_34_RG.jpg,42_Lk_08_34_RG.jpg,42,169576,831,610,42,Lk,8,34,True
SweetPublishingBibleIllustrations-610px/42/610px/42_Lk_21_07_RG.jpg,42_Lk_21_07_RG.jpg,42,146587,831,610,42,Lk,21,7,True
SweetPublishingBibleIllustrations-610px/42/610px/42_Lk_08_38_RG.jpg,42_Lk_08_38_RG.jpg,42,129989,831,610,42,Lk,8,38,True
SweetPublishingBibleIllustrations-610px/42/610px/42_Lk_04_16_RG.jpg,42_Lk_04_16_RG.jpg,42,136227,831,610,42,Lk,4,16,True
SweetPublishingBibleIllustrations-610px/42/610px/42_Lk_10_04_RG.jpg,42_Lk_10_04_RG.jpg,42,137067,831,610,42,Lk,10,4,True
SweetPublishingBibleIllustrations-610px/42/610px/42_Lk_22_24_RG.jpg,42_Lk_22_24_RG.jpg,42,171536,831,610,42,Lk,22,24,True
SweetPublishingBibleIllustrations-610px/42/610px/42_Lk_03_12_RG.jpg,42_Lk_03_12_RG.jpg,42,186777,831,610,42,Lk,3,12,True
SweetPublishingBibleIllustrations-610px/42/610px/42_Lk_18_01_RG.jpg,42_Lk_18_01_RG.jpg,42,155153,831,610,42,Lk,18,1,True
SweetPublishingBibleIllustrations-610px/42/610px/42_Lk_04_08_RG.jpg,42_Lk_04_08_RG.jpg,42,164578,831,610,42,Lk,4,8,True
SweetPublishingBibleIllustrations-610px/42/610px/42_Lk_08_26_RG.jpg,42_Lk_08_26_RG.jpg,42,151516,831,610,42,Lk,8,26,True
SweetPublishingBibleIllustrations-610px/42/610px/42_Lk_07_11_RG.jpg,42_Lk_07_11_RG.jpg,42,140482,831,610,42,Lk,7,11,True
SweetPublishingBibleIllustrations-610px/42/610px/42_Lk_04_20_RG.jpg,42_Lk_04_20_RG.jpg,42,152807,831,610,42,Lk,4,20,True
SweetPublishingBibleIllustrations-610px/42/610px/42_Lk_22_12_RG.jpg,42_Lk_22_12_RG.jpg,42,155152,831,610,42,Lk,22,12,True
SweetPublishingBibleIllustrations-610px/42/610px/42_Lk_08_10_RG.jpg,42_Lk_08_10_RG.jpg,42,140760,824,610,42,Lk,8,10,True
SweetPublishingBibleIllustrations-610px/42/610px/42_Lk_07_03_RG.jpg,42_Lk_07_03_RG.jpg,42,163033,831,610,42,Lk,7,3,True
SweetPublishingBibleIllustrations-610px/42/610px/42_Lk_08_02_RG.jpg,42_Lk_08_02_RG.jpg,42,177349,831,610,42,Lk,8,2,True
SweetPublishingBibleIllustrations-610px/42/610px/42_Lk_09_04_RG.jpg,42_Lk_09_04_RG.jpg,42,158509,831,610,42,Lk,9,4,True
SweetPublishingBibleIllustrations-610px/42/610px/42_Lk_01_01_RG.jpg,42_Lk_01_01_RG.jpg,42,171400,831,610,42,Lk,1,1,True
SweetPublishingBibleIllustrations-610px/42/610px/42_Lk_23_06_RG.jpg,42_Lk_23_06_RG.jpg,42,186502,831,610,42,Lk,23,6,True
SweetPublishingBibleIllustrations-610px/42/610px/42_Lk_24_02_RG.jpg,42_Lk_24_02_RG.jpg,42,193235,831,610,42,Lk,24,2,True
SweetPublishingBibleIllustrations-610px/42/610px/42_Lk_23_18_RG.jpg,42_Lk_23_18_RG.jpg,42,149559,812,610,42,Lk,23,18,True
SweetPublishingBibleIllustrations-610px/42/610px/42_Lk_06_05_RG.jpg,42_Lk_06_05_RG.jpg,42,128056,831,610,42,Lk,6,5,True
SweetPublishingBibleIllustrations-610px/42/610px/42_Lk_09_16_RG.jpg,42_Lk_09_16_RG.jpg,42,143817,831,610,42,Lk,9,16,True
SweetPublishingBibleIllustrations-610px/42/610px/42_Lk_01_13_RG.jpg,42_Lk_01_13_RG.jpg,42,153772,831,610,42,Lk,1,13,True
SweetPublishingBibleIllustrations-610px/42/610px/42_Lk_02_22_RG.jpg,42_Lk_02_22_RG.jpg,42,160974,831,610,42,Lk,2,22,True
SweetPublishingBibleIllustrations-610px/42/610px/42_Lk_06_09_RG.jpg,42_Lk_06_09_RG.jpg,42,155325,831,610,42,Lk,6,9,True
SweetPublishingBibleIllustrations-610px/42/610px/42_Lk_23_14_RG.jpg,42_Lk_23_14_RG.jpg,42,160352,803,610,42,Lk,23,14,True
SweetPublishingBibleIllustrations-610px/42/610px/42_Lk_24_10_RG.jpg,42_Lk_24_10_RG.jpg,42,147319,831,610,42,Lk,24,10,True
SweetPublishingBibleIllustrations-610px/42/610px/42_Lk_09_08_RG.jpg,42_Lk_09_08_RG.jpg,42,141188,831,610,42,Lk,9,8,True
SweetPublishingBibleIllustrations-610px/42/610px/42_Lk_15_01_RG.jpg,42_Lk_15_01_RG.jpg,42,170632,831,610,42,Lk,15,1,True
SweetPublishingBibleIllustrations-610px/42/610px/42_Lk_06_17_RG.jpg,42_Lk_06_17_RG.jpg,42,152271,831,610,42,Lk,6,17,True
SweetPublishingBibleIllustrations-610px/42/610px/42_Lk_20_13_RG.jpg,42_Lk_20_13_RG.jpg,42,150627,813,610,42,Lk,20,13,True
SweetPublishingBibleIllustrations-610px/42/610px/42_Lk_09_20_RG.jpg,42_Lk_09_20_RG.jpg,42,138386,831,610,42,Lk,9,20,True
SweetPublishingBibleIllustrations-610px/42/610px/42_Lk_11_02_RG.jpg,42_Lk_11_02_RG.jpg,42,159285,831,610,42,Lk,11,2,True
SweetPublishingBibleIllustrations-610px/42/610px/42_Lk_02_14_RG.jpg,42_Lk_02_14_RG.jpg,42,180577,831,610,42,Lk,2,14,True
SweetPublishingBibleIllustrations-610px/42/610px/42_Lk_19_07_RG.jpg,42_Lk_19_07_RG.jpg,42,140557,831,610,42,Lk,19,7,True
SweetPublishingBibleIllustrations-610px/42/610px/42_Lk_05_10_RG.jpg,42_Lk_05_10_RG.jpg,42,140845,831,610,42,Lk,5,10,True
SweetPublishingBibleIllustrations-610px/42/610px/42_Lk_09_32_RG.jpg,42_Lk_09_32_RG.jpg,42,147414,816,610,42,Lk,9,32,True
SweetPublishingBibleIllustrations-610px/42/610px/42_Lk_20_01_RG.jpg,42_Lk_20_01_RG.jpg,42,155385,831,610,42,Lk,20,1,True
SweetPublishingBibleIllustrations-610px/42/610px/42_Lk_02_06_RG.jpg,42_Lk_02_06_RG.jpg,42,160578,831,610,42,Lk,2,6,True
SweetPublishingBibleIllustrations-610px/42/610px/42_Lk_19_15_RG.jpg,42_Lk_19_15_RG.jpg,42,147335,831,610,42,Lk,19,15,True
SweetPublishingBibleIllustrations-610px/42/610px/42_Lk_05_02_RG.jpg,42_Lk_05_02_RG.jpg,42,142577,831,610,42,Lk,5,2,True
SweetPublishingBibleIllustrations-610px/42/610px/42_Lk_02_18_RG.jpg,42_Lk_02_18_RG.jpg,42,152486,831,610,42,Lk,2,18,True
SweetPublishingBibleIllustrations-610px/42/610px/42_Lk_24_12_RG.jpg,42_Lk_24_12_RG.jpg,42,149441,831,610,42,Lk,24,12,True
SweetPublishingBibleIllustrations-610px/42/610px/42_Lk_06_15_RG.jpg,42_Lk_06_15_RG.jpg,42,156575,831,610,42,Lk,6,15,True
SweetPublishingBibleIllustrations-610px/42/610px/42_Lk_23_08_RG.jpg,42_Lk_23_08_RG.jpg,42,170303,831,610,42,Lk,23,8,True
SweetPublishingBibleIllustrations-610px/42/610px/42_Lk_15_03_RG.jpg,42_Lk_15_03_RG.jpg,42,120545,798,610,42,Lk,15,3,True
SweetPublishingBibleIllustrations-610px/42/610px/42_Lk_01_11_RG.jpg,42_Lk_01_11_RG.jpg,42,148339,831,610,42,Lk,1,11,True
SweetPublishingBibleIllustrations-610px/42/610px/42_Lk_09_14_RG.jpg,42_Lk_09_14_RG.jpg,42,172024,831,610,42,Lk,9,14,True
SweetPublishingBibleIllustrations-610px/42/610px/42_Lk_23_16_RG.jpg,42_Lk_23_16_RG.jpg,42,137653,813,610,42,Lk,23,16,True
SweetPublishingBibleIllustrations-610px/42/610px/42_Lk_02_20_RG.jpg,42_Lk_02_20_RG.jpg,42,118809,831,610,42,Lk,2,20,True
SweetPublishingBibleIllustrations-610px/42/610px/42_Lk_09_18_RG.jpg,42_Lk_09_18_RG.jpg,42,149444,831,610,42,Lk,9,18,True
SweetPublishingBibleIllustrations-610px/42/610px/42_Lk_06_07_RG.jpg,42_Lk_06_07_RG.jpg,42,144133,831,610,42,Lk,6,7,True
SweetPublishingBibleIllustrations-610px/42/610px/42_Lk_15_11_RG.jpg,42_Lk_15_11_RG.jpg,42,148247,831,610,42,Lk,15,11,True
SweetPublishingBibleIllustrations-610px/42/610px/42_Lk_01_03_RG.jpg,42_Lk_01_03_RG.jpg,42,186326,831,610,42,Lk,1,3,True
SweetPublishingBibleIllustrations-610px/42/610px/42_Lk_09_06_RG.jpg,42_Lk_09_06_RG.jpg,42,149142,831,610,42,Lk,9,6,True
SweetPublishingBibleIllustrations-610px/42/610px/42_Lk_23_04_RG.jpg,42_Lk_23_04_RG.jpg,42,161583,831,610,42,Lk,23,4,True
SweetPublishingBibleIllustrations-610px/42/610px/42_Lk_19_09_RG.jpg,42_Lk_19_09_RG.jpg,42,144820,831,610,42,Lk,19,9,True
SweetPublishingBibleIllustrations-610px/42/610px/42_Lk_09_30_RG.jpg,42_Lk_09_30_RG.jpg,42,152502,831,610,42,Lk,9,30,True
SweetPublishingBibleIllustrations-610px/42/610px/42_Lk_20_03_RG.jpg,42_Lk_20_03_RG.jpg,42,144010,831,610,42,Lk,20,3,True
SweetPublishingBibleIllustrations-610px/42/610px/42_Lk_02_04_RG.jpg,42_Lk_02_04_RG.jpg,42,172366,831,610,42,Lk,2,4,True
SweetPublishingBibleIllustrations-610px/42/610px/42_Lk_05_12_RG.jpg,42_Lk_05_12_RG.jpg,42,157260,831,610,42,Lk,5,12,True
SweetPublishingBibleIllustrations-610px/42/610px/42_Lk_02_08_RG.jpg,42_Lk_02_08_RG.jpg,42,164880,831,610,42,Lk,2,8,True
SweetPublishingBibleIllustrations-610px/42/610px/42_Lk_20_11_RG.jpg,42_Lk_20_11_RG.jpg,42,138579,831,610,42,Lk,20,11,True
SweetPublishingBibleIllustrations-610px/42/610px/42_Lk_09_22_RG.jpg,42_Lk_09_22_RG.jpg,42,106962,831,610,42,Lk,9,22,True
SweetPublishingBibleIllustrations-610px/42/610px/42_Lk_19_05_RG.jpg,42_Lk_19_05_RG.jpg,42,132896,831,610,42,Lk,19,5,True
SweetPublishingBibleIllustrations-610px/42/610px/42_Lk_02_16_RG.jpg,42_Lk_02_16_RG.jpg,42,156016,831,610,42,Lk,2,16,True
SweetPublishingBibleIllustrations-610px/42/610px/42_Lk_23_20_RG.jpg,42_Lk_23_20_RG.jpg,42,152696,810,610,42,Lk,23,20,True
SweetPublishingBibleIllustrations-610px/42/610px/42_Lk_18_03_RG.jpg,42_Lk_18_03_RG.jpg,42,131048,815,610,42,Lk,18,3,True
SweetPublishingBibleIllustrations-610px/42/610px/42_Lk_03_10_RG.jpg,42_Lk_03_10_RG.jpg,42,187141,832,598,42,Lk,3,10,True
SweetPublishingBibleIllustrations-610px/42/610px/42_Lk_10_06_RG.jpg,42_Lk_10_06_RG.jpg,42,142290,831,610,42,Lk,10,6,True
SweetPublishingBibleIllustrations-610px/42/610px/42_Lk_22_26_RG.jpg,42_Lk_22_26_RG.jpg,42,191571,831,610,42,Lk,22,26,True
SweetPublishingBibleIllustrations-610px/42/610px/42_Lk_08_24_RG.jpg,42_Lk_08_24_RG.jpg,42,175360,831,610,42,Lk,8,24,True
SweetPublishingBibleIllustrations-610px/42/610px/42_Lk_04_14_RG.jpg,42_Lk_04_14_RG.jpg,42,152558,831,610,42,Lk,4,14,True
SweetPublishingBibleIllustrations-610px/42/610px/42_Lk_17_02_RG.jpg,42_Lk_17_02_RG.jpg,42,155058,831,610,42,Lk,17,2,True
SweetPublishingBibleIllustrations-610px/42/610px/42_Lk_21_09_RG.jpg,42_Lk_21_09_RG.jpg,42,144034,831,610,42,Lk,21,9,True
SweetPublishingBibleIllustrations-610px/42/610px/42_Lk_18_11_RG.jpg,42_Lk_18_11_RG.jpg,42,142565,831,610,42,Lk,18,11,True
SweetPublishingBibleIllustrations-610px/42/610px/42_Lk_03_02_RG.jpg,42_Lk_03_02_RG.jpg,42,149224,831,610,42,Lk,3,2,True
SweetPublishingBibleIllustrations-610px/42/610px/42_Lk_22_34_RG.jpg,42_Lk_22_34_RG.jpg,42,133461,831,610,42,Lk,22,34,True
SweetPublishingBibleIllustrations-610px/42/610px/42_Lk_08_36_RG.jpg,42_Lk_08_36_RG.jpg,42,152718,831,610,42,Lk,8,36,True
SweetPublishingBibleIllustrations-610px/42/610px/42_Lk_21_05_RG.jpg,42_Lk_21_05_RG.jpg,42,140274,831,610,42,Lk,21,5,True
SweetPublishingBibleIllustrations-610px/42/610px/42_Lk_04_18_RG.jpg,42_Lk_04_18_RG.jpg,42,165351,831,610,42,Lk,4,18,True
SweetPublishingBibleIllustrations-610px/42/610px/42_Lk_04_06_RG.jpg,42_Lk_04_06_RG.jpg,42,157843,831,610,42,Lk,4,6,True
SweetPublishingBibleIllustrations-610px/42/610px/42_Lk_08_28_RG.jpg,42_Lk_08_28_RG.jpg,42,153961,831,610,42,Lk,8,28,True
SweetPublishingBibleIllustrations-610px/42/610px/42_Lk_22_02_RG.jpg,42_Lk_22_02_RG.jpg,42,167453,831,610,42,Lk,22,2,True
SweetPublishingBibleIllustrations-610px/42/610px/42_Lk_07_01_RG.jpg,42_Lk_07_01_RG.jpg,42,152074,831,610,42,Lk,7,1,True
SweetPublishingBibleIllustrations-610px/42/610px/42_Lk_22_10_RG.jpg,42_Lk_22_10_RG.jpg,42,142526,831,610,42,Lk,22,10,True
SweetPublishingBibleIllustrations-610px/42/610px/42_Lk_08_12_RG.jpg,42_Lk_08_12_RG.jpg,42,170676,831,610,42,Lk,8,12,True
SweetPublishingBibleIllustrations-610px/42/610px/42_Lk_07_13_RG.jpg,42_Lk_07_13_RG.jpg,42,150820,831,610,42,Lk,7,13,True
SweetPublishingBibleIllustrations-610px/45/610px/54_1Ti_01_02_RG.jpg,54_1Ti_01_02_RG.jpg,45,153063,831,610,54,1Ti,1,2,True
SweetPublishingBibleIllustrations-610px/45/610px/54_1Ti_01_01_RG.jpg,54_1Ti_01_01_RG.jpg,45,152566,831,610,54,1Ti,1,1,True
SweetPublishingBibleIllustrations-610px/17/610px/17_Es_05_02_RG.jpg,17_Es_05_02_RG.jpg,17,145346,831,610,17,Es,5,2,True
SweetPublishingBibleIllustrations-610px/17/610px/17_Es_06_05_RG.jpg,17_Es_06_05_RG.jpg,17,176910,831,610,17,Es,6,5,True
SweetPublishingBibleIllustrations-610px/17/610px/17_Es_01_01_RG.jpg,17_Es_01_01_RG.jpg,17,175511,831,610,17,Es,1,1,True
SweetPublishingBibleIllustrations-610px/17/610px/17_Es_09_04_RG.jpg,17_Es_09_04_RG.jpg,17,159706,831,610,17,Es,9,4,True
SweetPublishingBibleIllustrations-610px/17/610px/17_Es_08_02_RG.jpg,17_Es_08_02_RG.jpg,17,168039,831,610,17,Es,8,2,True
SweetPublishingBibleIllustrations-610px/17/610px/17_Es_07_03_RG.jpg,17_Es_07_03_RG.jpg,17,160826,831,610,17,Es,7,3,True
SweetPublishingBibleIllustrations-610px/17/610px/17_Es_04_04_RG.jpg,17_Es_04_04_RG.jpg,17,164572,831,610,17,Es,4,4,True
SweetPublishingBibleIllustrations-610px/17/610px/17_Es_07_01_RG.jpg,17_Es_07_01_RG.jpg,17,175659,831,610,17,Es,7,1,True
SweetPublishingBibleIllustrations-610px/17/610px/17_Es_04_06_RG.jpg,17_Es_04_06_RG.jpg,17,158682,831,610,17,Es,4,6,True
SweetPublishingBibleIllustrations-610px/17/610px/17_Es_03_02_RG.jpg,17_Es_03_02_RG.jpg,17,162099,831,610,17,Es,3,2,True
SweetPublishingBibleIllustrations-610px/17/610px/17_Es_03_10_RG.jpg,17_Es_03_10_RG.jpg,17,156898,831,610,17,Es,3,10,True
SweetPublishingBibleIllustrations-610px/17/610px/17_Es_02_04_RG.jpg,17_Es_02_04_RG.jpg,17,169038,831,610,17,Es,2,4,True
SweetPublishingBibleIllustrations-610px/17/610px/17_Es_01_03_RG.jpg,17_Es_01_03_RG.jpg,17,164947,831,610,17,Es,1,3,True
SweetPublishingBibleIllustrations-610px/17/610px/17_Es_04_02_RG.jpg,17_Es_04_02_RG.jpg,17,148302,831,610,17,Es,4,2,True
SweetPublishingBibleIllustrations-610px/17/610px/17_Es_03_06_RG.jpg,17_Es_03_06_RG.jpg,17,164808,831,610,17,Es,3,6,True
SweetPublishingBibleIllustrations-610px/17/610px/17_Es_07_05_RG.jpg,17_Es_07_05_RG.jpg,17,174633,831,610,17,Es,7,5,True
SweetPublishingBibleIllustrations-610px/17/610px/17_Es_08_04_RG.jpg,17_Es_08_04_RG.jpg,17,155283,831,610,17,Es,8,4,True
SweetPublishingBibleIllustrations-610px/17/610px/17_Es_09_02_RG.jpg,17_Es_09_02_RG.jpg,17,178091,831,610,17,Es,9,2,True
SweetPublishingBibleIllustrations-610px/17/610px/17_Es_01_07_RG.jpg,17_Es_01_07_RG.jpg,17,160593,831,610,17,Es,1,7,True
SweetPublishingBibleIllustrations-610px/17/610px/17_Es_06_03_RG.jpg,17_Es_06_03_RG.jpg,17,166073,831,610,17,Es,6,3,True
SweetPublishingBibleIllustrations-610px/17/610px/17_Es_05_04_RG.jpg,17_Es_05_04_RG.jpg,17,172703,831,610,17,Es,5,4,True
SweetPublishingBibleIllustrations-610px/17/610px/17_Es_05_08_RG.jpg,17_Es_05_08_RG.jpg,17,186142,831,610,17,Es,5,8,True
SweetPublishingBibleIllustrations-610px/17/610px/17_Es_06_01_RG.jpg,17_Es_06_01_RG.jpg,17,171328,831,610,17,Es,6,1,True
SweetPublishingBibleIllustrations-610px/17/610px/17_Es_01_05_RG.jpg,17_Es_01_05_RG.jpg,17,152976,831,610,17,Es,1,5,True
SweetPublishingBibleIllustrations-610px/17/610px/17_Es_05_06_RG.jpg,17_Es_05_06_RG.jpg,17,185607,831,610,17,Es,5,6,True
SweetPublishingBibleIllustrations-610px/17/610px/17_Es_02_02_RG.jpg,17_Es_02_02_RG.jpg,17,165147,831,610,17,Es,2,2,True
SweetPublishingBibleIllustrations-610px/17/610px/17_Es_03_04_RG.jpg,17_Es_03_04_RG.jpg,17,144730,831,610,17,Es,3,4,True
SweetPublishingBibleIllustrations-610px/17/610px/17_Es_03_08_RG.jpg,17_Es_03_08_RG.jpg,17,149106,831,610,17,Es,3,8,True
SweetPublishingBibleIllustrations-610px/17/610px/17_Es_08_06_RG.jpg,17_Es_08_06_RG.jpg,17,163664,831,610,17,Es,8,6,True
SweetPublishingBibleIllustrations-610px/17/610px/17_Es_04_05_RG.jpg,17_Es_04_05_RG.jpg,17,149948,831,610,17,Es,4,5,True
SweetPublishingBibleIllustrations-610px/17/610px/17_Es_03_01_RG.jpg,17_Es_03_01_RG.jpg,17,108984,765,610,17,Es,3,1,True
SweetPublishingBibleIllustrations-610px/17/610px/17_Es_07_02_RG.jpg,17_Es_07_02_RG.jpg,17,164885,831,610,17,Es,7,2,True
SweetPublishingBibleIllustrations-610px/17/610px/17_Es_08_03_RG.jpg,17_Es_08_03_RG.jpg,17,169533,831,610,17,Es,8,3,True
SweetPublishingBibleIllustrations-610px/17/610px/17_Es_09_05_RG.jpg,17_Es_09_05_RG.jpg,17,194476,831,610,17,Es,9,5,True
SweetPublishingBibleIllustrations-610px/17/610px/17_Es_06_04_RG.jpg,17_Es_06_04_RG.jpg,17,153994,831,610,17,Es,6,4,True
SweetPublishingBibleIllustrations-610px/17/610px/17_Es_05_03_RG.jpg,17_Es_05_03_RG.jpg,17,137438,831,610,17,Es,5,3,True
SweetPublishingBibleIllustrations-610px/17/610px/17_Es_06_06_RG.jpg,17_Es_06_06_RG.jpg,17,166741,831,610,17,Es,6,6,True
SweetPublishingBibleIllustrations-610px/17/610px/17_Es_01_02_RG.jpg,17_Es_01_02_RG.jpg,17,173128,831,610,17,Es,1,2,True
SweetPublishingBibleIllustrations-610px/17/610px/17_Es_05_01_RG.jpg,17_Es_05_01_RG.jpg,17,156308,831,610,17,Es,5,1,True
SweetPublishingBibleIllustrations-610px/17/610px/17_Es_02_05_RG.jpg,17_Es_02_05_RG.jpg,17,169285,831,610,17,Es,2,5,True
SweetPublishingBibleIllustrations-610px/17/610px/17_Es_03_03_RG.jpg,17_Es_03_03_RG.jpg,17,166372,831,610,17,Es,3,3,True
SweetPublishingBibleIllustrations-610px/17/610px/17_Es_08_01_RG.jpg,17_Es_08_01_RG.jpg,17,170537,831,610,17,Es,8,1,True
SweetPublishingBibleIllustrations-610px/17/610px/17_Es_05_05_RG.jpg,17_Es_05_05_RG.jpg,17,151557,831,610,17,Es,5,5,True
SweetPublishingBibleIllustrations-610px/17/610px/17_Es_02_01_RG.jpg,17_Es_02_01_RG.jpg,17,165716,831,610,17,Es,2,1,True
SweetPublishingBibleIllustrations-610px/17/610px/17_Es_06_02_RG.jpg,17_Es_06_02_RG.jpg,17,186902,831,610,17,Es,6,2,True
SweetPublishingBibleIllustrations-610px/17/610px/17_Es_09_03_RG.jpg,17_Es_09_03_RG.jpg,17,156949,795,610,17,Es,9,3,True
SweetPublishingBibleIllustrations-610px/17/610px/17_Es_01_06_RG.jpg,17_Es_01_06_RG.jpg,17,145513,831,610,17,Es,1,6,True
SweetPublishingBibleIllustrations-610px/17/610px/17_Es_08_05_RG.jpg,17_Es_08_05_RG.jpg,17,158717,831,610,17,Es,8,5,True
SweetPublishingBibleIllustrations-610px/17/610px/17_Es_07_04_RG.jpg,17_Es_07_04_RG.jpg,17,181252,831,610,17,Es,7,4,True
SweetPublishingBibleIllustrations-610px/17/610px/17_Es_03_07_RG.jpg,17_Es_03_07_RG.jpg,17,168124,831,610,17,Es,3,7,True
SweetPublishingBibleIllustrations-610px/17/610px/17_Es_04_03_RG.jpg,17_Es_04_03_RG.jpg,17,155305,831,610,17,Es,4,3,True
SweetPublishingBibleIllustrations-610px/17/610px/17_Es_08_07_RG.jpg,17_Es_08_07_RG.jpg,17,166949,831,610,17,Es,8,7,True
SweetPublishingBibleIllustrations-610px/17/610px/17_Es_04_01_RG.jpg,17_Es_04_01_RG.jpg,17,122574,831,610,17,Es,4,1,True
SweetPublishingBibleIllustrations-610px/17/610px/17_Es_03_05_RG.jpg,17_Es_03_05_RG.jpg,17,156210,818,610,17,Es,3,5,True
SweetPublishingBibleIllustrations-610px/17/610px/17_Es_03_09_RG.jpg,17_Es_03_09_RG.jpg,17,163541,831,610,17,Es,3,9,True
SweetPublishingBibleIllustrations-610px/17/610px/17_Es_02_03_RG.jpg,17_Es_02_03_RG.jpg,17,178679,831,610,17,Es,2,3,True
SweetPublishingBibleIllustrations-610px/17/610px/17_Es_05_07_RG.jpg,17_Es_05_07_RG.jpg,17,152044,831,610,17,Es,5,7,True
SweetPublishingBibleIllustrations-610px/17/610px/17_Es_01_04_RG.jpg,17_Es_01_04_RG.jpg,17,176771,831,610,17,Es,1,4,True
SweetPublishingBibleIllustrations-610px/17/610px/17_Es_09_01_RG.jpg,17_Es_09_01_RG.jpg,17,163664,831,610,17,Es,9,1,True
SweetPublishingBibleIllustrations-610px/10/610px/10_2Sa_11_04_RG.jpg,10_2Sa_11_04_RG.jpg,10,157037,830,610,10,2Sa,11,4,True
SweetPublishingBibleIllustrations-610px/10/610px/10_2Sa_09_02_RG.jpg,10_2Sa_09_02_RG.jpg,10,137176,832,603,10,2Sa,9,2,True
SweetPublishingBibleIllustrations-610px/10/610px/10_2Sa_06_03_RG.jpg,10_2Sa_06_03_RG.jpg,10,155330,831,610,10,2Sa,6,3,True
SweetPublishingBibleIllustrations-610px/10/610px/10_2Sa_12_03_RG.jpg,10_2Sa_12_03_RG.jpg,10,139296,824,610,10,2Sa,12,3,True
SweetPublishingBibleIllustrations-610px/10/610px/10_2Sa_15_07_RG.jpg,10_2Sa_15_07_RG.jpg,10,158186,832,608,10,2Sa,15,7,True
SweetPublishingBibleIllustrations-610px/10/610px/10_2Sa_14_01_RG.jpg,10_2Sa_14_01_RG.jpg,10,150222,829,610,10,2Sa,14,1,True
SweetPublishingBibleIllustrations-610px/10/610px/10_2Sa_10_02_RG.jpg,10_2Sa_10_02_RG.jpg,10,162322,832,597,10,2Sa,10,2,True
SweetPublishingBibleIllustrations-610px/10/610px/10_2Sa_14_03_RG.jpg,10_2Sa_14_03_RG.jpg,10,160065,824,610,10,2Sa,14,3,True
SweetPublishingBibleIllustrations-610px/10/610px/10_2Sa_18_05_RG.jpg,10_2Sa_18_05_RG.jpg,10,156729,832,609,10,2Sa,18,5,True
SweetPublishingBibleIllustrations-610px/10/610px/10_2Sa_15_05_RG.jpg,10_2Sa_15_05_RG.jpg,10,133316,832,609,10,2Sa,15,5,True
SweetPublishingBibleIllustrations-610px/10/610px/10_2Sa_12_01_RG.jpg,10_2Sa_12_01_RG.jpg,10,146674,824,610,10,2Sa,12,1,True
SweetPublishingBibleIllustrations-610px/10/610px/10_2Sa_06_01_RG.jpg,10_2Sa_06_01_RG.jpg,10,154755,832,609,10,2Sa,6,1,True
SweetPublishingBibleIllustrations-610px/10/610px/10_2Sa_15_09_RG.jpg,10_2Sa_15_09_RG.jpg,10,149522,832,596,10,2Sa,15,9,True
SweetPublishingBibleIllustrations-610px/10/610px/10_2Sa_18_01_RG.jpg,10_2Sa_18_01_RG.jpg,10,188858,831,610,10,2Sa,18,1,True
SweetPublishingBibleIllustrations-610px/10/610px/10_2Sa_10_04_RG.jpg,10_2Sa_10_04_RG.jpg,10,141161,832,603,10,2Sa,10,4,True
SweetPublishingBibleIllustrations-610px/10/610px/10_2Sa_06_05_RG.jpg,10_2Sa_06_05_RG.jpg,10,146310,828,610,10,2Sa,6,5,True
SweetPublishingBibleIllustrations-610px/10/610px/10_2Sa_01_01_RG.jpg,10_2Sa_01_01_RG.jpg,10,113803,811,610,10,2Sa,1,1,True
SweetPublishingBibleIllustrations-610px/10/610px/10_2Sa_09_04_RG.jpg,10_2Sa_09_04_RG.jpg,10,151940,832,591,10,2Sa,9,4,True
SweetPublishingBibleIllustrations-610px/10/610px/10_2Sa_15_01_RG.jpg,10_2Sa_15_01_RG.jpg,10,174863,832,604,10,2Sa,15,1,True
SweetPublishingBibleIllustrations-610px/10/610px/10_2Sa_12_05_RG.jpg,10_2Sa_12_05_RG.jpg,10,158070,831,610,10,2Sa,12,5,True
SweetPublishingBibleIllustrations-610px/10/610px/10_2Sa_11_02_RG.jpg,10_2Sa_11_02_RG.jpg,10,148744,828,610,10,2Sa,11,2,True
SweetPublishingBibleIllustrations-610px/10/610px/10_2Sa_12_07_RG.jpg,10_2Sa_12_07_RG.jpg,10,154890,831,610,10,2Sa,12,7,True
SweetPublishingBibleIllustrations-610px/10/610px/10_2Sa_15_03_RG.jpg,10_2Sa_15_03_RG.jpg,10,154349,825,610,10,2Sa,15,3,True
SweetPublishingBibleIllustrations-610px/10/610px/10_2Sa_06_07_RG.jpg,10_2Sa_06_07_RG.jpg,10,140419,829,610,10,2Sa,6,7,True
SweetPublishingBibleIllustrations-610px/10/610px/10_2Sa_10_06_RG.jpg,10_2Sa_10_06_RG.jpg,10,162568,832,608,10,2Sa,10,6,True
SweetPublishingBibleIllustrations-610px/10/610px/10_2Sa_18_03_RG.jpg,10_2Sa_18_03_RG.jpg,10,180878,832,610,10,2Sa,18,3,True
SweetPublishingBibleIllustrations-610px/10/610px/10_2Sa_07_01_RG.jpg,10_2Sa_07_01_RG.jpg,10,165641,822,610,10,2Sa,7,1,True
SweetPublishingBibleIllustrations-610px/10/610px/10_2Sa_13_01_RG.jpg,10_2Sa_13_01_RG.jpg,10,170418,825,610,10,2Sa,13,1,True
SweetPublishingBibleIllustrations-610px/10/610px/10_2Sa_10_03_RG.jpg,10_2Sa_10_03_RG.jpg,10,156095,832,597,10,2Sa,10,3,True
SweetPublishingBibleIllustrations-610px/10/610px/10_2Sa_18_06_RG.jpg,10_2Sa_18_06_RG.jpg,10,177372,825,610,10,2Sa,18,6,True
SweetPublishingBibleIllustrations-610px/10/610px/10_2Sa_31_03_RG.jpg,10_2Sa_31_03_RG.jpg,10,168782,824,610,10,2Sa,31,3,True
SweetPublishingBibleIllustrations-610px/10/610px/10_2Sa_06_02_RG.jpg,10_2Sa_06_02_RG.jpg,10,140212,824,610,10,2Sa,6,2,True
SweetPublishingBibleIllustrations-610px/10/610px/10_2Sa_09_03_RG.jpg,10_2Sa_09_03_RG.jpg,10,162308,818,610,10,2Sa,9,3,True
SweetPublishingBibleIllustrations-610px/10/610px/10_2Sa_15_06_RG.jpg,10_2Sa_15_06_RG.jpg,10,156329,832,604,10,2Sa,15,6,True
SweetPublishingBibleIllustrations-610px/10/610px/10_2Sa_12_02_RG.jpg,10_2Sa_12_02_RG.jpg,10,153841,824,610,10,2Sa,12,2,True
SweetPublishingBibleIllustrations-610px/10/610px/10_2Sa_02_01_RG.jpg,10_2Sa_02_01_RG.jpg,10,159676,832,608,10,2Sa,2,1,True
SweetPublishingBibleIllustrations-610px/10/610px/10_2Sa_15_04_RG.jpg,10_2Sa_15_04_RG.jpg,10,136288,832,602,10,2Sa,15,4,True
SweetPublishingBibleIllustrations-610px/10/610px/10_2Sa_09_01_RG.jpg,10_2Sa_09_01_RG.jpg,10,163697,795,610,10,2Sa,9,1,True
SweetPublishingBibleIllustrations-610px/10/610px/10_2Sa_15_08_RG.jpg,10_2Sa_15_08_RG.jpg,10,169569,832,606,10,2Sa,15,8,True
SweetPublishingBibleIllustrations-610px/10/610px/10_2Sa_18_04_RG.jpg,10_2Sa_18_04_RG.jpg,10,152663,832,604,10,2Sa,18,4,True
SweetPublishingBibleIllustrations-610px/10/610px/10_2Sa_10_01_RG.jpg,10_2Sa_10_01_RG.jpg,10,150928,828,610,10,2Sa,10,1,True
SweetPublishingBibleIllustrations-610px/10/610px/10_2Sa_14_02_RG.jpg,10_2Sa_14_02_RG.jpg,10,152777,832,606,10,2Sa,14,2,True
SweetPublishingBibleIllustrations-610px/10/610px/10_2Sa_11_03_RG.jpg,10_2Sa_11_03_RG.jpg,10,170764,827,610,10,2Sa,11,3,True
SweetPublishingBibleIllustrations-610px/10/610px/10_2Sa_09_05_RG.jpg,10_2Sa_09_05_RG.jpg,10,177723,832,600,10,2Sa,9,5,True
SweetPublishingBibleIllustrations-610px/10/610px/10_2Sa_06_04_RG.jpg,10_2Sa_06_04_RG.jpg,10,148865,832,600,10,2Sa,6,4,True
SweetPublishingBibleIllustrations-610px/10/610px/10_2Sa_12_08_RG.jpg,10_2Sa_12_08_RG.jpg,10,151188,832,609,10,2Sa,12,8,True
SweetPublishingBibleIllustrations-610px/10/610px/10_2Sa_12_04_RG.jpg,10_2Sa_12_04_RG.jpg,10,138322,832,599,10,2Sa,12,4,True
SweetPublishingBibleIllustrations-610px/10/610px/10_2Sa_13_02_RG.jpg,10_2Sa_13_02_RG.jpg,10,159858,832,608,10,2Sa,13,2,True
SweetPublishingBibleIllustrations-610px/10/610px/10_2Sa_07_02_RG.jpg,10_2Sa_07_02_RG.jpg,10,153634,832,605,10,2Sa,7,2,True
SweetPublishingBibleIllustrations-610px/10/610px/10_2Sa_17_01_RG.jpg,10_2Sa_17_01_RG.jpg,10,167742,832,606,10,2Sa,17,1,True
SweetPublishingBibleIllustrations-610px/10/610px/10_2Sa_10_05_RG.jpg,10_2Sa_10_05_RG.jpg,10,125781,832,599,10,2Sa,10,5,True
SweetPublishingBibleIllustrations-610px/10/610px/10_2Sa_14_04_RG.jpg,10_2Sa_14_04_RG.jpg,10,170294,832,603,10,2Sa,14,4,True
SweetPublishingBibleIllustrations-610px/10/610px/10_2Sa_10_07_RG.jpg,10_2Sa_10_07_RG.jpg,10,183123,822,610,10,2Sa,10,7,True
SweetPublishingBibleIllustrations-610px/10/610px/10_2Sa_18_02_RG.jpg,10_2Sa_18_02_RG.jpg,10,180453,832,609,10,2Sa,18,2,True
SweetPublishingBibleIllustrations-610px/10/610px/10_2Sa_05_01_RG.jpg,10_2Sa_05_01_RG.jpg,10,158366,823,610,10,2Sa,5,1,True
SweetPublishingBibleIllustrations-610px/10/610px/10_2Sa_11_01_RG.jpg,10_2Sa_11_01_RG.jpg,10,165056,831,610,10,2Sa,11,1,True
SweetPublishingBibleIllustrations-610px/10/610px/10_2Sa_15_02_RG.jpg,10_2Sa_15_02_RG.jpg,10,158740,832,600,10,2Sa,15,2,True
SweetPublishingBibleIllustrations-610px/10/610px/10_2Sa_12_06_RG.jpg,10_2Sa_12_06_RG.jpg,10,159962,827,610,10,2Sa,12,6,True
SweetPublishingBibleIllustrations-610px/10/610px/10_2Sa_06_06_RG.jpg,10_2Sa_06_06_RG.jpg,10,147974,825,610,10,2Sa,6,6,True
SweetPublishingBibleIllustrations-610px/19/610px/19_Ps_23_02_RG.jpg,19_Ps_23_02_RG.jpg,19,180151,823,610,19,Ps,23,2,True
SweetPublishingBibleIllustrations-610px/19/610px/19_Ps_51_01_RG.jpg,19_Ps_51_01_RG.jpg,19,169257,831,610,19,Ps,51,1,True
SweetPublishingBibleIllustrations-610px/19/610px/19_Ps_119_01_RG.jpg,19_Ps_119_01_RG.jpg,19,173661,832,603,19,Ps,119,1,True
SweetPublishingBibleIllustrations-610px/19/610px/19_Ps_25_01_RG.jpg,19_Ps_25_01_RG.jpg,19,151024,830,610,19,Ps,25,1,True
SweetPublishingBibleIllustrations-610px/19/610px/19_Ps_31_01_RG.jpg,19_Ps_31_01_RG.jpg,19,165145,832,607,19,Ps,31,1,True
SweetPublishingBibleIllustrations-610px/19/610px/19_Ps_52_01_RG.jpg,19_Ps_52_01_RG.jpg,19,166866,827,610,19,Ps,52,1,True
SweetPublishingBibleIllustrations-610px/19/610px/19_Ps_23_03_RG.jpg,19_Ps_23_03_RG.jpg,19,161680,832,607,19,Ps,23,3,True
SweetPublishingBibleIllustrations-610px/19/610px/19_Ps_23_01_RG.jpg,19_Ps_23_01_RG.jpg,19,190774,832,610,19,Ps,23,1,True
SweetPublishingBibleIllustrations-610px/19/610px/19_Ps_119_02_RG.jpg,19_Ps_119_02_RG.jpg,19,163221,832,607,19,Ps,119,2,True
SweetPublishingBibleIllustrations-610px/26/610px/26_Eze_01_01_RG.jpg,26_Eze_01_01_RG.jpg,26,208713,831,610,26,Eze,1,1,True
SweetPublishingBibleIllustrations-610px/26/610px/26_Eze_37_04_RG.jpg,26_Eze_37_04_RG.jpg,26,194436,831,610,26,Eze,37,4,True
SweetPublishingBibleIllustrations-610px/26/610px/26_Eze_01_03_RG.jpg,26_Eze_01_03_RG.jpg,26,195767,831,610,26,Eze,1,3,True
SweetPublishingBibleIllustrations-610px/26/610px/26_Eze_02_02_RG.jpg,26_Eze_02_02_RG.jpg,26,193122,831,610,26,Eze,2,2,True
SweetPublishingBibleIllustrations-610px/26/610px/26_Eze_37_02_RG.jpg,26_Eze_37_02_RG.jpg,26,194537,831,610,26,Eze,37,2,True
SweetPublishingBibleIllustrations-610px/26/610px/26_Eze_03_01_RG.jpg,26_Eze_03_01_RG.jpg,26,183528,831,610,26,Eze,3,1,True
SweetPublishingBibleIllustrations-610px/26/610px/26_Eze_11_01_RG.jpg,26_Eze_11_01_RG.jpg,26,174598,831,610,26,Eze,11,1,True
SweetPublishingBibleIllustrations-610px/26/610px/26_Eze_01_02_RG.jpg,26_Eze_01_02_RG.jpg,26,190410,831,610,26,Eze,1,2,True
SweetPublishingBibleIllustrations-610px/26/610px/26_Eze_37_01_RG.jpg,26_Eze_37_01_RG.jpg,26,156182,831,610,26,Eze,37,1,True
SweetPublishingBibleIllustrations-610px/26/610px/26_Eze_02_01_RG.jpg,26_Eze_02_01_RG.jpg,26,157677,831,610,26,Eze,2,1,True
SweetPublishingBibleIllustrations-610px/26/610px/26_Eze_37_03_RG.jpg,26_Eze_37_03_RG.jpg,26,175169,831,610,26,Eze,37,3,True
SweetPublishingBibleIllustrations-610px/26/610px/26_Eze_01_04_RG.jpg,26_Eze_01_04_RG.jpg,26,157677,831,610,26,Eze,1,4,True
SweetPublishingBibleIllustrations-610px/44/610px/44_Ac_27_03_RG.jpg,44_Ac_27_03_RG.jpg,44,166582,831,610,44,Ac,27,3,True
SweetPublishingBibleIllustrations-610px/44/610px/44_Ac_05_04_RG.jpg,44_Ac_05_04_RG.jpg,44,142410,831,610,44,Ac,5,4,True
SweetPublishingBibleIllustrations-610px/44/610px/44_Ac_16_12_RG.jpg,44_Ac_16_12_RG.jpg,44,144939,831,610,44,Ac,16,12,True
SweetPublishingBibleIllustrations-610px/44/610px/44_Ac_19_13_RG.jpg,44_Ac_19_13_RG.jpg,44,158107,831,610,44,Ac,19,13,True
SweetPublishingBibleIllustrations-610px/44/610px/44_Ac_20_07_RG.jpg,44_Ac_20_07_RG.jpg,44,147787,831,610,44,Ac,20,7,True
SweetPublishingBibleIllustrations-610px/44/610px/44_Ac_28_02_RG.jpg,44_Ac_28_02_RG.jpg,44,172188,831,610,44,Ac,28,2,True
SweetPublishingBibleIllustrations-610px/44/610px/44_Ac_27_11_RG.jpg,44_Ac_27_11_RG.jpg,44,163762,831,610,44,Ac,27,11,True
SweetPublishingBibleIllustrations-610px/44/610px/44_Ac_05_16_RG.jpg,44_Ac_05_16_RG.jpg,44,163556,831,610,44,Ac,5,16,True
SweetPublishingBibleIllustrations-610px/44/610px/44_Ac_02_12_RG.jpg,44_Ac_02_12_RG.jpg,44,182920,831,610,44,Ac,2,12,True
SweetPublishingBibleIllustrations-610px/44/610px/44_Ac_19_01_RG.jpg,44_Ac_19_01_RG.jpg,44,158723,831,610,44,Ac,19,1,True
SweetPublishingBibleIllustrations-610px/44/610px/44_Ac_09_26_RG.jpg,44_Ac_09_26_RG.jpg,44,157828,831,610,44,Ac,9,26,True
SweetPublishingBibleIllustrations-610px/44/610px/44_Ac_05_08_RG.jpg,44_Ac_05_08_RG.jpg,44,150038,831,610,44,Ac,5,8,True
SweetPublishingBibleIllustrations-610px/44/610px/44_Ac_28_10_RG.jpg,44_Ac_28_10_RG.jpg,44,135970,831,610,44,Ac,28,10,True
SweetPublishingBibleIllustrations-610px/44/610px/44_Ac_06_11_RG.jpg,44_Ac_06_11_RG.jpg,44,145712,831,610,44,Ac,6,11,True
SweetPublishingBibleIllustrations-610px/44/610px/44_Ac_15_07_RG.jpg,44_Ac_15_07_RG.jpg,44,147728,831,610,44,Ac,15,7,True
SweetPublishingBibleIllustrations-610px/44/610px/44_Ac_12_03_RG.jpg,44_Ac_12_03_RG.jpg,44,165447,831,610,44,Ac,12,3,True
SweetPublishingBibleIllustrations-610px/44/610px/44_Ac_09_10_RG.jpg,44_Ac_09_10_RG.jpg,44,160781,831,610,44,Ac,9,10,True
SweetPublishingBibleIllustrations-610px/44/610px/44_Ac_24_08_RG.jpg,44_Ac_24_08_RG.jpg,44,147172,831,610,44,Ac,24,8,True
SweetPublishingBibleIllustrations-610px/44/610px/44_Ac_06_03_RG.jpg,44_Ac_06_03_RG.jpg,44,147910,831,610,44,Ac,6,3,True
SweetPublishingBibleIllustrations-610px/44/610px/44_Ac_24_04_RG.jpg,44_Ac_24_04_RG.jpg,44,134706,831,610,44,Ac,24,4,True
SweetPublishingBibleIllustrations-610px/44/610px/44_Ac_01_07_RG.jpg,44_Ac_01_07_RG.jpg,44,158837,831,610,44,Ac,1,7,True
SweetPublishingBibleIllustrations-610px/44/610px/44_Ac_12_11_RG.jpg,44_Ac_12_11_RG.jpg,44,163371,831,610,44,Ac,12,11,True
SweetPublishingBibleIllustrations-610px/44/610px/44_Ac_09_02_RG.jpg,44_Ac_09_02_RG.jpg,44,150341,831,610,44,Ac,9,2,True
SweetPublishingBibleIllustrations-610px/44/610px/44_Ac_13_17_RG.jpg,44_Ac_13_17_RG.jpg,44,0,,,44,Ac,13,17,True
SweetPublishingBibleIllustrations-610px/44/610px/44_Ac_08_04_RG.jpg,44_Ac_08_04_RG.jpg,44,155670,831,610,44,Ac,8,4,True
SweetPublishingBibleIllustrations-610px/44/610px/44_Ac_17_22_RG.jpg,44_Ac_17_22_RG.jpg,44,158625,831,610,44,Ac,17,22,True
SweetPublishingBibleIllustrations-610px/44/610px/44_Ac_13_09_RG.jpg,44_Ac_13_09_RG.jpg,44,145236,831,610,44,Ac,13,9,True
SweetPublishingBibleIllustrations-610px/44/610px/44_Ac_25_02_RG.jpg,44_Ac_25_02_RG.jpg,44,149171,831,610,44,Ac,25,2,True
SweetPublishingBibleIllustrations-610px/44/610px/44_Ac_13_05_RG.jpg,44_Ac_13_05_RG.jpg,44,151817,831,610,44,Ac,13,5,True
SweetPublishingBibleIllustrations-610px/44/610px/44_Ac_08_16_RG.jpg,44_Ac_08_16_RG.jpg,44,154115,831,610,44,Ac,8,16,True
SweetPublishingBibleIllustrations-610px/44/610px/44_Ac_08_08_RG.jpg,44_Ac_08_08_RG.jpg,44,161477,831,610,44,Ac,8,8,True
SweetPublishingBibleIllustrations-610px/44/610px/44_Ac_14_01_RG.jpg,44_Ac_14_01_RG.jpg,44,159810,831,610,44,Ac,14,1,True
SweetPublishingBibleIllustrations-610px/44/610px/44_Ac_08_20_RG.jpg,44_Ac_08_20_RG.jpg,44,164608,831,610,44,Ac,8,20,True
SweetPublishingBibleIllustrations-610px/44/610px/44_Ac_21_13_RG.jpg,44_Ac_21_13_RG.jpg,44,159385,831,610,44,Ac,21,13,True
SweetPublishingBibleIllustrations-610px/44/610px/44_Ac_17_18_RG.jpg,44_Ac_17_18_RG.jpg,44,146720,831,610,44,Ac,17,18,True
SweetPublishingBibleIllustrations-610px/44/610px/44_Ac_18_07_RG.jpg,44_Ac_18_07_RG.jpg,44,150909,831,610,44,Ac,18,7,True
SweetPublishingBibleIllustrations-610px/44/610px/44_Ac_10_02_RG.jpg,44_Ac_10_02_RG.jpg,44,150240,831,610,44,Ac,10,2,True
SweetPublishingBibleIllustrations-610px/44/610px/44_Ac_04_10_RG.jpg,44_Ac_04_10_RG.jpg,44,160775,831,610,44,Ac,4,10,True
SweetPublishingBibleIllustrations-610px/44/610px/44_Ac_17_06_RG.jpg,44_Ac_17_06_RG.jpg,44,165873,831,610,44,Ac,17,6,True
SweetPublishingBibleIllustrations-610px/44/610px/44_Ac_18_19_RG.jpg,44_Ac_18_19_RG.jpg,44,157579,831,610,44,Ac,18,19,True
SweetPublishingBibleIllustrations-610px/44/610px/44_Ac_21_01_RG.jpg,44_Ac_21_01_RG.jpg,44,159015,831,610,44,Ac,21,1,True
SweetPublishingBibleIllustrations-610px/44/610px/44_Ac_03_06_RG.jpg,44_Ac_03_06_RG.jpg,44,163074,831,610,44,Ac,3,6,True
SweetPublishingBibleIllustrations-610px/44/610px/44_Ac_18_15_RG.jpg,44_Ac_18_15_RG.jpg,44,167044,831,610,44,Ac,18,15,True
SweetPublishingBibleIllustrations-610px/44/610px/44_Ac_04_02_RG.jpg,44_Ac_04_02_RG.jpg,44,153834,831,610,44,Ac,4,2,True
SweetPublishingBibleIllustrations-610px/44/610px/44_Ac_17_14_RG.jpg,44_Ac_17_14_RG.jpg,44,149402,831,610,44,Ac,17,14,True
SweetPublishingBibleIllustrations-610px/44/610px/44_Ac_26_05_RG.jpg,44_Ac_26_05_RG.jpg,44,173171,831,610,44,Ac,26,5,True
SweetPublishingBibleIllustrations-610px/44/610px/44_Ac_13_19_RG.jpg,44_Ac_13_19_RG.jpg,44,158401,831,610,44,Ac,13,19,True
SweetPublishingBibleIllustrations-610px/44/610px/44_Ac_14_03_RG.jpg,44_Ac_14_03_RG.jpg,44,150549,831,610,44,Ac,14,3,True
SweetPublishingBibleIllustrations-610px/44/610px/44_Ac_08_14_RG.jpg,44_Ac_08_14_RG.jpg,44,154627,831,610,44,Ac,8,14,True
SweetPublishingBibleIllustrations-610px/44/610px/44_Ac_13_07_RG.jpg,44_Ac_13_07_RG.jpg,44,158895,831,610,44,Ac,13,7,True
SweetPublishingBibleIllustrations-610px/44/610px/44_Ac_17_20_RG.jpg,44_Ac_17_20_RG.jpg,44,137732,831,610,44,Ac,17,20,True
SweetPublishingBibleIllustrations-610px/44/610px/44_Ac_08_18_RG.jpg,44_Ac_08_18_RG.jpg,44,141319,831,610,44,Ac,8,18,True
SweetPublishingBibleIllustrations-610px/44/610px/44_Ac_14_11_RG.jpg,44_Ac_14_11_RG.jpg,44,172363,831,610,44,Ac,14,11,True
SweetPublishingBibleIllustrations-610px/44/610px/44_Ac_08_06_RG.jpg,44_Ac_08_06_RG.jpg,44,144706,831,610,44,Ac,8,6,True
SweetPublishingBibleIllustrations-610px/44/610px/44_Ac_13_15_RG.jpg,44_Ac_13_15_RG.jpg,44,123919,831,610,44,Ac,13,15,True
SweetPublishingBibleIllustrations-610px/44/610px/44_Ac_18_21_RG.jpg,44_Ac_18_21_RG.jpg,44,0,,,44,Ac,18,21,True
SweetPublishingBibleIllustrations-610px/44/610px/44_Ac_22_04_RG.jpg,44_Ac_22_04_RG.jpg,44,176362,831,610,44,Ac,22,4,True
SweetPublishingBibleIllustrations-610px/44/610px/44_Ac_17_16_RG.jpg,44_Ac_17_16_RG.jpg,44,139807,831,610,44,Ac,17,16,True
SweetPublishingBibleIllustrations-610px/44/610px/44_Ac_18_09_RG.jpg,44_Ac_18_09_RG.jpg,44,177618,831,610,44,Ac,18,9,True
SweetPublishingBibleIllustrations-610px/44/610px/44_Ac_17_08_RG.jpg,44_Ac_17_08_RG.jpg,44,169175,831,610,44,Ac,17,8,True
SweetPublishingBibleIllustrations-610px/44/610px/44_Ac_21_03_RG.jpg,44_Ac_21_03_RG.jpg,44,165807,831,610,44,Ac,21,3,True
SweetPublishingBibleIllustrations-610px/44/610px/44_Ac_18_17_RG.jpg,44_Ac_18_17_RG.jpg,44,97373,831,610,44,Ac,18,17,True
SweetPublishingBibleIllustrations-610px/44/610px/44_Ac_03_04_RG.jpg,44_Ac_03_04_RG.jpg,44,144565,831,610,44,Ac,3,4,True
SweetPublishingBibleIllustrations-610px/44/610px/44_Ac_17_04_RG.jpg,44_Ac_17_04_RG.jpg,44,155129,831,610,44,Ac,17,4,True
SweetPublishingBibleIllustrations-610px/44/610px/44_Ac_04_12_RG.jpg,44_Ac_04_12_RG.jpg,44,159441,831,610,44,Ac,4,12,True
SweetPublishingBibleIllustrations-610px/44/610px/44_Ac_03_08_RG.jpg,44_Ac_03_08_RG.jpg,44,153423,831,610,44,Ac,3,8,True
SweetPublishingBibleIllustrations-610px/44/610px/44_Ac_08_22_RG.jpg,44_Ac_08_22_RG.jpg,44,157720,831,610,44,Ac,8,22,True
SweetPublishingBibleIllustrations-610px/44/610px/44_Ac_21_11_RG.jpg,44_Ac_21_11_RG.jpg,44,146402,831,610,44,Ac,21,11,True
SweetPublishingBibleIllustrations-610px/44/610px/44_Ac_18_05_RG.jpg,44_Ac_18_05_RG.jpg,44,149706,831,610,44,Ac,18,5,True
SweetPublishingBibleIllustrations-610px/44/610px/44_Ac_19_03_RG.jpg,44_Ac_19_03_RG.jpg,44,139241,831,610,44,Ac,19,3,True
SweetPublishingBibleIllustrations-610px/44/610px/44_Ac_02_10_RG.jpg,44_Ac_02_10_RG.jpg,44,132562,831,610,44,Ac,2,10,True
SweetPublishingBibleIllustrations-610px/44/610px/44_Ac_09_24_RG.jpg,44_Ac_09_24_RG.jpg,44,152033,831,610,44,Ac,9,24,True
SweetPublishingBibleIllustrations-610px/44/610px/44_Ac_27_13_RG.jpg,44_Ac_27_13_RG.jpg,44,179552,831,610,44,Ac,27,13,True
SweetPublishingBibleIllustrations-610px/44/610px/44_Ac_16_02_RG.jpg,44_Ac_16_02_RG.jpg,44,0,,,44,Ac,16,2,True
SweetPublishingBibleIllustrations-610px/44/610px/44_Ac_20_09_RG.jpg,44_Ac_20_09_RG.jpg,44,166901,831,610,44,Ac,20,9,True
SweetPublishingBibleIllustrations-610px/44/610px/44_Ac_05_14_RG.jpg,44_Ac_05_14_RG.jpg,44,171324,831,610,44,Ac,5,14,True
SweetPublishingBibleIllustrations-610px/44/610px/44_Ac_19_11_RG.jpg,44_Ac_19_11_RG.jpg,44,152757,831,610,44,Ac,19,11,True
SweetPublishingBibleIllustrations-610px/44/610px/44_Ac_02_02_RG.jpg,44_Ac_02_02_RG.jpg,44,169728,824,610,44,Ac,2,2,True
SweetPublishingBibleIllustrations-610px/44/610px/44_Ac_05_18_RG.jpg,44_Ac_05_18_RG.jpg,44,178767,831,610,44,Ac,5,18,True
SweetPublishingBibleIllustrations-610px/44/610px/44_Ac_20_05_RG.jpg,44_Ac_20_05_RG.jpg,44,97882,831,610,44,Ac,20,5,True
SweetPublishingBibleIllustrations-610px/44/610px/44_Ac_27_01_RG.jpg,44_Ac_27_01_RG.jpg,44,171589,831,610,44,Ac,27,1,True
SweetPublishingBibleIllustrations-610px/44/610px/44_Ac_16_10_RG.jpg,44_Ac_16_10_RG.jpg,44,158963,831,610,44,Ac,16,10,True
SweetPublishingBibleIllustrations-610px/44/610px/44_Ac_09_28_RG.jpg,44_Ac_09_28_RG.jpg,44,149406,831,610,44,Ac,9,28,True
SweetPublishingBibleIllustrations-610px/44/610px/44_Ac_05_06_RG.jpg,44_Ac_05_06_RG.jpg,44,140749,831,610,44,Ac,5,6,True
SweetPublishingBibleIllustrations-610px/44/610px/44_Ac_23_02_RG.jpg,44_Ac_23_02_RG.jpg,44,160071,831,610,44,Ac,23,2,True
SweetPublishingBibleIllustrations-610px/44/610px/44_Ac_15_09_RG.jpg,44_Ac_15_09_RG.jpg,44,143589,831,610,44,Ac,15,9,True
SweetPublishingBibleIllustrations-610px/44/610px/44_Ac_12_13_RG.jpg,44_Ac_12_13_RG.jpg,44,0,,,44,Ac,12,13,True
SweetPublishingBibleIllustrations-610px/44/610px/44_Ac_01_05_RG.jpg,44_Ac_01_05_RG.jpg,44,151205,831,610,44,Ac,1,5,True
SweetPublishingBibleIllustrations-610px/44/610px/44_Ac_06_01_RG.jpg,44_Ac_06_01_RG.jpg,44,154745,831,610,44,Ac,6,1,True
SweetPublishingBibleIllustrations-610px/44/610px/44_Ac_24_06_RG.jpg,44_Ac_24_06_RG.jpg,44,147550,831,610,44,Ac,24,6,True
SweetPublishingBibleIllustrations-610px/44/610px/44_Ac_23_10_RG.jpg,44_Ac_23_10_RG.jpg,44,151630,831,610,44,Ac,23,10,True
SweetPublishingBibleIllustrations-610px/44/610px/44_Ac_09_12_RG.jpg,44_Ac_09_12_RG.jpg,44,158614,831,610,44,Ac,9,12,True
SweetPublishingBibleIllustrations-610px/44/610px/44_Ac_12_01_RG.jpg,44_Ac_12_01_RG.jpg,44,149796,831,610,44,Ac,12,1,True
SweetPublishingBibleIllustrations-610px/44/610px/44_Ac_15_05_RG.jpg,44_Ac_15_05_RG.jpg,44,138409,831,610,44,Ac,15,5,True
SweetPublishingBibleIllustrations-610px/44/610px/44_Ac_01_09_RG.jpg,44_Ac_01_09_RG.jpg,44,152402,831,610,44,Ac,1,9,True
SweetPublishingBibleIllustrations-610px/44/610px/44_Ac_10_04_RG.jpg,44_Ac_10_04_RG.jpg,44,145093,831,610,44,Ac,10,4,True
SweetPublishingBibleIllustrations-610px/44/610px/44_Ac_18_01_RG.jpg,44_Ac_18_01_RG.jpg,44,157032,831,610,44,Ac,18,1,True
SweetPublishingBibleIllustrations-610px/44/610px/44_Ac_04_08_RG.jpg,44_Ac_04_08_RG.jpg,44,152868,831,610,44,Ac,4,8,True
SweetPublishingBibleIllustrations-610px/44/610px/44_Ac_21_15_RG.jpg,44_Ac_21_15_RG.jpg,44,163606,831,610,44,Ac,21,15,True
SweetPublishingBibleIllustrations-610px/44/610px/44_Ac_26_03_RG.jpg,44_Ac_26_03_RG.jpg,44,152415,831,610,44,Ac,26,3,True
SweetPublishingBibleIllustrations-610px/44/610px/44_Ac_10_08_RG.jpg,44_Ac_10_08_RG.jpg,44,166723,831,610,44,Ac,10,8,True
SweetPublishingBibleIllustrations-610px/44/610px/44_Ac_17_12_RG.jpg,44_Ac_17_12_RG.jpg,44,158661,831,610,44,Ac,17,12,True
SweetPublishingBibleIllustrations-610px/44/610px/44_Ac_04_04_RG.jpg,44_Ac_04_04_RG.jpg,44,148494,831,610,44,Ac,4,4,True
SweetPublishingBibleIllustrations-610px/44/610px/44_Ac_18_13_RG.jpg,44_Ac_18_13_RG.jpg,44,155329,831,610,44,Ac,18,13,True
SweetPublishingBibleIllustrations-610px/44/610px/44_Ac_21_07_RG.jpg,44_Ac_21_07_RG.jpg,44,155093,831,610,44,Ac,21,7,True
SweetPublishingBibleIllustrations-610px/44/610px/44_Ac_07_03_RG.jpg,44_Ac_07_03_RG.jpg,44,140726,831,610,44,Ac,7,3,True
SweetPublishingBibleIllustrations-610px/44/610px/44_Ac_25_04_RG.jpg,44_Ac_25_04_RG.jpg,44,148990,831,610,44,Ac,25,4,True
SweetPublishingBibleIllustrations-610px/44/610px/44_Ac_13_11_RG.jpg,44_Ac_13_11_RG.jpg,44,107352,831,610,44,Ac,13,11,True
SweetPublishingBibleIllustrations-610px/44/610px/44_Ac_08_02_RG.jpg,44_Ac_08_02_RG.jpg,44,146904,831,610,44,Ac,8,2,True
SweetPublishingBibleIllustrations-610px/44/610px/44_Ac_14_07_RG.jpg,44_Ac_14_07_RG.jpg,44,162154,831,610,44,Ac,14,7,True
SweetPublishingBibleIllustrations-610px/44/610px/44_Ac_13_03_RG.jpg,44_Ac_13_03_RG.jpg,44,157805,831,610,44,Ac,13,3,True
SweetPublishingBibleIllustrations-610px/44/610px/44_Ac_08_10_RG.jpg,44_Ac_08_10_RG.jpg,44,140057,831,610,44,Ac,8,10,True
SweetPublishingBibleIllustrations-610px/44/610px/44_Ac_12_05_RG.jpg,44_Ac_12_05_RG.jpg,44,149837,831,610,44,Ac,12,5,True
SweetPublishingBibleIllustrations-610px/44/610px/44_Ac_09_16_RG.jpg,44_Ac_09_16_RG.jpg,44,139006,831,610,44,Ac,9,16,True
SweetPublishingBibleIllustrations-610px/44/610px/44_Ac_06_09_RG.jpg,44_Ac_06_09_RG.jpg,44,166205,831,610,44,Ac,6,9,True
SweetPublishingBibleIllustrations-610px/44/610px/44_Ac_24_10_RG.jpg,44_Ac_24_10_RG.jpg,44,145988,831,610,44,Ac,24,10,True
SweetPublishingBibleIllustrations-610px/44/610px/44_Ac_09_08_RG.jpg,44_Ac_09_08_RG.jpg,44,167811,831,610,44,Ac,9,8,True
SweetPublishingBibleIllustrations-610px/44/610px/44_Ac_15_01_RG.jpg,44_Ac_15_01_RG.jpg,44,155706,831,610,44,Ac,15,1,True
SweetPublishingBibleIllustrations-610px/44/610px/44_Ac_27_21_RG.jpg,44_Ac_27_21_RG.jpg,44,196080,831,610,44,Ac,27,21,True
SweetPublishingBibleIllustrations-610px/44/610px/44_Ac_09_04_RG.jpg,44_Ac_09_04_RG.jpg,44,154382,831,610,44,Ac,9,4,True
SweetPublishingBibleIllustrations-610px/44/610px/44_Ac_01_01_RG.jpg,44_Ac_01_01_RG.jpg,44,145390,831,610,44,Ac,1,1,True
SweetPublishingBibleIllustrations-610px/44/610px/44_Ac_23_06_RG.jpg,44_Ac_23_06_RG.jpg,44,170498,831,610,44,Ac,23,6,True
SweetPublishingBibleIllustrations-610px/44/610px/44_Ac_12_09_RG.jpg,44_Ac_12_09_RG.jpg,44,154813,831,610,44,Ac,12,9,True
SweetPublishingBibleIllustrations-610px/44/610px/44_Ac_24_02_RG.jpg,44_Ac_24_02_RG.jpg,44,162133,831,610,44,Ac,24,2,True
SweetPublishingBibleIllustrations-610px/44/610px/44_Ac_15_13_RG.jpg,44_Ac_15_13_RG.jpg,44,96033,831,610,44,Ac,15,13,True
SweetPublishingBibleIllustrations-610px/44/610px/44_Ac_06_05_RG.jpg,44_Ac_06_05_RG.jpg,44,149885,831,610,44,Ac,6,5,True
SweetPublishingBibleIllustrations-610px/44/610px/44_Ac_28_04_RG.jpg,44_Ac_28_04_RG.jpg,44,166578,831,610,44,Ac,28,4,True
SweetPublishingBibleIllustrations-610px/44/610px/44_Ac_20_01_RG.jpg,44_Ac_20_01_RG.jpg,44,138300,831,610,44,Ac,20,1,True
SweetPublishingBibleIllustrations-610px/44/610px/44_Ac_09_32_RG.jpg,44_Ac_09_32_RG.jpg,44,152373,831,610,44,Ac,9,32,True
SweetPublishingBibleIllustrations-610px/44/610px/44_Ac_02_06_RG.jpg,44_Ac_02_06_RG.jpg,44,135267,831,610,44,Ac,2,6,True
SweetPublishingBibleIllustrations-610px/44/610px/44_Ac_19_15_RG.jpg,44_Ac_19_15_RG.jpg,44,144036,831,610,44,Ac,19,15,True
SweetPublishingBibleIllustrations-610px/44/610px/44_Ac_16_14_RG.jpg,44_Ac_16_14_RG.jpg,44,156595,831,610,44,Ac,16,14,True
SweetPublishingBibleIllustrations-610px/44/610px/44_Ac_05_02_RG.jpg,44_Ac_05_02_RG.jpg,44,142131,831,610,44,Ac,5,2,True
SweetPublishingBibleIllustrations-610px/44/610px/44_Ac_27_05_RG.jpg,44_Ac_27_05_RG.jpg,44,162905,831,610,44,Ac,27,5,True
SweetPublishingBibleIllustrations-610px/44/610px/44_Ac_09_20_RG.jpg,44_Ac_09_20_RG.jpg,44,151411,831,610,44,Ac,9,20,True
SweetPublishingBibleIllustrations-610px/44/610px/44_Ac_16_18_RG.jpg,44_Ac_16_18_RG.jpg,44,154822,831,610,44,Ac,16,18,True
SweetPublishingBibleIllustrations-610px/44/610px/44_Ac_27_09_RG.jpg,44_Ac_27_09_RG.jpg,44,163280,831,610,44,Ac,27,9,True
SweetPublishingBibleIllustrations-610px/44/610px/44_Ac_11_02_RG.jpg,44_Ac_11_02_RG.jpg,44,155103,831,610,44,Ac,11,2,True
SweetPublishingBibleIllustrations-610px/44/610px/44_Ac_19_07_RG.jpg,44_Ac_19_07_RG.jpg,44,176653,831,610,44,Ac,19,7,True
SweetPublishingBibleIllustrations-610px/44/610px/44_Ac_16_06_RG.jpg,44_Ac_16_06_RG.jpg,44,164558,831,610,44,Ac,16,6,True
SweetPublishingBibleIllustrations-610px/44/610px/44_Ac_28_08_RG.jpg,44_Ac_28_08_RG.jpg,44,163486,831,610,44,Ac,28,8,True
SweetPublishingBibleIllustrations-610px/44/610px/44_Ac_05_10_RG.jpg,44_Ac_05_10_RG.jpg,44,159699,831,610,44,Ac,5,10,True
SweetPublishingBibleIllustrations-610px/44/610px/44_Ac_19_19_RG.jpg,44_Ac_19_19_RG.jpg,44,134768,831,610,44,Ac,19,19,True
SweetPublishingBibleIllustrations-610px/44/610px/44_Ac_27_17_RG.jpg,44_Ac_27_17_RG.jpg,44,175112,831,610,44,Ac,27,17,True
SweetPublishingBibleIllustrations-610px/44/610px/44_Ac_16_20_RG.jpg,44_Ac_16_20_RG.jpg,44,155310,831,610,44,Ac,16,20,True
SweetPublishingBibleIllustrations-610px/44/610px/44_Ac_09_18_RG.jpg,44_Ac_09_18_RG.jpg,44,159659,831,610,44,Ac,9,18,True
SweetPublishingBibleIllustrations-610px/44/610px/44_Ac_06_07_RG.jpg,44_Ac_06_07_RG.jpg,44,154341,831,610,44,Ac,6,7,True
SweetPublishingBibleIllustrations-610px/44/610px/44_Ac_15_11_RG.jpg,44_Ac_15_11_RG.jpg,44,168760,831,610,44,Ac,15,11,True
SweetPublishingBibleIllustrations-610px/44/610px/44_Ac_01_03_RG.jpg,44_Ac_01_03_RG.jpg,44,138724,831,610,44,Ac,1,3,True
SweetPublishingBibleIllustrations-610px/44/610px/44_Ac_09_06_RG.jpg,44_Ac_09_06_RG.jpg,44,165137,831,610,44,Ac,9,6,True
SweetPublishingBibleIllustrations-610px/44/610px/44_Ac_23_04_RG.jpg,44_Ac_23_04_RG.jpg,44,164902,831,610,44,Ac,23,4,True
SweetPublishingBibleIllustrations-610px/44/610px/44_Ac_19_21_RG.jpg,44_Ac_19_21_RG.jpg,44,135560,831,610,44,Ac,19,21,True
SweetPublishingBibleIllustrations-610px/44/610px/44_Ac_23_08_RG.jpg,44_Ac_23_08_RG.jpg,44,164198,831,610,44,Ac,23,8,True
SweetPublishingBibleIllustrations-610px/44/610px/44_Ac_15_03_RG.jpg,44_Ac_15_03_RG.jpg,44,157458,831,610,44,Ac,15,3,True
SweetPublishingBibleIllustrations-610px/44/610px/44_Ac_01_11_RG.jpg,44_Ac_01_11_RG.jpg,44,161362,831,610,44,Ac,1,11,True
SweetPublishingBibleIllustrations-610px/44/610px/44_Ac_09_14_RG.jpg,44_Ac_09_14_RG.jpg,44,157876,831,610,44,Ac,9,14,True
SweetPublishingBibleIllustrations-610px/44/610px/44_Ac_12_07_RG.jpg,44_Ac_12_07_RG.jpg,44,125808,807,610,44,Ac,12,7,True
SweetPublishingBibleIllustrations-610px/44/610px/44_Ac_05_12_RG.jpg,44_Ac_05_12_RG.jpg,44,175370,831,610,44,Ac,5,12,True
SweetPublishingBibleIllustrations-610px/44/610px/44_Ac_16_04_RG.jpg,44_Ac_16_04_RG.jpg,44,0,,,44,Ac,16,4,True
SweetPublishingBibleIllustrations-610px/44/610px/44_Ac_27_15_RG.jpg,44_Ac_27_15_RG.jpg,44,169476,831,610,44,Ac,27,15,True
SweetPublishingBibleIllustrations-610px/44/610px/44_Ac_02_08_RG.jpg,44_Ac_02_08_RG.jpg,44,149461,831,610,44,Ac,2,8,True
SweetPublishingBibleIllustrations-610px/44/610px/44_Ac_09_22_RG.jpg,44_Ac_09_22_RG.jpg,44,161999,831,610,44,Ac,9,22,True
SweetPublishingBibleIllustrations-610px/44/610px/44_Ac_20_11_RG.jpg,44_Ac_20_11_RG.jpg,44,149105,831,610,44,Ac,20,11,True
SweetPublishingBibleIllustrations-610px/44/610px/44_Ac_19_05_RG.jpg,44_Ac_19_05_RG.jpg,44,158582,831,610,44,Ac,19,5,True
SweetPublishingBibleIllustrations-610px/44/610px/44_Ac_16_16_RG.jpg,44_Ac_16_16_RG.jpg,44,0,,,44,Ac,16,16,True
SweetPublishingBibleIllustrations-610px/44/610px/44_Ac_27_07_RG.jpg,44_Ac_27_07_RG.jpg,44,184351,831,610,44,Ac,27,7,True
SweetPublishingBibleIllustrations-610px/44/610px/44_Ac_19_09_RG.jpg,44_Ac_19_09_RG.jpg,44,178951,831,610,44,Ac,19,9,True
SweetPublishingBibleIllustrations-610px/44/610px/44_Ac_16_08_RG.jpg,44_Ac_16_08_RG.jpg,44,170394,832,603,44,Ac,16,8,True
SweetPublishingBibleIllustrations-610px/44/610px/44_Ac_20_03_RG.jpg,44_Ac_20_03_RG.jpg,44,145810,831,610,44,Ac,20,3,True
SweetPublishingBibleIllustrations-610px/44/610px/44_Ac_09_30_RG.jpg,44_Ac_09_30_RG.jpg,44,157122,831,610,44,Ac,9,30,True
SweetPublishingBibleIllustrations-610px/44/610px/44_Ac_28_06_RG.jpg,44_Ac_28_06_RG.jpg,44,162363,831,610,44,Ac,28,6,True
SweetPublishingBibleIllustrations-610px/44/610px/44_Ac_19_17_RG.jpg,44_Ac_19_17_RG.jpg,44,145207,831,610,44,Ac,19,17,True
SweetPublishingBibleIllustrations-610px/44/610px/44_Ac_02_04_RG.jpg,44_Ac_02_04_RG.jpg,44,163845,818,610,44,Ac,2,4,True
SweetPublishingBibleIllustrations-610px/44/610px/44_Ac_27_19_RG.jpg,44_Ac_27_19_RG.jpg,44,172683,831,610,44,Ac,27,19,True
SweetPublishingBibleIllustrations-610px/44/610px/44_Ac_18_11_RG.jpg,44_Ac_18_11_RG.jpg,44,171780,831,610,44,Ac,18,11,True
SweetPublishingBibleIllustrations-610px/44/610px/44_Ac_03_02_RG.jpg,44_Ac_03_02_RG.jpg,44,138960,831,610,44,Ac,3,2,True
SweetPublishingBibleIllustrations-610px/44/610px/44_Ac_21_05_RG.jpg,44_Ac_21_05_RG.jpg,44,0,,,44,Ac,21,5,True
SweetPublishingBibleIllustrations-610px/44/610px/44_Ac_26_01_RG.jpg,44_Ac_26_01_RG.jpg,44,137850,831,610,44,Ac,26,1,True
SweetPublishingBibleIllustrations-610px/44/610px/44_Ac_04_06_RG.jpg,44_Ac_04_06_RG.jpg,44,151764,831,610,44,Ac,4,6,True
SweetPublishingBibleIllustrations-610px/44/610px/44_Ac_17_10_RG.jpg,44_Ac_17_10_RG.jpg,44,161676,831,610,44,Ac,17,10,True
SweetPublishingBibleIllustrations-610px/44/610px/44_Ac_18_03_RG.jpg,44_Ac_18_03_RG.jpg,44,167676,831,610,44,Ac,18,3,True
SweetPublishingBibleIllustrations-610px/44/610px/44_Ac_03_10_RG.jpg,44_Ac_03_10_RG.jpg,44,151649,831,610,44,Ac,3,10,True
SweetPublishingBibleIllustrations-610px/44/610px/44_Ac_10_06_RG.jpg,44_Ac_10_06_RG.jpg,44,160481,831,610,44,Ac,10,6,True
SweetPublishingBibleIllustrations-610px/44/610px/44_Ac_21_17_RG.jpg,44_Ac_21_17_RG.jpg,44,158887,831,610,44,Ac,21,17,True
SweetPublishingBibleIllustrations-610px/44/610px/44_Ac_04_14_RG.jpg,44_Ac_04_14_RG.jpg,44,152945,831,610,44,Ac,4,14,True
SweetPublishingBibleIllustrations-610px/44/610px/44_Ac_17_02_RG.jpg,44_Ac_17_02_RG.jpg,44,139258,831,610,44,Ac,17,2,True
SweetPublishingBibleIllustrations-610px/44/610px/44_Ac_21_09_RG.jpg,44_Ac_21_09_RG.jpg,44,164198,831,610,44,Ac,21,9,True
SweetPublishingBibleIllustrations-610px/44/610px/44_Ac_08_12_RG.jpg,44_Ac_08_12_RG.jpg,44,144954,831,610,44,Ac,8,12,True
SweetPublishingBibleIllustrations-610px/44/610px/44_Ac_13_01_RG.jpg,44_Ac_13_01_RG.jpg,44,153089,831,610,44,Ac,13,1,True
SweetPublishingBibleIllustrations-610px/44/610px/44_Ac_14_05_RG.jpg,44_Ac_14_05_RG.jpg,44,174975,831,610,44,Ac,14,5,True
SweetPublishingBibleIllustrations-610px/44/610px/44_Ac_22_02_RG.jpg,44_Ac_22_02_RG.jpg,44,160109,831,610,44,Ac,22,2,True
SweetPublishingBibleIllustrations-610px/44/610px/44_Ac_14_09_RG.jpg,44_Ac_14_09_RG.jpg,44,131838,831,610,44,Ac,14,9,True
SweetPublishingBibleIllustrations-610px/44/610px/44_Ac_13_13_RG.jpg,44_Ac_13_13_RG.jpg,44,134521,831,610,44,Ac,13,13,True
SweetPublishingBibleIllustrations-610px/44/610px/44_Ac_07_01_RG.jpg,44_Ac_07_01_RG.jpg,44,167819,831,610,44,Ac,7,1,True
SweetPublishingBibleIllustrations-610px/44/610px/44_Ac_25_06_RG.jpg,44_Ac_25_06_RG.jpg,44,152889,831,610,44,Ac,25,6,True
SweetPublishingBibleIllustrations-610px/44/610px/44_Ac_18_18_RG.jpg,44_Ac_18_18_RG.jpg,44,125270,831,610,44,Ac,18,18,True
SweetPublishingBibleIllustrations-610px/44/610px/44_Ac_04_11_RG.jpg,44_Ac_04_11_RG.jpg,44,151690,831,610,44,Ac,4,11,True
SweetPublishingBibleIllustrations-610px/44/610px/44_Ac_18_06_RG.jpg,44_Ac_18_06_RG.jpg,44,176687,831,610,44,Ac,18,6,True
SweetPublishingBibleIllustrations-610px/44/610px/44_Ac_10_03_RG.jpg,44_Ac_10_03_RG.jpg,44,167619,831,610,44,Ac,10,3,True
SweetPublishingBibleIllustrations-610px/44/610px/44_Ac_21_12_RG.jpg,44_Ac_21_12_RG.jpg,44,161572,831,610,44,Ac,21,12,True
SweetPublishingBibleIllustrations-610px/44/610px/44_Ac_17_19_RG.jpg,44_Ac_17_19_RG.jpg,44,154407,831,610,44,Ac,17,19,True
SweetPublishingBibleIllustrations-610px/44/610px/44_Ac_08_21_RG.jpg,44_Ac_08_21_RG.jpg,44,156112,831,610,44,Ac,8,21,True
SweetPublishingBibleIllustrations-610px/44/610px/44_Ac_26_04_RG.jpg,44_Ac_26_04_RG.jpg,44,173217,831,610,44,Ac,26,4,True
SweetPublishingBibleIllustrations-610px/44/610px/44_Ac_04_03_RG.jpg,44_Ac_04_03_RG.jpg,44,154155,831,610,44,Ac,4,3,True
SweetPublishingBibleIllustrations-610px/44/610px/44_Ac_17_15_RG.jpg,44_Ac_17_15_RG.jpg,44,169211,831,610,44,Ac,17,15,True
SweetPublishingBibleIllustrations-610px/44/610px/44_Ac_03_07_RG.jpg,44_Ac_03_07_RG.jpg,44,158844,831,610,44,Ac,3,7,True
SweetPublishingBibleIllustrations-610px/44/610px/44_Ac_18_14_RG.jpg,44_Ac_18_14_RG.jpg,44,175753,831,610,44,Ac,18,14,True
SweetPublishingBibleIllustrations-610px/44/610px/44_Ac_13_20_RG.jpg,44_Ac_13_20_RG.jpg,44,167374,831,610,44,Ac,13,20,True
SweetPublishingBibleIllustrations-610px/44/610px/44_Ac_07_04_RG.jpg,44_Ac_07_04_RG.jpg,44,171961,831,610,44,Ac,7,4,True
SweetPublishingBibleIllustrations-610px/44/610px/44_Ac_13_08_RG.jpg,44_Ac_13_08_RG.jpg,44,153050,831,610,44,Ac,13,8,True
SweetPublishingBibleIllustrations-610px/44/610px/44_Ac_25_03_RG.jpg,44_Ac_25_03_RG.jpg,44,114660,831,610,44,Ac,25,3,True
SweetPublishingBibleIllustrations-610px/44/610px/44_Ac_17_23_RG.jpg,44_Ac_17_23_RG.jpg,44,160263,831,610,44,Ac,17,23,True
SweetPublishingBibleIllustrations-610px/44/610px/44_Ac_18_22_RG.jpg,44_Ac_18_22_RG.jpg,44,163671,831,610,44,Ac,18,22,True
SweetPublishingBibleIllustrations-610px/44/610px/44_Ac_13_16_RG.jpg,44_Ac_13_16_RG.jpg,44,163633,831,610,44,Ac,13,16,True
SweetPublishingBibleIllustrations-610px/44/610px/44_Ac_08_05_RG.jpg,44_Ac_08_05_RG.jpg,44,166136,803,610,44,Ac,8,5,True
SweetPublishingBibleIllustrations-610px/44/610px/44_Ac_08_09_RG.jpg,44_Ac_08_09_RG.jpg,44,142461,831,610,44,Ac,8,9,True
SweetPublishingBibleIllustrations-610px/44/610px/44_Ac_13_04_RG.jpg,44_Ac_13_04_RG.jpg,44,149527,831,610,44,Ac,13,4,True
SweetPublishingBibleIllustrations-610px/44/610px/44_Ac_08_17_RG.jpg,44_Ac_08_17_RG.jpg,44,149993,831,610,44,Ac,8,17,True
SweetPublishingBibleIllustrations-610px/44/610px/44_Ac_12_02_RG.jpg,44_Ac_12_02_RG.jpg,44,164229,831,610,44,Ac,12,2,True
SweetPublishingBibleIllustrations-610px/44/610px/44_Ac_09_11_RG.jpg,44_Ac_09_11_RG.jpg,44,132833,831,610,44,Ac,9,11,True
SweetPublishingBibleIllustrations-610px/44/610px/44_Ac_24_09_RG.jpg,44_Ac_24_09_RG.jpg,44,142951,831,610,44,Ac,24,9,True
SweetPublishingBibleIllustrations-610px/44/610px/44_Ac_06_10_RG.jpg,44_Ac_06_10_RG.jpg,44,129274,831,610,44,Ac,6,10,True
SweetPublishingBibleIllustrations-610px/44/610px/44_Ac_15_06_RG.jpg,44_Ac_15_06_RG.jpg,44,130183,831,610,44,Ac,15,6,True
SweetPublishingBibleIllustrations-610px/44/610px/44_Ac_01_06_RG.jpg,44_Ac_01_06_RG.jpg,44,169057,831,610,44,Ac,1,6,True
SweetPublishingBibleIllustrations-610px/44/610px/44_Ac_12_10_RG.jpg,44_Ac_12_10_RG.jpg,44,153688,831,610,44,Ac,12,10,True
SweetPublishingBibleIllustrations-610px/44/610px/44_Ac_09_03_RG.jpg,44_Ac_09_03_RG.jpg,44,181729,831,610,44,Ac,9,3,True
SweetPublishingBibleIllustrations-610px/44/610px/44_Ac_23_01_RG.jpg,44_Ac_23_01_RG.jpg,44,149908,831,610,44,Ac,23,1,True
SweetPublishingBibleIllustrations-610px/44/610px/44_Ac_24_05_RG.jpg,44_Ac_24_05_RG.jpg,44,135871,831,610,44,Ac,24,5,True
SweetPublishingBibleIllustrations-610px/44/610px/44_Ac_06_02_RG.jpg,44_Ac_06_02_RG.jpg,44,157358,831,610,44,Ac,6,2,True
SweetPublishingBibleIllustrations-610px/44/610px/44_Ac_20_06_RG.jpg,44_Ac_20_06_RG.jpg,44,151722,831,610,44,Ac,20,6,True
SweetPublishingBibleIllustrations-610px/44/610px/44_Ac_28_03_RG.jpg,44_Ac_28_03_RG.jpg,44,161010,831,610,44,Ac,28,3,True
SweetPublishingBibleIllustrations-610px/44/610px/44_Ac_02_01_RG.jpg,44_Ac_02_01_RG.jpg,44,161362,831,610,44,Ac,2,1,True
SweetPublishingBibleIllustrations-610px/44/610px/44_Ac_19_12_RG.jpg,44_Ac_19_12_RG.jpg,44,167783,831,610,44,Ac,19,12,True
SweetPublishingBibleIllustrations-610px/44/610px/44_Ac_05_05_RG.jpg,44_Ac_05_05_RG.jpg,44,153389,831,610,44,Ac,5,5,True
SweetPublishingBibleIllustrations-610px/44/610px/44_Ac_16_13_RG.jpg,44_Ac_16_13_RG.jpg,44,163386,831,610,44,Ac,16,13,True
SweetPublishingBibleIllustrations-610px/44/610px/44_Ac_27_02_RG.jpg,44_Ac_27_02_RG.jpg,44,126521,831,610,44,Ac,27,2,True
SweetPublishingBibleIllustrations-610px/44/610px/44_Ac_09_27_RG.jpg,44_Ac_09_27_RG.jpg,44,153501,831,610,44,Ac,9,27,True
SweetPublishingBibleIllustrations-610px/44/610px/44_Ac_05_09_RG.jpg,44_Ac_05_09_RG.jpg,44,175771,831,610,44,Ac,5,9,True
SweetPublishingBibleIllustrations-610px/44/610px/44_Ac_28_11_RG.jpg,44_Ac_28_11_RG.jpg,44,155587,831,610,44,Ac,28,11,True
SweetPublishingBibleIllustrations-610px/44/610px/44_Ac_16_01_RG.jpg,44_Ac_16_01_RG.jpg,44,170450,831,610,44,Ac,16,1,True
SweetPublishingBibleIllustrations-610px/44/610px/44_Ac_27_10_RG.jpg,44_Ac_27_10_RG.jpg,44,165353,831,610,44,Ac,27,10,True
SweetPublishingBibleIllustrations-610px/44/610px/44_Ac_24_07_RG.jpg,44_Ac_24_07_RG.jpg,44,136430,831,610,44,Ac,24,7,True
SweetPublishingBibleIllustrations-610px/44/610px/44_Ac_09_01_RG.jpg,44_Ac_09_01_RG.jpg,44,163659,831,610,44,Ac,9,1,True
SweetPublishingBibleIllustrations-610px/44/610px/44_Ac_12_12_RG.jpg,44_Ac_12_12_RG.jpg,44,182159,831,610,44,Ac,12,12,True
SweetPublishingBibleIllustrations-610px/44/610px/44_Ac_01_04_RG.jpg,44_Ac_01_04_RG.jpg,44,144751,806,610,44,Ac,1,4,True
SweetPublishingBibleIllustrations-610px/44/610px/44_Ac_23_03_RG.jpg,44_Ac_23_03_RG.jpg,44,159613,831,610,44,Ac,23,3,True
SweetPublishingBibleIllustrations-610px/44/610px/44_Ac_15_08_RG.jpg,44_Ac_15_08_RG.jpg,44,153623,831,610,44,Ac,15,8,True
SweetPublishingBibleIllustrations-610px/44/610px/44_Ac_01_08_RG.jpg,44_Ac_01_08_RG.jpg,44,152089,831,610,44,Ac,1,8,True
SweetPublishingBibleIllustrations-610px/44/610px/44_Ac_15_04_RG.jpg,44_Ac_15_04_RG.jpg,44,153330,831,610,44,Ac,15,4,True
SweetPublishingBibleIllustrations-610px/44/610px/44_Ac_06_12_RG.jpg,44_Ac_06_12_RG.jpg,44,181069,831,610,44,Ac,6,12,True
SweetPublishingBibleIllustrations-610px/44/610px/44_Ac_09_13_RG.jpg,44_Ac_09_13_RG.jpg,44,148923,831,610,44,Ac,9,13,True
SweetPublishingBibleIllustrations-610px/44/610px/44_Ac_23_11_RG.jpg,44_Ac_23_11_RG.jpg,44,149989,831,610,44,Ac,23,11,True
SweetPublishingBibleIllustrations-610px/44/610px/44_Ac_16_03_RG.jpg,44_Ac_16_03_RG.jpg,44,103213,831,610,44,Ac,16,3,True
SweetPublishingBibleIllustrations-610px/44/610px/44_Ac_20_08_RG.jpg,44_Ac_20_08_RG.jpg,44,156530,831,610,44,Ac,20,8,True
SweetPublishingBibleIllustrations-610px/44/610px/44_Ac_05_15_RG.jpg,44_Ac_05_15_RG.jpg,44,138391,831,610,44,Ac,5,15,True
SweetPublishingBibleIllustrations-610px/44/610px/44_Ac_27_12_RG.jpg,44_Ac_27_12_RG.jpg,44,189126,831,610,44,Ac,27,12,True
SweetPublishingBibleIllustrations-610px/44/610px/44_Ac_09_25_RG.jpg,44_Ac_09_25_RG.jpg,44,146084,831,610,44,Ac,9,25,True
SweetPublishingBibleIllustrations-610px/44/610px/44_Ac_19_02_RG.jpg,44_Ac_19_02_RG.jpg,44,144251,831,610,44,Ac,19,2,True
SweetPublishingBibleIllustrations-610px/44/610px/44_Ac_02_11_RG.jpg,44_Ac_02_11_RG.jpg,44,166107,831,610,44,Ac,2,11,True
SweetPublishingBibleIllustrations-610px/44/610px/44_Ac_09_29_RG.jpg,44_Ac_09_29_RG.jpg,44,154450,831,610,44,Ac,9,29,True
SweetPublishingBibleIllustrations-610px/44/610px/44_Ac_16_11_RG.jpg,44_Ac_16_11_RG.jpg,44,142017,831,610,44,Ac,16,11,True
SweetPublishingBibleIllustrations-610px/44/610px/44_Ac_05_07_RG.jpg,44_Ac_05_07_RG.jpg,44,150983,831,610,44,Ac,5,7,True
SweetPublishingBibleIllustrations-610px/44/610px/44_Ac_28_01_RG.jpg,44_Ac_28_01_RG.jpg,44,181775,831,610,44,Ac,28,1,True
SweetPublishingBibleIllustrations-610px/44/610px/44_Ac_05_19_RG.jpg,44_Ac_05_19_RG.jpg,44,173051,831,610,44,Ac,5,19,True
SweetPublishingBibleIllustrations-610px/44/610px/44_Ac_20_04_RG.jpg,44_Ac_20_04_RG.jpg,44,149703,831,610,44,Ac,20,4,True
SweetPublishingBibleIllustrations-610px/44/610px/44_Ac_19_10_RG.jpg,44_Ac_19_10_RG.jpg,44,166232,831,610,44,Ac,19,10,True
SweetPublishingBibleIllustrations-610px/44/610px/44_Ac_02_03_RG.jpg,44_Ac_02_03_RG.jpg,44,168225,817,610,44,Ac,2,3,True
SweetPublishingBibleIllustrations-610px/44/610px/44_Ac_18_16_RG.jpg,44_Ac_18_16_RG.jpg,44,161199,831,610,44,Ac,18,16,True
SweetPublishingBibleIllustrations-610px/44/610px/44_Ac_03_05_RG.jpg,44_Ac_03_05_RG.jpg,44,161639,831,610,44,Ac,3,5,True
SweetPublishingBibleIllustrations-610px/44/610px/44_Ac_17_09_RG.jpg,44_Ac_17_09_RG.jpg,44,163061,831,610,44,Ac,17,9,True
SweetPublishingBibleIllustrations-610px/44/610px/44_Ac_21_02_RG.jpg,44_Ac_21_02_RG.jpg,44,165425,831,610,44,Ac,21,2,True
SweetPublishingBibleIllustrations-610px/44/610px/44_Ac_18_08_RG.jpg,44_Ac_18_08_RG.jpg,44,157379,831,610,44,Ac,18,8,True
SweetPublishingBibleIllustrations-610px/44/610px/44_Ac_17_17_RG.jpg,44_Ac_17_17_RG.jpg,44,0,,,44,Ac,17,17,True
SweetPublishingBibleIllustrations-610px/44/610px/44_Ac_04_01_RG.jpg,44_Ac_04_01_RG.jpg,44,163435,831,610,44,Ac,4,1,True
SweetPublishingBibleIllustrations-610px/44/610px/44_Ac_10_01_RG.jpg,44_Ac_10_01_RG.jpg,44,160763,831,610,44,Ac,10,1,True
SweetPublishingBibleIllustrations-610px/44/610px/44_Ac_18_04_RG.jpg,44_Ac_18_04_RG.jpg,44,172640,831,610,44,Ac,18,4,True
SweetPublishingBibleIllustrations-610px/44/610px/44_Ac_21_10_RG.jpg,44_Ac_21_10_RG.jpg,44,163024,831,610,44,Ac,21,10,True
SweetPublishingBibleIllustrations-610px/44/610px/44_Ac_17_05_RG.jpg,44_Ac_17_05_RG.jpg,44,168241,831,610,44,Ac,17,5,True
SweetPublishingBibleIllustrations-610px/44/610px/44_Ac_04_13_RG.jpg,44_Ac_04_13_RG.jpg,44,165209,831,610,44,Ac,4,13,True
SweetPublishingBibleIllustrations-610px/44/610px/44_Ac_08_15_RG.jpg,44_Ac_08_15_RG.jpg,44,0,,,44,Ac,8,15,True
SweetPublishingBibleIllustrations-610px/44/610px/44_Ac_13_06_RG.jpg,44_Ac_13_06_RG.jpg,44,135265,831,610,44,Ac,13,6,True
SweetPublishingBibleIllustrations-610px/44/610px/44_Ac_14_02_RG.jpg,44_Ac_14_02_RG.jpg,44,154696,831,610,44,Ac,14,2,True
SweetPublishingBibleIllustrations-610px/44/610px/44_Ac_13_18_RG.jpg,44_Ac_13_18_RG.jpg,44,143457,831,610,44,Ac,13,18,True
SweetPublishingBibleIllustrations-610px/44/610px/44_Ac_18_20_RG.jpg,44_Ac_18_20_RG.jpg,44,144959,831,610,44,Ac,18,20,True
SweetPublishingBibleIllustrations-610px/44/610px/44_Ac_22_05_RG.jpg,44_Ac_22_05_RG.jpg,44,166199,831,610,44,Ac,22,5,True
SweetPublishingBibleIllustrations-610px/44/610px/44_Ac_08_07_RG.jpg,44_Ac_08_07_RG.jpg,44,155308,831,610,44,Ac,8,7,True
SweetPublishingBibleIllustrations-610px/44/610px/44_Ac_13_14_RG.jpg,44_Ac_13_14_RG.jpg,44,163273,831,610,44,Ac,13,14,True
SweetPublishingBibleIllustrations-610px/44/610px/44_Ac_14_10_RG.jpg,44_Ac_14_10_RG.jpg,44,147559,831,610,44,Ac,14,10,True
SweetPublishingBibleIllustrations-610px/44/610px/44_Ac_08_19_RG.jpg,44_Ac_08_19_RG.jpg,44,155392,831,610,44,Ac,8,19,True
SweetPublishingBibleIllustrations-610px/44/610px/44_Ac_25_01_RG.jpg,44_Ac_25_01_RG.jpg,44,147915,831,610,44,Ac,25,1,True
SweetPublishingBibleIllustrations-610px/44/610px/44_Ac_17_21_RG.jpg,44_Ac_17_21_RG.jpg,44,138828,831,610,44,Ac,17,21,True
SweetPublishingBibleIllustrations-610px/44/610px/44_Ac_27_04_RG.jpg,44_Ac_27_04_RG.jpg,44,166313,831,610,44,Ac,27,4,True
SweetPublishingBibleIllustrations-610px/44/610px/44_Ac_16_15_RG.jpg,44_Ac_16_15_RG.jpg,44,149063,831,610,44,Ac,16,15,True
SweetPublishingBibleIllustrations-610px/44/610px/44_Ac_05_03_RG.jpg,44_Ac_05_03_RG.jpg,44,145066,831,610,44,Ac,5,3,True
SweetPublishingBibleIllustrations-610px/44/610px/44_Ac_02_07_RG.jpg,44_Ac_02_07_RG.jpg,44,163648,831,610,44,Ac,2,7,True
SweetPublishingBibleIllustrations-610px/44/610px/44_Ac_19_14_RG.jpg,44_Ac_19_14_RG.jpg,44,163708,831,610,44,Ac,19,14,True
SweetPublishingBibleIllustrations-610px/44/610px/44_Ac_28_05_RG.jpg,44_Ac_28_05_RG.jpg,44,143147,831,610,44,Ac,28,5,True
SweetPublishingBibleIllustrations-610px/44/610px/44_Ac_09_33_RG.jpg,44_Ac_09_33_RG.jpg,44,138376,831,610,44,Ac,9,33,True
SweetPublishingBibleIllustrations-610px/44/610px/44_Ac_19_18_RG.jpg,44_Ac_19_18_RG.jpg,44,145986,831,610,44,Ac,19,18,True
SweetPublishingBibleIllustrations-610px/44/610px/44_Ac_27_16_RG.jpg,44_Ac_27_16_RG.jpg,44,185230,831,610,44,Ac,27,16,True
SweetPublishingBibleIllustrations-610px/44/610px/44_Ac_16_07_RG.jpg,44_Ac_16_07_RG.jpg,44,113798,831,610,44,Ac,16,7,True
SweetPublishingBibleIllustrations-610px/44/610px/44_Ac_28_09_RG.jpg,44_Ac_28_09_RG.jpg,44,160804,831,610,44,Ac,28,9,True
SweetPublishingBibleIllustrations-610px/44/610px/44_Ac_05_11_RG.jpg,44_Ac_05_11_RG.jpg,44,166754,831,610,44,Ac,5,11,True
SweetPublishingBibleIllustrations-610px/44/610px/44_Ac_27_08_RG.jpg,44_Ac_27_08_RG.jpg,44,179340,831,610,44,Ac,27,8,True
SweetPublishingBibleIllustrations-610px/44/610px/44_Ac_19_06_RG.jpg,44_Ac_19_06_RG.jpg,44,152908,831,610,44,Ac,19,6,True
SweetPublishingBibleIllustrations-610px/44/610px/44_Ac_16_19_RG.jpg,44_Ac_16_19_RG.jpg,44,0,,,44,Ac,16,19,True
SweetPublishingBibleIllustrations-610px/44/610px/44_Ac_09_21_RG.jpg,44_Ac_09_21_RG.jpg,44,158893,831,610,44,Ac,9,21,True
SweetPublishingBibleIllustrations-610px/44/610px/44_Ac_27_20_RG.jpg,44_Ac_27_20_RG.jpg,44,179960,831,610,44,Ac,27,20,True
SweetPublishingBibleIllustrations-610px/44/610px/44_Ac_24_11_RG.jpg,44_Ac_24_11_RG.jpg,44,123687,831,610,44,Ac,24,11,True
SweetPublishingBibleIllustrations-610px/44/610px/44_Ac_09_09_RG.jpg,44_Ac_09_09_RG.jpg,44,163332,831,610,44,Ac,9,9,True
SweetPublishingBibleIllustrations-610px/44/610px/44_Ac_06_08_RG.jpg,44_Ac_06_08_RG.jpg,44,151538,831,610,44,Ac,6,8,True
SweetPublishingBibleIllustrations-610px/44/610px/44_Ac_12_04_RG.jpg,44_Ac_12_04_RG.jpg,44,154915,831,610,44,Ac,12,4,True
SweetPublishingBibleIllustrations-610px/44/610px/44_Ac_09_17_RG.jpg,44_Ac_09_17_RG.jpg,44,140176,831,610,44,Ac,9,17,True
SweetPublishingBibleIllustrations-610px/44/610px/44_Ac_15_12_RG.jpg,44_Ac_15_12_RG.jpg,44,148381,831,610,44,Ac,15,12,True
SweetPublishingBibleIllustrations-610px/44/610px/44_Ac_06_04_RG.jpg,44_Ac_06_04_RG.jpg,44,187496,831,610,44,Ac,6,4,True
SweetPublishingBibleIllustrations-610px/44/610px/44_Ac_12_08_RG.jpg,44_Ac_12_08_RG.jpg,44,135048,831,610,44,Ac,12,8,True
SweetPublishingBibleIllustrations-610px/44/610px/44_Ac_24_03_RG.jpg,44_Ac_24_03_RG.jpg,44,130234,831,610,44,Ac,24,3,True
SweetPublishingBibleIllustrations-610px/44/610px/44_Ac_19_22_RG.jpg,44_Ac_19_22_RG.jpg,44,161700,831,610,44,Ac,19,22,True
SweetPublishingBibleIllustrations-610px/44/610px/44_Ac_23_07_RG.jpg,44_Ac_23_07_RG.jpg,44,158444,831,610,44,Ac,23,7,True
SweetPublishingBibleIllustrations-610px/44/610px/44_Ac_09_05_RG.jpg,44_Ac_09_05_RG.jpg,44,164775,831,610,44,Ac,9,5,True
SweetPublishingBibleIllustrations-610px/44/610px/44_Ac_13_10_RG.jpg,44_Ac_13_10_RG.jpg,44,169915,831,610,44,Ac,13,10,True
SweetPublishingBibleIllustrations-610px/44/610px/44_Ac_08_03_RG.jpg,44_Ac_08_03_RG.jpg,44,154778,831,610,44,Ac,8,3,True
SweetPublishingBibleIllustrations-610px/44/610px/44_Ac_22_01_RG.jpg,44_Ac_22_01_RG.jpg,44,176489,831,610,44,Ac,22,1,True
SweetPublishingBibleIllustrations-610px/44/610px/44_Ac_25_05_RG.jpg,44_Ac_25_05_RG.jpg,44,164498,831,610,44,Ac,25,5,True
SweetPublishingBibleIllustrations-610px/44/610px/44_Ac_07_02_RG.jpg,44_Ac_07_02_RG.jpg,44,146267,831,610,44,Ac,7,2,True
SweetPublishingBibleIllustrations-610px/44/610px/44_Ac_13_02_RG.jpg,44_Ac_13_02_RG.jpg,44,160938,831,610,44,Ac,13,2,True
SweetPublishingBibleIllustrations-610px/44/610px/44_Ac_08_11_RG.jpg,44_Ac_08_11_RG.jpg,44,153195,831,610,44,Ac,8,11,True
SweetPublishingBibleIllustrations-610px/44/610px/44_Ac_14_06_RG.jpg,44_Ac_14_06_RG.jpg,44,175865,831,610,44,Ac,14,6,True
SweetPublishingBibleIllustrations-610px/44/610px/44_Ac_04_09_RG.jpg,44_Ac_04_09_RG.jpg,44,145209,831,610,44,Ac,4,9,True
SweetPublishingBibleIllustrations-610px/44/610px/44_Ac_21_14_RG.jpg,44_Ac_21_14_RG.jpg,44,155065,831,610,44,Ac,21,14,True
SweetPublishingBibleIllustrations-610px/44/610px/44_Ac_10_05_RG.jpg,44_Ac_10_05_RG.jpg,44,137207,831,610,44,Ac,10,5,True
SweetPublishingBibleIllustrations-610px/44/610px/44_Ac_17_01_RG.jpg,44_Ac_17_01_RG.jpg,44,157380,831,610,44,Ac,17,1,True
SweetPublishingBibleIllustrations-610px/44/610px/44_Ac_21_06_RG.jpg,44_Ac_21_06_RG.jpg,44,149698,831,610,44,Ac,21,6,True
SweetPublishingBibleIllustrations-610px/44/610px/44_Ac_03_01_RG.jpg,44_Ac_03_01_RG.jpg,44,132533,831,610,44,Ac,3,1,True
SweetPublishingBibleIllustrations-610px/44/610px/44_Ac_18_12_RG.jpg,44_Ac_18_12_RG.jpg,44,166961,831,610,44,Ac,18,12,True
SweetPublishingBibleIllustrations-610px/44/610px/44_Ac_17_13_RG.jpg,44_Ac_17_13_RG.jpg,44,154788,831,610,44,Ac,17,13,True
SweetPublishingBibleIllustrations-610px/44/610px/44_Ac_04_05_RG.jpg,44_Ac_04_05_RG.jpg,44,174576,831,610,44,Ac,4,5,True
SweetPublishingBibleIllustrations-610px/44/610px/44_Ac_26_02_RG.jpg,44_Ac_26_02_RG.jpg,44,174175,831,610,44,Ac,26,2,True
SweetPublishingBibleIllustrations-610px/44/610px/44_Ac_10_09_RG.jpg,44_Ac_10_09_RG.jpg,44,155203,831,610,44,Ac,10,9,True
SweetPublishingBibleIllustrations-610px/44/610px/44_Ac_14_04_RG.jpg,44_Ac_14_04_RG.jpg,44,153210,831,610,44,Ac,14,4,True
SweetPublishingBibleIllustrations-610px/44/610px/44_Ac_08_13_RG.jpg,44_Ac_08_13_RG.jpg,44,139124,831,610,44,Ac,8,13,True
SweetPublishingBibleIllustrations-610px/44/610px/44_Ac_08_01_RG.jpg,44_Ac_08_01_RG.jpg,44,167910,831,610,44,Ac,8,1,True
SweetPublishingBibleIllustrations-610px/44/610px/44_Ac_13_12_RG.jpg,44_Ac_13_12_RG.jpg,44,168039,831,610,44,Ac,13,12,True
SweetPublishingBibleIllustrations-610px/44/610px/44_Ac_22_03_RG.jpg,44_Ac_22_03_RG.jpg,44,152952,831,610,44,Ac,22,3,True
SweetPublishingBibleIllustrations-610px/44/610px/44_Ac_14_08_RG.jpg,44_Ac_14_08_RG.jpg,44,159703,831,610,44,Ac,14,8,True
SweetPublishingBibleIllustrations-610px/44/610px/44_Ac_04_07_RG.jpg,44_Ac_04_07_RG.jpg,44,153174,831,610,44,Ac,4,7,True
SweetPublishingBibleIllustrations-610px/44/610px/44_Ac_17_11_RG.jpg,44_Ac_17_11_RG.jpg,44,180503,831,610,44,Ac,17,11,True
SweetPublishingBibleIllustrations-610px/44/610px/44_Ac_21_04_RG.jpg,44_Ac_21_04_RG.jpg,44,146285,831,610,44,Ac,21,4,True
SweetPublishingBibleIllustrations-610px/44/610px/44_Ac_18_10_RG.jpg,44_Ac_18_10_RG.jpg,44,159334,831,610,44,Ac,18,10,True
SweetPublishingBibleIllustrations-610px/44/610px/44_Ac_03_03_RG.jpg,44_Ac_03_03_RG.jpg,44,140007,831,610,44,Ac,3,3,True
SweetPublishingBibleIllustrations-610px/44/610px/44_Ac_04_15_RG.jpg,44_Ac_04_15_RG.jpg,44,150189,831,610,44,Ac,4,15,True
SweetPublishingBibleIllustrations-610px/44/610px/44_Ac_17_03_RG.jpg,44_Ac_17_03_RG.jpg,44,139837,831,610,44,Ac,17,3,True
SweetPublishingBibleIllustrations-610px/44/610px/44_Ac_21_08_RG.jpg,44_Ac_21_08_RG.jpg,44,155149,831,610,44,Ac,21,8,True
SweetPublishingBibleIllustrations-610px/44/610px/44_Ac_21_16_RG.jpg,44_Ac_21_16_RG.jpg,44,154080,831,610,44,Ac,21,16,True
SweetPublishingBibleIllustrations-610px/44/610px/44_Ac_18_02_RG.jpg,44_Ac_18_02_RG.jpg,44,152715,831,610,44,Ac,18,2,True
SweetPublishingBibleIllustrations-610px/44/610px/44_Ac_03_11_RG.jpg,44_Ac_03_11_RG.jpg,44,145359,831,610,44,Ac,3,11,True
SweetPublishingBibleIllustrations-610px/44/610px/44_Ac_10_07_RG.jpg,44_Ac_10_07_RG.jpg,44,152838,831,610,44,Ac,10,7,True
SweetPublishingBibleIllustrations-610px/44/610px/44_Ac_19_04_RG.jpg,44_Ac_19_04_RG.jpg,44,168129,831,610,44,Ac,19,4,True
SweetPublishingBibleIllustrations-610px/44/610px/44_Ac_11_01_RG.jpg,44_Ac_11_01_RG.jpg,44,152989,831,610,44,Ac,11,1,True
SweetPublishingBibleIllustrations-610px/44/610px/44_Ac_20_10_RG.jpg,44_Ac_20_10_RG.jpg,44,130727,831,610,44,Ac,20,10,True
SweetPublishingBibleIllustrations-610px/44/610px/44_Ac_09_23_RG.jpg,44_Ac_09_23_RG.jpg,44,161333,831,610,44,Ac,9,23,True
SweetPublishingBibleIllustrations-610px/44/610px/44_Ac_27_14_RG.jpg,44_Ac_27_14_RG.jpg,44,185954,831,610,44,Ac,27,14,True
SweetPublishingBibleIllustrations-610px/44/610px/44_Ac_02_09_RG.jpg,44_Ac_02_09_RG.jpg,44,0,,,44,Ac,2,9,True
SweetPublishingBibleIllustrations-610px/44/610px/44_Ac_05_13_RG.jpg,44_Ac_05_13_RG.jpg,44,161473,831,610,44,Ac,5,13,True
SweetPublishingBibleIllustrations-610px/44/610px/44_Ac_16_05_RG.jpg,44_Ac_16_05_RG.jpg,44,154387,831,610,44,Ac,16,5,True
SweetPublishingBibleIllustrations-610px/44/610px/44_Ac_19_16_RG.jpg,44_Ac_19_16_RG.jpg,44,153074,831,610,44,Ac,19,16,True
SweetPublishingBibleIllustrations-610px/44/610px/44_Ac_02_05_RG.jpg,44_Ac_02_05_RG.jpg,44,168813,831,610,44,Ac,2,5,True
SweetPublishingBibleIllustrations-610px/44/610px/44_Ac_27_18_RG.jpg,44_Ac_27_18_RG.jpg,44,175875,831,610,44,Ac,27,18,True
SweetPublishingBibleIllustrations-610px/44/610px/44_Ac_09_31_RG.jpg,44_Ac_09_31_RG.jpg,44,143638,831,610,44,Ac,9,31,True
SweetPublishingBibleIllustrations-610px/44/610px/44_Ac_16_09_RG.jpg,44_Ac_16_09_RG.jpg,44,148258,831,610,44,Ac,16,9,True
SweetPublishingBibleIllustrations-610px/44/610px/44_Ac_20_02_RG.jpg,44_Ac_20_02_RG.jpg,44,135144,831,610,44,Ac,20,2,True
SweetPublishingBibleIllustrations-610px/44/610px/44_Ac_28_07_RG.jpg,44_Ac_28_07_RG.jpg,44,145550,831,610,44,Ac,28,7,True
SweetPublishingBibleIllustrations-610px/44/610px/44_Ac_27_06_RG.jpg,44_Ac_27_06_RG.jpg,44,175368,831,610,44,Ac,27,6,True
SweetPublishingBibleIllustrations-610px/44/610px/44_Ac_19_08_RG.jpg,44_Ac_19_08_RG.jpg,44,0,,,44,Ac,19,8,True
SweetPublishingBibleIllustrations-610px/44/610px/44_Ac_05_01_RG.jpg,44_Ac_05_01_RG.jpg,44,150672,831,610,44,Ac,5,1,True
SweetPublishingBibleIllustrations-610px/44/610px/44_Ac_16_17_RG.jpg,44_Ac_16_17_RG.jpg,44,149346,831,610,44,Ac,16,17,True
SweetPublishingBibleIllustrations-610px/44/610px/44_Ac_23_05_RG.jpg,44_Ac_23_05_RG.jpg,44,0,,,44,Ac,23,5,True
SweetPublishingBibleIllustrations-610px/44/610px/44_Ac_19_20_RG.jpg,44_Ac_19_20_RG.jpg,44,140686,831,610,44,Ac,19,20,True
SweetPublishingBibleIllustrations-610px/44/610px/44_Ac_01_02_RG.jpg,44_Ac_01_02_RG.jpg,44,149373,831,610,44,Ac,1,2,True
SweetPublishingBibleIllustrations-610px/44/610px/44_Ac_09_07_RG.jpg,44_Ac_09_07_RG.jpg,44,141467,831,610,44,Ac,9,7,True
SweetPublishingBibleIllustrations-610px/44/610px/44_Ac_06_06_RG.jpg,44_Ac_06_06_RG.jpg,44,164264,831,610,44,Ac,6,6,True
SweetPublishingBibleIllustrations-610px/44/610px/44_Ac_15_10_RG.jpg,44_Ac_15_10_RG.jpg,44,157229,831,610,44,Ac,15,10,True
SweetPublishingBibleIllustrations-610px/44/610px/44_Ac_09_19_RG.jpg,44_Ac_09_19_RG.jpg,44,144659,831,610,44,Ac,9,19,True
SweetPublishingBibleIllustrations-610px/44/610px/44_Ac_24_01_RG.jpg,44_Ac_24_01_RG.jpg,44,162513,831,610,44,Ac,24,1,True
SweetPublishingBibleIllustrations-610px/44/610px/44_Ac_01_10_RG.jpg,44_Ac_01_10_RG.jpg,44,160775,831,610,44,Ac,1,10,True
SweetPublishingBibleIllustrations-610px/44/610px/44_Ac_09_15_RG.jpg,44_Ac_09_15_RG.jpg,44,142960,831,610,44,Ac,9,15,True
SweetPublishingBibleIllustrations-610px/44/610px/44_Ac_12_06_RG.jpg,44_Ac_12_06_RG.jpg,44,128826,831,610,44,Ac,12,6,True
SweetPublishingBibleIllustrations-610px/44/610px/44_Ac_27_22_RG.jpg,44_Ac_27_22_RG.jpg,44,183221,831,610,44,Ac,27,22,True
SweetPublishingBibleIllustrations-610px/44/610px/44_Ac_23_09_RG.jpg,44_Ac_23_09_RG.jpg,44,166933,831,610,44,Ac,23,9,True
SweetPublishingBibleIllustrations-610px/44/610px/44_Ac_15_02_RG.jpg,44_Ac_15_02_RG.jpg,44,138561,831,610,44,Ac,15,2,True
SweetPublishingBibleIllustrations-610px/43/610px/43_Jn_13_10_RG.jpg,43_Jn_13_10_RG.jpg,43,150239,810,610,43,Jn,13,10,True
SweetPublishingBibleIllustrations-610px/43/610px/43_Jn_13_02_RG.jpg,43_Jn_13_02_RG.jpg,43,171907,831,610,43,Jn,13,2,True
SweetPublishingBibleIllustrations-610px/43/610px/43_Jn_17_01_RG.jpg,43_Jn_17_01_RG.jpg,43,169335,832,609,43,Jn,17,1,True
SweetPublishingBibleIllustrations-610px/43/610px/43_Jn_04_09_RG.jpg,43_Jn_04_09_RG.jpg,43,141762,831,610,43,Jn,4,9,True
SweetPublishingBibleIllustrations-610px/43/610px/43_Jn_04_05_RG.jpg,43_Jn_04_05_RG.jpg,43,132820,831,610,43,Jn,4,5,True
SweetPublishingBibleIllustrations-610px/43/610px/43_Jn_03_01_RG.jpg,43_Jn_03_01_RG.jpg,43,108984,765,610,43,Jn,3,1,True
SweetPublishingBibleIllustrations-610px/43/610px/43_Jn_11_11_RG.jpg,43_Jn_11_11_RG.jpg,43,155360,815,610,43,Jn,11,11,True
SweetPublishingBibleIllustrations-610px/43/610px/43_Jn_02_07_RG.jpg,43_Jn_02_07_RG.jpg,43,165538,831,610,43,Jn,2,7,True
SweetPublishingBibleIllustrations-610px/43/610px/43_Jn_11_03_RG.jpg,43_Jn_11_03_RG.jpg,43,157992,831,610,43,Jn,11,3,True
SweetPublishingBibleIllustrations-610px/43/610px/43_Jn_19_06_RG.jpg,43_Jn_19_06_RG.jpg,43,190122,822,610,43,Jn,19,6,True
SweetPublishingBibleIllustrations-610px/43/610px/43_Jn_01_12_RG.jpg,43_Jn_01_12_RG.jpg,43,163794,831,610,43,Jn,1,12,True
SweetPublishingBibleIllustrations-610px/43/610px/43_Jn_06_08_RG.jpg,43_Jn_06_08_RG.jpg,43,114664,831,610,43,Jn,6,8,True
SweetPublishingBibleIllustrations-610px/43/610px/43_Jn_09_09_RG.jpg,43_Jn_09_09_RG.jpg,43,155995,831,610,43,Jn,9,9,True
SweetPublishingBibleIllustrations-610px/43/610px/43_Jn_06_16_RG.jpg,43_Jn_06_16_RG.jpg,43,170369,831,610,43,Jn,6,16,True
SweetPublishingBibleIllustrations-610px/43/610px/43_Jn_09_05_RG.jpg,43_Jn_09_05_RG.jpg,43,152153,832,603,43,Jn,9,5,True
SweetPublishingBibleIllustrations-610px/43/610px/43_Jn_06_04_RG.jpg,43_Jn_06_04_RG.jpg,43,144571,831,610,43,Jn,6,4,True
SweetPublishingBibleIllustrations-610px/43/610px/43_Jn_02_09_RG.jpg,43_Jn_02_09_RG.jpg,43,171008,831,610,43,Jn,2,9,True
SweetPublishingBibleIllustrations-610px/43/610px/43_Jn_19_04_RG.jpg,43_Jn_19_04_RG.jpg,43,169813,831,610,43,Jn,19,4,True
SweetPublishingBibleIllustrations-610px/43/610px/43_Jn_11_01_RG.jpg,43_Jn_11_01_RG.jpg,43,172641,831,610,43,Jn,11,1,True
SweetPublishingBibleIllustrations-610px/43/610px/43_Jn_19_08_RG.jpg,43_Jn_19_08_RG.jpg,43,144318,827,610,43,Jn,19,8,True
SweetPublishingBibleIllustrations-610px/43/610px/43_Jn_20_02_RG.jpg,43_Jn_20_02_RG.jpg,43,193235,831,610,43,Jn,20,2,True
SweetPublishingBibleIllustrations-610px/43/610px/43_Jn_02_05_RG.jpg,43_Jn_02_05_RG.jpg,43,140214,831,610,43,Jn,2,5,True
SweetPublishingBibleIllustrations-610px/43/610px/43_Jn_06_06_RG.jpg,43_Jn_06_06_RG.jpg,43,161734,831,610,43,Jn,6,6,True
SweetPublishingBibleIllustrations-610px/43/610px/43_Jn_01_02_RG.jpg,43_Jn_01_02_RG.jpg,43,177382,831,610,43,Jn,1,2,True
SweetPublishingBibleIllustrations-610px/43/610px/43_Jn_09_07_RG.jpg,43_Jn_09_07_RG.jpg,43,163326,831,610,43,Jn,9,7,True
SweetPublishingBibleIllustrations-610px/43/610px/43_Jn_06_14_RG.jpg,43_Jn_06_14_RG.jpg,43,168899,831,610,43,Jn,6,14,True
SweetPublishingBibleIllustrations-610px/43/610px/43_Jn_01_10_RG.jpg,43_Jn_01_10_RG.jpg,43,172771,831,610,43,Jn,1,10,True
SweetPublishingBibleIllustrations-610px/43/610px/43_Jn_13_12_RG.jpg,43_Jn_13_12_RG.jpg,43,175580,831,610,43,Jn,13,12,True
SweetPublishingBibleIllustrations-610px/43/610px/43_Jn_18_10_RG.jpg,43_Jn_18_10_RG.jpg,43,161917,831,610,43,Jn,18,10,True
SweetPublishingBibleIllustrations-610px/43/610px/43_Jn_03_03_RG.jpg,43_Jn_03_03_RG.jpg,43,164421,816,610,43,Jn,3,3,True
SweetPublishingBibleIllustrations-610px/43/610px/43_Jn_04_07_RG.jpg,43_Jn_04_07_RG.jpg,43,155766,831,610,43,Jn,4,7,True
SweetPublishingBibleIllustrations-610px/43/610px/43_Jn_18_02_RG.jpg,43_Jn_18_02_RG.jpg,43,192855,831,610,43,Jn,18,2,True
SweetPublishingBibleIllustrations-610px/43/610px/43_Jn_06_10_RG.jpg,43_Jn_06_10_RG.jpg,43,172024,831,610,43,Jn,6,10,True
SweetPublishingBibleIllustrations-610px/43/610px/43_Jn_01_14_RG.jpg,43_Jn_01_14_RG.jpg,43,148696,831,610,43,Jn,1,14,True
SweetPublishingBibleIllustrations-610px/43/610px/43_Jn_12_02_RG.jpg,43_Jn_12_02_RG.jpg,43,152074,831,610,43,Jn,12,2,True
SweetPublishingBibleIllustrations-610px/43/610px/43_Jn_09_11_RG.jpg,43_Jn_09_11_RG.jpg,43,134226,831,610,43,Jn,9,11,True
SweetPublishingBibleIllustrations-610px/43/610px/43_Jn_06_02_RG.jpg,43_Jn_06_02_RG.jpg,43,146304,831,610,43,Jn,6,2,True
SweetPublishingBibleIllustrations-610px/43/610px/43_Jn_01_06_RG.jpg,43_Jn_01_06_RG.jpg,43,153273,831,610,43,Jn,1,6,True
SweetPublishingBibleIllustrations-610px/43/610px/43_Jn_09_03_RG.jpg,43_Jn_09_03_RG.jpg,43,154794,831,610,43,Jn,9,3,True
SweetPublishingBibleIllustrations-610px/43/610px/43_Jn_11_09_RG.jpg,43_Jn_11_09_RG.jpg,43,151533,831,610,43,Jn,11,9,True
SweetPublishingBibleIllustrations-610px/43/610px/43_Jn_02_01_RG.jpg,43_Jn_02_01_RG.jpg,43,188113,831,610,43,Jn,2,1,True
SweetPublishingBibleIllustrations-610px/43/610px/43_Jn_20_06_RG.jpg,43_Jn_20_06_RG.jpg,43,150241,831,610,43,Jn,20,6,True
SweetPublishingBibleIllustrations-610px/43/610px/43_Jn_11_05_RG.jpg,43_Jn_11_05_RG.jpg,43,149262,831,610,43,Jn,11,5,True
SweetPublishingBibleIllustrations-610px/43/610px/43_Jn_18_06_RG.jpg,43_Jn_18_06_RG.jpg,43,160248,831,610,43,Jn,18,6,True
SweetPublishingBibleIllustrations-610px/43/610px/43_Jn_04_11_RG.jpg,43_Jn_04_11_RG.jpg,43,171706,831,610,43,Jn,4,11,True
SweetPublishingBibleIllustrations-610px/43/610px/43_Jn_04_03_RG.jpg,43_Jn_04_03_RG.jpg,43,143118,831,610,43,Jn,4,3,True
SweetPublishingBibleIllustrations-610px/43/610px/43_Jn_13_08_RG.jpg,43_Jn_13_08_RG.jpg,43,162161,831,610,43,Jn,13,8,True
SweetPublishingBibleIllustrations-610px/43/610px/43_Jn_13_04_RG.jpg,43_Jn_13_04_RG.jpg,43,134478,820,610,43,Jn,13,4,True
SweetPublishingBibleIllustrations-610px/43/610px/43_Jn_04_01_RG.jpg,43_Jn_04_01_RG.jpg,43,168102,831,610,43,Jn,4,1,True
SweetPublishingBibleIllustrations-610px/43/610px/43_Jn_18_08_RG.jpg,43_Jn_18_08_RG.jpg,43,159463,831,610,43,Jn,18,8,True
SweetPublishingBibleIllustrations-610px/43/610px/43_Jn_18_04_RG.jpg,43_Jn_18_04_RG.jpg,43,156982,831,610,43,Jn,18,4,True
SweetPublishingBibleIllustrations-610px/43/610px/43_Jn_13_06_RG.jpg,43_Jn_13_06_RG.jpg,43,152392,831,610,43,Jn,13,6,True
SweetPublishingBibleIllustrations-610px/43/610px/43_Jn_09_01_RG.jpg,43_Jn_09_01_RG.jpg,43,163642,831,610,43,Jn,9,1,True
SweetPublishingBibleIllustrations-610px/43/610px/43_Jn_01_04_RG.jpg,43_Jn_01_04_RG.jpg,43,177137,831,610,43,Jn,1,4,True
SweetPublishingBibleIllustrations-610px/43/610px/43_Jn_06_12_RG.jpg,43_Jn_06_12_RG.jpg,43,159417,831,610,43,Jn,6,12,True
SweetPublishingBibleIllustrations-610px/43/610px/43_Jn_01_08_RG.jpg,43_Jn_01_08_RG.jpg,43,151033,831,610,43,Jn,1,8,True
SweetPublishingBibleIllustrations-610px/43/610px/43_Jn_11_07_RG.jpg,43_Jn_11_07_RG.jpg,43,150814,831,610,43,Jn,11,7,True
SweetPublishingBibleIllustrations-610px/43/610px/43_Jn_19_02_RG.jpg,43_Jn_19_02_RG.jpg,43,146514,831,610,43,Jn,19,2,True
SweetPublishingBibleIllustrations-610px/43/610px/43_Jn_02_11_RG.jpg,43_Jn_02_11_RG.jpg,43,163227,831,610,43,Jn,2,11,True
SweetPublishingBibleIllustrations-610px/43/610px/43_Jn_19_10_RG.jpg,43_Jn_19_10_RG.jpg,43,152696,810,610,43,Jn,19,10,True
SweetPublishingBibleIllustrations-610px/43/610px/43_Jn_02_03_RG.jpg,43_Jn_02_03_RG.jpg,43,166723,831,610,43,Jn,2,3,True
SweetPublishingBibleIllustrations-610px/43/610px/43_Jn_20_04_RG.jpg,43_Jn_20_04_RG.jpg,43,163273,831,610,43,Jn,20,4,True
SweetPublishingBibleIllustrations-610px/43/610px/43_Jn_06_17_RG.jpg,43_Jn_06_17_RG.jpg,43,161624,831,610,43,Jn,6,17,True
SweetPublishingBibleIllustrations-610px/43/610px/43_Jn_09_08_RG.jpg,43_Jn_09_08_RG.jpg,43,132770,831,610,43,Jn,9,8,True
SweetPublishingBibleIllustrations-610px/43/610px/43_Jn_06_09_RG.jpg,43_Jn_06_09_RG.jpg,43,173354,831,610,43,Jn,6,9,True
SweetPublishingBibleIllustrations-610px/43/610px/43_Jn_01_13_RG.jpg,43_Jn_01_13_RG.jpg,43,161016,831,610,43,Jn,1,13,True
SweetPublishingBibleIllustrations-610px/43/610px/43_Jn_06_05_RG.jpg,43_Jn_06_05_RG.jpg,43,155419,831,610,43,Jn,6,5,True
SweetPublishingBibleIllustrations-610px/43/610px/43_Jn_09_04_RG.jpg,43_Jn_09_04_RG.jpg,43,149545,831,610,43,Jn,9,4,True
SweetPublishingBibleIllustrations-610px/43/610px/43_Jn_01_01_RG.jpg,43_Jn_01_01_RG.jpg,43,187141,832,598,43,Jn,1,1,True
SweetPublishingBibleIllustrations-610px/43/610px/43_Jn_11_10_RG.jpg,43_Jn_11_10_RG.jpg,43,132148,832,603,43,Jn,11,10,True
SweetPublishingBibleIllustrations-610px/43/610px/43_Jn_02_06_RG.jpg,43_Jn_02_06_RG.jpg,43,138490,831,610,43,Jn,2,6,True
SweetPublishingBibleIllustrations-610px/43/610px/43_Jn_20_01_RG.jpg,43_Jn_20_01_RG.jpg,43,130673,831,610,43,Jn,20,1,True
SweetPublishingBibleIllustrations-610px/43/610px/43_Jn_11_02_RG.jpg,43_Jn_11_02_RG.jpg,43,161110,831,610,43,Jn,11,2,True
SweetPublishingBibleIllustrations-610px/43/610px/43_Jn_19_07_RG.jpg,43_Jn_19_07_RG.jpg,43,165985,811,610,43,Jn,19,7,True
SweetPublishingBibleIllustrations-610px/43/610px/43_Jn_04_08_RG.jpg,43_Jn_04_08_RG.jpg,43,160564,831,610,43,Jn,4,8,True
SweetPublishingBibleIllustrations-610px/43/610px/43_Jn_18_01_RG.jpg,43_Jn_18_01_RG.jpg,43,172645,831,610,43,Jn,18,1,True
SweetPublishingBibleIllustrations-610px/43/610px/43_Jn_04_04_RG.jpg,43_Jn_04_04_RG.jpg,43,164427,831,610,43,Jn,4,4,True
SweetPublishingBibleIllustrations-610px/43/610px/43_Jn_13_11_RG.jpg,43_Jn_13_11_RG.jpg,43,159204,831,610,43,Jn,13,11,True
SweetPublishingBibleIllustrations-610px/43/610px/43_Jn_13_03_RG.jpg,43_Jn_13_03_RG.jpg,43,164802,831,610,43,Jn,13,3,True
SweetPublishingBibleIllustrations-610px/43/610px/43_Jn_04_06_RG.jpg,43_Jn_04_06_RG.jpg,43,168901,831,610,43,Jn,4,6,True
SweetPublishingBibleIllustrations-610px/43/610px/43_Jn_03_02_RG.jpg,43_Jn_03_02_RG.jpg,43,166599,827,610,43,Jn,3,2,True
SweetPublishingBibleIllustrations-610px/43/610px/43_Jn_18_03_RG.jpg,43_Jn_18_03_RG.jpg,43,166623,831,610,43,Jn,18,3,True
SweetPublishingBibleIllustrations-610px/43/610px/43_Jn_13_01_RG.jpg,43_Jn_13_01_RG.jpg,43,163758,831,610,43,Jn,13,1,True
SweetPublishingBibleIllustrations-610px/43/610px/43_Jn_01_03_RG.jpg,43_Jn_01_03_RG.jpg,43,155428,831,610,43,Jn,1,3,True
SweetPublishingBibleIllustrations-610px/43/610px/43_Jn_09_06_RG.jpg,43_Jn_09_06_RG.jpg,43,148848,831,610,43,Jn,9,6,True
SweetPublishingBibleIllustrations-610px/43/610px/43_Jn_06_07_RG.jpg,43_Jn_06_07_RG.jpg,43,181667,831,610,43,Jn,6,7,True
SweetPublishingBibleIllustrations-610px/43/610px/43_Jn_01_11_RG.jpg,43_Jn_01_11_RG.jpg,43,151620,831,610,43,Jn,1,11,True
SweetPublishingBibleIllustrations-610px/43/610px/43_Jn_06_15_RG.jpg,43_Jn_06_15_RG.jpg,43,178609,831,610,43,Jn,6,15,True
SweetPublishingBibleIllustrations-610px/43/610px/43_Jn_19_05_RG.jpg,43_Jn_19_05_RG.jpg,43,177778,831,610,43,Jn,19,5,True
SweetPublishingBibleIllustrations-610px/43/610px/43_Jn_02_08_RG.jpg,43_Jn_02_08_RG.jpg,43,170283,831,610,43,Jn,2,8,True
SweetPublishingBibleIllustrations-610px/43/610px/43_Jn_02_04_RG.jpg,43_Jn_02_04_RG.jpg,43,169264,831,610,43,Jn,2,4,True
SweetPublishingBibleIllustrations-610px/43/610px/43_Jn_11_12_RG.jpg,43_Jn_11_12_RG.jpg,43,149458,831,610,43,Jn,11,12,True
SweetPublishingBibleIllustrations-610px/43/610px/43_Jn_20_03_RG.jpg,43_Jn_20_03_RG.jpg,43,153164,831,610,43,Jn,20,3,True
SweetPublishingBibleIllustrations-610px/43/610px/43_Jn_19_09_RG.jpg,43_Jn_19_09_RG.jpg,43,139725,831,610,43,Jn,19,9,True
SweetPublishingBibleIllustrations-610px/43/610px/43_Jn_13_09_RG.jpg,43_Jn_13_09_RG.jpg,43,163996,831,610,43,Jn,13,9,True
SweetPublishingBibleIllustrations-610px/43/610px/43_Jn_13_05_RG.jpg,43_Jn_13_05_RG.jpg,43,155152,831,610,43,Jn,13,5,True
SweetPublishingBibleIllustrations-610px/43/610px/43_Jn_04_10_RG.jpg,43_Jn_04_10_RG.jpg,43,146923,831,610,43,Jn,4,10,True
SweetPublishingBibleIllustrations-610px/43/610px/43_Jn_18_07_RG.jpg,43_Jn_18_07_RG.jpg,43,153762,831,610,43,Jn,18,7,True
SweetPublishingBibleIllustrations-610px/43/610px/43_Jn_04_02_RG.jpg,43_Jn_04_02_RG.jpg,43,152678,831,610,43,Jn,4,2,True
SweetPublishingBibleIllustrations-610px/43/610px/43_Jn_20_07_RG.jpg,43_Jn_20_07_RG.jpg,43,158744,821,610,43,Jn,20,7,True
SweetPublishingBibleIllustrations-610px/43/610px/43_Jn_11_08_RG.jpg,43_Jn_11_08_RG.jpg,43,142426,831,610,43,Jn,11,8,True
SweetPublishingBibleIllustrations-610px/43/610px/43_Jn_02_12_RG.jpg,43_Jn_02_12_RG.jpg,43,170285,831,610,43,Jn,2,12,True
SweetPublishingBibleIllustrations-610px/43/610px/43_Jn_19_01_RG.jpg,43_Jn_19_01_RG.jpg,43,186502,831,610,43,Jn,19,1,True
SweetPublishingBibleIllustrations-610px/43/610px/43_Jn_11_04_RG.jpg,43_Jn_11_04_RG.jpg,43,150259,831,610,43,Jn,11,4,True
SweetPublishingBibleIllustrations-610px/43/610px/43_Jn_12_03_RG.jpg,43_Jn_12_03_RG.jpg,43,162277,831,610,43,Jn,12,3,True
SweetPublishingBibleIllustrations-610px/43/610px/43_Jn_09_10_RG.jpg,43_Jn_09_10_RG.jpg,43,135777,831,610,43,Jn,9,10,True
SweetPublishingBibleIllustrations-610px/43/610px/43_Jn_06_11_RG.jpg,43_Jn_06_11_RG.jpg,43,148463,831,610,43,Jn,6,11,True
SweetPublishingBibleIllustrations-610px/43/610px/43_Jn_01_07_RG.jpg,43_Jn_01_07_RG.jpg,43,168356,829,610,43,Jn,1,7,True
SweetPublishingBibleIllustrations-610px/43/610px/43_Jn_09_02_RG.jpg,43_Jn_09_02_RG.jpg,43,158797,831,610,43,Jn,9,2,True
SweetPublishingBibleIllustrations-610px/43/610px/43_Jn_06_03_RG.jpg,43_Jn_06_03_RG.jpg,43,141188,831,610,43,Jn,6,3,True
SweetPublishingBibleIllustrations-610px/43/610px/43_Jn_11_06_RG.jpg,43_Jn_11_06_RG.jpg,43,147014,831,610,43,Jn,11,6,True
SweetPublishingBibleIllustrations-610px/43/610px/43_Jn_19_03_RG.jpg,43_Jn_19_03_RG.jpg,43,165338,831,610,43,Jn,19,3,True
SweetPublishingBibleIllustrations-610px/43/610px/43_Jn_02_10_RG.jpg,43_Jn_02_10_RG.jpg,43,165149,831,610,43,Jn,2,10,True
SweetPublishingBibleIllustrations-610px/43/610px/43_Jn_20_05_RG.jpg,43_Jn_20_05_RG.jpg,43,142269,831,610,43,Jn,20,5,True
SweetPublishingBibleIllustrations-610px/43/610px/43_Jn_19_11_RG.jpg,43_Jn_19_11_RG.jpg,43,0,,,43,Jn,19,11,True
SweetPublishingBibleIllustrations-610px/43/610px/43_Jn_02_02_RG.jpg,43_Jn_02_02_RG.jpg,43,186942,831,610,43,Jn,2,2,True
SweetPublishingBibleIllustrations-610px/43/610px/43_Jn_06_01_RG.jpg,43_Jn_06_01_RG.jpg,43,149142,831,610,43,Jn,6,1,True
SweetPublishingBibleIllustrations-610px/43/610px/43_Jn_01_05_RG.jpg,43_Jn_01_05_RG.jpg,43,156948,831,610,43,Jn,1,5,True
SweetPublishingBibleIllustrations-610px/43/610px/43_Jn_01_09_RG.jpg,43_Jn_01_09_RG.jpg,43,162815,831,610,43,Jn,1,9,True
SweetPublishingBibleIllustrations-610px/43/610px/43_Jn_06_13_RG.jpg,43_Jn_06_13_RG.jpg,43,161704,831,610,43,Jn,6,13,True
SweetPublishingBibleIllustrations-610px/43/610px/43_Jn_12_01_RG.jpg,43_Jn_12_01_RG.jpg,43,165271,831,610,43,Jn,12,1,True
SweetPublishingBibleIllustrations-610px/43/610px/43_Jn_13_07_RG.jpg,43_Jn_13_07_RG.jpg,43,166713,831,610,43,Jn,13,7,True
SweetPublishingBibleIllustrations-610px/43/610px/43_Jn_03_04_RG.jpg,43_Jn_03_04_RG.jpg,43,150776,818,610,43,Jn,3,4,True
SweetPublishingBibleIllustrations-610px/43/610px/43_Jn_18_09_RG.jpg,43_Jn_18_09_RG.jpg,43,161583,831,610,43,Jn,18,9,True
SweetPublishingBibleIllustrations-610px/43/610px/43_Jn_18_05_RG.jpg,43_Jn_18_05_RG.jpg,43,159907,821,610,43,Jn,18,5,True
SweetPublishingBibleIllustrations-610px/07/610px/07_Ju_15_08_RG.jpg,07_Ju_15_08_RG.jpg,07,181664,822,610,07,Ju,15,8,True
SweetPublishingBibleIllustrations-610px/07/610px/07_Ju_15_04_RG.jpg,07_Ju_15_04_RG.jpg,07,169970,832,603,07,Ju,15,4,True
SweetPublishingBibleIllustrations-610px/07/610px/07_Ju_16_03_RG.jpg,07_Ju_16_03_RG.jpg,07,159058,829,610,07,Ju,16,3,True
SweetPublishingBibleIllustrations-610px/07/610px/07_Ju_16_11_RG.jpg,07_Ju_16_11_RG.jpg,07,135009,832,592,07,Ju,16,11,True
SweetPublishingBibleIllustrations-610px/07/610px/07_Ju_04_01_RG.jpg,07_Ju_04_01_RG.jpg,07,175206,832,598,07,Ju,4,1,True
SweetPublishingBibleIllustrations-610px/07/610px/07_Ju_14_02_RG.jpg,07_Ju_14_02_RG.jpg,07,175145,831,610,07,Ju,14,2,True
SweetPublishingBibleIllustrations-610px/07/610px/07_Ju_07_06_RG.jpg,07_Ju_07_06_RG.jpg,07,174025,832,605,07,Ju,7,6,True
SweetPublishingBibleIllustrations-610px/07/610px/07_Ju_08_07_RG.jpg,07_Ju_08_07_RG.jpg,07,154636,803,610,07,Ju,8,7,True
SweetPublishingBibleIllustrations-610px/07/610px/07_Ju_04_03_RG.jpg,07_Ju_04_03_RG.jpg,07,156884,818,610,07,Ju,4,3,True
SweetPublishingBibleIllustrations-610px/07/610px/07_Ju_08_05_RG.jpg,07_Ju_08_05_RG.jpg,07,173450,832,608,07,Ju,8,5,True
SweetPublishingBibleIllustrations-610px/07/610px/07_Ju_07_04_RG.jpg,07_Ju_07_04_RG.jpg,07,140497,822,610,07,Ju,7,4,True
SweetPublishingBibleIllustrations-610px/07/610px/07_Ju_07_08_RG.jpg,07_Ju_07_08_RG.jpg,07,182460,832,608,07,Ju,7,8,True
SweetPublishingBibleIllustrations-610px/07/610px/07_Ju_15_06_RG.jpg,07_Ju_15_06_RG.jpg,07,169630,818,610,07,Ju,15,6,True
SweetPublishingBibleIllustrations-610px/07/610px/07_Ju_06_02_RG.jpg,07_Ju_06_02_RG.jpg,07,191097,827,610,07,Ju,6,2,True
SweetPublishingBibleIllustrations-610px/07/610px/07_Ju_02_01_RG.jpg,07_Ju_02_01_RG.jpg,07,147789,821,610,07,Ju,2,1,True
SweetPublishingBibleIllustrations-610px/07/610px/07_Ju_16_01_RG.jpg,07_Ju_16_01_RG.jpg,07,149399,827,610,07,Ju,16,1,True
SweetPublishingBibleIllustrations-610px/07/610px/07_Ju_14_04_RG.jpg,07_Ju_14_04_RG.jpg,07,187504,832,572,07,Ju,14,4,True
SweetPublishingBibleIllustrations-610px/07/610px/07_Ju_08_01_RG.jpg,07_Ju_08_01_RG.jpg,07,173191,832,607,07,Ju,8,1,True
SweetPublishingBibleIllustrations-610px/07/610px/07_Ju_14_08_RG.jpg,07_Ju_14_08_RG.jpg,07,177627,822,610,07,Ju,14,8,True
SweetPublishingBibleIllustrations-610px/07/610px/07_Ju_04_07_RG.jpg,07_Ju_04_07_RG.jpg,07,154901,832,597,07,Ju,4,7,True
SweetPublishingBibleIllustrations-610px/07/610px/07_Ju_16_05_RG.jpg,07_Ju_16_05_RG.jpg,07,137296,832,599,07,Ju,16,5,True
SweetPublishingBibleIllustrations-610px/07/610px/07_Ju_05_01_RG.jpg,07_Ju_05_01_RG.jpg,07,141242,819,610,07,Ju,5,1,True
SweetPublishingBibleIllustrations-610px/07/610px/07_Ju_16_09_RG.jpg,07_Ju_16_09_RG.jpg,07,154296,832,596,07,Ju,16,9,True
SweetPublishingBibleIllustrations-610px/07/610px/07_Ju_15_10_RG.jpg,07_Ju_15_10_RG.jpg,07,197064,832,610,07,Ju,15,10,True
SweetPublishingBibleIllustrations-610px/07/610px/07_Ju_06_06_RG.jpg,07_Ju_06_06_RG.jpg,07,162019,832,602,07,Ju,6,6,True
SweetPublishingBibleIllustrations-610px/07/610px/07_Ju_15_02_RG.jpg,07_Ju_15_02_RG.jpg,07,163435,832,598,07,Ju,15,2,True
SweetPublishingBibleIllustrations-610px/07/610px/07_Ju_16_07_RG.jpg,07_Ju_16_07_RG.jpg,07,188297,832,602,07,Ju,16,7,True
SweetPublishingBibleIllustrations-610px/07/610px/07_Ju_06_08_RG.jpg,07_Ju_06_08_RG.jpg,07,158106,832,608,07,Ju,6,8,True
SweetPublishingBibleIllustrations-610px/07/610px/07_Ju_06_04_RG.jpg,07_Ju_06_04_RG.jpg,07,186478,823,610,07,Ju,6,4,True
SweetPublishingBibleIllustrations-610px/07/610px/07_Ju_07_02_RG.jpg,07_Ju_07_02_RG.jpg,07,152401,832,610,07,Ju,7,2,True
SweetPublishingBibleIllustrations-610px/07/610px/07_Ju_08_03_RG.jpg,07_Ju_08_03_RG.jpg,07,176526,832,603,07,Ju,8,3,True
SweetPublishingBibleIllustrations-610px/07/610px/07_Ju_14_06_RG.jpg,07_Ju_14_06_RG.jpg,07,172288,828,610,07,Ju,14,6,True
SweetPublishingBibleIllustrations-610px/07/610px/07_Ju_13_02_RG.jpg,07_Ju_13_02_RG.jpg,07,138064,825,610,07,Ju,13,2,True
SweetPublishingBibleIllustrations-610px/07/610px/07_Ju_04_09_RG.jpg,07_Ju_04_09_RG.jpg,07,164383,819,610,07,Ju,4,9,True
SweetPublishingBibleIllustrations-610px/07/610px/07_Ju_04_05_RG.jpg,07_Ju_04_05_RG.jpg,07,179169,816,610,07,Ju,4,5,True
SweetPublishingBibleIllustrations-610px/07/610px/07_Ju_14_03_RG.jpg,07_Ju_14_03_RG.jpg,07,167178,818,610,07,Ju,14,3,True
SweetPublishingBibleIllustrations-610px/07/610px/07_Ju_08_06_RG.jpg,07_Ju_08_06_RG.jpg,07,176303,822,610,07,Ju,8,6,True
SweetPublishingBibleIllustrations-610px/07/610px/07_Ju_07_07_RG.jpg,07_Ju_07_07_RG.jpg,07,172653,832,596,07,Ju,7,7,True
SweetPublishingBibleIllustrations-610px/07/610px/07_Ju_16_02_RG.jpg,07_Ju_16_02_RG.jpg,07,170935,831,610,07,Ju,16,2,True
SweetPublishingBibleIllustrations-610px/07/610px/07_Ju_16_10_RG.jpg,07_Ju_16_10_RG.jpg,07,176110,832,605,07,Ju,16,10,True
SweetPublishingBibleIllustrations-610px/07/610px/07_Ju_02_02_RG.jpg,07_Ju_02_02_RG.jpg,07,158038,832,604,07,Ju,2,2,True
SweetPublishingBibleIllustrations-610px/07/610px/07_Ju_06_01_RG.jpg,07_Ju_06_01_RG.jpg,07,170093,832,605,07,Ju,6,1,True
SweetPublishingBibleIllustrations-610px/07/610px/07_Ju_15_09_RG.jpg,07_Ju_15_09_RG.jpg,07,182671,825,610,07,Ju,15,9,True
SweetPublishingBibleIllustrations-610px/07/610px/07_Ju_15_05_RG.jpg,07_Ju_15_05_RG.jpg,07,139931,809,610,07,Ju,15,5,True
SweetPublishingBibleIllustrations-610px/07/610px/07_Ju_16_12_RG.jpg,07_Ju_16_12_RG.jpg,07,184601,819,610,07,Ju,16,12,True
SweetPublishingBibleIllustrations-610px/07/610px/07_Ju_15_07_RG.jpg,07_Ju_15_07_RG.jpg,07,173143,816,610,07,Ju,15,7,True
SweetPublishingBibleIllustrations-610px/07/610px/07_Ju_06_03_RG.jpg,07_Ju_06_03_RG.jpg,07,175583,832,602,07,Ju,6,3,True
SweetPublishingBibleIllustrations-610px/07/610px/07_Ju_07_05_RG.jpg,07_Ju_07_05_RG.jpg,07,183776,822,610,07,Ju,7,5,True
SweetPublishingBibleIllustrations-610px/07/610px/07_Ju_08_04_RG.jpg,07_Ju_08_04_RG.jpg,07,151518,832,604,07,Ju,8,4,True
SweetPublishingBibleIllustrations-610px/07/610px/07_Ju_14_01_RG.jpg,07_Ju_14_01_RG.jpg,07,154951,823,610,07,Ju,14,1,True
SweetPublishingBibleIllustrations-610px/07/610px/07_Ju_04_02_RG.jpg,07_Ju_04_02_RG.jpg,07,163618,812,610,07,Ju,4,2,True
SweetPublishingBibleIllustrations-610px/07/610px/07_Ju_06_07_RG.jpg,07_Ju_06_07_RG.jpg,07,176432,821,610,07,Ju,6,7,True
SweetPublishingBibleIllustrations-610px/07/610px/07_Ju_15_03_RG.jpg,07_Ju_15_03_RG.jpg,07,182789,822,610,07,Ju,15,3,True
SweetPublishingBibleIllustrations-610px/07/610px/07_Ju_16_04_RG.jpg,07_Ju_16_04_RG.jpg,07,173236,814,610,07,Ju,16,4,True
SweetPublishingBibleIllustrations-610px/07/610px/07_Ju_16_08_RG.jpg,07_Ju_16_08_RG.jpg,07,162714,832,582,07,Ju,16,8,True
SweetPublishingBibleIllustrations-610px/07/610px/07_Ju_04_06_RG.jpg,07_Ju_04_06_RG.jpg,07,137796,812,610,07,Ju,4,6,True
SweetPublishingBibleIllustrations-610px/07/610px/07_Ju_14_05_RG.jpg,07_Ju_14_05_RG.jpg,07,181796,832,593,07,Ju,14,5,True
SweetPublishingBibleIllustrations-610px/07/610px/07_Ju_13_01_RG.jpg,07_Ju_13_01_RG.jpg,07,144966,832,608,07,Ju,13,1,True
SweetPublishingBibleIllustrations-610px/07/610px/07_Ju_07_01_RG.jpg,07_Ju_07_01_RG.jpg,07,160083,832,598,07,Ju,7,1,True
SweetPublishingBibleIllustrations-610px/07/610px/07_Ju_04_08_RG.jpg,07_Ju_04_08_RG.jpg,07,151938,812,610,07,Ju,4,8,True
SweetPublishingBibleIllustrations-610px/07/610px/07_Ju_04_04_RG.jpg,07_Ju_04_04_RG.jpg,07,162525,817,610,07,Ju,4,4,True
SweetPublishingBibleIllustrations-610px/07/610px/07_Ju_08_02_RG.jpg,07_Ju_08_02_RG.jpg,07,171614,832,610,07,Ju,8,2,True
SweetPublishingBibleIllustrations-610px/07/610px/07_Ju_07_03_RG.jpg,07_Ju_07_03_RG.jpg,07,184645,830,610,07,Ju,7,3,True
SweetPublishingBibleIllustrations-610px/07/610px/07_Ju_13_03_RG.jpg,07_Ju_13_03_RG.jpg,07,159871,801,610,07,Ju,13,3,True
SweetPublishingBibleIllustrations-610px/07/610px/07_Ju_14_07_RG.jpg,07_Ju_14_07_RG.jpg,07,182825,827,610,07,Ju,14,7,True
SweetPublishingBibleIllustrations-610px/07/610px/07_Ju_15_01_RG.jpg,07_Ju_15_01_RG.jpg,07,151833,802,610,07,Ju,15,1,True
SweetPublishingBibleIllustrations-610px/07/610px/07_Ju_06_09_RG.jpg,07_Ju_06_09_RG.jpg,07,160776,815,610,07,Ju,6,9,True
SweetPublishingBibleIllustrations-610px/07/610px/07_Ju_06_05_RG.jpg,07_Ju_06_05_RG.jpg,07,154325,832,602,07,Ju,6,5,True
SweetPublishingBibleIllustrations-610px/07/610px/07_Ju_01_01_RG.jpg,07_Ju_01_01_RG.jpg,07,151202,823,610,07,Ju,1,1,True
SweetPublishingBibleIllustrations-610px/07/610px/07_Ju_16_06_RG.jpg,07_Ju_16_06_RG.jpg,07,176620,832,605,07,Ju,16,6,True
SweetPublishingBibleIllustrations-610px/09/610px/09_1Sa_08_01_RG.jpg,09_1Sa_08_01_RG.jpg,09,163685,832,606,09,1Sa,8,1,True
SweetPublishingBibleIllustrations-610px/09/610px/09_1Sa_03_03_RG.jpg,09_1Sa_03_03_RG.jpg,09,151653,832,603,09,1Sa,3,3,True
SweetPublishingBibleIllustrations-610px/09/610px/09_1Sa_17_11_RG.jpg,09_1Sa_17_11_RG.jpg,09,162905,824,610,09,1Sa,17,11,True
SweetPublishingBibleIllustrations-610px/09/610px/09_1Sa_18_02_RG.jpg,09_1Sa_18_02_RG.jpg,09,129723,749,610,09,1Sa,18,2,True
SweetPublishingBibleIllustrations-610px/09/610px/09_1Sa_17_03_RG.jpg,09_1Sa_17_03_RG.jpg,09,158226,817,610,09,1Sa,17,3,True
SweetPublishingBibleIllustrations-610px/09/610px/09_1Sa_16_05_RG.jpg,09_1Sa_16_05_RG.jpg,09,144420,781,610,09,1Sa,16,5,True
SweetPublishingBibleIllustrations-610px/09/610px/09_1Sa_20_10_RG.jpg,09_1Sa_20_10_RG.jpg,09,143293,832,584,09,1Sa,20,10,True
SweetPublishingBibleIllustrations-610px/09/610px/09_1Sa_11_01_RG.jpg,09_1Sa_11_01_RG.jpg,09,168416,828,610,09,1Sa,11,1,True
SweetPublishingBibleIllustrations-610px/09/610px/09_1Sa_19_04_RG.jpg,09_1Sa_19_04_RG.jpg,09,167929,832,601,09,1Sa,19,4,True
SweetPublishingBibleIllustrations-610px/09/610px/09_1Sa_28_07_RG.jpg,09_1Sa_28_07_RG.jpg,09,174301,810,610,09,1Sa,28,7,True
SweetPublishingBibleIllustrations-610px/09/610px/09_1Sa_16_09_RG.jpg,09_1Sa_16_09_RG.jpg,09,162429,832,601,09,1Sa,16,9,True
SweetPublishingBibleIllustrations-610px/09/610px/09_1Sa_20_02_RG.jpg,09_1Sa_20_02_RG.jpg,09,162040,832,597,09,1Sa,20,2,True
SweetPublishingBibleIllustrations-610px/09/610px/09_1Sa_24_01_RG.jpg,09_1Sa_24_01_RG.jpg,09,168382,830,610,09,1Sa,24,1,True
SweetPublishingBibleIllustrations-610px/09/610px/09_1Sa_01_02_RG.jpg,09_1Sa_01_02_RG.jpg,09,145498,832,578,09,1Sa,1,2,True
SweetPublishingBibleIllustrations-610px/09/610px/09_1Sa_23_05_RG.jpg,09_1Sa_23_05_RG.jpg,09,171683,824,610,09,1Sa,23,5,True
SweetPublishingBibleIllustrations-610px/09/610px/09_1Sa_15_02_RG.jpg,09_1Sa_15_02_RG.jpg,09,169663,832,603,09,1Sa,15,2,True
SweetPublishingBibleIllustrations-610px/09/610px/09_1Sa_28_05_RG.jpg,09_1Sa_28_05_RG.jpg,09,157736,832,608,09,1Sa,28,5,True
SweetPublishingBibleIllustrations-610px/09/610px/09_1Sa_16_15_RG.jpg,09_1Sa_16_15_RG.jpg,09,169522,832,600,09,1Sa,16,15,True
SweetPublishingBibleIllustrations-610px/09/610px/09_1Sa_16_07_RG.jpg,09_1Sa_16_07_RG.jpg,09,177936,832,600,09,1Sa,16,7,True
SweetPublishingBibleIllustrations-610px/09/610px/09_1Sa_09_05_RG.jpg,09_1Sa_09_05_RG.jpg,09,174022,828,610,09,1Sa,9,5,True
SweetPublishingBibleIllustrations-610px/09/610px/09_1Sa_24_03_RG.jpg,09_1Sa_24_03_RG.jpg,09,161991,822,610,09,1Sa,24,3,True
SweetPublishingBibleIllustrations-610px/09/610px/09_1Sa_08_03_RG.jpg,09_1Sa_08_03_RG.jpg,09,180106,822,610,09,1Sa,8,3,True
SweetPublishingBibleIllustrations-610px/09/610px/09_1Sa_17_01_RG.jpg,09_1Sa_17_01_RG.jpg,09,161554,832,603,09,1Sa,17,1,True
SweetPublishingBibleIllustrations-610px/09/610px/09_1Sa_17_13_RG.jpg,09_1Sa_17_13_RG.jpg,09,169522,832,600,09,1Sa,17,13,True
SweetPublishingBibleIllustrations-610px/09/610px/09_1Sa_03_01_RG.jpg,09_1Sa_03_01_RG.jpg,09,198397,832,610,09,1Sa,3,1,True
SweetPublishingBibleIllustrations-610px/09/610px/09_1Sa_23_03_RG.jpg,09_1Sa_23_03_RG.jpg,09,152882,832,601,09,1Sa,23,3,True
SweetPublishingBibleIllustrations-610px/09/610px/09_1Sa_01_04_RG.jpg,09_1Sa_01_04_RG.jpg,09,181244,832,605,09,1Sa,1,4,True
SweetPublishingBibleIllustrations-610px/09/610px/09_1Sa_09_01_RG.jpg,09_1Sa_09_01_RG.jpg,09,169969,823,610,09,1Sa,9,1,True
SweetPublishingBibleIllustrations-610px/09/610px/09_1Sa_15_04_RG.jpg,09_1Sa_15_04_RG.jpg,09,162033,813,610,09,1Sa,15,4,True
SweetPublishingBibleIllustrations-610px/09/610px/09_1Sa_19_02_RG.jpg,09_1Sa_19_02_RG.jpg,09,140736,832,602,09,1Sa,19,2,True
SweetPublishingBibleIllustrations-610px/09/610px/09_1Sa_16_03_RG.jpg,09_1Sa_16_03_RG.jpg,09,166207,814,610,09,1Sa,16,3,True
SweetPublishingBibleIllustrations-610px/09/610px/09_1Sa_20_08_RG.jpg,09_1Sa_20_08_RG.jpg,09,144943,826,610,09,1Sa,20,8,True
SweetPublishingBibleIllustrations-610px/09/610px/09_1Sa_02_03_RG.jpg,09_1Sa_02_03_RG.jpg,09,148545,823,610,09,1Sa,2,3,True
SweetPublishingBibleIllustrations-610px/09/610px/09_1Sa_20_04_RG.jpg,09_1Sa_20_04_RG.jpg,09,162093,832,604,09,1Sa,20,4,True
SweetPublishingBibleIllustrations-610px/09/610px/09_1Sa_28_01_RG.jpg,09_1Sa_28_01_RG.jpg,09,153574,832,603,09,1Sa,28,1,True
SweetPublishingBibleIllustrations-610px/09/610px/09_1Sa_16_11_RG.jpg,09_1Sa_16_11_RG.jpg,09,133683,832,604,09,1Sa,16,11,True
SweetPublishingBibleIllustrations-610px/09/610px/09_1Sa_04_01_RG.jpg,09_1Sa_04_01_RG.jpg,09,177077,831,610,09,1Sa,4,1,True
SweetPublishingBibleIllustrations-610px/09/610px/09_1Sa_18_08_RG.jpg,09_1Sa_18_08_RG.jpg,09,132413,676,610,09,1Sa,18,8,True
SweetPublishingBibleIllustrations-610px/09/610px/09_1Sa_17_09_RG.jpg,09_1Sa_17_09_RG.jpg,09,185747,822,610,09,1Sa,17,9,True
SweetPublishingBibleIllustrations-610px/09/610px/09_1Sa_03_05_RG.jpg,09_1Sa_03_05_RG.jpg,09,179848,832,604,09,1Sa,3,5,True
SweetPublishingBibleIllustrations-610px/09/610px/09_1Sa_17_05_RG.jpg,09_1Sa_17_05_RG.jpg,09,173186,830,610,09,1Sa,17,5,True
SweetPublishingBibleIllustrations-610px/09/610px/09_1Sa_18_04_RG.jpg,09_1Sa_18_04_RG.jpg,09,149400,832,606,09,1Sa,18,4,True
SweetPublishingBibleIllustrations-610px/09/610px/09_1Sa_10_01_RG.jpg,09_1Sa_10_01_RG.jpg,09,147267,830,610,09,1Sa,10,1,True
SweetPublishingBibleIllustrations-610px/09/610px/09_1Sa_31_01_RG.jpg,09_1Sa_31_01_RG.jpg,09,161574,823,610,09,1Sa,31,1,True
SweetPublishingBibleIllustrations-610px/09/610px/09_1Sa_25_01_RG.jpg,09_1Sa_25_01_RG.jpg,09,174301,810,610,09,1Sa,25,1,True
SweetPublishingBibleIllustrations-610px/09/610px/09_1Sa_10_03_RG.jpg,09_1Sa_10_03_RG.jpg,09,168416,828,610,09,1Sa,10,3,True
SweetPublishingBibleIllustrations-610px/09/610px/09_1Sa_18_06_RG.jpg,09_1Sa_18_06_RG.jpg,09,155142,811,610,09,1Sa,18,6,True
SweetPublishingBibleIllustrations-610px/09/610px/09_1Sa_17_07_RG.jpg,09_1Sa_17_07_RG.jpg,09,179600,832,606,09,1Sa,17,7,True
SweetPublishingBibleIllustrations-610px/09/610px/09_1Sa_08_05_RG.jpg,09_1Sa_08_05_RG.jpg,09,151640,832,608,09,1Sa,8,5,True
SweetPublishingBibleIllustrations-610px/09/610px/09_1Sa_15_06_RG.jpg,09_1Sa_15_06_RG.jpg,09,148566,813,610,09,1Sa,15,6,True
SweetPublishingBibleIllustrations-610px/09/610px/09_1Sa_24_05_RG.jpg,09_1Sa_24_05_RG.jpg,09,155078,830,610,09,1Sa,24,5,True
SweetPublishingBibleIllustrations-610px/09/610px/09_1Sa_23_01_RG.jpg,09_1Sa_23_01_RG.jpg,09,171813,828,610,09,1Sa,23,1,True
SweetPublishingBibleIllustrations-610px/09/610px/09_1Sa_09_03_RG.jpg,09_1Sa_09_03_RG.jpg,09,174301,810,610,09,1Sa,9,3,True
SweetPublishingBibleIllustrations-610px/09/610px/09_1Sa_16_13_RG.jpg,09_1Sa_16_13_RG.jpg,09,169085,832,596,09,1Sa,16,13,True
SweetPublishingBibleIllustrations-610px/09/610px/09_1Sa_02_01_RG.jpg,09_1Sa_02_01_RG.jpg,09,162224,832,600,09,1Sa,2,1,True
SweetPublishingBibleIllustrations-610px/09/610px/09_1Sa_28_03_RG.jpg,09_1Sa_28_03_RG.jpg,09,186659,830,610,09,1Sa,28,3,True
SweetPublishingBibleIllustrations-610px/09/610px/09_1Sa_20_06_RG.jpg,09_1Sa_20_06_RG.jpg,09,167815,824,610,09,1Sa,20,6,True
SweetPublishingBibleIllustrations-610px/09/610px/09_1Sa_16_01_RG.jpg,09_1Sa_16_01_RG.jpg,09,143421,815,610,09,1Sa,16,1,True
SweetPublishingBibleIllustrations-610px/09/610px/09_1Sa_23_04_RG.jpg,09_1Sa_23_04_RG.jpg,09,162748,828,610,09,1Sa,23,4,True
SweetPublishingBibleIllustrations-610px/09/610px/09_1Sa_01_03_RG.jpg,09_1Sa_01_03_RG.jpg,09,145675,832,578,09,1Sa,1,3,True
SweetPublishingBibleIllustrations-610px/09/610px/09_1Sa_15_03_RG.jpg,09_1Sa_15_03_RG.jpg,09,208245,826,610,09,1Sa,15,3,True
SweetPublishingBibleIllustrations-610px/09/610px/09_1Sa_19_05_RG.jpg,09_1Sa_19_05_RG.jpg,09,151331,832,607,09,1Sa,19,5,True
SweetPublishingBibleIllustrations-610px/09/610px/09_1Sa_20_11_RG.jpg,09_1Sa_20_11_RG.jpg,09,152882,832,601,09,1Sa,20,11,True
SweetPublishingBibleIllustrations-610px/09/610px/09_1Sa_16_04_RG.jpg,09_1Sa_16_04_RG.jpg,09,160860,824,610,09,1Sa,16,4,True
SweetPublishingBibleIllustrations-610px/09/610px/09_1Sa_02_04_RG.jpg,09_1Sa_02_04_RG.jpg,09,210435,832,601,09,1Sa,2,4,True
SweetPublishingBibleIllustrations-610px/09/610px/09_1Sa_28_06_RG.jpg,09_1Sa_28_06_RG.jpg,09,187446,832,606,09,1Sa,28,6,True
SweetPublishingBibleIllustrations-610px/09/610px/09_1Sa_16_08_RG.jpg,09_1Sa_16_08_RG.jpg,09,139509,815,610,09,1Sa,16,8,True
SweetPublishingBibleIllustrations-610px/09/610px/09_1Sa_20_03_RG.jpg,09_1Sa_20_03_RG.jpg,09,154851,832,604,09,1Sa,20,3,True
SweetPublishingBibleIllustrations-610px/09/610px/09_1Sa_17_10_RG.jpg,09_1Sa_17_10_RG.jpg,09,137439,817,610,09,1Sa,17,10,True
SweetPublishingBibleIllustrations-610px/09/610px/09_1Sa_26_01_RG.jpg,09_1Sa_26_01_RG.jpg,09,161881,832,607,09,1Sa,26,1,True
SweetPublishingBibleIllustrations-610px/09/610px/09_1Sa_03_02_RG.jpg,09_1Sa_03_02_RG.jpg,09,182930,832,604,09,1Sa,3,2,True
SweetPublishingBibleIllustrations-610px/09/610px/09_1Sa_17_02_RG.jpg,09_1Sa_17_02_RG.jpg,09,162126,815,610,09,1Sa,17,2,True
SweetPublishingBibleIllustrations-610px/09/610px/09_1Sa_18_03_RG.jpg,09_1Sa_18_03_RG.jpg,09,138165,832,603,09,1Sa,18,3,True
SweetPublishingBibleIllustrations-610px/09/610px/09_1Sa_13_01_RG.jpg,09_1Sa_13_01_RG.jpg,09,212396,828,610,09,1Sa,13,1,True
SweetPublishingBibleIllustrations-610px/09/610px/09_1Sa_18_01_RG.jpg,09_1Sa_18_01_RG.jpg,09,170613,832,603,09,1Sa,18,1,True
SweetPublishingBibleIllustrations-610px/09/610px/09_1Sa_17_12_RG.jpg,09_1Sa_17_12_RG.jpg,09,167739,832,605,09,1Sa,17,12,True
SweetPublishingBibleIllustrations-610px/09/610px/09_1Sa_08_02_RG.jpg,09_1Sa_08_02_RG.jpg,09,148081,829,610,09,1Sa,8,2,True
SweetPublishingBibleIllustrations-610px/09/610px/09_1Sa_31_04_RG.jpg,09_1Sa_31_04_RG.jpg,09,175867,832,609,09,1Sa,31,4,True
SweetPublishingBibleIllustrations-610px/09/610px/09_1Sa_15_01_RG.jpg,09_1Sa_15_01_RG.jpg,09,169556,832,608,09,1Sa,15,1,True
SweetPublishingBibleIllustrations-610px/09/610px/09_1Sa_24_02_RG.jpg,09_1Sa_24_02_RG.jpg,09,163118,832,610,09,1Sa,24,2,True
SweetPublishingBibleIllustrations-610px/09/610px/09_1Sa_23_06_RG.jpg,09_1Sa_23_06_RG.jpg,09,125081,814,610,09,1Sa,23,6,True
SweetPublishingBibleIllustrations-610px/09/610px/09_1Sa_01_01_RG.jpg,09_1Sa_01_01_RG.jpg,09,164563,832,600,09,1Sa,1,1,True
SweetPublishingBibleIllustrations-610px/09/610px/09_1Sa_09_04_RG.jpg,09_1Sa_09_04_RG.jpg,09,171388,813,610,09,1Sa,9,4,True
SweetPublishingBibleIllustrations-610px/09/610px/09_1Sa_16_14_RG.jpg,09_1Sa_16_14_RG.jpg,09,167739,832,605,09,1Sa,16,14,True
SweetPublishingBibleIllustrations-610px/09/610px/09_1Sa_20_01_RG.jpg,09_1Sa_20_01_RG.jpg,09,157724,832,603,09,1Sa,20,1,True
SweetPublishingBibleIllustrations-610px/09/610px/09_1Sa_28_04_RG.jpg,09_1Sa_28_04_RG.jpg,09,172085,830,610,09,1Sa,28,4,True
SweetPublishingBibleIllustrations-610px/09/610px/09_1Sa_16_06_RG.jpg,09_1Sa_16_06_RG.jpg,09,171773,832,600,09,1Sa,16,6,True
SweetPublishingBibleIllustrations-610px/09/610px/09_1Sa_08_06_RG.jpg,09_1Sa_08_06_RG.jpg,09,155646,832,572,09,1Sa,8,6,True
SweetPublishingBibleIllustrations-610px/09/610px/09_1Sa_03_04_RG.jpg,09_1Sa_03_04_RG.jpg,09,174657,832,596,09,1Sa,3,4,True
SweetPublishingBibleIllustrations-610px/09/610px/09_1Sa_17_08_RG.jpg,09_1Sa_17_08_RG.jpg,09,146641,815,610,09,1Sa,17,8,True
SweetPublishingBibleIllustrations-610px/09/610px/09_1Sa_18_05_RG.jpg,09_1Sa_18_05_RG.jpg,09,162994,832,608,09,1Sa,18,5,True
SweetPublishingBibleIllustrations-610px/09/610px/09_1Sa_17_04_RG.jpg,09_1Sa_17_04_RG.jpg,09,162675,826,610,09,1Sa,17,4,True
SweetPublishingBibleIllustrations-610px/09/610px/09_1Sa_16_02_RG.jpg,09_1Sa_16_02_RG.jpg,09,166609,832,604,09,1Sa,16,2,True
SweetPublishingBibleIllustrations-610px/09/610px/09_1Sa_20_09_RG.jpg,09_1Sa_20_09_RG.jpg,09,151707,832,599,09,1Sa,20,9,True
SweetPublishingBibleIllustrations-610px/09/610px/09_1Sa_19_03_RG.jpg,09_1Sa_19_03_RG.jpg,09,153735,832,607,09,1Sa,19,3,True
SweetPublishingBibleIllustrations-610px/09/610px/09_1Sa_16_10_RG.jpg,09_1Sa_16_10_RG.jpg,09,145603,830,610,09,1Sa,16,10,True
SweetPublishingBibleIllustrations-610px/09/610px/09_1Sa_20_05_RG.jpg,09_1Sa_20_05_RG.jpg,09,174225,832,599,09,1Sa,20,5,True
SweetPublishingBibleIllustrations-610px/09/610px/09_1Sa_02_02_RG.jpg,09_1Sa_02_02_RG.jpg,09,161634,822,610,09,1Sa,2,2,True
SweetPublishingBibleIllustrations-610px/09/610px/09_1Sa_24_06_RG.jpg,09_1Sa_24_06_RG.jpg,09,161881,832,607,09,1Sa,24,6,True
SweetPublishingBibleIllustrations-610px/09/610px/09_1Sa_01_05_RG.jpg,09_1Sa_01_05_RG.jpg,09,178118,832,605,09,1Sa,1,5,True
SweetPublishingBibleIllustrations-610px/09/610px/09_1Sa_23_02_RG.jpg,09_1Sa_23_02_RG.jpg,09,160644,832,603,09,1Sa,23,2,True
SweetPublishingBibleIllustrations-610px/09/610px/09_1Sa_15_05_RG.jpg,09_1Sa_15_05_RG.jpg,09,152732,816,610,09,1Sa,15,5,True
SweetPublishingBibleIllustrations-610px/09/610px/09_1Sa_28_02_RG.jpg,09_1Sa_28_02_RG.jpg,09,151455,800,610,09,1Sa,28,2,True
SweetPublishingBibleIllustrations-610px/09/610px/09_1Sa_20_07_RG.jpg,09_1Sa_20_07_RG.jpg,09,132974,821,610,09,1Sa,20,7,True
SweetPublishingBibleIllustrations-610px/09/610px/09_1Sa_16_12_RG.jpg,09_1Sa_16_12_RG.jpg,09,174733,820,610,09,1Sa,16,12,True
SweetPublishingBibleIllustrations-610px/09/610px/09_1Sa_19_01_RG.jpg,09_1Sa_19_01_RG.jpg,09,117119,832,588,09,1Sa,19,1,True
SweetPublishingBibleIllustrations-610px/09/610px/09_1Sa_15_07_RG.jpg,09_1Sa_15_07_RG.jpg,09,161089,831,610,09,1Sa,15,7,True
SweetPublishingBibleIllustrations-610px/09/610px/09_1Sa_09_02_RG.jpg,09_1Sa_09_02_RG.jpg,09,141543,832,607,09,1Sa,9,2,True
SweetPublishingBibleIllustrations-610px/09/610px/09_1Sa_24_04_RG.jpg,09_1Sa_24_04_RG.jpg,09,154285,821,610,09,1Sa,24,4,True
SweetPublishingBibleIllustrations-610px/09/610px/09_1Sa_08_04_RG.jpg,09_1Sa_08_04_RG.jpg,09,152599,832,603,09,1Sa,8,4,True
SweetPublishingBibleIllustrations-610px/09/610px/09_1Sa_31_02_RG.jpg,09_1Sa_31_02_RG.jpg,09,150968,829,610,09,1Sa,31,2,True
SweetPublishingBibleIllustrations-610px/09/610px/09_1Sa_17_06_RG.jpg,09_1Sa_17_06_RG.jpg,09,148151,824,610,09,1Sa,17,6,True
SweetPublishingBibleIllustrations-610px/09/610px/09_1Sa_10_02_RG.jpg,09_1Sa_10_02_RG.jpg,09,175151,829,610,09,1Sa,10,2,True
SweetPublishingBibleIllustrations-610px/09/610px/09_1Sa_18_07_RG.jpg,09_1Sa_18_07_RG.jpg,09,163695,832,606,09,1Sa,18,7,True
SweetPublishingBibleIllustrations-610px/62/610px/62_1Jn_04_01_RG.jpg,62_1Jn_04_01_RG.jpg,62,146521,831,610,62,1Jn,4,1,True
SweetPublishingBibleIllustrations-610px/62/610px/62_1Jn_02_01_RG.jpg,62_1Jn_02_01_RG.jpg,62,148263,831,610,62,1Jn,2,1,True
SweetPublishingBibleIllustrations-610px/62/610px/62_1Jn_03_03_RG.jpg,62_1Jn_03_03_RG.jpg,62,161680,831,610,62,1Jn,3,3,True
SweetPublishingBibleIllustrations-610px/62/610px/62_1Jn_03_01_RG.jpg,62_1Jn_03_01_RG.jpg,62,123131,832,603,62,1Jn,3,1,True
SweetPublishingBibleIllustrations-610px/62/610px/62_1Jn_03_02_RG.jpg,62_1Jn_03_02_RG.jpg,62,160575,831,610,62,1Jn,3,2,True
SweetPublishingBibleIllustrations-610px/08/610px/08_Ru_03_03_RG.jpg,08_Ru_03_03_RG.jpg,08,149180,832,600,08,Ru,3,3,True
SweetPublishingBibleIllustrations-610px/08/610px/08_Ru_02_09_RG.jpg,08_Ru_02_09_RG.jpg,08,163050,832,600,08,Ru,2,9,True
SweetPublishingBibleIllustrations-610px/08/610px/08_Ru_02_05_RG.jpg,08_Ru_02_05_RG.jpg,08,144879,822,610,08,Ru,2,5,True
SweetPublishingBibleIllustrations-610px/08/610px/08_Ru_01_02_RG.jpg,08_Ru_01_02_RG.jpg,08,154887,819,610,08,Ru,1,2,True
SweetPublishingBibleIllustrations-610px/08/610px/08_Ru_01_10_RG.jpg,08_Ru_01_10_RG.jpg,08,164009,818,610,08,Ru,1,10,True
SweetPublishingBibleIllustrations-610px/08/610px/08_Ru_02_07_RG.jpg,08_Ru_02_07_RG.jpg,08,177694,829,610,08,Ru,2,7,True
SweetPublishingBibleIllustrations-610px/08/610px/08_Ru_04_05_RG.jpg,08_Ru_04_05_RG.jpg,08,156624,832,609,08,Ru,4,5,True
SweetPublishingBibleIllustrations-610px/08/610px/08_Ru_03_01_RG.jpg,08_Ru_03_01_RG.jpg,08,127925,832,582,08,Ru,3,1,True
SweetPublishingBibleIllustrations-610px/08/610px/08_Ru_01_04_RG.jpg,08_Ru_01_04_RG.jpg,08,156560,832,608,08,Ru,1,4,True
SweetPublishingBibleIllustrations-610px/08/610px/08_Ru_01_08_RG.jpg,08_Ru_01_08_RG.jpg,08,127856,832,603,08,Ru,1,8,True
SweetPublishingBibleIllustrations-610px/08/610px/08_Ru_02_11_RG.jpg,08_Ru_02_11_RG.jpg,08,169931,832,605,08,Ru,2,11,True
SweetPublishingBibleIllustrations-610px/08/610px/08_Ru_02_03_RG.jpg,08_Ru_02_03_RG.jpg,08,158741,822,610,08,Ru,2,3,True
SweetPublishingBibleIllustrations-610px/08/610px/08_Ru_04_01_RG.jpg,08_Ru_04_01_RG.jpg,08,168702,828,610,08,Ru,4,1,True
SweetPublishingBibleIllustrations-610px/08/610px/08_Ru_03_05_RG.jpg,08_Ru_03_05_RG.jpg,08,156929,828,610,08,Ru,3,5,True
SweetPublishingBibleIllustrations-610px/08/610px/08_Ru_04_03_RG.jpg,08_Ru_04_03_RG.jpg,08,139046,827,610,08,Ru,4,3,True
SweetPublishingBibleIllustrations-610px/08/610px/08_Ru_01_06_RG.jpg,08_Ru_01_06_RG.jpg,08,154131,830,610,08,Ru,1,6,True
SweetPublishingBibleIllustrations-610px/08/610px/08_Ru_02_01_RG.jpg,08_Ru_02_01_RG.jpg,08,191506,832,610,08,Ru,2,1,True
SweetPublishingBibleIllustrations-610px/08/610px/08_Ru_01_03_RG.jpg,08_Ru_01_03_RG.jpg,08,155629,822,610,08,Ru,1,3,True
SweetPublishingBibleIllustrations-610px/08/610px/08_Ru_01_11_RG.jpg,08_Ru_01_11_RG.jpg,08,147106,832,610,08,Ru,1,11,True
SweetPublishingBibleIllustrations-610px/08/610px/08_Ru_02_08_RG.jpg,08_Ru_02_08_RG.jpg,08,175466,821,610,08,Ru,2,8,True
SweetPublishingBibleIllustrations-610px/08/610px/08_Ru_02_04_RG.jpg,08_Ru_02_04_RG.jpg,08,141393,820,610,08,Ru,2,4,True
SweetPublishingBibleIllustrations-610px/08/610px/08_Ru_04_06_RG.jpg,08_Ru_04_06_RG.jpg,08,137855,818,610,08,Ru,4,6,True
SweetPublishingBibleIllustrations-610px/08/610px/08_Ru_03_02_RG.jpg,08_Ru_03_02_RG.jpg,08,169774,832,597,08,Ru,3,2,True
SweetPublishingBibleIllustrations-610px/08/610px/08_Ru_04_04_RG.jpg,08_Ru_04_04_RG.jpg,08,159906,832,606,08,Ru,4,4,True
SweetPublishingBibleIllustrations-610px/08/610px/08_Ru_01_01_RG.jpg,08_Ru_01_01_RG.jpg,08,185547,832,605,08,Ru,1,1,True
SweetPublishingBibleIllustrations-610px/08/610px/08_Ru_02_06_RG.jpg,08_Ru_02_06_RG.jpg,08,113206,824,610,08,Ru,2,6,True
SweetPublishingBibleIllustrations-610px/08/610px/08_Ru_03_04_RG.jpg,08_Ru_03_04_RG.jpg,08,158413,827,610,08,Ru,3,4,True
SweetPublishingBibleIllustrations-610px/08/610px/08_Ru_02_10_RG.jpg,08_Ru_02_10_RG.jpg,08,154562,832,608,08,Ru,2,10,True
SweetPublishingBibleIllustrations-610px/08/610px/08_Ru_02_02_RG.jpg,08_Ru_02_02_RG.jpg,08,191611,823,610,08,Ru,2,2,True
SweetPublishingBibleIllustrations-610px/08/610px/08_Ru_01_05_RG.jpg,08_Ru_01_05_RG.jpg,08,170499,832,572,08,Ru,1,5,True
SweetPublishingBibleIllustrations-610px/08/610px/08_Ru_01_09_RG.jpg,08_Ru_01_09_RG.jpg,08,139644,827,610,08,Ru,1,9,True
SweetPublishingBibleIllustrations-610px/08/610px/08_Ru_02_12_RG.jpg,08_Ru_02_12_RG.jpg,08,167944,832,602,08,Ru,2,12,True
SweetPublishingBibleIllustrations-610px/08/610px/08_Ru_01_07_RG.jpg,08_Ru_01_07_RG.jpg,08,154572,824,610,08,Ru,1,7,True
SweetPublishingBibleIllustrations-610px/08/610px/08_Ru_04_02_RG.jpg,08_Ru_04_02_RG.jpg,08,162232,825,610,08,Ru,4,2,True
SweetPublishingBibleIllustrations-610px/01/610px/01_Ge_16_02_RG.jpg,01_Ge_16_02_RG.jpg,01,192131,822,610,01,Ge,16,2,True
SweetPublishingBibleIllustrations-610px/01/610px/01_Ge_41_04_RG.jpg,01_Ge_41_04_RG.jpg,01,146870,821,610,01,Ge,41,4,True
SweetPublishingBibleIllustrations-610px/01/610px/01_Ge_11_06_RG.jpg,01_Ge_11_06_RG.jpg,01,185166,820,610,01,Ge,11,6,True
SweetPublishingBibleIllustrations-610px/01/610px/01_Ge_19_03_RG.jpg,01_Ge_19_03_RG.jpg,01,174429,809,610,01,Ge,19,3,True
SweetPublishingBibleIllustrations-610px/01/610px/01_Ge_02_10_RG.jpg,01_Ge_02_10_RG.jpg,01,148641,815,610,01,Ge,2,10,True
SweetPublishingBibleIllustrations-610px/01/610px/01_Ge_33_01_RG.jpg,01_Ge_33_01_RG.jpg,01,132550,823,610,01,Ge,33,1,True
SweetPublishingBibleIllustrations-610px/01/610px/01_Ge_27_01_RG.jpg,01_Ge_27_01_RG.jpg,01,163936,832,609,01,Ge,27,1,True
SweetPublishingBibleIllustrations-610px/01/610px/01_Ge_41_16_RG.jpg,01_Ge_41_16_RG.jpg,01,136481,817,610,01,Ge,41,16,True
SweetPublishingBibleIllustrations-610px/01/610px/01_Ge_19_11_RG.jpg,01_Ge_19_11_RG.jpg,01,149984,812,610,01,Ge,19,11,True
SweetPublishingBibleIllustrations-610px/01/610px/01_Ge_02_02_RG.jpg,01_Ge_02_02_RG.jpg,01,153458,828,610,01,Ge,2,2,True
SweetPublishingBibleIllustrations-610px/01/610px/01_Ge_41_08_RG.jpg,01_Ge_41_08_RG.jpg,01,157009,821,610,01,Ge,41,8,True
SweetPublishingBibleIllustrations-610px/01/610px/01_Ge_06_01_RG.jpg,01_Ge_06_01_RG.jpg,01,161236,825,610,01,Ge,6,1,True
SweetPublishingBibleIllustrations-610px/01/610px/01_Ge_37_10_RG.jpg,01_Ge_37_10_RG.jpg,01,162870,828,610,01,Ge,37,10,True
SweetPublishingBibleIllustrations-610px/01/610px/01_Ge_41_20_RG.jpg,01_Ge_41_20_RG.jpg,01,122464,818,610,01,Ge,41,20,True
SweetPublishingBibleIllustrations-610px/01/610px/01_Ge_24_06_RG.jpg,01_Ge_24_06_RG.jpg,01,158347,832,605,01,Ge,24,6,True
SweetPublishingBibleIllustrations-610px/01/610px/01_Ge_15_09_RG.jpg,01_Ge_15_09_RG.jpg,01,151895,826,610,01,Ge,15,9,True
SweetPublishingBibleIllustrations-610px/01/610px/01_Ge_01_05_RG.jpg,01_Ge_01_05_RG.jpg,01,141913,832,610,01,Ge,1,5,True
SweetPublishingBibleIllustrations-610px/01/610px/01_Ge_15_05_RG.jpg,01_Ge_15_05_RG.jpg,01,137858,832,610,01,Ge,15,5,True
SweetPublishingBibleIllustrations-610px/01/610px/01_Ge_42_03_RG.jpg,01_Ge_42_03_RG.jpg,01,158460,815,610,01,Ge,42,3,True
SweetPublishingBibleIllustrations-610px/01/610px/01_Ge_01_09_RG.jpg,01_Ge_01_09_RG.jpg,01,169870,824,610,01,Ge,1,9,True
SweetPublishingBibleIllustrations-610px/01/610px/01_Ge_37_02_RG.jpg,01_Ge_37_02_RG.jpg,01,151557,832,605,01,Ge,37,2,True
SweetPublishingBibleIllustrations-610px/01/610px/01_Ge_45_07_RG.jpg,01_Ge_45_07_RG.jpg,01,161590,820,610,01,Ge,45,7,True
SweetPublishingBibleIllustrations-610px/01/610px/01_Ge_12_01_RG.jpg,01_Ge_12_01_RG.jpg,01,158722,822,610,01,Ge,12,1,True
SweetPublishingBibleIllustrations-610px/01/610px/01_Ge_44_01_RG.jpg,01_Ge_44_01_RG.jpg,01,158298,809,610,01,Ge,44,1,True
SweetPublishingBibleIllustrations-610px/01/610px/01_Ge_08_14_RG.jpg,01_Ge_08_14_RG.jpg,01,171596,818,610,01,Ge,8,14,True
SweetPublishingBibleIllustrations-610px/01/610px/01_Ge_39_05_RG.jpg,01_Ge_39_05_RG.jpg,01,154661,832,608,01,Ge,39,5,True
SweetPublishingBibleIllustrations-610px/01/610px/01_Ge_25_12_RG.jpg,01_Ge_25_12_RG.jpg,01,131414,822,610,01,Ge,25,12,True
SweetPublishingBibleIllustrations-610px/01/610px/01_Ge_22_08_RG.jpg,01_Ge_22_08_RG.jpg,01,196101,817,610,01,Ge,22,8,True
SweetPublishingBibleIllustrations-610px/01/610px/01_Ge_43_05_RG.jpg,01_Ge_43_05_RG.jpg,01,87156,519,610,01,Ge,43,5,True
SweetPublishingBibleIllustrations-610px/01/610px/01_Ge_08_06_RG.jpg,01_Ge_08_06_RG.jpg,01,94630,511,610,01,Ge,8,6,True
SweetPublishingBibleIllustrations-610px/01/610px/01_Ge_22_04_RG.jpg,01_Ge_22_04_RG.jpg,01,164221,828,610,01,Ge,22,4,True
SweetPublishingBibleIllustrations-610px/01/610px/01_Ge_39_09_RG.jpg,01_Ge_39_09_RG.jpg,01,145240,831,610,01,Ge,39,9,True
SweetPublishingBibleIllustrations-610px/01/610px/01_Ge_07_07_RG.jpg,01_Ge_07_07_RG.jpg,01,127498,832,572,01,Ge,7,7,True
SweetPublishingBibleIllustrations-610px/01/610px/01_Ge_29_06_RG.jpg,01_Ge_29_06_RG.jpg,01,139866,821,610,01,Ge,29,6,True
SweetPublishingBibleIllustrations-610px/01/610px/01_Ge_18_17_RG.jpg,01_Ge_18_17_RG.jpg,01,150756,822,610,01,Ge,18,17,True
SweetPublishingBibleIllustrations-610px/01/610px/01_Ge_03_04_RG.jpg,01_Ge_03_04_RG.jpg,01,176309,827,610,01,Ge,3,4,True
SweetPublishingBibleIllustrations-610px/01/610px/01_Ge_40_10_RG.jpg,01_Ge_40_10_RG.jpg,01,173963,826,610,01,Ge,40,10,True
SweetPublishingBibleIllustrations-610px/01/610px/01_Ge_18_09_RG.jpg,01_Ge_18_09_RG.jpg,01,138239,780,610,01,Ge,18,9,True
SweetPublishingBibleIllustrations-610px/01/610px/01_Ge_18_05_RG.jpg,01_Ge_18_05_RG.jpg,01,171962,832,587,01,Ge,18,5,True
SweetPublishingBibleIllustrations-610px/01/610px/01_Ge_40_02_RG.jpg,01_Ge_40_02_RG.jpg,01,143170,822,610,01,Ge,40,2,True
SweetPublishingBibleIllustrations-610px/01/610px/01_Ge_04_12_RG.jpg,01_Ge_04_12_RG.jpg,01,54771,626,610,01,Ge,4,12,True
SweetPublishingBibleIllustrations-610px/01/610px/01_Ge_35_03_RG.jpg,01_Ge_35_03_RG.jpg,01,164771,832,607,01,Ge,35,3,True
SweetPublishingBibleIllustrations-610px/01/610px/01_Ge_03_08_RG.jpg,01_Ge_03_08_RG.jpg,01,202937,819,610,01,Ge,3,8,True
SweetPublishingBibleIllustrations-610px/01/610px/01_Ge_25_02_RG.jpg,01_Ge_25_02_RG.jpg,01,148214,827,610,01,Ge,25,2,True
SweetPublishingBibleIllustrations-610px/01/610px/01_Ge_07_05_RG.jpg,01_Ge_07_05_RG.jpg,01,195562,822,610,01,Ge,7,5,True
SweetPublishingBibleIllustrations-610px/01/610px/01_Ge_08_04_RG.jpg,01_Ge_08_04_RG.jpg,01,171285,824,610,01,Ge,8,4,True
SweetPublishingBibleIllustrations-610px/01/610px/01_Ge_22_06_RG.jpg,01_Ge_22_06_RG.jpg,01,143111,832,607,01,Ge,22,6,True
SweetPublishingBibleIllustrations-610px/01/610px/01_Ge_31_10_RG.jpg,01_Ge_31_10_RG.jpg,01,145343,832,594,01,Ge,31,10,True
SweetPublishingBibleIllustrations-610px/01/610px/01_Ge_25_10_RG.jpg,01_Ge_25_10_RG.jpg,01,174192,814,610,01,Ge,25,10,True
SweetPublishingBibleIllustrations-610px/01/610px/01_Ge_08_08_RG.jpg,01_Ge_08_08_RG.jpg,01,175681,831,610,01,Ge,8,8,True
SweetPublishingBibleIllustrations-610px/01/610px/01_Ge_44_03_RG.jpg,01_Ge_44_03_RG.jpg,01,152892,832,588,01,Ge,44,3,True
SweetPublishingBibleIllustrations-610px/01/610px/01_Ge_39_07_RG.jpg,01_Ge_39_07_RG.jpg,01,152286,832,607,01,Ge,39,7,True
SweetPublishingBibleIllustrations-610px/01/610px/01_Ge_31_02_RG.jpg,01_Ge_31_02_RG.jpg,01,176118,820,610,01,Ge,31,2,True
SweetPublishingBibleIllustrations-610px/01/610px/01_Ge_29_08_RG.jpg,01_Ge_29_08_RG.jpg,01,157419,832,610,01,Ge,29,8,True
SweetPublishingBibleIllustrations-610px/01/610px/01_Ge_04_10_RG.jpg,01_Ge_04_10_RG.jpg,01,161236,825,610,01,Ge,4,10,True
SweetPublishingBibleIllustrations-610px/01/610px/01_Ge_35_01_RG.jpg,01_Ge_35_01_RG.jpg,01,129666,817,610,01,Ge,35,1,True
SweetPublishingBibleIllustrations-610px/01/610px/01_Ge_18_19_RG.jpg,01_Ge_18_19_RG.jpg,01,153406,832,605,01,Ge,18,19,True
SweetPublishingBibleIllustrations-610px/01/610px/01_Ge_32_05_RG.jpg,01_Ge_32_05_RG.jpg,01,164928,832,610,01,Ge,32,5,True
SweetPublishingBibleIllustrations-610px/01/610px/01_Ge_18_07_RG.jpg,01_Ge_18_07_RG.jpg,01,175180,829,610,01,Ge,18,7,True
SweetPublishingBibleIllustrations-610px/01/610px/01_Ge_04_02_RG.jpg,01_Ge_04_02_RG.jpg,01,180821,808,610,01,Ge,4,2,True
SweetPublishingBibleIllustrations-610px/01/610px/01_Ge_40_12_RG.jpg,01_Ge_40_12_RG.jpg,01,162832,832,602,01,Ge,40,12,True
SweetPublishingBibleIllustrations-610px/01/610px/01_Ge_21_01_RG.jpg,01_Ge_21_01_RG.jpg,01,139869,824,610,01,Ge,21,1,True
SweetPublishingBibleIllustrations-610px/01/610px/01_Ge_29_04_RG.jpg,01_Ge_29_04_RG.jpg,01,175470,825,610,01,Ge,29,4,True
SweetPublishingBibleIllustrations-610px/01/610px/01_Ge_03_06_RG.jpg,01_Ge_03_06_RG.jpg,01,198224,832,607,01,Ge,3,6,True
SweetPublishingBibleIllustrations-610px/01/610px/01_Ge_18_15_RG.jpg,01_Ge_18_15_RG.jpg,01,154609,821,610,01,Ge,18,15,True
SweetPublishingBibleIllustrations-610px/01/610px/01_Ge_19_13_RG.jpg,01_Ge_19_13_RG.jpg,01,94970,633,610,01,Ge,19,13,True
SweetPublishingBibleIllustrations-610px/01/610px/01_Ge_28_02_RG.jpg,01_Ge_28_02_RG.jpg,01,157069,823,610,01,Ge,28,2,True
SweetPublishingBibleIllustrations-610px/01/610px/01_Ge_27_03_RG.jpg,01_Ge_27_03_RG.jpg,01,178151,832,604,01,Ge,27,3,True
SweetPublishingBibleIllustrations-610px/01/610px/01_Ge_11_08_RG.jpg,01_Ge_11_08_RG.jpg,01,83360,443,610,01,Ge,11,8,True
SweetPublishingBibleIllustrations-610px/01/610px/01_Ge_41_14_RG.jpg,01_Ge_41_14_RG.jpg,01,156746,832,609,01,Ge,41,14,True
SweetPublishingBibleIllustrations-610px/01/610px/01_Ge_02_12_RG.jpg,01_Ge_02_12_RG.jpg,01,174762,794,610,01,Ge,2,12,True
SweetPublishingBibleIllustrations-610px/01/610px/01_Ge_19_01_RG.jpg,01_Ge_19_01_RG.jpg,01,166369,832,607,01,Ge,19,1,True
SweetPublishingBibleIllustrations-610px/01/610px/01_Ge_11_04_RG.jpg,01_Ge_11_04_RG.jpg,01,132875,820,610,01,Ge,11,4,True
SweetPublishingBibleIllustrations-610px/01/610px/01_Ge_46_02_RG.jpg,01_Ge_46_02_RG.jpg,01,176864,817,610,01,Ge,46,2,True
SweetPublishingBibleIllustrations-610px/01/610px/01_Ge_41_18_RG.jpg,01_Ge_41_18_RG.jpg,01,136039,809,610,01,Ge,41,18,True
SweetPublishingBibleIllustrations-610px/01/610px/01_Ge_33_03_RG.jpg,01_Ge_33_03_RG.jpg,01,142340,820,610,01,Ge,33,3,True
SweetPublishingBibleIllustrations-610px/01/610px/01_Ge_27_11_RG.jpg,01_Ge_27_11_RG.jpg,01,157506,805,610,01,Ge,27,11,True
SweetPublishingBibleIllustrations-610px/01/610px/01_Ge_41_06_RG.jpg,01_Ge_41_06_RG.jpg,01,170950,832,610,01,Ge,41,6,True
SweetPublishingBibleIllustrations-610px/01/610px/01_Ge_30_04_RG.jpg,01_Ge_30_04_RG.jpg,01,164203,804,610,01,Ge,30,4,True
SweetPublishingBibleIllustrations-610px/01/610px/01_Ge_01_15_RG.jpg,01_Ge_01_15_RG.jpg,01,170966,820,610,01,Ge,1,15,True
SweetPublishingBibleIllustrations-610px/01/610px/01_Ge_12_03_RG.jpg,01_Ge_12_03_RG.jpg,01,182810,832,606,01,Ge,12,3,True
SweetPublishingBibleIllustrations-610px/01/610px/01_Ge_45_05_RG.jpg,01_Ge_45_05_RG.jpg,01,160108,828,610,01,Ge,45,5,True
SweetPublishingBibleIllustrations-610px/01/610px/01_Ge_24_08_RG.jpg,01_Ge_24_08_RG.jpg,01,153566,829,610,01,Ge,24,8,True
SweetPublishingBibleIllustrations-610px/01/610px/01_Ge_06_11_RG.jpg,01_Ge_06_11_RG.jpg,01,183210,830,610,01,Ge,6,11,True
SweetPublishingBibleIllustrations-610px/01/610px/01_Ge_42_01_RG.jpg,01_Ge_42_01_RG.jpg,01,138267,812,610,01,Ge,42,1,True
SweetPublishingBibleIllustrations-610px/01/610px/01_Ge_15_07_RG.jpg,01_Ge_15_07_RG.jpg,01,171866,832,600,01,Ge,15,7,True
SweetPublishingBibleIllustrations-610px/01/610px/01_Ge_01_07_RG.jpg,01_Ge_01_07_RG.jpg,01,172822,823,610,01,Ge,1,7,True
SweetPublishingBibleIllustrations-610px/01/610px/01_Ge_12_11_RG.jpg,01_Ge_12_11_RG.jpg,01,165497,832,602,01,Ge,12,11,True
SweetPublishingBibleIllustrations-610px/01/610px/01_Ge_09_02_RG.jpg,01_Ge_09_02_RG.jpg,01,191000,825,610,01,Ge,9,2,True
SweetPublishingBibleIllustrations-610px/01/610px/01_Ge_06_03_RG.jpg,01_Ge_06_03_RG.jpg,01,192566,809,610,01,Ge,6,3,True
SweetPublishingBibleIllustrations-610px/01/610px/01_Ge_42_13_RG.jpg,01_Ge_42_13_RG.jpg,01,159324,816,610,01,Ge,42,13,True
SweetPublishingBibleIllustrations-610px/01/610px/01_Ge_41_22_RG.jpg,01_Ge_41_22_RG.jpg,01,102341,696,610,01,Ge,41,22,True
SweetPublishingBibleIllustrations-610px/01/610px/01_Ge_45_09_RG.jpg,01_Ge_45_09_RG.jpg,01,129888,828,610,01,Ge,45,9,True
SweetPublishingBibleIllustrations-610px/01/610px/01_Ge_24_04_RG.jpg,01_Ge_24_04_RG.jpg,01,174919,812,610,01,Ge,24,4,True
SweetPublishingBibleIllustrations-610px/01/610px/01_Ge_37_12_RG.jpg,01_Ge_37_12_RG.jpg,01,157491,829,610,01,Ge,37,12,True
SweetPublishingBibleIllustrations-610px/01/610px/01_Ge_04_06_RG.jpg,01_Ge_04_06_RG.jpg,01,185161,807,610,01,Ge,4,6,True
SweetPublishingBibleIllustrations-610px/01/610px/01_Ge_18_11_RG.jpg,01_Ge_18_11_RG.jpg,01,128175,791,610,01,Ge,18,11,True
SweetPublishingBibleIllustrations-610px/01/610px/01_Ge_03_02_RG.jpg,01_Ge_03_02_RG.jpg,01,149837,824,610,01,Ge,3,2,True
SweetPublishingBibleIllustrations-610px/01/610px/01_Ge_40_08_RG.jpg,01_Ge_40_08_RG.jpg,01,133975,832,584,01,Ge,40,8,True
SweetPublishingBibleIllustrations-610px/01/610px/01_Ge_17_02_RG.jpg,01_Ge_17_02_RG.jpg,01,187951,832,609,01,Ge,17,2,True
SweetPublishingBibleIllustrations-610px/01/610px/01_Ge_40_04_RG.jpg,01_Ge_40_04_RG.jpg,01,137418,832,609,01,Ge,40,4,True
SweetPublishingBibleIllustrations-610px/01/610px/01_Ge_03_10_RG.jpg,01_Ge_03_10_RG.jpg,01,157047,828,610,01,Ge,3,10,True
SweetPublishingBibleIllustrations-610px/01/610px/01_Ge_32_01_RG.jpg,01_Ge_32_01_RG.jpg,01,117240,829,610,01,Ge,32,1,True
SweetPublishingBibleIllustrations-610px/01/610px/01_Ge_43_03_RG.jpg,01_Ge_43_03_RG.jpg,01,146203,809,610,01,Ge,43,3,True
SweetPublishingBibleIllustrations-610px/01/610px/01_Ge_25_14_RG.jpg,01_Ge_25_14_RG.jpg,01,170638,830,610,01,Ge,25,14,True
SweetPublishingBibleIllustrations-610px/01/610px/01_Ge_39_03_RG.jpg,01_Ge_39_03_RG.jpg,01,149413,826,610,01,Ge,39,3,True
SweetPublishingBibleIllustrations-610px/01/610px/01_Ge_22_10_RG.jpg,01_Ge_22_10_RG.jpg,01,150858,818,610,01,Ge,22,10,True
SweetPublishingBibleIllustrations-610px/01/610px/01_Ge_31_06_RG.jpg,01_Ge_31_06_RG.jpg,01,134612,832,601,01,Ge,31,6,True
SweetPublishingBibleIllustrations-610px/01/610px/01_Ge_08_12_RG.jpg,01_Ge_08_12_RG.jpg,01,183250,822,610,01,Ge,8,12,True
SweetPublishingBibleIllustrations-610px/01/610px/01_Ge_44_07_RG.jpg,01_Ge_44_07_RG.jpg,01,160339,808,610,01,Ge,44,7,True
SweetPublishingBibleIllustrations-610px/01/610px/01_Ge_13_01_RG.jpg,01_Ge_13_01_RG.jpg,01,184013,832,607,01,Ge,13,1,True
SweetPublishingBibleIllustrations-610px/01/610px/01_Ge_07_01_RG.jpg,01_Ge_07_01_RG.jpg,01,135569,832,455,01,Ge,7,1,True
SweetPublishingBibleIllustrations-610px/01/610px/01_Ge_25_06_RG.jpg,01_Ge_25_06_RG.jpg,01,168734,823,610,01,Ge,25,6,True
SweetPublishingBibleIllustrations-610px/01/610px/01_Ge_39_11_RG.jpg,01_Ge_39_11_RG.jpg,01,141997,813,610,01,Ge,39,11,True
SweetPublishingBibleIllustrations-610px/01/610px/01_Ge_22_02_RG.jpg,01_Ge_22_02_RG.jpg,01,153107,824,610,01,Ge,22,2,True
SweetPublishingBibleIllustrations-610px/01/610px/01_Ge_01_03_RG.jpg,01_Ge_01_03_RG.jpg,01,238970,815,610,01,Ge,1,3,True
SweetPublishingBibleIllustrations-610px/01/610px/01_Ge_37_08_RG.jpg,01_Ge_37_08_RG.jpg,01,150205,826,610,01,Ge,37,8,True
SweetPublishingBibleIllustrations-610px/01/610px/01_Ge_09_06_RG.jpg,01_Ge_09_06_RG.jpg,01,189640,811,610,01,Ge,9,6,True
SweetPublishingBibleIllustrations-610px/01/610px/01_Ge_42_09_RG.jpg,01_Ge_42_09_RG.jpg,01,157515,824,610,01,Ge,42,9,True
SweetPublishingBibleIllustrations-610px/01/610px/01_Ge_41_26_RG.jpg,01_Ge_41_26_RG.jpg,01,143170,822,610,01,Ge,41,26,True
SweetPublishingBibleIllustrations-610px/01/610px/01_Ge_37_16_RG.jpg,01_Ge_37_16_RG.jpg,01,154550,829,610,01,Ge,37,16,True
SweetPublishingBibleIllustrations-610px/01/610px/01_Ge_06_07_RG.jpg,01_Ge_06_07_RG.jpg,01,155458,790,610,01,Ge,6,7,True
SweetPublishingBibleIllustrations-610px/01/610px/01_Ge_01_11_RG.jpg,01_Ge_01_11_RG.jpg,01,180756,819,610,01,Ge,1,11,True
SweetPublishingBibleIllustrations-610px/01/610px/01_Ge_45_01_RG.jpg,01_Ge_45_01_RG.jpg,01,150281,814,610,01,Ge,45,1,True
SweetPublishingBibleIllustrations-610px/01/610px/01_Ge_12_07_RG.jpg,01_Ge_12_07_RG.jpg,01,120236,825,610,01,Ge,12,7,True
SweetPublishingBibleIllustrations-610px/01/610px/01_Ge_37_04_RG.jpg,01_Ge_37_04_RG.jpg,01,140528,832,597,01,Ge,37,4,True
SweetPublishingBibleIllustrations-610px/01/610px/01_Ge_15_03_RG.jpg,01_Ge_15_03_RG.jpg,01,136398,824,610,01,Ge,15,3,True
SweetPublishingBibleIllustrations-610px/01/610px/01_Ge_42_05_RG.jpg,01_Ge_42_05_RG.jpg,01,162734,818,610,01,Ge,42,5,True
SweetPublishingBibleIllustrations-610px/01/610px/01_Ge_19_05_RG.jpg,01_Ge_19_05_RG.jpg,01,175327,806,610,01,Ge,19,5,True
SweetPublishingBibleIllustrations-610px/01/610px/01_Ge_41_02_RG.jpg,01_Ge_41_02_RG.jpg,01,159410,827,610,01,Ge,41,2,True
SweetPublishingBibleIllustrations-610px/01/610px/01_Ge_28_06_RG.jpg,01_Ge_28_06_RG.jpg,01,133746,832,604,01,Ge,28,6,True
SweetPublishingBibleIllustrations-610px/01/610px/01_Ge_02_04_RG.jpg,01_Ge_02_04_RG.jpg,01,164829,815,610,01,Ge,2,4,True
SweetPublishingBibleIllustrations-610px/01/610px/01_Ge_37_20_RG.jpg,01_Ge_37_20_RG.jpg,01,175295,824,610,01,Ge,37,20,True
SweetPublishingBibleIllustrations-610px/01/610px/01_Ge_41_10_RG.jpg,01_Ge_41_10_RG.jpg,01,131204,826,610,01,Ge,41,10,True
SweetPublishingBibleIllustrations-610px/01/610px/01_Ge_27_07_RG.jpg,01_Ge_27_07_RG.jpg,01,145132,815,610,01,Ge,27,7,True
SweetPublishingBibleIllustrations-610px/01/610px/01_Ge_19_09_RG.jpg,01_Ge_19_09_RG.jpg,01,169595,812,610,01,Ge,19,9,True
SweetPublishingBibleIllustrations-610px/01/610px/01_Ge_37_06_RG.jpg,01_Ge_37_06_RG.jpg,01,151205,830,610,01,Ge,37,6,True
SweetPublishingBibleIllustrations-610px/01/610px/01_Ge_24_10_RG.jpg,01_Ge_24_10_RG.jpg,01,168132,832,610,01,Ge,24,10,True
SweetPublishingBibleIllustrations-610px/01/610px/01_Ge_42_07_RG.jpg,01_Ge_42_07_RG.jpg,01,156681,819,610,01,Ge,42,7,True
SweetPublishingBibleIllustrations-610px/01/610px/01_Ge_15_01_RG.jpg,01_Ge_15_01_RG.jpg,01,171732,832,605,01,Ge,15,1,True
SweetPublishingBibleIllustrations-610px/01/610px/01_Ge_12_05_RG.jpg,01_Ge_12_05_RG.jpg,01,140497,588,610,01,Ge,12,5,True
SweetPublishingBibleIllustrations-610px/01/610px/01_Ge_45_03_RG.jpg,01_Ge_45_03_RG.jpg,01,169998,824,610,01,Ge,45,3,True
SweetPublishingBibleIllustrations-610px/01/610px/01_Ge_41_28_RG.jpg,01_Ge_41_28_RG.jpg,01,145453,818,610,01,Ge,41,28,True
SweetPublishingBibleIllustrations-610px/01/610px/01_Ge_37_18_RG.jpg,01_Ge_37_18_RG.jpg,01,162832,832,602,01,Ge,37,18,True
SweetPublishingBibleIllustrations-610px/01/610px/01_Ge_01_13_RG.jpg,01_Ge_01_13_RG.jpg,01,153458,828,610,01,Ge,1,13,True
SweetPublishingBibleIllustrations-610px/01/610px/01_Ge_30_02_RG.jpg,01_Ge_30_02_RG.jpg,01,160402,832,598,01,Ge,30,2,True
SweetPublishingBibleIllustrations-610px/01/610px/01_Ge_06_09_RG.jpg,01_Ge_06_09_RG.jpg,01,167116,832,604,01,Ge,6,9,True
SweetPublishingBibleIllustrations-610px/01/610px/01_Ge_37_14_RG.jpg,01_Ge_37_14_RG.jpg,01,148159,827,610,01,Ge,37,14,True
SweetPublishingBibleIllustrations-610px/01/610px/01_Ge_41_24_RG.jpg,01_Ge_41_24_RG.jpg,01,137418,832,609,01,Ge,41,24,True
SweetPublishingBibleIllustrations-610px/01/610px/01_Ge_12_09_RG.jpg,01_Ge_12_09_RG.jpg,01,142152,832,595,01,Ge,12,9,True
SweetPublishingBibleIllustrations-610px/01/610px/01_Ge_24_02_RG.jpg,01_Ge_24_02_RG.jpg,01,197144,819,610,01,Ge,24,2,True
SweetPublishingBibleIllustrations-610px/01/610px/01_Ge_06_05_RG.jpg,01_Ge_06_05_RG.jpg,01,191000,825,610,01,Ge,6,5,True
SweetPublishingBibleIllustrations-610px/01/610px/01_Ge_09_04_RG.jpg,01_Ge_09_04_RG.jpg,01,167527,819,610,01,Ge,9,4,True
SweetPublishingBibleIllustrations-610px/01/610px/01_Ge_01_01_RG.jpg,01_Ge_01_01_RG.jpg,01,163272,827,610,01,Ge,1,1,True
SweetPublishingBibleIllustrations-610px/01/610px/01_Ge_41_12_RG.jpg,01_Ge_41_12_RG.jpg,01,150861,813,610,01,Ge,41,12,True
SweetPublishingBibleIllustrations-610px/01/610px/01_Ge_37_22_RG.jpg,01_Ge_37_22_RG.jpg,01,145459,813,610,01,Ge,37,22,True
SweetPublishingBibleIllustrations-610px/01/610px/01_Ge_27_05_RG.jpg,01_Ge_27_05_RG.jpg,01,168172,832,593,01,Ge,27,5,True
SweetPublishingBibleIllustrations-610px/01/610px/01_Ge_28_04_RG.jpg,01_Ge_28_04_RG.jpg,01,184161,822,610,01,Ge,28,4,True
SweetPublishingBibleIllustrations-610px/01/610px/01_Ge_02_06_RG.jpg,01_Ge_02_06_RG.jpg,01,170183,809,610,01,Ge,2,6,True
SweetPublishingBibleIllustrations-610px/01/610px/01_Ge_28_08_RG.jpg,01_Ge_28_08_RG.jpg,01,125394,828,610,01,Ge,28,8,True
SweetPublishingBibleIllustrations-610px/01/610px/01_Ge_27_09_RG.jpg,01_Ge_27_09_RG.jpg,01,147920,832,598,01,Ge,27,9,True
SweetPublishingBibleIllustrations-610px/01/610px/01_Ge_11_02_RG.jpg,01_Ge_11_02_RG.jpg,01,162109,778,610,01,Ge,11,2,True
SweetPublishingBibleIllustrations-610px/01/610px/01_Ge_19_07_RG.jpg,01_Ge_19_07_RG.jpg,01,166019,816,610,01,Ge,19,7,True
SweetPublishingBibleIllustrations-610px/01/610px/01_Ge_47_02_RG.jpg,01_Ge_47_02_RG.jpg,01,104349,832,471,01,Ge,47,2,True
SweetPublishingBibleIllustrations-610px/01/610px/01_Ge_18_01_RG.jpg,01_Ge_18_01_RG.jpg,01,189471,832,605,01,Ge,18,1,True
SweetPublishingBibleIllustrations-610px/01/610px/01_Ge_04_08_RG.jpg,01_Ge_04_08_RG.jpg,01,157521,824,610,01,Ge,4,8,True
SweetPublishingBibleIllustrations-610px/01/610px/01_Ge_32_03_RG.jpg,01_Ge_32_03_RG.jpg,01,154462,832,599,01,Ge,32,3,True
SweetPublishingBibleIllustrations-610px/01/610px/01_Ge_29_10_RG.jpg,01_Ge_29_10_RG.jpg,01,155387,831,610,01,Ge,29,10,True
SweetPublishingBibleIllustrations-610px/01/610px/01_Ge_40_06_RG.jpg,01_Ge_40_06_RG.jpg,01,150058,825,610,01,Ge,40,6,True
SweetPublishingBibleIllustrations-610px/01/610px/01_Ge_18_13_RG.jpg,01_Ge_18_13_RG.jpg,01,139324,800,610,01,Ge,18,13,True
SweetPublishingBibleIllustrations-610px/01/610px/01_Ge_29_02_RG.jpg,01_Ge_29_02_RG.jpg,01,165740,829,610,01,Ge,29,2,True
SweetPublishingBibleIllustrations-610px/01/610px/01_Ge_04_04_RG.jpg,01_Ge_04_04_RG.jpg,01,182006,810,610,01,Ge,4,4,True
SweetPublishingBibleIllustrations-610px/01/610px/01_Ge_08_02_RG.jpg,01_Ge_08_02_RG.jpg,01,194925,832,602,01,Ge,8,2,True
SweetPublishingBibleIllustrations-610px/01/610px/01_Ge_31_08_RG.jpg,01_Ge_31_08_RG.jpg,01,157903,831,610,01,Ge,31,8,True
SweetPublishingBibleIllustrations-610px/01/610px/01_Ge_07_03_RG.jpg,01_Ge_07_03_RG.jpg,01,137018,758,610,01,Ge,7,3,True
SweetPublishingBibleIllustrations-610px/01/610px/01_Ge_44_09_RG.jpg,01_Ge_44_09_RG.jpg,01,163089,832,602,01,Ge,44,9,True
SweetPublishingBibleIllustrations-610px/01/610px/01_Ge_25_04_RG.jpg,01_Ge_25_04_RG.jpg,01,167788,824,610,01,Ge,25,4,True
SweetPublishingBibleIllustrations-610px/01/610px/01_Ge_31_04_RG.jpg,01_Ge_31_04_RG.jpg,01,135165,832,604,01,Ge,31,4,True
SweetPublishingBibleIllustrations-610px/01/610px/01_Ge_39_01_RG.jpg,01_Ge_39_01_RG.jpg,01,145459,813,610,01,Ge,39,1,True
SweetPublishingBibleIllustrations-610px/01/610px/01_Ge_13_03_RG.jpg,01_Ge_13_03_RG.jpg,01,170894,826,610,01,Ge,13,3,True
SweetPublishingBibleIllustrations-610px/01/610px/01_Ge_08_10_RG.jpg,01_Ge_08_10_RG.jpg,01,160411,832,596,01,Ge,8,10,True
SweetPublishingBibleIllustrations-610px/01/610px/01_Ge_25_08_RG.jpg,01_Ge_25_08_RG.jpg,01,166382,829,610,01,Ge,25,8,True
SweetPublishingBibleIllustrations-610px/01/610px/01_Ge_43_01_RG.jpg,01_Ge_43_01_RG.jpg,01,118849,806,610,01,Ge,43,1,True
SweetPublishingBibleIllustrations-610px/01/610px/01_Ge_18_08_RG.jpg,01_Ge_18_08_RG.jpg,01,140497,588,610,01,Ge,18,8,True
SweetPublishingBibleIllustrations-610px/01/610px/01_Ge_40_11_RG.jpg,01_Ge_40_11_RG.jpg,01,158163,832,608,01,Ge,40,11,True
SweetPublishingBibleIllustrations-610px/01/610px/01_Ge_04_01_RG.jpg,01_Ge_04_01_RG.jpg,01,188655,831,610,01,Ge,4,1,True
SweetPublishingBibleIllustrations-610px/01/610px/01_Ge_18_16_RG.jpg,01_Ge_18_16_RG.jpg,01,147813,807,610,01,Ge,18,16,True
SweetPublishingBibleIllustrations-610px/01/610px/01_Ge_03_05_RG.jpg,01_Ge_03_05_RG.jpg,01,163553,808,610,01,Ge,3,5,True
SweetPublishingBibleIllustrations-610px/01/610px/01_Ge_29_07_RG.jpg,01_Ge_29_07_RG.jpg,01,177312,824,610,01,Ge,29,7,True
SweetPublishingBibleIllustrations-610px/01/610px/01_Ge_21_02_RG.jpg,01_Ge_21_02_RG.jpg,01,167903,832,608,01,Ge,21,2,True
SweetPublishingBibleIllustrations-610px/01/610px/01_Ge_35_02_RG.jpg,01_Ge_35_02_RG.jpg,01,144339,832,605,01,Ge,35,2,True
SweetPublishingBibleIllustrations-610px/01/610px/01_Ge_03_09_RG.jpg,01_Ge_03_09_RG.jpg,01,156645,805,610,01,Ge,3,9,True
SweetPublishingBibleIllustrations-610px/01/610px/01_Ge_40_03_RG.jpg,01_Ge_40_03_RG.jpg,01,154573,825,610,01,Ge,40,3,True
SweetPublishingBibleIllustrations-610px/01/610px/01_Ge_18_04_RG.jpg,01_Ge_18_04_RG.jpg,01,192387,829,610,01,Ge,18,4,True
SweetPublishingBibleIllustrations-610px/01/610px/01_Ge_32_06_RG.jpg,01_Ge_32_06_RG.jpg,01,141655,832,590,01,Ge,32,6,True
SweetPublishingBibleIllustrations-610px/01/610px/01_Ge_22_09_RG.jpg,01_Ge_22_09_RG.jpg,01,140424,634,610,01,Ge,22,9,True
SweetPublishingBibleIllustrations-610px/01/610px/01_Ge_43_04_RG.jpg,01_Ge_43_04_RG.jpg,01,156133,809,610,01,Ge,43,4,True
SweetPublishingBibleIllustrations-610px/01/610px/01_Ge_25_13_RG.jpg,01_Ge_25_13_RG.jpg,01,156490,821,610,01,Ge,25,13,True
SweetPublishingBibleIllustrations-610px/01/610px/01_Ge_31_01_RG.jpg,01_Ge_31_01_RG.jpg,01,178694,832,600,01,Ge,31,1,True
SweetPublishingBibleIllustrations-610px/01/610px/01_Ge_39_04_RG.jpg,01_Ge_39_04_RG.jpg,01,140230,824,610,01,Ge,39,4,True
SweetPublishingBibleIllustrations-610px/01/610px/01_Ge_08_15_RG.jpg,01_Ge_08_15_RG.jpg,01,189640,811,610,01,Ge,8,15,True
SweetPublishingBibleIllustrations-610px/01/610px/01_Ge_39_08_RG.jpg,01_Ge_39_08_RG.jpg,01,141438,817,610,01,Ge,39,8,True
SweetPublishingBibleIllustrations-610px/01/610px/01_Ge_07_06_RG.jpg,01_Ge_07_06_RG.jpg,01,165894,822,610,01,Ge,7,6,True
SweetPublishingBibleIllustrations-610px/01/610px/01_Ge_25_01_RG.jpg,01_Ge_25_01_RG.jpg,01,143978,818,610,01,Ge,25,1,True
SweetPublishingBibleIllustrations-610px/01/610px/01_Ge_18_20_RG.jpg,01_Ge_18_20_RG.jpg,01,154009,832,605,01,Ge,18,20,True
SweetPublishingBibleIllustrations-610px/01/610px/01_Ge_22_05_RG.jpg,01_Ge_22_05_RG.jpg,01,184852,811,610,01,Ge,22,5,True
SweetPublishingBibleIllustrations-610px/01/610px/01_Ge_08_07_RG.jpg,01_Ge_08_07_RG.jpg,01,138859,758,610,01,Ge,8,7,True
SweetPublishingBibleIllustrations-610px/01/610px/01_Ge_12_12_RG.jpg,01_Ge_12_12_RG.jpg,01,176456,832,592,01,Ge,12,12,True
SweetPublishingBibleIllustrations-610px/01/610px/01_Ge_01_04_RG.jpg,01_Ge_01_04_RG.jpg,01,149162,825,610,01,Ge,1,4,True
SweetPublishingBibleIllustrations-610px/01/610px/01_Ge_15_08_RG.jpg,01_Ge_15_08_RG.jpg,01,168890,814,610,01,Ge,15,8,True
SweetPublishingBibleIllustrations-610px/01/610px/01_Ge_37_11_RG.jpg,01_Ge_37_11_RG.jpg,01,129955,822,610,01,Ge,37,11,True
SweetPublishingBibleIllustrations-610px/01/610px/01_Ge_24_07_RG.jpg,01_Ge_24_07_RG.jpg,01,170677,832,605,01,Ge,24,7,True
SweetPublishingBibleIllustrations-610px/01/610px/01_Ge_41_21_RG.jpg,01_Ge_41_21_RG.jpg,01,137652,819,610,01,Ge,41,21,True
SweetPublishingBibleIllustrations-610px/01/610px/01_Ge_42_10_RG.jpg,01_Ge_42_10_RG.jpg,01,171361,827,610,01,Ge,42,10,True
SweetPublishingBibleIllustrations-610px/01/610px/01_Ge_45_06_RG.jpg,01_Ge_45_06_RG.jpg,01,168495,832,605,01,Ge,45,6,True
SweetPublishingBibleIllustrations-610px/01/610px/01_Ge_01_08_RG.jpg,01_Ge_01_08_RG.jpg,01,170966,820,610,01,Ge,1,8,True
SweetPublishingBibleIllustrations-610px/01/610px/01_Ge_37_03_RG.jpg,01_Ge_37_03_RG.jpg,01,164604,807,610,01,Ge,37,3,True
SweetPublishingBibleIllustrations-610px/01/610px/01_Ge_15_04_RG.jpg,01_Ge_15_04_RG.jpg,01,138415,831,610,01,Ge,15,4,True
SweetPublishingBibleIllustrations-610px/01/610px/01_Ge_42_02_RG.jpg,01_Ge_42_02_RG.jpg,01,126895,832,600,01,Ge,42,2,True
SweetPublishingBibleIllustrations-610px/01/610px/01_Ge_06_12_RG.jpg,01_Ge_06_12_RG.jpg,01,195562,822,610,01,Ge,6,12,True
SweetPublishingBibleIllustrations-610px/01/610px/01_Ge_46_01_RG.jpg,01_Ge_46_01_RG.jpg,01,139661,829,610,01,Ge,46,1,True
SweetPublishingBibleIllustrations-610px/01/610px/01_Ge_11_07_RG.jpg,01_Ge_11_07_RG.jpg,01,133617,820,610,01,Ge,11,7,True
SweetPublishingBibleIllustrations-610px/01/610px/01_Ge_19_02_RG.jpg,01_Ge_19_02_RG.jpg,01,176077,832,608,01,Ge,19,2,True
SweetPublishingBibleIllustrations-610px/01/610px/01_Ge_02_11_RG.jpg,01_Ge_02_11_RG.jpg,01,157804,827,610,01,Ge,2,11,True
SweetPublishingBibleIllustrations-610px/01/610px/01_Ge_41_05_RG.jpg,01_Ge_41_05_RG.jpg,01,190605,819,610,01,Ge,41,5,True
SweetPublishingBibleIllustrations-610px/01/610px/01_Ge_27_12_RG.jpg,01_Ge_27_12_RG.jpg,01,149564,832,606,01,Ge,27,12,True
SweetPublishingBibleIllustrations-610px/01/610px/01_Ge_28_01_RG.jpg,01_Ge_28_01_RG.jpg,01,149564,832,606,01,Ge,28,1,True
SweetPublishingBibleIllustrations-610px/01/610px/01_Ge_41_09_RG.jpg,01_Ge_41_09_RG.jpg,01,143545,812,610,01,Ge,41,9,True
SweetPublishingBibleIllustrations-610px/01/610px/01_Ge_19_10_RG.jpg,01_Ge_19_10_RG.jpg,01,167949,812,610,01,Ge,19,10,True
SweetPublishingBibleIllustrations-610px/01/610px/01_Ge_02_03_RG.jpg,01_Ge_02_03_RG.jpg,01,181949,832,606,01,Ge,2,3,True
SweetPublishingBibleIllustrations-610px/01/610px/01_Ge_41_17_RG.jpg,01_Ge_41_17_RG.jpg,01,153546,812,610,01,Ge,41,17,True
SweetPublishingBibleIllustrations-610px/01/610px/01_Ge_37_01_RG.jpg,01_Ge_37_01_RG.jpg,01,158472,828,610,01,Ge,37,1,True
SweetPublishingBibleIllustrations-610px/01/610px/01_Ge_06_10_RG.jpg,01_Ge_06_10_RG.jpg,01,187782,824,610,01,Ge,6,10,True
SweetPublishingBibleIllustrations-610px/01/610px/01_Ge_15_06_RG.jpg,01_Ge_15_06_RG.jpg,01,156867,832,608,01,Ge,15,6,True
SweetPublishingBibleIllustrations-610px/01/610px/01_Ge_01_14_RG.jpg,01_Ge_01_14_RG.jpg,01,170437,816,610,01,Ge,1,14,True
SweetPublishingBibleIllustrations-610px/01/610px/01_Ge_12_02_RG.jpg,01_Ge_12_02_RG.jpg,01,176886,832,605,01,Ge,12,2,True
SweetPublishingBibleIllustrations-610px/01/610px/01_Ge_45_04_RG.jpg,01_Ge_45_04_RG.jpg,01,145775,815,610,01,Ge,45,4,True
SweetPublishingBibleIllustrations-610px/01/610px/01_Ge_24_09_RG.jpg,01_Ge_24_09_RG.jpg,01,177390,832,601,01,Ge,24,9,True
SweetPublishingBibleIllustrations-610px/01/610px/01_Ge_45_08_RG.jpg,01_Ge_45_08_RG.jpg,01,167487,818,610,01,Ge,45,8,True
SweetPublishingBibleIllustrations-610px/01/610px/01_Ge_24_05_RG.jpg,01_Ge_24_05_RG.jpg,01,176189,832,608,01,Ge,24,5,True
SweetPublishingBibleIllustrations-610px/01/610px/01_Ge_41_23_RG.jpg,01_Ge_41_23_RG.jpg,01,143615,832,592,01,Ge,41,23,True
SweetPublishingBibleIllustrations-610px/01/610px/01_Ge_37_13_RG.jpg,01_Ge_37_13_RG.jpg,01,157079,821,610,01,Ge,37,13,True
SweetPublishingBibleIllustrations-610px/01/610px/01_Ge_06_02_RG.jpg,01_Ge_06_02_RG.jpg,01,171595,817,610,01,Ge,6,2,True
SweetPublishingBibleIllustrations-610px/01/610px/01_Ge_42_12_RG.jpg,01_Ge_42_12_RG.jpg,01,160338,812,610,01,Ge,42,12,True
SweetPublishingBibleIllustrations-610px/01/610px/01_Ge_01_06_RG.jpg,01_Ge_01_06_RG.jpg,01,189640,811,610,01,Ge,1,6,True
SweetPublishingBibleIllustrations-610px/01/610px/01_Ge_12_10_RG.jpg,01_Ge_12_10_RG.jpg,01,194246,826,610,01,Ge,12,10,True
SweetPublishingBibleIllustrations-610px/01/610px/01_Ge_09_03_RG.jpg,01_Ge_09_03_RG.jpg,01,87125,748,610,01,Ge,9,3,True
SweetPublishingBibleIllustrations-610px/01/610px/01_Ge_23_01_RG.jpg,01_Ge_23_01_RG.jpg,01,171977,801,610,01,Ge,23,1,True
SweetPublishingBibleIllustrations-610px/01/610px/01_Ge_41_15_RG.jpg,01_Ge_41_15_RG.jpg,01,161447,832,606,01,Ge,41,15,True
SweetPublishingBibleIllustrations-610px/01/610px/01_Ge_27_02_RG.jpg,01_Ge_27_02_RG.jpg,01,154474,825,610,01,Ge,27,2,True
SweetPublishingBibleIllustrations-610px/01/610px/01_Ge_11_09_RG.jpg,01_Ge_11_09_RG.jpg,01,136811,832,525,01,Ge,11,9,True
SweetPublishingBibleIllustrations-610px/01/610px/01_Ge_28_03_RG.jpg,01_Ge_28_03_RG.jpg,01,171212,832,609,01,Ge,28,3,True
SweetPublishingBibleIllustrations-610px/01/610px/01_Ge_02_01_RG.jpg,01_Ge_02_01_RG.jpg,01,124873,819,610,01,Ge,2,1,True
SweetPublishingBibleIllustrations-610px/01/610px/01_Ge_41_07_RG.jpg,01_Ge_41_07_RG.jpg,01,141374,813,610,01,Ge,41,7,True
SweetPublishingBibleIllustrations-610px/01/610px/01_Ge_16_01_RG.jpg,01_Ge_16_01_RG.jpg,01,172375,826,610,01,Ge,16,1,True
SweetPublishingBibleIllustrations-610px/01/610px/01_Ge_27_10_RG.jpg,01_Ge_27_10_RG.jpg,01,142006,815,610,01,Ge,27,10,True
SweetPublishingBibleIllustrations-610px/01/610px/01_Ge_41_19_RG.jpg,01_Ge_41_19_RG.jpg,01,144957,832,601,01,Ge,41,19,True
SweetPublishingBibleIllustrations-610px/01/610px/01_Ge_33_02_RG.jpg,01_Ge_33_02_RG.jpg,01,143528,832,608,01,Ge,33,2,True
SweetPublishingBibleIllustrations-610px/01/610px/01_Ge_11_05_RG.jpg,01_Ge_11_05_RG.jpg,01,121960,820,610,01,Ge,11,5,True
SweetPublishingBibleIllustrations-610px/01/610px/01_Ge_18_06_RG.jpg,01_Ge_18_06_RG.jpg,01,192368,823,610,01,Ge,18,6,True
SweetPublishingBibleIllustrations-610px/01/610px/01_Ge_32_04_RG.jpg,01_Ge_32_04_RG.jpg,01,142038,832,610,01,Ge,32,4,True
SweetPublishingBibleIllustrations-610px/01/610px/01_Ge_18_18_RG.jpg,01_Ge_18_18_RG.jpg,01,157140,807,610,01,Ge,18,18,True
SweetPublishingBibleIllustrations-610px/01/610px/01_Ge_29_09_RG.jpg,01_Ge_29_09_RG.jpg,01,155141,832,608,01,Ge,29,9,True
SweetPublishingBibleIllustrations-610px/01/610px/01_Ge_04_11_RG.jpg,01_Ge_04_11_RG.jpg,01,137715,809,610,01,Ge,4,11,True
SweetPublishingBibleIllustrations-610px/01/610px/01_Ge_40_01_RG.jpg,01_Ge_40_01_RG.jpg,01,136172,804,610,01,Ge,40,1,True
SweetPublishingBibleIllustrations-610px/01/610px/01_Ge_03_07_RG.jpg,01_Ge_03_07_RG.jpg,01,204003,811,610,01,Ge,3,7,True
SweetPublishingBibleIllustrations-610px/01/610px/01_Ge_18_14_RG.jpg,01_Ge_18_14_RG.jpg,01,144050,832,591,01,Ge,18,14,True
SweetPublishingBibleIllustrations-610px/01/610px/01_Ge_29_05_RG.jpg,01_Ge_29_05_RG.jpg,01,138739,818,610,01,Ge,29,5,True
SweetPublishingBibleIllustrations-610px/01/610px/01_Ge_04_03_RG.jpg,01_Ge_04_03_RG.jpg,01,190770,816,610,01,Ge,4,3,True
SweetPublishingBibleIllustrations-610px/01/610px/01_Ge_22_07_RG.jpg,01_Ge_22_07_RG.jpg,01,168117,824,610,01,Ge,22,7,True
SweetPublishingBibleIllustrations-610px/01/610px/01_Ge_31_11_RG.jpg,01_Ge_31_11_RG.jpg,01,159961,804,610,01,Ge,31,11,True
SweetPublishingBibleIllustrations-610px/01/610px/01_Ge_08_05_RG.jpg,01_Ge_08_05_RG.jpg,01,184102,822,610,01,Ge,8,5,True
SweetPublishingBibleIllustrations-610px/01/610px/01_Ge_50_02_RG.jpg,01_Ge_50_02_RG.jpg,01,150590,820,610,01,Ge,50,2,True
SweetPublishingBibleIllustrations-610px/01/610px/01_Ge_07_04_RG.jpg,01_Ge_07_04_RG.jpg,01,94630,511,610,01,Ge,7,4,True
SweetPublishingBibleIllustrations-610px/01/610px/01_Ge_25_03_RG.jpg,01_Ge_25_03_RG.jpg,01,135487,822,610,01,Ge,25,3,True
SweetPublishingBibleIllustrations-610px/01/610px/01_Ge_39_06_RG.jpg,01_Ge_39_06_RG.jpg,01,142931,828,610,01,Ge,39,6,True
SweetPublishingBibleIllustrations-610px/01/610px/01_Ge_31_03_RG.jpg,01_Ge_31_03_RG.jpg,01,156720,832,606,01,Ge,31,3,True
SweetPublishingBibleIllustrations-610px/01/610px/01_Ge_07_08_RG.jpg,01_Ge_07_08_RG.jpg,01,194925,832,602,01,Ge,7,8,True
SweetPublishingBibleIllustrations-610px/01/610px/01_Ge_43_06_RG.jpg,01_Ge_43_06_RG.jpg,01,172902,832,610,01,Ge,43,6,True
SweetPublishingBibleIllustrations-610px/01/610px/01_Ge_25_11_RG.jpg,01_Ge_25_11_RG.jpg,01,160271,832,606,01,Ge,25,11,True
SweetPublishingBibleIllustrations-610px/01/610px/01_Ge_08_09_RG.jpg,01_Ge_08_09_RG.jpg,01,184585,831,610,01,Ge,8,9,True
SweetPublishingBibleIllustrations-610px/01/610px/01_Ge_02_09_RG.jpg,01_Ge_02_09_RG.jpg,01,156608,832,609,01,Ge,2,9,True
SweetPublishingBibleIllustrations-610px/01/610px/01_Ge_41_03_RG.jpg,01_Ge_41_03_RG.jpg,01,134313,821,610,01,Ge,41,3,True
SweetPublishingBibleIllustrations-610px/01/610px/01_Ge_11_01_RG.jpg,01_Ge_11_01_RG.jpg,01,191829,827,610,01,Ge,11,1,True
SweetPublishingBibleIllustrations-610px/01/610px/01_Ge_27_06_RG.jpg,01_Ge_27_06_RG.jpg,01,178616,820,610,01,Ge,27,6,True
SweetPublishingBibleIllustrations-610px/01/610px/01_Ge_19_08_RG.jpg,01_Ge_19_08_RG.jpg,01,164529,819,610,01,Ge,19,8,True
SweetPublishingBibleIllustrations-610px/01/610px/01_Ge_37_21_RG.jpg,01_Ge_37_21_RG.jpg,01,154280,832,608,01,Ge,37,21,True
SweetPublishingBibleIllustrations-610px/01/610px/01_Ge_05_01_RG.jpg,01_Ge_05_01_RG.jpg,01,171595,817,610,01,Ge,5,1,True
SweetPublishingBibleIllustrations-610px/01/610px/01_Ge_41_11_RG.jpg,01_Ge_41_11_RG.jpg,01,144253,814,610,01,Ge,41,11,True
SweetPublishingBibleIllustrations-610px/01/610px/01_Ge_02_05_RG.jpg,01_Ge_02_05_RG.jpg,01,170437,816,610,01,Ge,2,5,True
SweetPublishingBibleIllustrations-610px/01/610px/01_Ge_28_07_RG.jpg,01_Ge_28_07_RG.jpg,01,138326,832,596,01,Ge,28,7,True
SweetPublishingBibleIllustrations-610px/01/610px/01_Ge_06_06_RG.jpg,01_Ge_06_06_RG.jpg,01,160003,822,610,01,Ge,6,6,True
SweetPublishingBibleIllustrations-610px/01/610px/01_Ge_15_10_RG.jpg,01_Ge_15_10_RG.jpg,01,156520,832,600,01,Ge,15,10,True
SweetPublishingBibleIllustrations-610px/01/610px/01_Ge_24_01_RG.jpg,01_Ge_24_01_RG.jpg,01,144071,818,610,01,Ge,24,1,True
SweetPublishingBibleIllustrations-610px/01/610px/01_Ge_41_27_RG.jpg,01_Ge_41_27_RG.jpg,01,171778,817,610,01,Ge,41,27,True
SweetPublishingBibleIllustrations-610px/01/610px/01_Ge_37_17_RG.jpg,01_Ge_37_17_RG.jpg,01,160857,831,610,01,Ge,37,17,True
SweetPublishingBibleIllustrations-610px/01/610px/01_Ge_01_02_RG.jpg,01_Ge_01_02_RG.jpg,01,184060,815,610,01,Ge,1,2,True
SweetPublishingBibleIllustrations-610px/01/610px/01_Ge_37_09_RG.jpg,01_Ge_37_09_RG.jpg,01,146510,816,610,01,Ge,37,9,True
SweetPublishingBibleIllustrations-610px/01/610px/01_Ge_09_07_RG.jpg,01_Ge_09_07_RG.jpg,01,157804,827,610,01,Ge,9,7,True
SweetPublishingBibleIllustrations-610px/01/610px/01_Ge_15_02_RG.jpg,01_Ge_15_02_RG.jpg,01,157785,827,610,01,Ge,15,2,True
SweetPublishingBibleIllustrations-610px/01/610px/01_Ge_42_04_RG.jpg,01_Ge_42_04_RG.jpg,01,171489,814,610,01,Ge,42,4,True
SweetPublishingBibleIllustrations-610px/01/610px/01_Ge_37_05_RG.jpg,01_Ge_37_05_RG.jpg,01,168976,832,609,01,Ge,37,5,True
SweetPublishingBibleIllustrations-610px/01/610px/01_Ge_30_01_RG.jpg,01_Ge_30_01_RG.jpg,01,136691,831,610,01,Ge,30,1,True
SweetPublishingBibleIllustrations-610px/01/610px/01_Ge_01_10_RG.jpg,01_Ge_01_10_RG.jpg,01,159479,807,610,01,Ge,1,10,True
SweetPublishingBibleIllustrations-610px/01/610px/01_Ge_12_06_RG.jpg,01_Ge_12_06_RG.jpg,01,168366,832,494,01,Ge,12,6,True
SweetPublishingBibleIllustrations-610px/01/610px/01_Ge_44_06_RG.jpg,01_Ge_44_06_RG.jpg,01,140461,832,604,01,Ge,44,6,True
SweetPublishingBibleIllustrations-610px/01/610px/01_Ge_08_13_RG.jpg,01_Ge_08_13_RG.jpg,01,168999,817,610,01,Ge,8,13,True
SweetPublishingBibleIllustrations-610px/01/610px/01_Ge_39_02_RG.jpg,01_Ge_39_02_RG.jpg,01,143020,825,610,01,Ge,39,2,True
SweetPublishingBibleIllustrations-610px/01/610px/01_Ge_22_11_RG.jpg,01_Ge_22_11_RG.jpg,01,191829,827,610,01,Ge,22,11,True
SweetPublishingBibleIllustrations-610px/01/610px/01_Ge_31_07_RG.jpg,01_Ge_31_07_RG.jpg,01,128588,828,610,01,Ge,31,7,True
SweetPublishingBibleIllustrations-610px/01/610px/01_Ge_08_01_RG.jpg,01_Ge_08_01_RG.jpg,01,155458,790,610,01,Ge,8,1,True
SweetPublishingBibleIllustrations-610px/01/610px/01_Ge_39_10_RG.jpg,01_Ge_39_10_RG.jpg,01,148473,829,610,01,Ge,39,10,True
SweetPublishingBibleIllustrations-610px/01/610px/01_Ge_22_03_RG.jpg,01_Ge_22_03_RG.jpg,01,157625,805,610,01,Ge,22,3,True
SweetPublishingBibleIllustrations-610px/01/610px/01_Ge_25_07_RG.jpg,01_Ge_25_07_RG.jpg,01,151081,831,610,01,Ge,25,7,True
SweetPublishingBibleIllustrations-610px/01/610px/01_Ge_40_09_RG.jpg,01_Ge_40_09_RG.jpg,01,171778,817,610,01,Ge,40,9,True
SweetPublishingBibleIllustrations-610px/01/610px/01_Ge_29_01_RG.jpg,01_Ge_29_01_RG.jpg,01,144957,832,598,01,Ge,29,1,True
SweetPublishingBibleIllustrations-610px/01/610px/01_Ge_18_10_RG.jpg,01_Ge_18_10_RG.jpg,01,162109,778,610,01,Ge,18,10,True
SweetPublishingBibleIllustrations-610px/01/610px/01_Ge_03_03_RG.jpg,01_Ge_03_03_RG.jpg,01,241099,824,610,01,Ge,3,3,True
SweetPublishingBibleIllustrations-610px/01/610px/01_Ge_04_07_RG.jpg,01_Ge_04_07_RG.jpg,01,164252,798,610,01,Ge,4,7,True
SweetPublishingBibleIllustrations-610px/01/610px/01_Ge_18_02_RG.jpg,01_Ge_18_02_RG.jpg,01,192342,830,610,01,Ge,18,2,True
SweetPublishingBibleIllustrations-610px/01/610px/01_Ge_03_11_RG.jpg,01_Ge_03_11_RG.jpg,01,197649,827,610,01,Ge,3,11,True
SweetPublishingBibleIllustrations-610px/01/610px/01_Ge_17_03_RG.jpg,01_Ge_17_03_RG.jpg,01,174326,831,610,01,Ge,17,3,True
SweetPublishingBibleIllustrations-610px/01/610px/01_Ge_40_05_RG.jpg,01_Ge_40_05_RG.jpg,01,143306,832,606,01,Ge,40,5,True
SweetPublishingBibleIllustrations-610px/01/610px/01_Ge_44_08_RG.jpg,01_Ge_44_08_RG.jpg,01,95315,619,610,01,Ge,44,8,True
SweetPublishingBibleIllustrations-610px/01/610px/01_Ge_25_05_RG.jpg,01_Ge_25_05_RG.jpg,01,163686,827,610,01,Ge,25,5,True
SweetPublishingBibleIllustrations-610px/01/610px/01_Ge_31_09_RG.jpg,01_Ge_31_09_RG.jpg,01,159866,831,610,01,Ge,31,9,True
SweetPublishingBibleIllustrations-610px/01/610px/01_Ge_07_02_RG.jpg,01_Ge_07_02_RG.jpg,01,187782,824,610,01,Ge,7,2,True
SweetPublishingBibleIllustrations-610px/01/610px/01_Ge_08_03_RG.jpg,01_Ge_08_03_RG.jpg,01,130344,832,524,01,Ge,8,3,True
SweetPublishingBibleIllustrations-610px/01/610px/01_Ge_22_01_RG.jpg,01_Ge_22_01_RG.jpg,01,156692,831,610,01,Ge,22,1,True
SweetPublishingBibleIllustrations-610px/01/610px/01_Ge_39_12_RG.jpg,01_Ge_39_12_RG.jpg,01,145453,818,610,01,Ge,39,12,True
SweetPublishingBibleIllustrations-610px/01/610px/01_Ge_13_02_RG.jpg,01_Ge_13_02_RG.jpg,01,144086,832,582,01,Ge,13,2,True
SweetPublishingBibleIllustrations-610px/01/610px/01_Ge_08_11_RG.jpg,01_Ge_08_11_RG.jpg,01,175561,802,610,01,Ge,8,11,True
SweetPublishingBibleIllustrations-610px/01/610px/01_Ge_44_04_RG.jpg,01_Ge_44_04_RG.jpg,01,174262,821,610,01,Ge,44,4,True
SweetPublishingBibleIllustrations-610px/01/610px/01_Ge_25_09_RG.jpg,01_Ge_25_09_RG.jpg,01,149669,814,610,01,Ge,25,9,True
SweetPublishingBibleIllustrations-610px/01/610px/01_Ge_31_05_RG.jpg,01_Ge_31_05_RG.jpg,01,187054,821,610,01,Ge,31,5,True
SweetPublishingBibleIllustrations-610px/01/610px/01_Ge_40_07_RG.jpg,01_Ge_40_07_RG.jpg,01,147446,805,610,01,Ge,40,7,True
SweetPublishingBibleIllustrations-610px/01/610px/01_Ge_17_01_RG.jpg,01_Ge_17_01_RG.jpg,01,179134,830,610,01,Ge,17,1,True
SweetPublishingBibleIllustrations-610px/01/610px/01_Ge_04_09_RG.jpg,01_Ge_04_09_RG.jpg,01,152408,814,610,01,Ge,4,9,True
SweetPublishingBibleIllustrations-610px/01/610px/01_Ge_32_02_RG.jpg,01_Ge_32_02_RG.jpg,01,140096,824,610,01,Ge,32,2,True
SweetPublishingBibleIllustrations-610px/01/610px/01_Ge_29_11_RG.jpg,01_Ge_29_11_RG.jpg,01,150687,822,610,01,Ge,29,11,True
SweetPublishingBibleIllustrations-610px/01/610px/01_Ge_04_05_RG.jpg,01_Ge_04_05_RG.jpg,01,157369,817,610,01,Ge,4,5,True
SweetPublishingBibleIllustrations-610px/01/610px/01_Ge_29_03_RG.jpg,01_Ge_29_03_RG.jpg,01,149510,832,587,01,Ge,29,3,True
SweetPublishingBibleIllustrations-610px/01/610px/01_Ge_03_01_RG.jpg,01_Ge_03_01_RG.jpg,01,187635,806,610,01,Ge,3,1,True
SweetPublishingBibleIllustrations-610px/01/610px/01_Ge_18_12_RG.jpg,01_Ge_18_12_RG.jpg,01,175591,811,610,01,Ge,18,12,True
SweetPublishingBibleIllustrations-610px/01/610px/01_Ge_02_07_RG.jpg,01_Ge_02_07_RG.jpg,01,173172,818,610,01,Ge,2,7,True
SweetPublishingBibleIllustrations-610px/01/610px/01_Ge_28_05_RG.jpg,01_Ge_28_05_RG.jpg,01,147661,825,610,01,Ge,28,5,True
SweetPublishingBibleIllustrations-610px/01/610px/01_Ge_27_04_RG.jpg,01_Ge_27_04_RG.jpg,01,179880,827,610,01,Ge,27,4,True
SweetPublishingBibleIllustrations-610px/01/610px/01_Ge_41_13_RG.jpg,01_Ge_41_13_RG.jpg,01,157180,832,610,01,Ge,41,13,True
SweetPublishingBibleIllustrations-610px/01/610px/01_Ge_27_08_RG.jpg,01_Ge_27_08_RG.jpg,01,144709,817,610,01,Ge,27,8,True
SweetPublishingBibleIllustrations-610px/01/610px/01_Ge_11_03_RG.jpg,01_Ge_11_03_RG.jpg,01,171744,820,610,01,Ge,11,3,True
SweetPublishingBibleIllustrations-610px/01/610px/01_Ge_19_06_RG.jpg,01_Ge_19_06_RG.jpg,01,184355,822,610,01,Ge,19,6,True
SweetPublishingBibleIllustrations-610px/01/610px/01_Ge_41_01_RG.jpg,01_Ge_41_01_RG.jpg,01,159122,832,610,01,Ge,41,1,True
SweetPublishingBibleIllustrations-610px/01/610px/01_Ge_28_09_RG.jpg,01_Ge_28_09_RG.jpg,01,54771,626,610,01,Ge,28,9,True
SweetPublishingBibleIllustrations-610px/01/610px/01_Ge_30_03_RG.jpg,01_Ge_30_03_RG.jpg,01,153542,830,610,01,Ge,30,3,True
SweetPublishingBibleIllustrations-610px/01/610px/01_Ge_06_08_RG.jpg,01_Ge_06_08_RG.jpg,01,194408,819,610,01,Ge,6,8,True
SweetPublishingBibleIllustrations-610px/01/610px/01_Ge_12_04_RG.jpg,01_Ge_12_04_RG.jpg,01,143171,826,610,01,Ge,12,4,True
SweetPublishingBibleIllustrations-610px/01/610px/01_Ge_45_02_RG.jpg,01_Ge_45_02_RG.jpg,01,172196,822,610,01,Ge,45,2,True
SweetPublishingBibleIllustrations-610px/01/610px/01_Ge_37_19_RG.jpg,01_Ge_37_19_RG.jpg,01,137374,832,606,01,Ge,37,19,True
SweetPublishingBibleIllustrations-610px/01/610px/01_Ge_01_12_RG.jpg,01_Ge_01_12_RG.jpg,01,199628,810,610,01,Ge,1,12,True
SweetPublishingBibleIllustrations-610px/01/610px/01_Ge_42_06_RG.jpg,01_Ge_42_06_RG.jpg,01,159877,827,610,01,Ge,42,6,True
SweetPublishingBibleIllustrations-610px/01/610px/01_Ge_37_07_RG.jpg,01_Ge_37_07_RG.jpg,01,166174,813,610,01,Ge,37,7,True
SweetPublishingBibleIllustrations-610px/01/610px/01_Ge_24_11_RG.jpg,01_Ge_24_11_RG.jpg,01,155010,832,607,01,Ge,24,11,True
SweetPublishingBibleIllustrations-610px/01/610px/01_Ge_45_10_RG.jpg,01_Ge_45_10_RG.jpg,01,149547,819,610,01,Ge,45,10,True
SweetPublishingBibleIllustrations-610px/01/610px/01_Ge_09_05_RG.jpg,01_Ge_09_05_RG.jpg,01,170397,826,610,01,Ge,9,5,True
SweetPublishingBibleIllustrations-610px/01/610px/01_Ge_42_14_RG.jpg,01_Ge_42_14_RG.jpg,01,156441,830,610,01,Ge,42,14,True
SweetPublishingBibleIllustrations-610px/01/610px/01_Ge_06_04_RG.jpg,01_Ge_06_04_RG.jpg,01,189320,824,610,01,Ge,6,4,True
SweetPublishingBibleIllustrations-610px/01/610px/01_Ge_37_15_RG.jpg,01_Ge_37_15_RG.jpg,01,160507,808,610,01,Ge,37,15,True
SweetPublishingBibleIllustrations-610px/01/610px/01_Ge_12_08_RG.jpg,01_Ge_12_08_RG.jpg,01,137652,819,610,01,Ge,12,8,True
SweetPublishingBibleIllustrations-610px/01/610px/01_Ge_24_03_RG.jpg,01_Ge_24_03_RG.jpg,01,182732,816,610,01,Ge,24,3,True
SweetPublishingBibleIllustrations-610px/01/610px/01_Ge_41_25_RG.jpg,01_Ge_41_25_RG.jpg,01,143306,832,606,01,Ge,41,25,True
SweetPublishingBibleIllustrations-610px/06/610px/06_Jo_02_02_RG.jpg,06_Jo_02_02_RG.jpg,06,171069,832,596,06,Jo,2,2,True
SweetPublishingBibleIllustrations-610px/06/610px/06_Jo_02_10_RG.jpg,06_Jo_02_10_RG.jpg,06,165182,832,608,06,Jo,2,10,True
SweetPublishingBibleIllustrations-610px/06/610px/06_Jo_24_06_RG.jpg,06_Jo_24_06_RG.jpg,06,127515,824,610,06,Jo,24,6,True
SweetPublishingBibleIllustrations-610px/06/610px/06_Jo_06_01_RG.jpg,06_Jo_06_01_RG.jpg,06,168463,832,600,06,Jo,6,1,True
SweetPublishingBibleIllustrations-610px/06/610px/06_Jo_07_07_RG.jpg,06_Jo_07_07_RG.jpg,06,163704,832,604,06,Jo,7,7,True
SweetPublishingBibleIllustrations-610px/06/610px/06_Jo_22_04_RG.jpg,06_Jo_22_04_RG.jpg,06,195284,823,610,06,Jo,22,4,True
SweetPublishingBibleIllustrations-610px/06/610px/06_Jo_08_06_RG.jpg,06_Jo_08_06_RG.jpg,06,159851,814,610,06,Jo,8,6,True
SweetPublishingBibleIllustrations-610px/06/610px/06_Jo_03_04_RG.jpg,06_Jo_03_04_RG.jpg,06,161624,824,610,06,Jo,3,4,True
SweetPublishingBibleIllustrations-610px/06/610px/06_Jo_07_09_RG.jpg,06_Jo_07_09_RG.jpg,06,145322,819,610,06,Jo,7,9,True
SweetPublishingBibleIllustrations-610px/06/610px/06_Jo_14_01_RG.jpg,06_Jo_14_01_RG.jpg,06,140282,814,610,06,Jo,14,1,True
SweetPublishingBibleIllustrations-610px/06/610px/06_Jo_08_08_RG.jpg,06_Jo_08_08_RG.jpg,06,156193,831,610,06,Jo,8,8,True
SweetPublishingBibleIllustrations-610px/06/610px/06_Jo_08_04_RG.jpg,06_Jo_08_04_RG.jpg,06,142439,809,610,06,Jo,8,4,True
SweetPublishingBibleIllustrations-610px/06/610px/06_Jo_07_05_RG.jpg,06_Jo_07_05_RG.jpg,06,126659,832,609,06,Jo,7,5,True
SweetPublishingBibleIllustrations-610px/06/610px/06_Jo_10_10_RG.jpg,06_Jo_10_10_RG.jpg,06,165139,832,602,06,Jo,10,10,True
SweetPublishingBibleIllustrations-610px/06/610px/06_Jo_03_06_RG.jpg,06_Jo_03_06_RG.jpg,06,154368,827,610,06,Jo,3,6,True
SweetPublishingBibleIllustrations-610px/06/610px/06_Jo_21_01_RG.jpg,06_Jo_21_01_RG.jpg,06,120096,813,610,06,Jo,21,1,True
SweetPublishingBibleIllustrations-610px/06/610px/06_Jo_04_02_RG.jpg,06_Jo_04_02_RG.jpg,06,144531,832,603,06,Jo,4,2,True
SweetPublishingBibleIllustrations-610px/06/610px/06_Jo_10_02_RG.jpg,06_Jo_10_02_RG.jpg,06,157321,818,610,06,Jo,10,2,True
SweetPublishingBibleIllustrations-610px/06/610px/06_Jo_19_01_RG.jpg,06_Jo_19_01_RG.jpg,06,175626,832,609,06,Jo,19,1,True
SweetPublishingBibleIllustrations-610px/06/610px/06_Jo_02_12_RG.jpg,06_Jo_02_12_RG.jpg,06,134904,828,610,06,Jo,2,12,True
SweetPublishingBibleIllustrations-610px/06/610px/06_Jo_05_04_RG.jpg,06_Jo_05_04_RG.jpg,06,149912,790,610,06,Jo,5,4,True
SweetPublishingBibleIllustrations-610px/06/610px/06_Jo_24_04_RG.jpg,06_Jo_24_04_RG.jpg,06,146848,832,606,06,Jo,24,4,True
SweetPublishingBibleIllustrations-610px/06/610px/06_Jo_06_03_RG.jpg,06_Jo_06_03_RG.jpg,06,141455,812,610,06,Jo,6,3,True
SweetPublishingBibleIllustrations-610px/06/610px/06_Jo_06_11_RG.jpg,06_Jo_06_11_RG.jpg,06,184017,832,596,06,Jo,6,11,True
SweetPublishingBibleIllustrations-610px/06/610px/06_Jo_24_08_RG.jpg,06_Jo_24_08_RG.jpg,06,140566,824,610,06,Jo,24,8,True
SweetPublishingBibleIllustrations-610px/06/610px/06_Jo_10_06_RG.jpg,06_Jo_10_06_RG.jpg,06,124246,806,610,06,Jo,10,6,True
SweetPublishingBibleIllustrations-610px/06/610px/06_Jo_03_02_RG.jpg,06_Jo_03_02_RG.jpg,06,151682,832,602,06,Jo,3,2,True
SweetPublishingBibleIllustrations-610px/06/610px/06_Jo_04_06_RG.jpg,06_Jo_04_06_RG.jpg,06,149912,790,610,06,Jo,4,6,True
SweetPublishingBibleIllustrations-610px/06/610px/06_Jo_22_02_RG.jpg,06_Jo_22_02_RG.jpg,06,162186,825,610,06,Jo,22,2,True
SweetPublishingBibleIllustrations-610px/06/610px/06_Jo_07_01_RG.jpg,06_Jo_07_01_RG.jpg,06,120538,830,610,06,Jo,7,1,True
SweetPublishingBibleIllustrations-610px/06/610px/06_Jo_13_01_RG.jpg,06_Jo_13_01_RG.jpg,06,104466,810,610,06,Jo,13,1,True
SweetPublishingBibleIllustrations-610px/06/610px/06_Jo_07_13_RG.jpg,06_Jo_07_13_RG.jpg,06,166286,832,600,06,Jo,7,13,True
SweetPublishingBibleIllustrations-610px/06/610px/06_Jo_06_07_RG.jpg,06_Jo_06_07_RG.jpg,06,158171,817,610,06,Jo,6,7,True
SweetPublishingBibleIllustrations-610px/06/610px/06_Jo_02_04_RG.jpg,06_Jo_02_04_RG.jpg,06,145785,821,610,06,Jo,2,4,True
SweetPublishingBibleIllustrations-610px/06/610px/06_Jo_02_08_RG.jpg,06_Jo_02_08_RG.jpg,06,140128,832,605,06,Jo,2,8,True
SweetPublishingBibleIllustrations-610px/06/610px/06_Jo_01_01_RG.jpg,06_Jo_01_01_RG.jpg,06,160776,832,598,06,Jo,1,1,True
SweetPublishingBibleIllustrations-610px/06/610px/06_Jo_06_05_RG.jpg,06_Jo_06_05_RG.jpg,06,174310,832,598,06,Jo,6,5,True
SweetPublishingBibleIllustrations-610px/06/610px/06_Jo_24_02_RG.jpg,06_Jo_24_02_RG.jpg,06,168138,828,610,06,Jo,24,2,True
SweetPublishingBibleIllustrations-610px/06/610px/06_Jo_06_09_RG.jpg,06_Jo_06_09_RG.jpg,06,160500,832,606,06,Jo,6,9,True
SweetPublishingBibleIllustrations-610px/06/610px/06_Jo_02_06_RG.jpg,06_Jo_02_06_RG.jpg,06,145678,832,606,06,Jo,2,6,True
SweetPublishingBibleIllustrations-610px/06/610px/06_Jo_05_02_RG.jpg,06_Jo_05_02_RG.jpg,06,165686,832,608,06,Jo,5,2,True
SweetPublishingBibleIllustrations-610px/06/610px/06_Jo_04_04_RG.jpg,06_Jo_04_04_RG.jpg,06,154368,827,610,06,Jo,4,4,True
SweetPublishingBibleIllustrations-610px/06/610px/06_Jo_10_08_RG.jpg,06_Jo_10_08_RG.jpg,06,185135,827,610,06,Jo,10,8,True
SweetPublishingBibleIllustrations-610px/06/610px/06_Jo_18_01_RG.jpg,06_Jo_18_01_RG.jpg,06,175626,832,609,06,Jo,18,1,True
SweetPublishingBibleIllustrations-610px/06/610px/06_Jo_10_04_RG.jpg,06_Jo_10_04_RG.jpg,06,156605,810,610,06,Jo,10,4,True
SweetPublishingBibleIllustrations-610px/06/610px/06_Jo_07_11_RG.jpg,06_Jo_07_11_RG.jpg,06,154761,830,610,06,Jo,7,11,True
SweetPublishingBibleIllustrations-610px/06/610px/06_Jo_08_10_RG.jpg,06_Jo_08_10_RG.jpg,06,155561,801,610,06,Jo,8,10,True
SweetPublishingBibleIllustrations-610px/06/610px/06_Jo_07_03_RG.jpg,06_Jo_07_03_RG.jpg,06,157851,832,607,06,Jo,7,3,True
SweetPublishingBibleIllustrations-610px/06/610px/06_Jo_08_02_RG.jpg,06_Jo_08_02_RG.jpg,06,120476,802,610,06,Jo,8,2,True
SweetPublishingBibleIllustrations-610px/06/610px/06_Jo_10_01_RG.jpg,06_Jo_10_01_RG.jpg,06,199671,813,610,06,Jo,10,1,True
SweetPublishingBibleIllustrations-610px/06/610px/06_Jo_03_05_RG.jpg,06_Jo_03_05_RG.jpg,06,148680,825,610,06,Jo,3,5,True
SweetPublishingBibleIllustrations-610px/06/610px/06_Jo_04_01_RG.jpg,06_Jo_04_01_RG.jpg,06,148680,825,610,06,Jo,4,1,True
SweetPublishingBibleIllustrations-610px/06/610px/06_Jo_08_07_RG.jpg,06_Jo_08_07_RG.jpg,06,141036,821,610,06,Jo,8,7,True
SweetPublishingBibleIllustrations-610px/06/610px/06_Jo_07_06_RG.jpg,06_Jo_07_06_RG.jpg,06,161098,832,597,06,Jo,7,6,True
SweetPublishingBibleIllustrations-610px/06/610px/06_Jo_14_02_RG.jpg,06_Jo_14_02_RG.jpg,06,159337,831,610,06,Jo,14,2,True
SweetPublishingBibleIllustrations-610px/06/610px/06_Jo_06_12_RG.jpg,06_Jo_06_12_RG.jpg,06,149912,790,610,06,Jo,6,12,True
SweetPublishingBibleIllustrations-610px/06/610px/06_Jo_24_07_RG.jpg,06_Jo_24_07_RG.jpg,06,181533,830,610,06,Jo,24,7,True
SweetPublishingBibleIllustrations-610px/06/610px/06_Jo_09_01_RG.jpg,06_Jo_09_01_RG.jpg,06,160276,818,610,06,Jo,9,1,True
SweetPublishingBibleIllustrations-610px/06/610px/06_Jo_02_03_RG.jpg,06_Jo_02_03_RG.jpg,06,169051,832,610,06,Jo,2,3,True
SweetPublishingBibleIllustrations-610px/06/610px/06_Jo_02_11_RG.jpg,06_Jo_02_11_RG.jpg,06,182054,830,610,06,Jo,2,11,True
SweetPublishingBibleIllustrations-610px/06/610px/06_Jo_19_02_RG.jpg,06_Jo_19_02_RG.jpg,06,156494,832,608,06,Jo,19,2,True
SweetPublishingBibleIllustrations-610px/06/610px/06_Jo_06_02_RG.jpg,06_Jo_06_02_RG.jpg,06,143700,831,610,06,Jo,6,2,True
SweetPublishingBibleIllustrations-610px/06/610px/06_Jo_24_05_RG.jpg,06_Jo_24_05_RG.jpg,06,170424,815,610,06,Jo,24,5,True
SweetPublishingBibleIllustrations-610px/06/610px/06_Jo_24_09_RG.jpg,06_Jo_24_09_RG.jpg,06,195284,823,610,06,Jo,24,9,True
SweetPublishingBibleIllustrations-610px/06/610px/06_Jo_06_10_RG.jpg,06_Jo_06_10_RG.jpg,06,168843,818,610,06,Jo,6,10,True
SweetPublishingBibleIllustrations-610px/06/610px/06_Jo_02_01_RG.jpg,06_Jo_02_01_RG.jpg,06,151943,832,609,06,Jo,2,1,True
SweetPublishingBibleIllustrations-610px/06/610px/06_Jo_04_03_RG.jpg,06_Jo_04_03_RG.jpg,06,149801,832,598,06,Jo,4,3,True
SweetPublishingBibleIllustrations-610px/06/610px/06_Jo_03_07_RG.jpg,06_Jo_03_07_RG.jpg,06,149912,790,610,06,Jo,3,7,True
SweetPublishingBibleIllustrations-610px/06/610px/06_Jo_10_03_RG.jpg,06_Jo_10_03_RG.jpg,06,176542,830,610,06,Jo,10,3,True
SweetPublishingBibleIllustrations-610px/06/610px/06_Jo_08_09_RG.jpg,06_Jo_08_09_RG.jpg,06,116928,819,610,06,Jo,8,9,True
SweetPublishingBibleIllustrations-610px/06/610px/06_Jo_07_08_RG.jpg,06_Jo_07_08_RG.jpg,06,152851,829,610,06,Jo,7,8,True
SweetPublishingBibleIllustrations-610px/06/610px/06_Jo_07_04_RG.jpg,06_Jo_07_04_RG.jpg,06,174367,832,599,06,Jo,7,4,True
SweetPublishingBibleIllustrations-610px/06/610px/06_Jo_08_05_RG.jpg,06_Jo_08_05_RG.jpg,06,178429,823,610,06,Jo,8,5,True
SweetPublishingBibleIllustrations-610px/06/610px/06_Jo_02_05_RG.jpg,06_Jo_02_05_RG.jpg,06,149632,832,600,06,Jo,2,5,True
SweetPublishingBibleIllustrations-610px/06/610px/06_Jo_05_01_RG.jpg,06_Jo_05_01_RG.jpg,06,134904,828,610,06,Jo,5,1,True
SweetPublishingBibleIllustrations-610px/06/610px/06_Jo_02_09_RG.jpg,06_Jo_02_09_RG.jpg,06,157840,831,610,06,Jo,2,9,True
SweetPublishingBibleIllustrations-610px/06/610px/06_Jo_01_02_RG.jpg,06_Jo_01_02_RG.jpg,06,136943,821,610,06,Jo,1,2,True
SweetPublishingBibleIllustrations-610px/06/610px/06_Jo_24_01_RG.jpg,06_Jo_24_01_RG.jpg,06,115354,823,610,06,Jo,24,1,True
SweetPublishingBibleIllustrations-610px/06/610px/06_Jo_06_06_RG.jpg,06_Jo_06_06_RG.jpg,06,155870,818,610,06,Jo,6,6,True
SweetPublishingBibleIllustrations-610px/06/610px/06_Jo_22_03_RG.jpg,06_Jo_22_03_RG.jpg,06,160554,832,608,06,Jo,22,3,True
SweetPublishingBibleIllustrations-610px/06/610px/06_Jo_08_01_RG.jpg,06_Jo_08_01_RG.jpg,06,157779,832,609,06,Jo,8,1,True
SweetPublishingBibleIllustrations-610px/06/610px/06_Jo_07_12_RG.jpg,06_Jo_07_12_RG.jpg,06,162181,832,592,06,Jo,7,12,True
SweetPublishingBibleIllustrations-610px/06/610px/06_Jo_10_07_RG.jpg,06_Jo_10_07_RG.jpg,06,168599,828,610,06,Jo,10,7,True
SweetPublishingBibleIllustrations-610px/06/610px/06_Jo_18_02_RG.jpg,06_Jo_18_02_RG.jpg,06,157290,823,610,06,Jo,18,2,True
SweetPublishingBibleIllustrations-610px/06/610px/06_Jo_03_03_RG.jpg,06_Jo_03_03_RG.jpg,06,148791,823,610,06,Jo,3,3,True
SweetPublishingBibleIllustrations-610px/06/610px/06_Jo_08_11_RG.jpg,06_Jo_08_11_RG.jpg,06,165139,832,602,06,Jo,8,11,True
SweetPublishingBibleIllustrations-610px/06/610px/06_Jo_13_02_RG.jpg,06_Jo_13_02_RG.jpg,06,118109,822,610,06,Jo,13,2,True
SweetPublishingBibleIllustrations-610px/06/610px/06_Jo_07_10_RG.jpg,06_Jo_07_10_RG.jpg,06,155561,801,610,06,Jo,7,10,True
SweetPublishingBibleIllustrations-610px/06/610px/06_Jo_22_01_RG.jpg,06_Jo_22_01_RG.jpg,06,156785,832,606,06,Jo,22,1,True
SweetPublishingBibleIllustrations-610px/06/610px/06_Jo_08_03_RG.jpg,06_Jo_08_03_RG.jpg,06,148031,823,610,06,Jo,8,3,True
SweetPublishingBibleIllustrations-610px/06/610px/06_Jo_07_02_RG.jpg,06_Jo_07_02_RG.jpg,06,119107,832,609,06,Jo,7,2,True
SweetPublishingBibleIllustrations-610px/06/610px/06_Jo_03_01_RG.jpg,06_Jo_03_01_RG.jpg,06,140661,832,603,06,Jo,3,1,True
SweetPublishingBibleIllustrations-610px/06/610px/06_Jo_10_09_RG.jpg,06_Jo_10_09_RG.jpg,06,149912,790,610,06,Jo,10,9,True
SweetPublishingBibleIllustrations-610px/06/610px/06_Jo_04_05_RG.jpg,06_Jo_04_05_RG.jpg,06,155561,801,610,06,Jo,4,5,True
SweetPublishingBibleIllustrations-610px/06/610px/06_Jo_10_05_RG.jpg,06_Jo_10_05_RG.jpg,06,157409,827,610,06,Jo,10,5,True
SweetPublishingBibleIllustrations-610px/06/610px/06_Jo_05_03_RG.jpg,06_Jo_05_03_RG.jpg,06,156972,832,603,06,Jo,5,3,True
SweetPublishingBibleIllustrations-610px/06/610px/06_Jo_02_07_RG.jpg,06_Jo_02_07_RG.jpg,06,125844,832,604,06,Jo,2,7,True
SweetPublishingBibleIllustrations-610px/06/610px/06_Jo_24_03_RG.jpg,06_Jo_24_03_RG.jpg,06,154991,812,610,06,Jo,24,3,True
SweetPublishingBibleIllustrations-610px/06/610px/06_Jo_06_04_RG.jpg,06_Jo_06_04_RG.jpg,06,151337,832,607,06,Jo,6,4,True
SweetPublishingBibleIllustrations-610px/06/610px/06_Jo_06_08_RG.jpg,06_Jo_06_08_RG.jpg,06,146617,832,605,06,Jo,6,8,True
SweetPublishingBibleIllustrations-610px/55/610px/55_2Ti_02_03_RG.jpg,55_2Ti_02_03_RG.jpg,55,151418,831,610,55,2Ti,2,3,True
SweetPublishingBibleIllustrations-610px/55/610px/55_2Ti_04_01_RG.jpg,55_2Ti_04_01_RG.jpg,55,161273,831,610,55,2Ti,4,1,True
SweetPublishingBibleIllustrations-610px/55/610px/55_2Ti_04_03_RG.jpg,55_2Ti_04_03_RG.jpg,55,160597,831,610,55,2Ti,4,3,True
SweetPublishingBibleIllustrations-610px/55/610px/55_2Ti_02_01_RG.jpg,55_2Ti_02_01_RG.jpg,55,155203,831,610,55,2Ti,2,1,True
SweetPublishingBibleIllustrations-610px/55/610px/55_2Ti_04_04_RG.jpg,55_2Ti_04_04_RG.jpg,55,151304,831,610,55,2Ti,4,4,True
SweetPublishingBibleIllustrations-610px/55/610px/55_2Ti_01_01_RG.jpg,55_2Ti_01_01_RG.jpg,55,149998,831,610,55,2Ti,1,1,True
SweetPublishingBibleIllustrations-610px/55/610px/55_2Ti_02_02_RG.jpg,55_2Ti_02_02_RG.jpg,55,150940,831,610,55,2Ti,2,2,True
SweetPublishingBibleIllustrations-610px/55/610px/55_2Ti_04_02_RG.jpg,55_2Ti_04_02_RG.jpg,55,141937,831,610,55,2Ti,4,2,True
SweetPublishingBibleIllustrations-610px/41/610px/41_Mk_09_21_RG.jpg,41_Mk_09_21_RG.jpg,41,157961,831,610,41,Mk,9,21,True
SweetPublishingBibleIllustrations-610px/41/610px/41_Mk_11_03_RG.jpg,41_Mk_11_03_RG.jpg,41,144820,831,610,41,Mk,11,3,True
SweetPublishingBibleIllustrations-610px/41/610px/41_Mk_02_15_RG.jpg,41_Mk_02_15_RG.jpg,41,173716,831,610,41,Mk,2,15,True
SweetPublishingBibleIllustrations-610px/41/610px/41_Mk_16_07_RG.jpg,41_Mk_16_07_RG.jpg,41,144293,831,610,41,Mk,16,7,True
SweetPublishingBibleIllustrations-610px/41/610px/41_Mk_05_11_RG.jpg,41_Mk_05_11_RG.jpg,41,151516,831,610,41,Mk,5,11,True
SweetPublishingBibleIllustrations-610px/41/610px/41_Mk_06_20_RG.jpg,41_Mk_06_20_RG.jpg,41,172024,831,610,41,Mk,6,20,True
SweetPublishingBibleIllustrations-610px/41/610px/41_Mk_12_20_RG.jpg,41_Mk_12_20_RG.jpg,41,152371,831,610,41,Mk,12,20,True
SweetPublishingBibleIllustrations-610px/41/610px/41_Mk_11_11_RG.jpg,41_Mk_11_11_RG.jpg,41,144197,831,610,41,Mk,11,11,True
SweetPublishingBibleIllustrations-610px/41/610px/41_Mk_02_07_RG.jpg,41_Mk_02_07_RG.jpg,41,150881,831,610,41,Mk,2,7,True
SweetPublishingBibleIllustrations-610px/41/610px/41_Mk_05_03_RG.jpg,41_Mk_05_03_RG.jpg,41,164749,831,610,41,Mk,5,3,True
SweetPublishingBibleIllustrations-610px/41/610px/41_Mk_02_19_RG.jpg,41_Mk_02_19_RG.jpg,41,163437,831,610,41,Mk,2,19,True
SweetPublishingBibleIllustrations-610px/41/610px/41_Mk_12_16_RG.jpg,41_Mk_12_16_RG.jpg,41,151773,831,610,41,Mk,12,16,True
SweetPublishingBibleIllustrations-610px/41/610px/41_Mk_09_05_RG.jpg,41_Mk_09_05_RG.jpg,41,166069,831,610,41,Mk,9,5,True
SweetPublishingBibleIllustrations-610px/41/610px/41_Mk_12_08_RG.jpg,41_Mk_12_08_RG.jpg,41,137340,831,610,41,Mk,12,8,True
SweetPublishingBibleIllustrations-610px/41/610px/41_Mk_15_12_RG.jpg,41_Mk_15_12_RG.jpg,41,165985,811,610,41,Mk,15,12,True
SweetPublishingBibleIllustrations-610px/41/610px/41_Mk_06_04_RG.jpg,41_Mk_06_04_RG.jpg,41,174636,831,610,41,Mk,6,4,True
SweetPublishingBibleIllustrations-610px/41/610px/41_Mk_12_04_RG.jpg,41_Mk_12_04_RG.jpg,41,128815,831,610,41,Mk,12,4,True
SweetPublishingBibleIllustrations-610px/41/610px/41_Mk_09_17_RG.jpg,41_Mk_09_17_RG.jpg,41,151885,831,610,41,Mk,9,17,True
SweetPublishingBibleIllustrations-610px/41/610px/41_Mk_01_12_RG.jpg,41_Mk_01_12_RG.jpg,41,154257,831,610,41,Mk,1,12,True
SweetPublishingBibleIllustrations-610px/41/610px/41_Mk_06_08_RG.jpg,41_Mk_06_08_RG.jpg,41,170601,831,610,41,Mk,6,8,True
SweetPublishingBibleIllustrations-610px/41/610px/41_Mk_02_23_RG.jpg,41_Mk_02_23_RG.jpg,41,131177,831,610,41,Mk,2,23,True
SweetPublishingBibleIllustrations-610px/41/610px/41_Mk_09_09_RG.jpg,41_Mk_09_09_RG.jpg,41,161553,831,610,41,Mk,9,9,True
SweetPublishingBibleIllustrations-610px/41/610px/41_Mk_06_16_RG.jpg,41_Mk_06_16_RG.jpg,41,155419,831,610,41,Mk,6,16,True
SweetPublishingBibleIllustrations-610px/41/610px/41_Mk_14_06_RG.jpg,41_Mk_14_06_RG.jpg,41,167314,831,610,41,Mk,14,6,True
SweetPublishingBibleIllustrations-610px/41/610px/41_Mk_13_02_RG.jpg,41_Mk_13_02_RG.jpg,41,146587,831,610,41,Mk,13,2,True
SweetPublishingBibleIllustrations-610px/41/610px/41_Mk_14_14_RG.jpg,41_Mk_14_14_RG.jpg,41,148706,831,610,41,Mk,14,14,True
SweetPublishingBibleIllustrations-610px/41/610px/41_Mk_10_21_RG.jpg,41_Mk_10_21_RG.jpg,41,126240,831,610,41,Mk,10,21,True
SweetPublishingBibleIllustrations-610px/41/610px/41_Mk_08_03_RG.jpg,41_Mk_08_03_RG.jpg,41,147122,831,610,41,Mk,8,3,True
SweetPublishingBibleIllustrations-610px/41/610px/41_Mk_10_09_RG.jpg,41_Mk_10_09_RG.jpg,41,160988,831,610,41,Mk,10,9,True
SweetPublishingBibleIllustrations-610px/41/610px/41_Mk_14_22_RG.jpg,41_Mk_14_22_RG.jpg,41,186437,831,610,41,Mk,14,22,True
SweetPublishingBibleIllustrations-610px/41/610px/41_Mk_04_05_RG.jpg,41_Mk_04_05_RG.jpg,41,162834,831,610,41,Mk,4,5,True
SweetPublishingBibleIllustrations-610px/41/610px/41_Mk_10_17_RG.jpg,41_Mk_10_17_RG.jpg,41,144995,831,610,41,Mk,10,17,True
SweetPublishingBibleIllustrations-610px/41/610px/41_Mk_03_01_RG.jpg,41_Mk_03_01_RG.jpg,41,170622,831,610,41,Mk,3,1,True
SweetPublishingBibleIllustrations-610px/41/610px/41_Mk_14_30_RG.jpg,41_Mk_14_30_RG.jpg,41,162855,831,610,41,Mk,14,30,True
SweetPublishingBibleIllustrations-610px/41/610px/41_Mk_04_17_RG.jpg,41_Mk_04_17_RG.jpg,41,152977,831,610,41,Mk,4,17,True
SweetPublishingBibleIllustrations-610px/41/610px/41_Mk_10_05_RG.jpg,41_Mk_10_05_RG.jpg,41,142565,831,610,41,Mk,10,5,True
SweetPublishingBibleIllustrations-610px/41/610px/41_Mk_04_09_RG.jpg,41_Mk_04_09_RG.jpg,41,151312,831,610,41,Mk,4,9,True
SweetPublishingBibleIllustrations-610px/41/610px/41_Mk_14_08_RG.jpg,41_Mk_14_08_RG.jpg,41,153618,831,610,41,Mk,14,8,True
SweetPublishingBibleIllustrations-610px/41/610px/41_Mk_08_01_RG.jpg,41_Mk_08_01_RG.jpg,41,146084,831,610,41,Mk,8,1,True
SweetPublishingBibleIllustrations-610px/41/610px/41_Mk_14_16_RG.jpg,41_Mk_14_16_RG.jpg,41,147371,831,610,41,Mk,14,16,True
SweetPublishingBibleIllustrations-610px/41/610px/41_Mk_14_04_RG.jpg,41_Mk_14_04_RG.jpg,41,164824,831,610,41,Mk,14,4,True
SweetPublishingBibleIllustrations-610px/41/610px/41_Mk_03_11_RG.jpg,41_Mk_03_11_RG.jpg,41,151231,826,610,41,Mk,3,11,True
SweetPublishingBibleIllustrations-610px/41/610px/41_Mk_10_07_RG.jpg,41_Mk_10_07_RG.jpg,41,150043,831,610,41,Mk,10,7,True
SweetPublishingBibleIllustrations-610px/41/610px/41_Mk_14_32_RG.jpg,41_Mk_14_32_RG.jpg,41,165329,831,610,41,Mk,14,32,True
SweetPublishingBibleIllustrations-610px/41/610px/41_Mk_10_19_RG.jpg,41_Mk_10_19_RG.jpg,41,149469,831,610,41,Mk,10,19,True
SweetPublishingBibleIllustrations-610px/41/610px/41_Mk_04_15_RG.jpg,41_Mk_04_15_RG.jpg,41,176768,831,610,41,Mk,4,15,True
SweetPublishingBibleIllustrations-610px/41/610px/41_Mk_03_03_RG.jpg,41_Mk_03_03_RG.jpg,41,159659,831,610,41,Mk,3,3,True
SweetPublishingBibleIllustrations-610px/41/610px/41_Mk_10_15_RG.jpg,41_Mk_10_15_RG.jpg,41,154792,831,610,41,Mk,10,15,True
SweetPublishingBibleIllustrations-610px/41/610px/41_Mk_14_20_RG.jpg,41_Mk_14_20_RG.jpg,41,159204,831,610,41,Mk,14,20,True
SweetPublishingBibleIllustrations-610px/41/610px/41_Mk_04_07_RG.jpg,41_Mk_04_07_RG.jpg,41,132533,800,610,41,Mk,4,7,True
SweetPublishingBibleIllustrations-610px/41/610px/41_Mk_05_01_RG.jpg,41_Mk_05_01_RG.jpg,41,153321,831,610,41,Mk,5,1,True
SweetPublishingBibleIllustrations-610px/41/610px/41_Mk_16_09_RG.jpg,41_Mk_16_09_RG.jpg,41,138724,831,610,41,Mk,16,9,True
SweetPublishingBibleIllustrations-610px/41/610px/41_Mk_12_22_RG.jpg,41_Mk_12_22_RG.jpg,41,151391,831,610,41,Mk,12,22,True
SweetPublishingBibleIllustrations-610px/41/610px/41_Mk_02_05_RG.jpg,41_Mk_02_05_RG.jpg,41,156947,831,610,41,Mk,2,5,True
SweetPublishingBibleIllustrations-610px/41/610px/41_Mk_05_13_RG.jpg,41_Mk_05_13_RG.jpg,41,153961,831,610,41,Mk,5,13,True
SweetPublishingBibleIllustrations-610px/41/610px/41_Mk_16_05_RG.jpg,41_Mk_16_05_RG.jpg,41,150797,831,610,41,Mk,16,5,True
SweetPublishingBibleIllustrations-610px/41/610px/41_Mk_06_22_RG.jpg,41_Mk_06_22_RG.jpg,41,159417,831,610,41,Mk,6,22,True
SweetPublishingBibleIllustrations-610px/41/610px/41_Mk_02_09_RG.jpg,41_Mk_02_09_RG.jpg,41,142901,831,610,41,Mk,2,9,True
SweetPublishingBibleIllustrations-610px/41/610px/41_Mk_09_23_RG.jpg,41_Mk_09_23_RG.jpg,41,165928,831,610,41,Mk,9,23,True
SweetPublishingBibleIllustrations-610px/41/610px/41_Mk_02_17_RG.jpg,41_Mk_02_17_RG.jpg,41,161469,831,610,41,Mk,2,17,True
SweetPublishingBibleIllustrations-610px/41/610px/41_Mk_11_01_RG.jpg,41_Mk_11_01_RG.jpg,41,140557,831,610,41,Mk,11,1,True
SweetPublishingBibleIllustrations-610px/41/610px/41_Mk_12_18_RG.jpg,41_Mk_12_18_RG.jpg,41,147894,812,610,41,Mk,12,18,True
SweetPublishingBibleIllustrations-610px/41/610px/41_Mk_06_14_RG.jpg,41_Mk_06_14_RG.jpg,41,141188,831,610,41,Mk,6,14,True
SweetPublishingBibleIllustrations-610px/41/610px/41_Mk_15_02_RG.jpg,41_Mk_15_02_RG.jpg,41,153762,831,610,41,Mk,15,2,True
SweetPublishingBibleIllustrations-610px/41/610px/41_Mk_01_10_RG.jpg,41_Mk_01_10_RG.jpg,41,144211,831,610,41,Mk,1,10,True
SweetPublishingBibleIllustrations-610px/41/610px/41_Mk_09_15_RG.jpg,41_Mk_09_15_RG.jpg,41,158624,831,610,41,Mk,9,15,True
SweetPublishingBibleIllustrations-610px/41/610px/41_Mk_12_06_RG.jpg,41_Mk_12_06_RG.jpg,41,138462,831,610,41,Mk,12,6,True
SweetPublishingBibleIllustrations-610px/41/610px/41_Mk_02_21_RG.jpg,41_Mk_02_21_RG.jpg,41,143057,831,610,41,Mk,2,21,True
SweetPublishingBibleIllustrations-610px/41/610px/41_Mk_09_19_RG.jpg,41_Mk_09_19_RG.jpg,41,147430,831,610,41,Mk,9,19,True
SweetPublishingBibleIllustrations-610px/41/610px/41_Mk_06_06_RG.jpg,41_Mk_06_06_RG.jpg,41,191461,831,610,41,Mk,6,6,True
SweetPublishingBibleIllustrations-610px/41/610px/41_Mk_15_10_RG.jpg,41_Mk_15_10_RG.jpg,41,180951,808,610,41,Mk,15,10,True
SweetPublishingBibleIllustrations-610px/41/610px/41_Mk_01_02_RG.jpg,41_Mk_01_02_RG.jpg,41,152182,831,610,41,Mk,1,2,True
SweetPublishingBibleIllustrations-610px/41/610px/41_Mk_09_07_RG.jpg,41_Mk_09_07_RG.jpg,41,146584,831,610,41,Mk,9,7,True
SweetPublishingBibleIllustrations-610px/41/610px/41_Mk_12_14_RG.jpg,41_Mk_12_14_RG.jpg,41,159786,831,610,41,Mk,12,14,True
SweetPublishingBibleIllustrations-610px/41/610px/41_Mk_06_18_RG.jpg,41_Mk_06_18_RG.jpg,41,114664,831,610,41,Mk,6,18,True
SweetPublishingBibleIllustrations-610px/41/610px/41_Mk_03_07_RG.jpg,41_Mk_03_07_RG.jpg,41,148951,831,610,41,Mk,3,7,True
SweetPublishingBibleIllustrations-610px/41/610px/41_Mk_10_11_RG.jpg,41_Mk_10_11_RG.jpg,41,155634,831,610,41,Mk,10,11,True
SweetPublishingBibleIllustrations-610px/41/610px/41_Mk_04_03_RG.jpg,41_Mk_04_03_RG.jpg,41,183219,831,610,41,Mk,4,3,True
SweetPublishingBibleIllustrations-610px/41/610px/41_Mk_14_24_RG.jpg,41_Mk_14_24_RG.jpg,41,169335,832,609,41,Mk,14,24,True
SweetPublishingBibleIllustrations-610px/41/610px/41_Mk_14_28_RG.jpg,41_Mk_14_28_RG.jpg,41,192855,831,610,41,Mk,14,28,True
SweetPublishingBibleIllustrations-610px/41/610px/41_Mk_10_03_RG.jpg,41_Mk_10_03_RG.jpg,41,144807,831,610,41,Mk,10,3,True
SweetPublishingBibleIllustrations-610px/41/610px/41_Mk_04_11_RG.jpg,41_Mk_04_11_RG.jpg,41,142398,831,610,41,Mk,4,11,True
SweetPublishingBibleIllustrations-610px/41/610px/41_Mk_14_36_RG.jpg,41_Mk_14_36_RG.jpg,41,156982,831,610,41,Mk,14,36,True
SweetPublishingBibleIllustrations-610px/41/610px/41_Mk_13_04_RG.jpg,41_Mk_13_04_RG.jpg,41,144034,831,610,41,Mk,13,4,True
SweetPublishingBibleIllustrations-610px/41/610px/41_Mk_08_05_RG.jpg,41_Mk_08_05_RG.jpg,41,149162,831,610,41,Mk,8,5,True
SweetPublishingBibleIllustrations-610px/41/610px/41_Mk_14_12_RG.jpg,41_Mk_14_12_RG.jpg,41,155152,831,610,41,Mk,14,12,True
SweetPublishingBibleIllustrations-610px/41/610px/41_Mk_06_02_RG.jpg,41_Mk_06_02_RG.jpg,41,163002,831,610,41,Mk,6,2,True
SweetPublishingBibleIllustrations-610px/41/610px/41_Mk_15_14_RG.jpg,41_Mk_15_14_RG.jpg,41,160352,803,610,41,Mk,15,14,True
SweetPublishingBibleIllustrations-610px/41/610px/41_Mk_01_18_RG.jpg,41_Mk_01_18_RG.jpg,41,132605,831,610,41,Mk,1,18,True
SweetPublishingBibleIllustrations-610px/41/610px/41_Mk_01_06_RG.jpg,41_Mk_01_06_RG.jpg,41,164442,831,610,41,Mk,1,6,True
SweetPublishingBibleIllustrations-610px/41/610px/41_Mk_12_10_RG.jpg,41_Mk_12_10_RG.jpg,41,138579,831,610,41,Mk,12,10,True
SweetPublishingBibleIllustrations-610px/41/610px/41_Mk_09_03_RG.jpg,41_Mk_09_03_RG.jpg,41,148902,831,610,41,Mk,9,3,True
SweetPublishingBibleIllustrations-610px/41/610px/41_Mk_06_10_RG.jpg,41_Mk_06_10_RG.jpg,41,145916,831,610,41,Mk,6,10,True
SweetPublishingBibleIllustrations-610px/41/610px/41_Mk_15_06_RG.jpg,41_Mk_15_06_RG.jpg,41,153706,831,610,41,Mk,15,6,True
SweetPublishingBibleIllustrations-610px/41/610px/41_Mk_05_21_RG.jpg,41_Mk_05_21_RG.jpg,41,152718,831,610,41,Mk,5,21,True
SweetPublishingBibleIllustrations-610px/41/610px/41_Mk_15_18_RG.jpg,41_Mk_15_18_RG.jpg,41,149559,812,610,41,Mk,15,18,True
SweetPublishingBibleIllustrations-610px/41/610px/41_Mk_01_14_RG.jpg,41_Mk_01_14_RG.jpg,41,152807,831,610,41,Mk,1,14,True
SweetPublishingBibleIllustrations-610px/41/610px/41_Mk_12_02_RG.jpg,41_Mk_12_02_RG.jpg,41,144010,831,610,41,Mk,12,2,True
SweetPublishingBibleIllustrations-610px/41/610px/41_Mk_09_11_RG.jpg,41_Mk_09_11_RG.jpg,41,152502,831,610,41,Mk,9,11,True
SweetPublishingBibleIllustrations-610px/41/610px/41_Mk_06_26_RG.jpg,41_Mk_06_26_RG.jpg,41,170369,831,610,41,Mk,6,26,True
SweetPublishingBibleIllustrations-610px/41/610px/41_Mk_05_17_RG.jpg,41_Mk_05_17_RG.jpg,41,166083,831,610,41,Mk,5,17,True
SweetPublishingBibleIllustrations-610px/41/610px/41_Mk_16_01_RG.jpg,41_Mk_16_01_RG.jpg,41,130673,831,610,41,Mk,16,1,True
SweetPublishingBibleIllustrations-610px/41/610px/41_Mk_02_13_RG.jpg,41_Mk_02_13_RG.jpg,41,159768,831,610,41,Mk,2,13,True
SweetPublishingBibleIllustrations-610px/41/610px/41_Mk_11_05_RG.jpg,41_Mk_11_05_RG.jpg,41,178978,831,610,41,Mk,11,5,True
SweetPublishingBibleIllustrations-610px/41/610px/41_Mk_05_09_RG.jpg,41_Mk_05_09_RG.jpg,41,175360,831,610,41,Mk,5,9,True
SweetPublishingBibleIllustrations-610px/41/610px/41_Mk_11_09_RG.jpg,41_Mk_11_09_RG.jpg,41,153812,831,610,41,Mk,11,9,True
SweetPublishingBibleIllustrations-610px/41/610px/41_Mk_15_22_RG.jpg,41_Mk_15_22_RG.jpg,41,151478,814,610,41,Mk,15,22,True
SweetPublishingBibleIllustrations-610px/41/610px/41_Mk_05_05_RG.jpg,41_Mk_05_05_RG.jpg,41,142081,831,610,41,Mk,5,5,True
SweetPublishingBibleIllustrations-610px/41/610px/41_Mk_02_01_RG.jpg,41_Mk_02_01_RG.jpg,41,163688,831,610,41,Mk,2,1,True
SweetPublishingBibleIllustrations-610px/41/610px/41_Mk_12_26_RG.jpg,41_Mk_12_26_RG.jpg,41,157422,831,610,41,Mk,12,26,True
SweetPublishingBibleIllustrations-610px/41/610px/41_Mk_09_13_RG.jpg,41_Mk_09_13_RG.jpg,41,147214,831,610,41,Mk,9,13,True
SweetPublishingBibleIllustrations-610px/41/610px/41_Mk_01_16_RG.jpg,41_Mk_01_16_RG.jpg,41,168596,831,610,41,Mk,1,16,True
SweetPublishingBibleIllustrations-610px/41/610px/41_Mk_15_04_RG.jpg,41_Mk_15_04_RG.jpg,41,161917,831,610,41,Mk,15,4,True
SweetPublishingBibleIllustrations-610px/41/610px/41_Mk_06_12_RG.jpg,41_Mk_06_12_RG.jpg,41,149142,831,610,41,Mk,6,12,True
SweetPublishingBibleIllustrations-610px/41/610px/41_Mk_01_08_RG.jpg,41_Mk_01_08_RG.jpg,41,136015,831,610,41,Mk,1,8,True
SweetPublishingBibleIllustrations-610px/41/610px/41_Mk_05_23_RG.jpg,41_Mk_05_23_RG.jpg,41,129989,831,610,41,Mk,5,23,True
SweetPublishingBibleIllustrations-610px/41/610px/41_Mk_15_08_RG.jpg,41_Mk_15_08_RG.jpg,41,169813,831,610,41,Mk,15,8,True
SweetPublishingBibleIllustrations-610px/41/610px/41_Mk_09_01_RG.jpg,41_Mk_09_01_RG.jpg,41,106962,831,610,41,Mk,9,1,True
SweetPublishingBibleIllustrations-610px/41/610px/41_Mk_12_12_RG.jpg,41_Mk_12_12_RG.jpg,41,147608,812,610,41,Mk,12,12,True
SweetPublishingBibleIllustrations-610px/41/610px/41_Mk_01_04_RG.jpg,41_Mk_01_04_RG.jpg,41,187141,832,598,41,Mk,1,4,True
SweetPublishingBibleIllustrations-610px/41/610px/41_Mk_15_16_RG.jpg,41_Mk_15_16_RG.jpg,41,137653,813,610,41,Mk,15,16,True
SweetPublishingBibleIllustrations-610px/41/610px/41_Mk_02_03_RG.jpg,41_Mk_02_03_RG.jpg,41,163809,831,610,41,Mk,2,3,True
SweetPublishingBibleIllustrations-610px/41/610px/41_Mk_05_19_RG.jpg,41_Mk_05_19_RG.jpg,41,169576,831,610,41,Mk,5,19,True
SweetPublishingBibleIllustrations-610px/41/610px/41_Mk_12_24_RG.jpg,41_Mk_12_24_RG.jpg,41,138557,831,610,41,Mk,12,24,True
SweetPublishingBibleIllustrations-610px/41/610px/41_Mk_15_20_RG.jpg,41_Mk_15_20_RG.jpg,41,152696,810,610,41,Mk,15,20,True
SweetPublishingBibleIllustrations-610px/41/610px/41_Mk_05_07_RG.jpg,41_Mk_05_07_RG.jpg,41,164905,831,610,41,Mk,5,7,True
SweetPublishingBibleIllustrations-610px/41/610px/41_Mk_11_07_RG.jpg,41_Mk_11_07_RG.jpg,41,144184,831,610,41,Mk,11,7,True
SweetPublishingBibleIllustrations-610px/41/610px/41_Mk_02_11_RG.jpg,41_Mk_02_11_RG.jpg,41,160550,831,610,41,Mk,2,11,True
SweetPublishingBibleIllustrations-610px/41/610px/41_Mk_06_24_RG.jpg,41_Mk_06_24_RG.jpg,41,168899,831,610,41,Mk,6,24,True
SweetPublishingBibleIllustrations-610px/41/610px/41_Mk_16_03_RG.jpg,41_Mk_16_03_RG.jpg,41,142401,831,610,41,Mk,16,3,True
SweetPublishingBibleIllustrations-610px/41/610px/41_Mk_05_15_RG.jpg,41_Mk_05_15_RG.jpg,41,165797,831,610,41,Mk,5,15,True
SweetPublishingBibleIllustrations-610px/41/610px/41_Mk_04_13_RG.jpg,41_Mk_04_13_RG.jpg,41,170676,831,610,41,Mk,4,13,True
SweetPublishingBibleIllustrations-610px/41/610px/41_Mk_03_09_RG.jpg,41_Mk_03_09_RG.jpg,41,160101,831,610,41,Mk,3,9,True
SweetPublishingBibleIllustrations-610px/41/610px/41_Mk_14_34_RG.jpg,41_Mk_14_34_RG.jpg,41,163778,831,610,41,Mk,14,34,True
SweetPublishingBibleIllustrations-610px/41/610px/41_Mk_10_01_RG.jpg,41_Mk_10_01_RG.jpg,41,135999,831,610,41,Mk,10,1,True
SweetPublishingBibleIllustrations-610px/41/610px/41_Mk_04_01_RG.jpg,41_Mk_04_01_RG.jpg,41,117634,831,610,41,Mk,4,1,True
SweetPublishingBibleIllustrations-610px/41/610px/41_Mk_14_26_RG.jpg,41_Mk_14_26_RG.jpg,41,177926,831,610,41,Mk,14,26,True
SweetPublishingBibleIllustrations-610px/41/610px/41_Mk_10_13_RG.jpg,41_Mk_10_13_RG.jpg,41,131718,831,610,41,Mk,10,13,True
SweetPublishingBibleIllustrations-610px/41/610px/41_Mk_14_38_RG.jpg,41_Mk_14_38_RG.jpg,41,149478,831,610,41,Mk,14,38,True
SweetPublishingBibleIllustrations-610px/41/610px/41_Mk_03_05_RG.jpg,41_Mk_03_05_RG.jpg,41,169460,831,610,41,Mk,3,5,True
SweetPublishingBibleIllustrations-610px/41/610px/41_Mk_14_10_RG.jpg,41_Mk_14_10_RG.jpg,41,142526,831,610,41,Mk,14,10,True
SweetPublishingBibleIllustrations-610px/41/610px/41_Mk_08_07_RG.jpg,41_Mk_08_07_RG.jpg,41,161449,831,610,41,Mk,8,7,True
SweetPublishingBibleIllustrations-610px/41/610px/41_Mk_14_02_RG.jpg,41_Mk_14_02_RG.jpg,41,154386,831,610,41,Mk,14,2,True
SweetPublishingBibleIllustrations-610px/41/610px/41_Mk_13_06_RG.jpg,41_Mk_13_06_RG.jpg,41,129997,804,610,41,Mk,13,6,True
SweetPublishingBibleIllustrations-610px/41/610px/41_Mk_10_16_RG.jpg,41_Mk_10_16_RG.jpg,41,135866,831,610,41,Mk,10,16,True
SweetPublishingBibleIllustrations-610px/41/610px/41_Mk_04_04_RG.jpg,41_Mk_04_04_RG.jpg,41,200399,831,610,41,Mk,4,4,True
SweetPublishingBibleIllustrations-610px/41/610px/41_Mk_14_23_RG.jpg,41_Mk_14_23_RG.jpg,41,172645,831,610,41,Mk,14,23,True
SweetPublishingBibleIllustrations-610px/41/610px/41_Mk_10_08_RG.jpg,41_Mk_10_08_RG.jpg,41,143989,831,610,41,Mk,10,8,True
SweetPublishingBibleIllustrations-610px/41/610px/41_Mk_04_08_RG.jpg,41_Mk_04_08_RG.jpg,41,156808,831,610,41,Mk,4,8,True
SweetPublishingBibleIllustrations-610px/41/610px/41_Mk_10_04_RG.jpg,41_Mk_10_04_RG.jpg,41,142755,831,610,41,Mk,10,4,True
SweetPublishingBibleIllustrations-610px/41/610px/41_Mk_04_16_RG.jpg,41_Mk_04_16_RG.jpg,41,141877,831,610,41,Mk,4,16,True
SweetPublishingBibleIllustrations-610px/41/610px/41_Mk_14_31_RG.jpg,41_Mk_14_31_RG.jpg,41,160465,831,610,41,Mk,14,31,True
SweetPublishingBibleIllustrations-610px/41/610px/41_Mk_13_03_RG.jpg,41_Mk_13_03_RG.jpg,41,144555,831,610,41,Mk,13,3,True
SweetPublishingBibleIllustrations-610px/41/610px/41_Mk_14_19_RG.jpg,41_Mk_14_19_RG.jpg,41,150239,810,610,41,Mk,14,19,True
SweetPublishingBibleIllustrations-610px/41/610px/41_Mk_14_07_RG.jpg,41_Mk_14_07_RG.jpg,41,153068,808,610,41,Mk,14,7,True
SweetPublishingBibleIllustrations-610px/41/610px/41_Mk_08_02_RG.jpg,41_Mk_08_02_RG.jpg,41,143817,831,610,41,Mk,8,2,True
SweetPublishingBibleIllustrations-610px/41/610px/41_Mk_10_20_RG.jpg,41_Mk_10_20_RG.jpg,41,155915,831,610,41,Mk,10,20,True
SweetPublishingBibleIllustrations-610px/41/610px/41_Mk_14_15_RG.jpg,41_Mk_14_15_RG.jpg,41,159830,831,610,41,Mk,14,15,True
SweetPublishingBibleIllustrations-610px/41/610px/41_Mk_15_13_RG.jpg,41_Mk_15_13_RG.jpg,41,144318,827,610,41,Mk,15,13,True
SweetPublishingBibleIllustrations-610px/41/610px/41_Mk_06_05_RG.jpg,41_Mk_06_05_RG.jpg,41,191793,831,610,41,Mk,6,5,True
SweetPublishingBibleIllustrations-610px/41/610px/41_Mk_12_09_RG.jpg,41_Mk_12_09_RG.jpg,41,143079,831,610,41,Mk,12,9,True
SweetPublishingBibleIllustrations-610px/41/610px/41_Mk_12_17_RG.jpg,41_Mk_12_17_RG.jpg,41,146455,831,610,41,Mk,12,17,True
SweetPublishingBibleIllustrations-610px/41/610px/41_Mk_09_04_RG.jpg,41_Mk_09_04_RG.jpg,41,165918,831,610,41,Mk,9,4,True
SweetPublishingBibleIllustrations-610px/41/610px/41_Mk_01_01_RG.jpg,41_Mk_01_01_RG.jpg,41,166609,831,610,41,Mk,1,1,True
SweetPublishingBibleIllustrations-610px/41/610px/41_Mk_15_01_RG.jpg,41_Mk_15_01_RG.jpg,41,160248,831,610,41,Mk,15,1,True
SweetPublishingBibleIllustrations-610px/41/610px/41_Mk_06_17_RG.jpg,41_Mk_06_17_RG.jpg,41,181667,831,610,41,Mk,6,17,True
SweetPublishingBibleIllustrations-610px/41/610px/41_Mk_09_08_RG.jpg,41_Mk_09_08_RG.jpg,41,148033,831,610,41,Mk,9,8,True
SweetPublishingBibleIllustrations-610px/41/610px/41_Mk_02_22_RG.jpg,41_Mk_02_22_RG.jpg,41,144133,831,610,41,Mk,2,22,True
SweetPublishingBibleIllustrations-610px/41/610px/41_Mk_06_09_RG.jpg,41_Mk_06_09_RG.jpg,41,189778,831,610,41,Mk,6,9,True
SweetPublishingBibleIllustrations-610px/41/610px/41_Mk_12_05_RG.jpg,41_Mk_12_05_RG.jpg,41,149109,831,610,41,Mk,12,5,True
SweetPublishingBibleIllustrations-610px/41/610px/41_Mk_09_16_RG.jpg,41_Mk_09_16_RG.jpg,41,147414,816,610,41,Mk,9,16,True
SweetPublishingBibleIllustrations-610px/41/610px/41_Mk_01_13_RG.jpg,41_Mk_01_13_RG.jpg,41,152865,831,610,41,Mk,1,13,True
SweetPublishingBibleIllustrations-610px/41/610px/41_Mk_06_21_RG.jpg,41_Mk_06_21_RG.jpg,41,148463,831,610,41,Mk,6,21,True
SweetPublishingBibleIllustrations-610px/41/610px/41_Mk_16_06_RG.jpg,41_Mk_16_06_RG.jpg,41,119876,831,610,41,Mk,16,6,True
SweetPublishingBibleIllustrations-610px/41/610px/41_Mk_05_10_RG.jpg,41_Mk_05_10_RG.jpg,41,140470,831,610,41,Mk,5,10,True
SweetPublishingBibleIllustrations-610px/41/610px/41_Mk_11_02_RG.jpg,41_Mk_11_02_RG.jpg,41,153351,831,610,41,Mk,11,2,True
SweetPublishingBibleIllustrations-610px/41/610px/41_Mk_02_14_RG.jpg,41_Mk_02_14_RG.jpg,41,157260,831,610,41,Mk,2,14,True
SweetPublishingBibleIllustrations-610px/41/610px/41_Mk_09_20_RG.jpg,41_Mk_09_20_RG.jpg,41,148085,831,610,41,Mk,9,20,True
SweetPublishingBibleIllustrations-610px/41/610px/41_Mk_02_18_RG.jpg,41_Mk_02_18_RG.jpg,41,148234,831,610,41,Mk,2,18,True
SweetPublishingBibleIllustrations-610px/41/610px/41_Mk_05_02_RG.jpg,41_Mk_05_02_RG.jpg,41,155590,831,610,41,Mk,5,2,True
SweetPublishingBibleIllustrations-610px/41/610px/41_Mk_11_10_RG.jpg,41_Mk_11_10_RG.jpg,41,147335,831,610,41,Mk,11,10,True
SweetPublishingBibleIllustrations-610px/41/610px/41_Mk_02_06_RG.jpg,41_Mk_02_06_RG.jpg,41,158651,831,610,41,Mk,2,6,True
SweetPublishingBibleIllustrations-610px/41/610px/41_Mk_12_21_RG.jpg,41_Mk_12_21_RG.jpg,41,151652,831,610,41,Mk,12,21,True
SweetPublishingBibleIllustrations-610px/41/610px/41_Mk_02_20_RG.jpg,41_Mk_02_20_RG.jpg,41,128056,831,610,41,Mk,2,20,True
SweetPublishingBibleIllustrations-610px/41/610px/41_Mk_01_11_RG.jpg,41_Mk_01_11_RG.jpg,41,166292,831,610,41,Mk,1,11,True
SweetPublishingBibleIllustrations-610px/41/610px/41_Mk_09_14_RG.jpg,41_Mk_09_14_RG.jpg,41,152502,831,610,41,Mk,9,14,True
SweetPublishingBibleIllustrations-610px/41/610px/41_Mk_12_07_RG.jpg,41_Mk_12_07_RG.jpg,41,141516,831,610,41,Mk,12,7,True
SweetPublishingBibleIllustrations-610px/41/610px/41_Mk_06_15_RG.jpg,41_Mk_06_15_RG.jpg,41,144571,831,610,41,Mk,6,15,True
SweetPublishingBibleIllustrations-610px/41/610px/41_Mk_15_03_RG.jpg,41_Mk_15_03_RG.jpg,41,159463,831,610,41,Mk,15,3,True
SweetPublishingBibleIllustrations-610px/41/610px/41_Mk_12_19_RG.jpg,41_Mk_12_19_RG.jpg,41,134341,831,610,41,Mk,12,19,True
SweetPublishingBibleIllustrations-610px/41/610px/41_Mk_05_24_RG.jpg,41_Mk_05_24_RG.jpg,41,166391,831,610,41,Mk,5,24,True
SweetPublishingBibleIllustrations-610px/41/610px/41_Mk_06_19_RG.jpg,41_Mk_06_19_RG.jpg,41,173354,831,610,41,Mk,6,19,True
SweetPublishingBibleIllustrations-610px/41/610px/41_Mk_01_03_RG.jpg,41_Mk_01_03_RG.jpg,41,142427,831,610,41,Mk,1,3,True
SweetPublishingBibleIllustrations-610px/41/610px/41_Mk_09_06_RG.jpg,41_Mk_09_06_RG.jpg,41,160763,831,610,41,Mk,9,6,True
SweetPublishingBibleIllustrations-610px/41/610px/41_Mk_12_15_RG.jpg,41_Mk_12_15_RG.jpg,41,150627,813,610,41,Mk,12,15,True
SweetPublishingBibleIllustrations-610px/41/610px/41_Mk_06_07_RG.jpg,41_Mk_06_07_RG.jpg,41,160343,831,610,41,Mk,6,7,True
SweetPublishingBibleIllustrations-610px/41/610px/41_Mk_15_11_RG.jpg,41_Mk_15_11_RG.jpg,41,190122,822,610,41,Mk,15,11,True
SweetPublishingBibleIllustrations-610px/41/610px/41_Mk_09_18_RG.jpg,41_Mk_09_18_RG.jpg,41,154523,831,610,41,Mk,9,18,True
SweetPublishingBibleIllustrations-610px/41/610px/41_Mk_02_04_RG.jpg,41_Mk_02_04_RG.jpg,41,142577,831,610,41,Mk,2,4,True
SweetPublishingBibleIllustrations-610px/41/610px/41_Mk_12_23_RG.jpg,41_Mk_12_23_RG.jpg,41,145404,831,610,41,Mk,12,23,True
SweetPublishingBibleIllustrations-610px/41/610px/41_Mk_16_08_RG.jpg,41_Mk_16_08_RG.jpg,41,158744,821,610,41,Mk,16,8,True
SweetPublishingBibleIllustrations-610px/41/610px/41_Mk_02_16_RG.jpg,41_Mk_02_16_RG.jpg,41,151042,831,610,41,Mk,2,16,True
SweetPublishingBibleIllustrations-610px/41/610px/41_Mk_09_22_RG.jpg,41_Mk_09_22_RG.jpg,41,153665,831,610,41,Mk,9,22,True
SweetPublishingBibleIllustrations-610px/41/610px/41_Mk_02_08_RG.jpg,41_Mk_02_08_RG.jpg,41,154953,831,610,41,Mk,2,8,True
SweetPublishingBibleIllustrations-610px/41/610px/41_Mk_06_23_RG.jpg,41_Mk_06_23_RG.jpg,41,161704,831,610,41,Mk,6,23,True
SweetPublishingBibleIllustrations-610px/41/610px/41_Mk_05_12_RG.jpg,41_Mk_05_12_RG.jpg,41,149784,822,610,41,Mk,5,12,True
SweetPublishingBibleIllustrations-610px/41/610px/41_Mk_16_04_RG.jpg,41_Mk_16_04_RG.jpg,41,131328,831,610,41,Mk,16,4,True
SweetPublishingBibleIllustrations-610px/41/610px/41_Mk_04_14_RG.jpg,41_Mk_04_14_RG.jpg,41,171692,831,610,41,Mk,4,14,True
SweetPublishingBibleIllustrations-610px/41/610px/41_Mk_10_18_RG.jpg,41_Mk_10_18_RG.jpg,41,142882,831,610,41,Mk,10,18,True
SweetPublishingBibleIllustrations-610px/41/610px/41_Mk_14_33_RG.jpg,41_Mk_14_33_RG.jpg,41,174383,831,610,41,Mk,14,33,True
SweetPublishingBibleIllustrations-610px/41/610px/41_Mk_03_10_RG.jpg,41_Mk_03_10_RG.jpg,41,146988,831,610,41,Mk,3,10,True
SweetPublishingBibleIllustrations-610px/41/610px/41_Mk_10_06_RG.jpg,41_Mk_10_06_RG.jpg,41,158969,831,610,41,Mk,10,6,True
SweetPublishingBibleIllustrations-610px/41/610px/41_Mk_04_06_RG.jpg,41_Mk_04_06_RG.jpg,41,165593,831,610,41,Mk,4,6,True
SweetPublishingBibleIllustrations-610px/41/610px/41_Mk_14_21_RG.jpg,41_Mk_14_21_RG.jpg,41,175580,831,610,41,Mk,14,21,True
SweetPublishingBibleIllustrations-610px/41/610px/41_Mk_03_02_RG.jpg,41_Mk_03_02_RG.jpg,41,163206,831,610,41,Mk,3,2,True
SweetPublishingBibleIllustrations-610px/41/610px/41_Mk_10_14_RG.jpg,41_Mk_10_14_RG.jpg,41,133256,831,610,41,Mk,10,14,True
SweetPublishingBibleIllustrations-610px/41/610px/41_Mk_14_17_RG.jpg,41_Mk_14_17_RG.jpg,41,176798,831,610,41,Mk,14,17,True
SweetPublishingBibleIllustrations-610px/41/610px/41_Mk_14_09_RG.jpg,41_Mk_14_09_RG.jpg,41,142770,831,610,41,Mk,14,9,True
SweetPublishingBibleIllustrations-610px/41/610px/41_Mk_14_05_RG.jpg,41_Mk_14_05_RG.jpg,41,169566,831,610,41,Mk,14,5,True
SweetPublishingBibleIllustrations-610px/41/610px/41_Mk_13_01_RG.jpg,41_Mk_13_01_RG.jpg,41,155385,831,610,41,Mk,13,1,True
SweetPublishingBibleIllustrations-610px/41/610px/41_Mk_05_08_RG.jpg,41_Mk_05_08_RG.jpg,41,140187,818,610,41,Mk,5,8,True
SweetPublishingBibleIllustrations-610px/41/610px/41_Mk_02_12_RG.jpg,41_Mk_02_12_RG.jpg,41,140845,831,610,41,Mk,2,12,True
SweetPublishingBibleIllustrations-610px/41/610px/41_Mk_11_04_RG.jpg,41_Mk_11_04_RG.jpg,41,180041,831,610,41,Mk,11,4,True
SweetPublishingBibleIllustrations-610px/41/610px/41_Mk_05_16_RG.jpg,41_Mk_05_16_RG.jpg,41,155106,831,610,41,Mk,5,16,True
SweetPublishingBibleIllustrations-610px/41/610px/41_Mk_06_27_RG.jpg,41_Mk_06_27_RG.jpg,41,161624,831,610,41,Mk,6,27,True
SweetPublishingBibleIllustrations-610px/41/610px/41_Mk_05_04_RG.jpg,41_Mk_05_04_RG.jpg,41,134382,817,610,41,Mk,5,4,True
SweetPublishingBibleIllustrations-610px/41/610px/41_Mk_15_23_RG.jpg,41_Mk_15_23_RG.jpg,41,138819,799,610,41,Mk,15,23,True
SweetPublishingBibleIllustrations-610px/41/610px/41_Mk_11_08_RG.jpg,41_Mk_11_08_RG.jpg,41,161935,830,610,41,Mk,11,8,True
SweetPublishingBibleIllustrations-610px/41/610px/41_Mk_01_07_RG.jpg,41_Mk_01_07_RG.jpg,41,155428,831,610,41,Mk,1,7,True
SweetPublishingBibleIllustrations-610px/41/610px/41_Mk_12_11_RG.jpg,41_Mk_12_11_RG.jpg,41,155059,815,610,41,Mk,12,11,True
SweetPublishingBibleIllustrations-610px/41/610px/41_Mk_09_02_RG.jpg,41_Mk_09_02_RG.jpg,41,150617,831,610,41,Mk,9,2,True
SweetPublishingBibleIllustrations-610px/41/610px/41_Mk_01_19_RG.jpg,41_Mk_01_19_RG.jpg,41,186777,831,610,41,Mk,1,19,True
SweetPublishingBibleIllustrations-610px/41/610px/41_Mk_06_03_RG.jpg,41_Mk_06_03_RG.jpg,41,208341,831,610,41,Mk,6,3,True
SweetPublishingBibleIllustrations-610px/41/610px/41_Mk_15_15_RG.jpg,41_Mk_15_15_RG.jpg,41,165802,809,610,41,Mk,15,15,True
SweetPublishingBibleIllustrations-610px/41/610px/41_Mk_01_15_RG.jpg,41_Mk_01_15_RG.jpg,41,169043,831,610,41,Mk,1,15,True
SweetPublishingBibleIllustrations-610px/41/610px/41_Mk_12_03_RG.jpg,41_Mk_12_03_RG.jpg,41,163545,831,610,41,Mk,12,3,True
SweetPublishingBibleIllustrations-610px/41/610px/41_Mk_09_10_RG.jpg,41_Mk_09_10_RG.jpg,41,156077,831,610,41,Mk,9,10,True
SweetPublishingBibleIllustrations-610px/41/610px/41_Mk_15_19_RG.jpg,41_Mk_15_19_RG.jpg,41,132211,763,610,41,Mk,15,19,True
SweetPublishingBibleIllustrations-610px/41/610px/41_Mk_05_20_RG.jpg,41_Mk_05_20_RG.jpg,41,160205,831,610,41,Mk,5,20,True
SweetPublishingBibleIllustrations-610px/41/610px/41_Mk_06_11_RG.jpg,41_Mk_06_11_RG.jpg,41,144613,831,610,41,Mk,6,11,True
SweetPublishingBibleIllustrations-610px/41/610px/41_Mk_15_07_RG.jpg,41_Mk_15_07_RG.jpg,41,170303,831,610,41,Mk,15,7,True
SweetPublishingBibleIllustrations-610px/41/610px/41_Mk_14_01_RG.jpg,41_Mk_14_01_RG.jpg,41,165271,831,610,41,Mk,14,1,True
SweetPublishingBibleIllustrations-610px/41/610px/41_Mk_08_08_RG.jpg,41_Mk_08_08_RG.jpg,41,157226,831,610,41,Mk,8,8,True
SweetPublishingBibleIllustrations-610px/41/610px/41_Mk_13_05_RG.jpg,41_Mk_13_05_RG.jpg,41,149226,831,610,41,Mk,13,5,True
SweetPublishingBibleIllustrations-610px/41/610px/41_Mk_14_13_RG.jpg,41_Mk_14_13_RG.jpg,41,166713,831,610,41,Mk,14,13,True
SweetPublishingBibleIllustrations-610px/41/610px/41_Mk_08_04_RG.jpg,41_Mk_08_04_RG.jpg,41,149444,831,610,41,Mk,8,4,True
SweetPublishingBibleIllustrations-610px/41/610px/41_Mk_14_25_RG.jpg,41_Mk_14_25_RG.jpg,41,171536,831,610,41,Mk,14,25,True
SweetPublishingBibleIllustrations-610px/41/610px/41_Mk_04_02_RG.jpg,41_Mk_04_02_RG.jpg,41,177349,831,610,41,Mk,4,2,True
SweetPublishingBibleIllustrations-610px/41/610px/41_Mk_03_06_RG.jpg,41_Mk_03_06_RG.jpg,41,155325,831,610,41,Mk,3,6,True
SweetPublishingBibleIllustrations-610px/41/610px/41_Mk_10_10_RG.jpg,41_Mk_10_10_RG.jpg,41,129044,831,610,41,Mk,10,10,True
SweetPublishingBibleIllustrations-610px/41/610px/41_Mk_14_37_RG.jpg,41_Mk_14_37_RG.jpg,41,159907,821,610,41,Mk,14,37,True
SweetPublishingBibleIllustrations-610px/41/610px/41_Mk_04_10_RG.jpg,41_Mk_04_10_RG.jpg,41,140760,824,610,41,Mk,4,10,True
SweetPublishingBibleIllustrations-610px/41/610px/41_Mk_10_02_RG.jpg,41_Mk_10_02_RG.jpg,41,137784,831,610,41,Mk,10,2,True
SweetPublishingBibleIllustrations-610px/41/610px/41_Mk_14_29_RG.jpg,41_Mk_14_29_RG.jpg,41,166623,831,610,41,Mk,14,29,True
SweetPublishingBibleIllustrations-610px/41/610px/41_Mk_08_06_RG.jpg,41_Mk_08_06_RG.jpg,41,138386,831,610,41,Mk,8,6,True
SweetPublishingBibleIllustrations-610px/41/610px/41_Mk_14_11_RG.jpg,41_Mk_14_11_RG.jpg,41,147496,831,610,41,Mk,14,11,True
SweetPublishingBibleIllustrations-610px/41/610px/41_Mk_13_07_RG.jpg,41_Mk_13_07_RG.jpg,41,141228,831,610,41,Mk,13,7,True
SweetPublishingBibleIllustrations-610px/41/610px/41_Mk_14_03_RG.jpg,41_Mk_14_03_RG.jpg,41,167453,831,610,41,Mk,14,3,True
SweetPublishingBibleIllustrations-610px/41/610px/41_Mk_03_08_RG.jpg,41_Mk_03_08_RG.jpg,41,171246,831,610,41,Mk,3,8,True
SweetPublishingBibleIllustrations-610px/41/610px/41_Mk_14_35_RG.jpg,41_Mk_14_35_RG.jpg,41,165375,831,610,41,Mk,14,35,True
SweetPublishingBibleIllustrations-610px/41/610px/41_Mk_04_12_RG.jpg,41_Mk_04_12_RG.jpg,41,147991,831,610,41,Mk,4,12,True
SweetPublishingBibleIllustrations-610px/41/610px/41_Mk_14_39_RG.jpg,41_Mk_14_39_RG.jpg,41,133461,831,610,41,Mk,14,39,True
SweetPublishingBibleIllustrations-610px/41/610px/41_Mk_10_12_RG.jpg,41_Mk_10_12_RG.jpg,41,135733,824,610,41,Mk,10,12,True
SweetPublishingBibleIllustrations-610px/41/610px/41_Mk_03_04_RG.jpg,41_Mk_03_04_RG.jpg,41,158910,831,610,41,Mk,3,4,True
SweetPublishingBibleIllustrations-610px/41/610px/41_Mk_14_27_RG.jpg,41_Mk_14_27_RG.jpg,41,191571,831,610,41,Mk,14,27,True
SweetPublishingBibleIllustrations-610px/41/610px/41_Mk_05_06_RG.jpg,41_Mk_05_06_RG.jpg,41,152012,831,610,41,Mk,5,6,True
SweetPublishingBibleIllustrations-610px/41/610px/41_Mk_15_21_RG.jpg,41_Mk_15_21_RG.jpg,41,138167,813,610,41,Mk,15,21,True
SweetPublishingBibleIllustrations-610px/41/610px/41_Mk_05_18_RG.jpg,41_Mk_05_18_RG.jpg,41,152941,831,610,41,Mk,5,18,True
SweetPublishingBibleIllustrations-610px/41/610px/41_Mk_12_25_RG.jpg,41_Mk_12_25_RG.jpg,41,140274,831,610,41,Mk,12,25,True
SweetPublishingBibleIllustrations-610px/41/610px/41_Mk_02_02_RG.jpg,41_Mk_02_02_RG.jpg,41,139269,831,610,41,Mk,2,2,True
SweetPublishingBibleIllustrations-610px/41/610px/41_Mk_16_02_RG.jpg,41_Mk_16_02_RG.jpg,41,193235,831,610,41,Mk,16,2,True
SweetPublishingBibleIllustrations-610px/41/610px/41_Mk_05_14_RG.jpg,41_Mk_05_14_RG.jpg,41,167033,831,610,41,Mk,5,14,True
SweetPublishingBibleIllustrations-610px/41/610px/41_Mk_06_25_RG.jpg,41_Mk_06_25_RG.jpg,41,178609,831,610,41,Mk,6,25,True
SweetPublishingBibleIllustrations-610px/41/610px/41_Mk_09_24_RG.jpg,41_Mk_09_24_RG.jpg,41,158460,831,610,41,Mk,9,24,True
SweetPublishingBibleIllustrations-610px/41/610px/41_Mk_11_06_RG.jpg,41_Mk_11_06_RG.jpg,41,152128,807,610,41,Mk,11,6,True
SweetPublishingBibleIllustrations-610px/41/610px/41_Mk_02_10_RG.jpg,41_Mk_02_10_RG.jpg,41,141801,831,610,41,Mk,2,10,True
SweetPublishingBibleIllustrations-610px/41/610px/41_Mk_05_22_RG.jpg,41_Mk_05_22_RG.jpg,41,153903,831,610,41,Mk,5,22,True
SweetPublishingBibleIllustrations-610px/41/610px/41_Mk_01_09_RG.jpg,41_Mk_01_09_RG.jpg,41,138340,831,610,41,Mk,1,9,True
SweetPublishingBibleIllustrations-610px/41/610px/41_Mk_15_05_RG.jpg,41_Mk_15_05_RG.jpg,41,186502,831,610,41,Mk,15,5,True
SweetPublishingBibleIllustrations-610px/41/610px/41_Mk_06_13_RG.jpg,41_Mk_06_13_RG.jpg,41,133897,831,610,41,Mk,6,13,True
SweetPublishingBibleIllustrations-610px/41/610px/41_Mk_09_12_RG.jpg,41_Mk_09_12_RG.jpg,41,154533,831,610,41,Mk,9,12,True
SweetPublishingBibleIllustrations-610px/41/610px/41_Mk_12_01_RG.jpg,41_Mk_12_01_RG.jpg,41,141486,831,610,41,Mk,12,1,True
SweetPublishingBibleIllustrations-610px/41/610px/41_Mk_01_17_RG.jpg,41_Mk_01_17_RG.jpg,41,161154,831,610,41,Mk,1,17,True
SweetPublishingBibleIllustrations-610px/41/610px/41_Mk_15_17_RG.jpg,41_Mk_15_17_RG.jpg,41,139725,831,610,41,Mk,15,17,True
SweetPublishingBibleIllustrations-610px/41/610px/41_Mk_06_01_RG.jpg,41_Mk_06_01_RG.jpg,41,190198,831,610,41,Mk,6,1,True
SweetPublishingBibleIllustrations-610px/41/610px/41_Mk_12_13_RG.jpg,41_Mk_12_13_RG.jpg,41,137043,798,610,41,Mk,12,13,True
SweetPublishingBibleIllustrations-610px/41/610px/41_Mk_01_05_RG.jpg,41_Mk_01_05_RG.jpg,41,172710,831,610,41,Mk,1,5,True
SweetPublishingBibleIllustrations-610px/41/610px/41_Mk_15_09_RG.jpg,41_Mk_15_09_RG.jpg,41,177778,831,610,41,Mk,15,9,True
SweetPublishingBibleIllustrations-610px/24/610px/24_Jer_38_03_RG.jpg,24_Jer_38_03_RG.jpg,24,148733,831,610,24,Jer,38,3,True
SweetPublishingBibleIllustrations-610px/24/610px/24_Jer_37_02_RG.jpg,24_Jer_37_02_RG.jpg,24,159787,831,610,24,Jer,37,2,True
SweetPublishingBibleIllustrations-610px/24/610px/24_Jer_27_01_RG.jpg,24_Jer_27_01_RG.jpg,24,173808,831,610,24,Jer,27,1,True
SweetPublishingBibleIllustrations-610px/24/610px/24_Jer_36_04_RG.jpg,24_Jer_36_04_RG.jpg,24,177747,831,610,24,Jer,36,4,True
SweetPublishingBibleIllustrations-610px/24/610px/24_Jer_38_01_RG.jpg,24_Jer_38_01_RG.jpg,24,161284,831,610,24,Jer,38,1,True
SweetPublishingBibleIllustrations-610px/24/610px/24_Jer_36_02_RG.jpg,24_Jer_36_02_RG.jpg,24,164367,831,610,24,Jer,36,2,True
SweetPublishingBibleIllustrations-610px/24/610px/24_Jer_36_05_RG.jpg,24_Jer_36_05_RG.jpg,24,135146,831,610,24,Jer,36,5,True
SweetPublishingBibleIllustrations-610px/24/610px/24_Jer_38_02_RG.jpg,24_Jer_38_02_RG.jpg,24,159029,831,610,24,Jer,38,2,True
SweetPublishingBibleIllustrations-610px/24/610px/24_Jer_37_01_RG.jpg,24_Jer_37_01_RG.jpg,24,167453,831,610,24,Jer,37,1,True
SweetPublishingBibleIllustrations-610px/24/610px/24_Jer_36_03_RG.jpg,24_Jer_36_03_RG.jpg,24,148027,831,610,24,Jer,36,3,True
SweetPublishingBibleIllustrations-610px/24/610px/24_Jer_36_01_RG.jpg,24_Jer_36_01_RG.jpg,24,135103,831,610,24,Jer,36,1,True
SweetPublishingBibleIllustrations-610px/23/610px/23_Is_37_03_RG.jpg,23_Is_37_03_RG.jpg,23,180903,831,610,23,Is,37,3,True
SweetPublishingBibleIllustrations-610px/23/610px/23_Is_37_01_RG.jpg,23_Is_37_01_RG.jpg,23,133329,831,610,23,Is,37,1,True
SweetPublishingBibleIllustrations-610px/23/610px/23_Is_37_02_RG.jpg,23_Is_37_02_RG.jpg,23,171085,831,610,23,Is,37,2,True
SweetPublishingBibleIllustrations-610px/23/610px/23_Is_38_01_RG.jpg,23_Is_38_01_RG.jpg,23,155531,831,610,23,Is,38,1,True
SweetPublishingBibleIllustrations-610px/23/610px/23_Is_07_01_RG.jpg,23_Is_07_01_RG.jpg,23,119628,831,610,23,Is,7,1,True
SweetPublishingBibleIllustrations-610px/15/610px/15_Ezr_10_06_RG.jpg,15_Ezr_10_06_RG.jpg,15,175889,831,610,15,Ezr,10,6,True
SweetPublishingBibleIllustrations-610px/15/610px/15_Ezr_10_04_RG.jpg,15_Ezr_10_04_RG.jpg,15,182541,831,610,15,Ezr,10,4,True
SweetPublishingBibleIllustrations-610px/15/610px/15_Ezr_01_01_RG.jpg,15_Ezr_01_01_RG.jpg,15,198035,831,610,15,Ezr,1,1,True
SweetPublishingBibleIllustrations-610px/15/610px/15_Ezr_09_02_RG.jpg,15_Ezr_09_02_RG.jpg,15,191762,831,610,15,Ezr,9,2,True
SweetPublishingBibleIllustrations-610px/15/610px/15_Ezr_10_02_RG.jpg,15_Ezr_10_02_RG.jpg,15,177772,831,610,15,Ezr,10,2,True
SweetPublishingBibleIllustrations-610px/15/610px/15_Ezr_10_05_RG.jpg,15_Ezr_10_05_RG.jpg,15,167157,831,610,15,Ezr,10,5,True
SweetPublishingBibleIllustrations-610px/15/610px/15_Ezr_09_01_RG.jpg,15_Ezr_09_01_RG.jpg,15,181905,831,610,15,Ezr,9,1,True
SweetPublishingBibleIllustrations-610px/15/610px/15_Ezr_10_01_RG.jpg,15_Ezr_10_01_RG.jpg,15,167781,831,610,15,Ezr,10,1,True
SweetPublishingBibleIllustrations-610px/15/610px/15_Ezr_10_03_RG.jpg,15_Ezr_10_03_RG.jpg,15,187962,832,595,15,Ezr,10,3,True
SweetPublishingBibleIllustrations-610px/15/610px/15_Ezr_09_03_RG.jpg,15_Ezr_09_03_RG.jpg,15,161022,831,610,15,Ezr,9,3,True
SweetPublishingBibleIllustrations-610px/12/610px/12_2Ki_11_02_RG.jpg,12_2Ki_11_02_RG.jpg,12,176662,831,610,12,2Ki,11,2,True
SweetPublishingBibleIllustrations-610px/12/610px/12_2Ki_05_10_RG.jpg,12_2Ki_05_10_RG.jpg,12,154063,831,610,12,2Ki,5,10,True
SweetPublishingBibleIllustrations-610px/12/610px/12_2Ki_02_06_RG.jpg,12_2Ki_02_06_RG.jpg,12,154650,831,610,12,2Ki,2,6,True
SweetPublishingBibleIllustrations-610px/12/610px/12_2Ki_05_02_RG.jpg,12_2Ki_05_02_RG.jpg,12,163537,831,610,12,2Ki,5,2,True
SweetPublishingBibleIllustrations-610px/12/610px/12_2Ki_23_06_RG.jpg,12_2Ki_23_06_RG.jpg,12,160250,831,610,12,2Ki,23,6,True
SweetPublishingBibleIllustrations-610px/12/610px/12_2Ki_24_02_RG.jpg,12_2Ki_24_02_RG.jpg,12,170320,831,610,12,2Ki,24,2,True
SweetPublishingBibleIllustrations-610px/12/610px/12_2Ki_15_01_RG.jpg,12_2Ki_15_01_RG.jpg,12,168836,831,610,12,2Ki,15,1,True
SweetPublishingBibleIllustrations-610px/12/610px/12_2Ki_25_08_RG.jpg,12_2Ki_25_08_RG.jpg,12,172641,831,610,12,2Ki,25,8,True
SweetPublishingBibleIllustrations-610px/12/610px/12_2Ki_25_04_RG.jpg,12_2Ki_25_04_RG.jpg,12,195246,831,610,12,2Ki,25,4,True
SweetPublishingBibleIllustrations-610px/12/610px/12_2Ki_04_04_RG.jpg,12_2Ki_04_04_RG.jpg,12,74143,464,610,12,2Ki,4,4,True
SweetPublishingBibleIllustrations-610px/12/610px/12_2Ki_04_08_RG.jpg,12_2Ki_04_08_RG.jpg,12,171742,831,610,12,2Ki,4,8,True
SweetPublishingBibleIllustrations-610px/12/610px/12_2Ki_18_01_RG.jpg,12_2Ki_18_01_RG.jpg,12,172104,831,610,12,2Ki,18,1,True
SweetPublishingBibleIllustrations-610px/12/610px/12_2Ki_22_02_RG.jpg,12_2Ki_22_02_RG.jpg,12,174758,831,610,12,2Ki,22,2,True
SweetPublishingBibleIllustrations-610px/12/610px/12_2Ki_25_06_RG.jpg,12_2Ki_25_06_RG.jpg,12,181614,831,610,12,2Ki,25,6,True
SweetPublishingBibleIllustrations-610px/12/610px/12_2Ki_18_03_RG.jpg,12_2Ki_18_03_RG.jpg,12,172992,831,610,12,2Ki,18,3,True
SweetPublishingBibleIllustrations-610px/12/610px/12_2Ki_04_14_RG.jpg,12_2Ki_04_14_RG.jpg,12,151330,831,610,12,2Ki,4,14,True
SweetPublishingBibleIllustrations-610px/12/610px/12_2Ki_17_02_RG.jpg,12_2Ki_17_02_RG.jpg,12,172077,831,610,12,2Ki,17,2,True
SweetPublishingBibleIllustrations-610px/12/610px/12_2Ki_04_06_RG.jpg,12_2Ki_04_06_RG.jpg,12,142427,831,610,12,2Ki,4,6,True
SweetPublishingBibleIllustrations-610px/12/610px/12_2Ki_02_04_RG.jpg,12_2Ki_02_04_RG.jpg,12,153174,831,610,12,2Ki,2,4,True
SweetPublishingBibleIllustrations-610px/12/610px/12_2Ki_02_08_RG.jpg,12_2Ki_02_08_RG.jpg,12,185424,831,610,12,2Ki,2,8,True
SweetPublishingBibleIllustrations-610px/12/610px/12_2Ki_05_12_RG.jpg,12_2Ki_05_12_RG.jpg,12,159551,831,610,12,2Ki,5,12,True
SweetPublishingBibleIllustrations-610px/12/610px/12_2Ki_19_05_RG.jpg,12_2Ki_19_05_RG.jpg,12,180903,831,610,12,2Ki,19,5,True
SweetPublishingBibleIllustrations-610px/12/610px/12_2Ki_15_03_RG.jpg,12_2Ki_15_03_RG.jpg,12,174393,831,610,12,2Ki,15,3,True
SweetPublishingBibleIllustrations-610px/12/610px/12_2Ki_23_04_RG.jpg,12_2Ki_23_04_RG.jpg,12,164950,831,610,12,2Ki,23,4,True
SweetPublishingBibleIllustrations-610px/12/610px/12_2Ki_04_02_RG.jpg,12_2Ki_04_02_RG.jpg,12,71010,366,610,12,2Ki,4,2,True
SweetPublishingBibleIllustrations-610px/12/610px/12_2Ki_04_10_RG.jpg,12_2Ki_04_10_RG.jpg,12,164985,831,610,12,2Ki,4,10,True
SweetPublishingBibleIllustrations-610px/12/610px/12_2Ki_25_02_RG.jpg,12_2Ki_25_02_RG.jpg,12,165894,831,610,12,2Ki,25,2,True
SweetPublishingBibleIllustrations-610px/12/610px/12_2Ki_24_04_RG.jpg,12_2Ki_24_04_RG.jpg,12,171507,831,610,12,2Ki,24,4,True
SweetPublishingBibleIllustrations-610px/12/610px/12_2Ki_12_03_RG.jpg,12_2Ki_12_03_RG.jpg,12,162167,831,610,12,2Ki,12,3,True
SweetPublishingBibleIllustrations-610px/12/610px/12_2Ki_05_08_RG.jpg,12_2Ki_05_08_RG.jpg,12,165924,831,610,12,2Ki,5,8,True
SweetPublishingBibleIllustrations-610px/12/610px/12_2Ki_19_01_RG.jpg,12_2Ki_19_01_RG.jpg,12,133329,831,610,12,2Ki,19,1,True
SweetPublishingBibleIllustrations-610px/12/610px/12_2Ki_11_04_RG.jpg,12_2Ki_11_04_RG.jpg,12,160785,831,610,12,2Ki,11,4,True
SweetPublishingBibleIllustrations-610px/12/610px/12_2Ki_05_04_RG.jpg,12_2Ki_05_04_RG.jpg,12,160953,831,610,12,2Ki,5,4,True
SweetPublishingBibleIllustrations-610px/12/610px/12_2Ki_12_01_RG.jpg,12_2Ki_12_01_RG.jpg,12,161968,831,610,12,2Ki,12,1,True
SweetPublishingBibleIllustrations-610px/12/610px/12_2Ki_23_02_RG.jpg,12_2Ki_23_02_RG.jpg,12,160911,831,610,12,2Ki,23,2,True
SweetPublishingBibleIllustrations-610px/12/610px/12_2Ki_02_02_RG.jpg,12_2Ki_02_02_RG.jpg,12,154331,831,610,12,2Ki,2,2,True
SweetPublishingBibleIllustrations-610px/12/610px/12_2Ki_05_06_RG.jpg,12_2Ki_05_06_RG.jpg,12,165465,831,610,12,2Ki,5,6,True
SweetPublishingBibleIllustrations-610px/12/610px/12_2Ki_02_10_RG.jpg,12_2Ki_02_10_RG.jpg,12,121655,831,610,12,2Ki,2,10,True
SweetPublishingBibleIllustrations-610px/12/610px/12_2Ki_19_03_RG.jpg,12_2Ki_19_03_RG.jpg,12,155531,831,610,12,2Ki,19,3,True
SweetPublishingBibleIllustrations-610px/12/610px/12_2Ki_17_04_RG.jpg,12_2Ki_17_04_RG.jpg,12,175010,831,610,12,2Ki,17,4,True
SweetPublishingBibleIllustrations-610px/12/610px/12_2Ki_04_12_RG.jpg,12_2Ki_04_12_RG.jpg,12,132954,831,610,12,2Ki,4,12,True
SweetPublishingBibleIllustrations-610px/12/610px/12_2Ki_18_05_RG.jpg,12_2Ki_18_05_RG.jpg,12,137356,792,610,12,2Ki,18,5,True
SweetPublishingBibleIllustrations-610px/12/610px/12_2Ki_22_04_RG.jpg,12_2Ki_22_04_RG.jpg,12,151851,831,610,12,2Ki,22,4,True
SweetPublishingBibleIllustrations-610px/12/610px/12_2Ki_04_05_RG.jpg,12_2Ki_04_05_RG.jpg,12,144012,831,610,12,2Ki,4,5,True
SweetPublishingBibleIllustrations-610px/12/610px/12_2Ki_04_09_RG.jpg,12_2Ki_04_09_RG.jpg,12,147716,831,610,12,2Ki,4,9,True
SweetPublishingBibleIllustrations-610px/12/610px/12_2Ki_17_01_RG.jpg,12_2Ki_17_01_RG.jpg,12,148861,831,610,12,2Ki,17,1,True
SweetPublishingBibleIllustrations-610px/12/610px/12_2Ki_22_01_RG.jpg,12_2Ki_22_01_RG.jpg,12,163723,831,610,12,2Ki,22,1,True
SweetPublishingBibleIllustrations-610px/12/610px/12_2Ki_25_05_RG.jpg,12_2Ki_25_05_RG.jpg,12,194620,831,610,12,2Ki,25,5,True
SweetPublishingBibleIllustrations-610px/12/610px/12_2Ki_24_03_RG.jpg,12_2Ki_24_03_RG.jpg,12,133495,831,610,12,2Ki,24,3,True
SweetPublishingBibleIllustrations-610px/12/610px/12_2Ki_23_07_RG.jpg,12_2Ki_23_07_RG.jpg,12,145679,831,610,12,2Ki,23,7,True
SweetPublishingBibleIllustrations-610px/12/610px/12_2Ki_05_11_RG.jpg,12_2Ki_05_11_RG.jpg,12,160714,831,610,12,2Ki,5,11,True
SweetPublishingBibleIllustrations-610px/12/610px/12_2Ki_11_03_RG.jpg,12_2Ki_11_03_RG.jpg,12,167835,831,610,12,2Ki,11,3,True
SweetPublishingBibleIllustrations-610px/12/610px/12_2Ki_05_03_RG.jpg,12_2Ki_05_03_RG.jpg,12,142679,831,610,12,2Ki,5,3,True
SweetPublishingBibleIllustrations-610px/12/610px/12_2Ki_02_07_RG.jpg,12_2Ki_02_07_RG.jpg,12,159831,831,610,12,2Ki,2,7,True
SweetPublishingBibleIllustrations-610px/12/610px/12_2Ki_15_02_RG.jpg,12_2Ki_15_02_RG.jpg,12,176259,831,610,12,2Ki,15,2,True
SweetPublishingBibleIllustrations-610px/12/610px/12_2Ki_23_05_RG.jpg,12_2Ki_23_05_RG.jpg,12,146824,831,610,12,2Ki,23,5,True
SweetPublishingBibleIllustrations-610px/12/610px/12_2Ki_24_01_RG.jpg,12_2Ki_24_01_RG.jpg,12,151955,831,610,12,2Ki,24,1,True
SweetPublishingBibleIllustrations-610px/12/610px/12_2Ki_02_05_RG.jpg,12_2Ki_02_05_RG.jpg,12,180206,831,610,12,2Ki,2,5,True
SweetPublishingBibleIllustrations-610px/12/610px/12_2Ki_05_01_RG.jpg,12_2Ki_05_01_RG.jpg,12,123327,821,610,12,2Ki,5,1,True
SweetPublishingBibleIllustrations-610px/12/610px/12_2Ki_19_04_RG.jpg,12_2Ki_19_04_RG.jpg,12,167789,831,610,12,2Ki,19,4,True
SweetPublishingBibleIllustrations-610px/12/610px/12_2Ki_11_01_RG.jpg,12_2Ki_11_01_RG.jpg,12,152205,831,610,12,2Ki,11,1,True
SweetPublishingBibleIllustrations-610px/12/610px/12_2Ki_02_09_RG.jpg,12_2Ki_02_09_RG.jpg,12,150493,831,610,12,2Ki,2,9,True
SweetPublishingBibleIllustrations-610px/12/610px/12_2Ki_17_03_RG.jpg,12_2Ki_17_03_RG.jpg,12,162748,831,610,12,2Ki,17,3,True
SweetPublishingBibleIllustrations-610px/12/610px/12_2Ki_18_02_RG.jpg,12_2Ki_18_02_RG.jpg,12,155940,831,610,12,2Ki,18,2,True
SweetPublishingBibleIllustrations-610px/12/610px/12_2Ki_04_07_RG.jpg,12_2Ki_04_07_RG.jpg,12,153184,831,610,12,2Ki,4,7,True
SweetPublishingBibleIllustrations-610px/12/610px/12_2Ki_25_07_RG.jpg,12_2Ki_25_07_RG.jpg,12,178509,831,610,12,2Ki,25,7,True
SweetPublishingBibleIllustrations-610px/12/610px/12_2Ki_22_03_RG.jpg,12_2Ki_22_03_RG.jpg,12,145192,831,610,12,2Ki,22,3,True
SweetPublishingBibleIllustrations-610px/12/610px/12_2Ki_11_05_RG.jpg,12_2Ki_11_05_RG.jpg,12,155798,831,610,12,2Ki,11,5,True
SweetPublishingBibleIllustrations-610px/12/610px/12_2Ki_05_09_RG.jpg,12_2Ki_05_09_RG.jpg,12,160282,831,610,12,2Ki,5,9,True
SweetPublishingBibleIllustrations-610px/12/610px/12_2Ki_02_01_RG.jpg,12_2Ki_02_01_RG.jpg,12,162662,831,610,12,2Ki,2,1,True
SweetPublishingBibleIllustrations-610px/12/610px/12_2Ki_05_05_RG.jpg,12_2Ki_05_05_RG.jpg,12,162608,831,610,12,2Ki,5,5,True
SweetPublishingBibleIllustrations-610px/12/610px/12_2Ki_23_01_RG.jpg,12_2Ki_23_01_RG.jpg,12,151409,831,610,12,2Ki,23,1,True
SweetPublishingBibleIllustrations-610px/12/610px/12_2Ki_24_05_RG.jpg,12_2Ki_24_05_RG.jpg,12,173742,831,610,12,2Ki,24,5,True
SweetPublishingBibleIllustrations-610px/12/610px/12_2Ki_12_02_RG.jpg,12_2Ki_12_02_RG.jpg,12,126659,831,610,12,2Ki,12,2,True
SweetPublishingBibleIllustrations-610px/12/610px/12_2Ki_25_03_RG.jpg,12_2Ki_25_03_RG.jpg,12,173808,831,610,12,2Ki,25,3,True
SweetPublishingBibleIllustrations-610px/12/610px/12_2Ki_04_03_RG.jpg,12_2Ki_04_03_RG.jpg,12,101321,501,610,12,2Ki,4,3,True
SweetPublishingBibleIllustrations-610px/12/610px/12_2Ki_04_11_RG.jpg,12_2Ki_04_11_RG.jpg,12,160296,831,610,12,2Ki,4,11,True
SweetPublishingBibleIllustrations-610px/12/610px/12_2Ki_18_06_RG.jpg,12_2Ki_18_06_RG.jpg,12,163346,831,610,12,2Ki,18,6,True
SweetPublishingBibleIllustrations-610px/12/610px/12_2Ki_22_05_RG.jpg,12_2Ki_22_05_RG.jpg,12,164480,831,610,12,2Ki,22,5,True
SweetPublishingBibleIllustrations-610px/12/610px/12_2Ki_25_01_RG.jpg,12_2Ki_25_01_RG.jpg,12,146067,831,610,12,2Ki,25,1,True
SweetPublishingBibleIllustrations-610px/12/610px/12_2Ki_18_04_RG.jpg,12_2Ki_18_04_RG.jpg,12,175380,831,610,12,2Ki,18,4,True
SweetPublishingBibleIllustrations-610px/12/610px/12_2Ki_17_05_RG.jpg,12_2Ki_17_05_RG.jpg,12,134150,831,610,12,2Ki,17,5,True
SweetPublishingBibleIllustrations-610px/12/610px/12_2Ki_04_13_RG.jpg,12_2Ki_04_13_RG.jpg,12,142457,831,610,12,2Ki,4,13,True
SweetPublishingBibleIllustrations-610px/12/610px/12_2Ki_04_01_RG.jpg,12_2Ki_04_01_RG.jpg,12,178256,831,610,12,2Ki,4,1,True
SweetPublishingBibleIllustrations-610px/12/610px/12_2Ki_05_07_RG.jpg,12_2Ki_05_07_RG.jpg,12,169430,831,610,12,2Ki,5,7,True
SweetPublishingBibleIllustrations-610px/12/610px/12_2Ki_02_03_RG.jpg,12_2Ki_02_03_RG.jpg,12,129236,831,610,12,2Ki,2,3,True
SweetPublishingBibleIllustrations-610px/12/610px/12_2Ki_02_11_RG.jpg,12_2Ki_02_11_RG.jpg,12,155145,831,610,12,2Ki,2,11,True
SweetPublishingBibleIllustrations-610px/12/610px/12_2Ki_19_02_RG.jpg,12_2Ki_19_02_RG.jpg,12,171085,831,610,12,2Ki,19,2,True
SweetPublishingBibleIllustrations-610px/12/610px/12_2Ki_15_04_RG.jpg,12_2Ki_15_04_RG.jpg,12,155865,831,610,12,2Ki,15,4,True
SweetPublishingBibleIllustrations-610px/12/610px/12_2Ki_23_03_RG.jpg,12_2Ki_23_03_RG.jpg,12,180256,831,610,12,2Ki,23,3,True
SweetPublishingBibleIllustrations-610px/40/610px/40_Mt_10_01_RG.jpg,40_Mt_10_01_RG.jpg,40,163206,831,610,40,Mt,10,1,True
SweetPublishingBibleIllustrations-610px/40/610px/40_Mt_18_04_RG.jpg,40_Mt_18_04_RG.jpg,40,153609,831,610,40,Mt,18,4,True
SweetPublishingBibleIllustrations-610px/40/610px/40_Mt_17_05_RG.jpg,40_Mt_17_05_RG.jpg,40,160763,831,610,40,Mt,17,5,True
SweetPublishingBibleIllustrations-610px/40/610px/40_Mt_26_14_RG.jpg,40_Mt_26_14_RG.jpg,40,148706,831,610,40,Mt,26,14,True
SweetPublishingBibleIllustrations-610px/40/610px/40_Mt_21_02_RG.jpg,40_Mt_21_02_RG.jpg,40,153351,831,610,40,Mt,21,2,True
SweetPublishingBibleIllustrations-610px/40/610px/40_Mt_17_09_RG.jpg,40_Mt_17_09_RG.jpg,40,161553,831,610,40,Mt,17,9,True
SweetPublishingBibleIllustrations-610px/40/610px/40_Mt_13_22_RG.jpg,40_Mt_13_22_RG.jpg,40,158509,831,610,40,Mt,13,22,True
SweetPublishingBibleIllustrations-610px/40/610px/40_Mt_26_18_RG.jpg,40_Mt_26_18_RG.jpg,40,163996,831,610,40,Mt,26,18,True
SweetPublishingBibleIllustrations-610px/40/610px/40_Mt_10_13_RG.jpg,40_Mt_10_13_RG.jpg,40,139136,831,610,40,Mt,10,13,True
SweetPublishingBibleIllustrations-610px/40/610px/40_Mt_03_05_RG.jpg,40_Mt_03_05_RG.jpg,40,187141,832,598,40,Mt,3,5,True
SweetPublishingBibleIllustrations-610px/40/610px/40_Mt_17_17_RG.jpg,40_Mt_17_17_RG.jpg,40,165928,831,610,40,Mt,17,17,True
SweetPublishingBibleIllustrations-610px/40/610px/40_Mt_04_01_RG.jpg,40_Mt_04_01_RG.jpg,40,136015,831,610,40,Mt,4,1,True
SweetPublishingBibleIllustrations-610px/40/610px/40_Mt_18_08_RG.jpg,40_Mt_18_08_RG.jpg,40,144965,831,610,40,Mt,18,8,True
SweetPublishingBibleIllustrations-610px/40/610px/40_Mt_26_06_RG.jpg,40_Mt_26_06_RG.jpg,40,167314,831,610,40,Mt,26,6,True
SweetPublishingBibleIllustrations-610px/40/610px/40_Mt_14_26_RG.jpg,40_Mt_14_26_RG.jpg,40,169653,831,610,40,Mt,14,26,True
SweetPublishingBibleIllustrations-610px/40/610px/40_Mt_08_07_RG.jpg,40_Mt_08_07_RG.jpg,40,140438,831,610,40,Mt,8,7,True
SweetPublishingBibleIllustrations-610px/40/610px/40_Mt_13_14_RG.jpg,40_Mt_13_14_RG.jpg,40,148534,831,610,40,Mt,13,14,True
SweetPublishingBibleIllustrations-610px/40/610px/40_Mt_22_05_RG.jpg,40_Mt_22_05_RG.jpg,40,0,,,40,Mt,22,5,True
SweetPublishingBibleIllustrations-610px/40/610px/40_Mt_08_19_RG.jpg,40_Mt_08_19_RG.jpg,40,175360,831,610,40,Mt,8,19,True
SweetPublishingBibleIllustrations-610px/40/610px/40_Mt_26_30_RG.jpg,40_Mt_26_30_RG.jpg,40,162855,831,610,40,Mt,26,30,True
SweetPublishingBibleIllustrations-610px/40/610px/40_Mt_14_10_RG.jpg,40_Mt_14_10_RG.jpg,40,0,,,40,Mt,14,10,True
SweetPublishingBibleIllustrations-610px/40/610px/40_Mt_08_15_RG.jpg,40_Mt_08_15_RG.jpg,40,160759,831,610,40,Mt,8,15,True
SweetPublishingBibleIllustrations-610px/40/610px/40_Mt_13_06_RG.jpg,40_Mt_13_06_RG.jpg,40,164140,825,610,40,Mt,13,6,True
SweetPublishingBibleIllustrations-610px/40/610px/40_Mt_13_18_RG.jpg,40_Mt_13_18_RG.jpg,40,129431,807,610,40,Mt,13,18,True
SweetPublishingBibleIllustrations-610px/40/610px/40_Mt_14_02_RG.jpg,40_Mt_14_02_RG.jpg,40,163002,831,610,40,Mt,14,2,True
SweetPublishingBibleIllustrations-610px/40/610px/40_Mt_22_09_RG.jpg,40_Mt_22_09_RG.jpg,40,137340,831,610,40,Mt,22,9,True
SweetPublishingBibleIllustrations-610px/40/610px/40_Mt_26_22_RG.jpg,40_Mt_26_22_RG.jpg,40,186437,831,610,40,Mt,26,22,True
SweetPublishingBibleIllustrations-610px/40/610px/40_Mt_12_12_RG.jpg,40_Mt_12_12_RG.jpg,40,151231,826,610,40,Mt,12,12,True
SweetPublishingBibleIllustrations-610px/40/610px/40_Mt_01_04_RG.jpg,40_Mt_01_04_RG.jpg,40,160899,831,610,40,Mt,1,4,True
SweetPublishingBibleIllustrations-610px/40/610px/40_Mt_16_11_RG.jpg,40_Mt_16_11_RG.jpg,40,106962,831,610,40,Mt,16,11,True
SweetPublishingBibleIllustrations-610px/40/610px/40_Mt_05_07_RG.jpg,40_Mt_05_07_RG.jpg,40,151898,831,610,40,Mt,5,7,True
SweetPublishingBibleIllustrations-610px/40/610px/40_Mt_19_10_RG.jpg,40_Mt_19_10_RG.jpg,40,129044,831,610,40,Mt,19,10,True
SweetPublishingBibleIllustrations-610px/40/610px/40_Mt_02_03_RG.jpg,40_Mt_02_03_RG.jpg,40,177118,831,610,40,Mt,2,3,True
SweetPublishingBibleIllustrations-610px/40/610px/40_Mt_28_01_RG.jpg,40_Mt_28_01_RG.jpg,40,130673,831,610,40,Mt,28,1,True
SweetPublishingBibleIllustrations-610px/40/610px/40_Mt_27_12_RG.jpg,40_Mt_27_12_RG.jpg,40,144318,827,610,40,Mt,27,12,True
SweetPublishingBibleIllustrations-610px/40/610px/40_Mt_16_03_RG.jpg,40_Mt_16_03_RG.jpg,40,147122,831,610,40,Mt,16,3,True
SweetPublishingBibleIllustrations-610px/40/610px/40_Mt_19_02_RG.jpg,40_Mt_19_02_RG.jpg,40,137784,831,610,40,Mt,19,2,True
SweetPublishingBibleIllustrations-610px/40/610px/40_Mt_02_11_RG.jpg,40_Mt_02_11_RG.jpg,40,150627,831,610,40,Mt,2,11,True
SweetPublishingBibleIllustrations-610px/40/610px/40_Mt_01_06_RG.jpg,40_Mt_01_06_RG.jpg,40,119628,831,610,40,Mt,1,6,True
SweetPublishingBibleIllustrations-610px/40/610px/40_Mt_12_10_RG.jpg,40_Mt_12_10_RG.jpg,40,159285,831,610,40,Mt,12,10,True
SweetPublishingBibleIllustrations-610px/40/610px/40_Mt_12_02_RG.jpg,40_Mt_12_02_RG.jpg,40,128056,831,610,40,Mt,12,2,True
SweetPublishingBibleIllustrations-610px/40/610px/40_Mt_05_09_RG.jpg,40_Mt_05_09_RG.jpg,40,142795,827,610,40,Mt,5,9,True
SweetPublishingBibleIllustrations-610px/40/610px/40_Mt_27_10_RG.jpg,40_Mt_27_10_RG.jpg,40,190122,822,610,40,Mt,27,10,True
SweetPublishingBibleIllustrations-610px/40/610px/40_Mt_16_01_RG.jpg,40_Mt_16_01_RG.jpg,40,146084,831,610,40,Mt,16,1,True
SweetPublishingBibleIllustrations-610px/40/610px/40_Mt_02_01_RG.jpg,40_Mt_02_01_RG.jpg,40,175756,831,610,40,Mt,2,1,True
SweetPublishingBibleIllustrations-610px/40/610px/40_Mt_28_03_RG.jpg,40_Mt_28_03_RG.jpg,40,142401,831,610,40,Mt,28,3,True
SweetPublishingBibleIllustrations-610px/40/610px/40_Mt_27_02_RG.jpg,40_Mt_27_02_RG.jpg,40,153762,831,610,40,Mt,27,2,True
SweetPublishingBibleIllustrations-610px/40/610px/40_Mt_05_05_RG.jpg,40_Mt_05_05_RG.jpg,40,156575,831,610,40,Mt,5,5,True
SweetPublishingBibleIllustrations-610px/40/610px/40_Mt_04_03_RG.jpg,40_Mt_04_03_RG.jpg,40,129115,831,610,40,Mt,4,3,True
SweetPublishingBibleIllustrations-610px/40/610px/40_Mt_17_15_RG.jpg,40_Mt_17_15_RG.jpg,40,158624,831,610,40,Mt,17,15,True
SweetPublishingBibleIllustrations-610px/40/610px/40_Mt_26_04_RG.jpg,40_Mt_26_04_RG.jpg,40,164824,831,610,40,Mt,26,4,True
SweetPublishingBibleIllustrations-610px/40/610px/40_Mt_14_24_RG.jpg,40_Mt_14_24_RG.jpg,40,178609,831,610,40,Mt,14,24,True
SweetPublishingBibleIllustrations-610px/40/610px/40_Mt_13_20_RG.jpg,40_Mt_13_20_RG.jpg,40,157400,831,610,40,Mt,13,20,True
SweetPublishingBibleIllustrations-610px/40/610px/40_Mt_03_07_RG.jpg,40_Mt_03_07_RG.jpg,40,164442,831,610,40,Mt,3,7,True
SweetPublishingBibleIllustrations-610px/40/610px/40_Mt_10_11_RG.jpg,40_Mt_10_11_RG.jpg,40,160445,831,610,40,Mt,10,11,True
SweetPublishingBibleIllustrations-610px/40/610px/40_Mt_17_07_RG.jpg,40_Mt_17_07_RG.jpg,40,146584,831,610,40,Mt,17,7,True
SweetPublishingBibleIllustrations-610px/40/610px/40_Mt_26_16_RG.jpg,40_Mt_26_16_RG.jpg,40,147371,831,610,40,Mt,26,16,True
SweetPublishingBibleIllustrations-610px/40/610px/40_Mt_18_06_RG.jpg,40_Mt_18_06_RG.jpg,40,0,,,40,Mt,18,6,True
SweetPublishingBibleIllustrations-610px/40/610px/40_Mt_14_28_RG.jpg,40_Mt_14_28_RG.jpg,40,172980,831,610,40,Mt,14,28,True
SweetPublishingBibleIllustrations-610px/40/610px/40_Mt_10_03_RG.jpg,40_Mt_10_03_RG.jpg,40,158910,831,610,40,Mt,10,3,True
SweetPublishingBibleIllustrations-610px/40/610px/40_Mt_26_08_RG.jpg,40_Mt_26_08_RG.jpg,40,153618,831,610,40,Mt,26,8,True
SweetPublishingBibleIllustrations-610px/40/610px/40_Mt_08_09_RG.jpg,40_Mt_08_09_RG.jpg,40,153321,831,610,40,Mt,8,9,True
SweetPublishingBibleIllustrations-610px/40/610px/40_Mt_26_20_RG.jpg,40_Mt_26_20_RG.jpg,40,159204,831,610,40,Mt,26,20,True
SweetPublishingBibleIllustrations-610px/40/610px/40_Mt_13_04_RG.jpg,40_Mt_13_04_RG.jpg,40,200399,831,610,40,Mt,13,4,True
SweetPublishingBibleIllustrations-610px/40/610px/40_Mt_08_17_RG.jpg,40_Mt_08_17_RG.jpg,40,134382,817,610,40,Mt,8,17,True
SweetPublishingBibleIllustrations-610px/40/610px/40_Mt_13_08_RG.jpg,40_Mt_13_08_RG.jpg,40,132533,800,610,40,Mt,13,8,True
SweetPublishingBibleIllustrations-610px/40/610px/40_Mt_26_32_RG.jpg,40_Mt_26_32_RG.jpg,40,165329,831,610,40,Mt,26,32,True
SweetPublishingBibleIllustrations-610px/40/610px/40_Mt_14_12_RG.jpg,40_Mt_14_12_RG.jpg,40,133897,831,610,40,Mt,14,12,True
SweetPublishingBibleIllustrations-610px/40/610px/40_Mt_13_16_RG.jpg,40_Mt_13_16_RG.jpg,40,139461,831,610,40,Mt,13,16,True
SweetPublishingBibleIllustrations-610px/40/610px/40_Mt_08_05_RG.jpg,40_Mt_08_05_RG.jpg,40,168488,831,610,40,Mt,8,5,True
SweetPublishingBibleIllustrations-610px/40/610px/40_Mt_22_07_RG.jpg,40_Mt_22_07_RG.jpg,40,138462,831,610,40,Mt,22,7,True
SweetPublishingBibleIllustrations-610px/40/610px/40_Mt_16_09_RG.jpg,40_Mt_16_09_RG.jpg,40,148128,831,610,40,Mt,16,9,True
SweetPublishingBibleIllustrations-610px/40/610px/40_Mt_28_07_RG.jpg,40_Mt_28_07_RG.jpg,40,145390,831,610,40,Mt,28,7,True
SweetPublishingBibleIllustrations-610px/40/610px/40_Mt_02_05_RG.jpg,40_Mt_02_05_RG.jpg,40,187881,831,610,40,Mt,2,5,True
SweetPublishingBibleIllustrations-610px/40/610px/40_Mt_27_18_RG.jpg,40_Mt_27_18_RG.jpg,40,132211,763,610,40,Mt,27,18,True
SweetPublishingBibleIllustrations-610px/40/610px/40_Mt_05_01_RG.jpg,40_Mt_05_01_RG.jpg,40,145330,831,610,40,Mt,5,1,True
SweetPublishingBibleIllustrations-610px/40/610px/40_Mt_27_06_RG.jpg,40_Mt_27_06_RG.jpg,40,170303,831,610,40,Mt,27,6,True
SweetPublishingBibleIllustrations-610px/40/610px/40_Mt_19_08_RG.jpg,40_Mt_19_08_RG.jpg,40,143989,831,610,40,Mt,19,8,True
SweetPublishingBibleIllustrations-610px/40/610px/40_Mt_19_04_RG.jpg,40_Mt_19_04_RG.jpg,40,142755,831,610,40,Mt,19,4,True
SweetPublishingBibleIllustrations-610px/40/610px/40_Mt_11_01_RG.jpg,40_Mt_11_01_RG.jpg,40,0,,,40,Mt,11,1,True
SweetPublishingBibleIllustrations-610px/40/610px/40_Mt_16_05_RG.jpg,40_Mt_16_05_RG.jpg,40,149162,831,610,40,Mt,16,5,True
SweetPublishingBibleIllustrations-610px/40/610px/40_Mt_27_14_RG.jpg,40_Mt_27_14_RG.jpg,40,165802,809,610,40,Mt,27,14,True
SweetPublishingBibleIllustrations-610px/40/610px/40_Mt_02_09_RG.jpg,40_Mt_02_09_RG.jpg,40,0,,,40,Mt,2,9,True
SweetPublishingBibleIllustrations-610px/40/610px/40_Mt_12_06_RG.jpg,40_Mt_12_06_RG.jpg,40,155325,831,610,40,Mt,12,6,True
SweetPublishingBibleIllustrations-610px/40/610px/40_Mt_27_22_RG.jpg,40_Mt_27_22_RG.jpg,40,151478,814,610,40,Mt,27,22,True
SweetPublishingBibleIllustrations-610px/40/610px/40_Mt_01_02_RG.jpg,40_Mt_01_02_RG.jpg,40,190369,831,610,40,Mt,1,2,True
SweetPublishingBibleIllustrations-610px/40/610px/40_Mt_26_36_RG.jpg,40_Mt_26_36_RG.jpg,40,156982,831,610,40,Mt,26,36,True
SweetPublishingBibleIllustrations-610px/40/610px/40_Mt_14_16_RG.jpg,40_Mt_14_16_RG.jpg,40,181667,831,610,40,Mt,14,16,True
SweetPublishingBibleIllustrations-610px/40/610px/40_Mt_26_28_RG.jpg,40_Mt_26_28_RG.jpg,40,192855,831,610,40,Mt,26,28,True
SweetPublishingBibleIllustrations-610px/40/610px/40_Mt_14_08_RG.jpg,40_Mt_14_08_RG.jpg,40,160343,831,610,40,Mt,14,8,True
SweetPublishingBibleIllustrations-610px/40/610px/40_Mt_22_03_RG.jpg,40_Mt_22_03_RG.jpg,40,144010,831,610,40,Mt,22,3,True
SweetPublishingBibleIllustrations-610px/40/610px/40_Mt_08_01_RG.jpg,40_Mt_08_01_RG.jpg,40,152807,831,610,40,Mt,8,1,True
SweetPublishingBibleIllustrations-610px/40/610px/40_Mt_13_12_RG.jpg,40_Mt_13_12_RG.jpg,40,142398,831,610,40,Mt,13,12,True
SweetPublishingBibleIllustrations-610px/40/610px/40_Mt_14_04_RG.jpg,40_Mt_14_04_RG.jpg,40,208341,831,610,40,Mt,14,4,True
SweetPublishingBibleIllustrations-610px/40/610px/40_Mt_26_24_RG.jpg,40_Mt_26_24_RG.jpg,40,169335,832,609,40,Mt,26,24,True
SweetPublishingBibleIllustrations-610px/40/610px/40_Mt_22_11_RG.jpg,40_Mt_22_11_RG.jpg,40,138579,831,610,40,Mt,22,11,True
SweetPublishingBibleIllustrations-610px/40/610px/40_Mt_08_13_RG.jpg,40_Mt_08_13_RG.jpg,40,141877,831,610,40,Mt,8,13,True
SweetPublishingBibleIllustrations-610px/40/610px/40_Mt_26_12_RG.jpg,40_Mt_26_12_RG.jpg,40,155152,831,610,40,Mt,26,12,True
SweetPublishingBibleIllustrations-610px/40/610px/40_Mt_21_08_RG.jpg,40_Mt_21_08_RG.jpg,40,161935,830,610,40,Mt,21,8,True
SweetPublishingBibleIllustrations-610px/40/610px/40_Mt_17_03_RG.jpg,40_Mt_17_03_RG.jpg,40,165918,831,610,40,Mt,17,3,True
SweetPublishingBibleIllustrations-610px/40/610px/40_Mt_18_02_RG.jpg,40_Mt_18_02_RG.jpg,40,162124,831,610,40,Mt,18,2,True
SweetPublishingBibleIllustrations-610px/40/610px/40_Mt_10_07_RG.jpg,40_Mt_10_07_RG.jpg,40,143218,831,610,40,Mt,10,7,True
SweetPublishingBibleIllustrations-610px/40/610px/40_Mt_14_20_RG.jpg,40_Mt_14_20_RG.jpg,40,148463,831,610,40,Mt,14,20,True
SweetPublishingBibleIllustrations-610px/40/610px/40_Mt_04_07_RG.jpg,40_Mt_04_07_RG.jpg,40,129590,831,610,40,Mt,4,7,True
SweetPublishingBibleIllustrations-610px/40/610px/40_Mt_17_11_RG.jpg,40_Mt_17_11_RG.jpg,40,152502,831,610,40,Mt,17,11,True
SweetPublishingBibleIllustrations-610px/40/610px/40_Mt_18_10_RG.jpg,40_Mt_18_10_RG.jpg,40,160212,819,610,40,Mt,18,10,True
SweetPublishingBibleIllustrations-610px/40/610px/40_Mt_03_03_RG.jpg,40_Mt_03_03_RG.jpg,40,142427,831,610,40,Mt,3,3,True
SweetPublishingBibleIllustrations-610px/40/610px/40_Mt_10_15_RG.jpg,40_Mt_10_15_RG.jpg,40,163458,831,610,40,Mt,10,15,True
SweetPublishingBibleIllustrations-610px/40/610px/40_Mt_21_04_RG.jpg,40_Mt_21_04_RG.jpg,40,180041,831,610,40,Mt,21,4,True
SweetPublishingBibleIllustrations-610px/40/610px/40_Mt_14_18_RG.jpg,40_Mt_14_18_RG.jpg,40,173354,831,610,40,Mt,14,18,True
SweetPublishingBibleIllustrations-610px/40/610px/40_Mt_26_38_RG.jpg,40_Mt_26_38_RG.jpg,40,149478,831,610,40,Mt,26,38,True
SweetPublishingBibleIllustrations-610px/40/610px/40_Mt_13_02_RG.jpg,40_Mt_13_02_RG.jpg,40,177349,831,610,40,Mt,13,2,True
SweetPublishingBibleIllustrations-610px/40/610px/40_Mt_08_11_RG.jpg,40_Mt_08_11_RG.jpg,40,171692,831,610,40,Mt,8,11,True
SweetPublishingBibleIllustrations-610px/40/610px/40_Mt_14_06_RG.jpg,40_Mt_14_06_RG.jpg,40,191793,831,610,40,Mt,14,6,True
SweetPublishingBibleIllustrations-610px/40/610px/40_Mt_26_26_RG.jpg,40_Mt_26_26_RG.jpg,40,177926,831,610,40,Mt,26,26,True
SweetPublishingBibleIllustrations-610px/40/610px/40_Mt_22_01_RG.jpg,40_Mt_22_01_RG.jpg,40,155385,831,610,40,Mt,22,1,True
SweetPublishingBibleIllustrations-610px/40/610px/40_Mt_13_10_RG.jpg,40_Mt_13_10_RG.jpg,40,151312,831,610,40,Mt,13,10,True
SweetPublishingBibleIllustrations-610px/40/610px/40_Mt_08_03_RG.jpg,40_Mt_08_03_RG.jpg,40,154473,831,610,40,Mt,8,3,True
SweetPublishingBibleIllustrations-610px/40/610px/40_Mt_26_34_RG.jpg,40_Mt_26_34_RG.jpg,40,163778,831,610,40,Mt,26,34,True
SweetPublishingBibleIllustrations-610px/40/610px/40_Mt_14_14_RG.jpg,40_Mt_14_14_RG.jpg,40,144571,831,610,40,Mt,14,14,True
SweetPublishingBibleIllustrations-610px/40/610px/40_Mt_07_02_RG.jpg,40_Mt_07_02_RG.jpg,40,162480,831,610,40,Mt,7,2,True
SweetPublishingBibleIllustrations-610px/40/610px/40_Mt_03_01_RG.jpg,40_Mt_03_01_RG.jpg,40,166609,831,610,40,Mt,3,1,True
SweetPublishingBibleIllustrations-610px/40/610px/40_Mt_21_06_RG.jpg,40_Mt_21_06_RG.jpg,40,152128,807,610,40,Mt,21,6,True
SweetPublishingBibleIllustrations-610px/40/610px/40_Mt_10_09_RG.jpg,40_Mt_10_09_RG.jpg,40,144613,831,610,40,Mt,10,9,True
SweetPublishingBibleIllustrations-610px/40/610px/40_Mt_26_02_RG.jpg,40_Mt_26_02_RG.jpg,40,154386,831,610,40,Mt,26,2,True
SweetPublishingBibleIllustrations-610px/40/610px/40_Mt_14_22_RG.jpg,40_Mt_14_22_RG.jpg,40,161704,831,610,40,Mt,14,22,True
SweetPublishingBibleIllustrations-610px/40/610px/40_Mt_17_13_RG.jpg,40_Mt_17_13_RG.jpg,40,147214,831,610,40,Mt,17,13,True
SweetPublishingBibleIllustrations-610px/40/610px/40_Mt_04_05_RG.jpg,40_Mt_04_05_RG.jpg,40,172137,831,610,40,Mt,4,5,True
SweetPublishingBibleIllustrations-610px/40/610px/40_Mt_10_05_RG.jpg,40_Mt_10_05_RG.jpg,40,177661,831,610,40,Mt,10,5,True
SweetPublishingBibleIllustrations-610px/40/610px/40_Mt_04_09_RG.jpg,40_Mt_04_09_RG.jpg,40,186777,831,610,40,Mt,4,9,True
SweetPublishingBibleIllustrations-610px/40/610px/40_Mt_14_30_RG.jpg,40_Mt_14_30_RG.jpg,40,161624,831,610,40,Mt,14,30,True
SweetPublishingBibleIllustrations-610px/40/610px/40_Mt_26_10_RG.jpg,40_Mt_26_10_RG.jpg,40,142526,831,610,40,Mt,26,10,True
SweetPublishingBibleIllustrations-610px/40/610px/40_Mt_17_01_RG.jpg,40_Mt_17_01_RG.jpg,40,150617,831,610,40,Mt,17,1,True
SweetPublishingBibleIllustrations-610px/40/610px/40_Mt_16_07_RG.jpg,40_Mt_16_07_RG.jpg,40,122180,831,610,40,Mt,16,7,True
SweetPublishingBibleIllustrations-610px/40/610px/40_Mt_27_16_RG.jpg,40_Mt_27_16_RG.jpg,40,139725,831,610,40,Mt,27,16,True
SweetPublishingBibleIllustrations-610px/40/610px/40_Mt_27_08_RG.jpg,40_Mt_27_08_RG.jpg,40,177778,831,610,40,Mt,27,8,True
SweetPublishingBibleIllustrations-610px/40/610px/40_Mt_19_06_RG.jpg,40_Mt_19_06_RG.jpg,40,158969,831,610,40,Mt,19,6,True
SweetPublishingBibleIllustrations-610px/40/610px/40_Mt_05_03_RG.jpg,40_Mt_05_03_RG.jpg,40,143621,831,610,40,Mt,5,3,True
SweetPublishingBibleIllustrations-610px/40/610px/40_Mt_27_04_RG.jpg,40_Mt_27_04_RG.jpg,40,161917,831,610,40,Mt,27,4,True
SweetPublishingBibleIllustrations-610px/40/610px/40_Mt_28_05_RG.jpg,40_Mt_28_05_RG.jpg,40,150797,831,610,40,Mt,28,5,True
SweetPublishingBibleIllustrations-610px/40/610px/40_Mt_02_07_RG.jpg,40_Mt_02_07_RG.jpg,40,164399,831,610,40,Mt,2,7,True
SweetPublishingBibleIllustrations-610px/40/610px/40_Mt_12_08_RG.jpg,40_Mt_12_08_RG.jpg,40,171246,831,610,40,Mt,12,8,True
SweetPublishingBibleIllustrations-610px/40/610px/40_Mt_27_20_RG.jpg,40_Mt_27_20_RG.jpg,40,138167,813,610,40,Mt,27,20,True
SweetPublishingBibleIllustrations-610px/40/610px/40_Mt_12_04_RG.jpg,40_Mt_12_04_RG.jpg,40,144133,831,610,40,Mt,12,4,True
SweetPublishingBibleIllustrations-610px/40/610px/40_Mt_02_02_RG.jpg,40_Mt_02_02_RG.jpg,40,174744,831,610,40,Mt,2,2,True
SweetPublishingBibleIllustrations-610px/40/610px/40_Mt_16_10_RG.jpg,40_Mt_16_10_RG.jpg,40,157226,831,610,40,Mt,16,10,True
SweetPublishingBibleIllustrations-610px/40/610px/40_Mt_05_06_RG.jpg,40_Mt_05_06_RG.jpg,40,147693,831,610,40,Mt,5,6,True
SweetPublishingBibleIllustrations-610px/40/610px/40_Mt_27_01_RG.jpg,40_Mt_27_01_RG.jpg,40,160248,831,610,40,Mt,27,1,True
SweetPublishingBibleIllustrations-610px/40/610px/40_Mt_19_03_RG.jpg,40_Mt_19_03_RG.jpg,40,144807,831,610,40,Mt,19,3,True
SweetPublishingBibleIllustrations-610px/40/610px/40_Mt_02_10_RG.jpg,40_Mt_02_10_RG.jpg,40,178249,831,610,40,Mt,2,10,True
SweetPublishingBibleIllustrations-610px/40/610px/40_Mt_16_02_RG.jpg,40_Mt_16_02_RG.jpg,40,143817,831,610,40,Mt,16,2,True
SweetPublishingBibleIllustrations-610px/40/610px/40_Mt_27_13_RG.jpg,40_Mt_27_13_RG.jpg,40,160352,803,610,40,Mt,27,13,True
SweetPublishingBibleIllustrations-610px/40/610px/40_Mt_12_01_RG.jpg,40_Mt_12_01_RG.jpg,40,163437,831,610,40,Mt,12,1,True
SweetPublishingBibleIllustrations-610px/40/610px/40_Mt_01_05_RG.jpg,40_Mt_01_05_RG.jpg,40,160090,831,610,40,Mt,1,5,True
SweetPublishingBibleIllustrations-610px/40/610px/40_Mt_06_01_RG.jpg,40_Mt_06_01_RG.jpg,40,154288,831,610,40,Mt,6,1,True
SweetPublishingBibleIllustrations-610px/40/610px/40_Mt_14_11_RG.jpg,40_Mt_14_11_RG.jpg,40,149142,831,610,40,Mt,14,11,True
SweetPublishingBibleIllustrations-610px/40/610px/40_Mt_26_31_RG.jpg,40_Mt_26_31_RG.jpg,40,160465,831,610,40,Mt,26,31,True
SweetPublishingBibleIllustrations-610px/40/610px/40_Mt_08_18_RG.jpg,40_Mt_08_18_RG.jpg,40,140187,818,610,40,Mt,8,18,True
SweetPublishingBibleIllustrations-610px/40/610px/40_Mt_22_04_RG.jpg,40_Mt_22_04_RG.jpg,40,0,,,40,Mt,22,4,True
SweetPublishingBibleIllustrations-610px/40/610px/40_Mt_08_06_RG.jpg,40_Mt_08_06_RG.jpg,40,153815,831,610,40,Mt,8,6,True
SweetPublishingBibleIllustrations-610px/40/610px/40_Mt_13_15_RG.jpg,40_Mt_13_15_RG.jpg,40,150415,831,610,40,Mt,13,15,True
SweetPublishingBibleIllustrations-610px/40/610px/40_Mt_26_23_RG.jpg,40_Mt_26_23_RG.jpg,40,172645,831,610,40,Mt,26,23,True
SweetPublishingBibleIllustrations-610px/40/610px/40_Mt_14_03_RG.jpg,40_Mt_14_03_RG.jpg,40,177936,831,610,40,Mt,14,3,True
SweetPublishingBibleIllustrations-610px/40/610px/40_Mt_22_08_RG.jpg,40_Mt_22_08_RG.jpg,40,141516,831,610,40,Mt,22,8,True
SweetPublishingBibleIllustrations-610px/40/610px/40_Mt_13_19_RG.jpg,40_Mt_13_19_RG.jpg,40,148736,831,610,40,Mt,13,19,True
SweetPublishingBibleIllustrations-610px/40/610px/40_Mt_08_14_RG.jpg,40_Mt_08_14_RG.jpg,40,152977,831,610,40,Mt,8,14,True
SweetPublishingBibleIllustrations-610px/40/610px/40_Mt_13_07_RG.jpg,40_Mt_13_07_RG.jpg,40,165593,831,610,40,Mt,13,7,True
SweetPublishingBibleIllustrations-610px/40/610px/40_Mt_03_08_RG.jpg,40_Mt_03_08_RG.jpg,40,155428,831,610,40,Mt,3,8,True
SweetPublishingBibleIllustrations-610px/40/610px/40_Mt_26_15_RG.jpg,40_Mt_26_15_RG.jpg,40,159830,831,610,40,Mt,26,15,True
SweetPublishingBibleIllustrations-610px/40/610px/40_Mt_17_04_RG.jpg,40_Mt_17_04_RG.jpg,40,166069,831,610,40,Mt,17,4,True
SweetPublishingBibleIllustrations-610px/40/610px/40_Mt_18_05_RG.jpg,40_Mt_18_05_RG.jpg,40,146268,831,610,40,Mt,18,5,True
SweetPublishingBibleIllustrations-610px/40/610px/40_Mt_18_09_RG.jpg,40_Mt_18_09_RG.jpg,40,158992,831,610,40,Mt,18,9,True
SweetPublishingBibleIllustrations-610px/40/610px/40_Mt_14_27_RG.jpg,40_Mt_14_27_RG.jpg,40,181699,831,610,40,Mt,14,27,True
SweetPublishingBibleIllustrations-610px/40/610px/40_Mt_26_07_RG.jpg,40_Mt_26_07_RG.jpg,40,153068,808,610,40,Mt,26,7,True
SweetPublishingBibleIllustrations-610px/40/610px/40_Mt_17_16_RG.jpg,40_Mt_17_16_RG.jpg,40,147414,816,610,40,Mt,17,16,True
SweetPublishingBibleIllustrations-610px/40/610px/40_Mt_26_19_RG.jpg,40_Mt_26_19_RG.jpg,40,150239,810,610,40,Mt,26,19,True
SweetPublishingBibleIllustrations-610px/40/610px/40_Mt_10_12_RG.jpg,40_Mt_10_12_RG.jpg,40,139143,831,610,40,Mt,10,12,True
SweetPublishingBibleIllustrations-610px/40/610px/40_Mt_03_04_RG.jpg,40_Mt_03_04_RG.jpg,40,176373,831,610,40,Mt,3,4,True
SweetPublishingBibleIllustrations-610px/40/610px/40_Mt_13_23_RG.jpg,40_Mt_13_23_RG.jpg,40,170589,831,610,40,Mt,13,23,True
SweetPublishingBibleIllustrations-610px/40/610px/40_Mt_21_03_RG.jpg,40_Mt_21_03_RG.jpg,40,144820,831,610,40,Mt,21,3,True
SweetPublishingBibleIllustrations-610px/40/610px/40_Mt_17_08_RG.jpg,40_Mt_17_08_RG.jpg,40,0,,,40,Mt,17,8,True
SweetPublishingBibleIllustrations-610px/40/610px/40_Mt_13_05_RG.jpg,40_Mt_13_05_RG.jpg,40,162834,831,610,40,Mt,13,5,True
SweetPublishingBibleIllustrations-610px/40/610px/40_Mt_08_16_RG.jpg,40_Mt_08_16_RG.jpg,40,164749,831,610,40,Mt,8,16,True
SweetPublishingBibleIllustrations-610px/40/610px/40_Mt_26_21_RG.jpg,40_Mt_26_21_RG.jpg,40,175580,831,610,40,Mt,26,21,True
SweetPublishingBibleIllustrations-610px/40/610px/40_Mt_14_01_RG.jpg,40_Mt_14_01_RG.jpg,40,190198,831,610,40,Mt,14,1,True
SweetPublishingBibleIllustrations-610px/40/610px/40_Mt_08_08_RG.jpg,40_Mt_08_08_RG.jpg,40,135863,831,610,40,Mt,8,8,True
SweetPublishingBibleIllustrations-610px/40/610px/40_Mt_22_06_RG.jpg,40_Mt_22_06_RG.jpg,40,149109,831,610,40,Mt,22,6,True
SweetPublishingBibleIllustrations-610px/40/610px/40_Mt_13_17_RG.jpg,40_Mt_13_17_RG.jpg,40,145579,831,610,40,Mt,13,17,True
SweetPublishingBibleIllustrations-610px/40/610px/40_Mt_08_04_RG.jpg,40_Mt_08_04_RG.jpg,40,152740,831,610,40,Mt,8,4,True
SweetPublishingBibleIllustrations-610px/40/610px/40_Mt_14_13_RG.jpg,40_Mt_14_13_RG.jpg,40,141188,831,610,40,Mt,14,13,True
SweetPublishingBibleIllustrations-610px/40/610px/40_Mt_26_33_RG.jpg,40_Mt_26_33_RG.jpg,40,174383,831,610,40,Mt,26,33,True
SweetPublishingBibleIllustrations-610px/40/610px/40_Mt_13_09_RG.jpg,40_Mt_13_09_RG.jpg,40,156808,831,610,40,Mt,13,9,True
SweetPublishingBibleIllustrations-610px/40/610px/40_Mt_03_06_RG.jpg,40_Mt_03_06_RG.jpg,40,172710,831,610,40,Mt,3,6,True
SweetPublishingBibleIllustrations-610px/40/610px/40_Mt_10_10_RG.jpg,40_Mt_10_10_RG.jpg,40,152764,831,610,40,Mt,10,10,True
SweetPublishingBibleIllustrations-610px/40/610px/40_Mt_13_21_RG.jpg,40_Mt_13_21_RG.jpg,40,171499,831,610,40,Mt,13,21,True
SweetPublishingBibleIllustrations-610px/40/610px/40_Mt_21_01_RG.jpg,40_Mt_21_01_RG.jpg,40,140557,831,610,40,Mt,21,1,True
SweetPublishingBibleIllustrations-610px/40/610px/40_Mt_14_25_RG.jpg,40_Mt_14_25_RG.jpg,40,170369,831,610,40,Mt,14,25,True
SweetPublishingBibleIllustrations-610px/40/610px/40_Mt_26_05_RG.jpg,40_Mt_26_05_RG.jpg,40,169566,831,610,40,Mt,26,5,True
SweetPublishingBibleIllustrations-610px/40/610px/40_Mt_04_02_RG.jpg,40_Mt_04_02_RG.jpg,40,0,,,40,Mt,4,2,True
SweetPublishingBibleIllustrations-610px/40/610px/40_Mt_17_14_RG.jpg,40_Mt_17_14_RG.jpg,40,152502,831,610,40,Mt,17,14,True
SweetPublishingBibleIllustrations-610px/40/610px/40_Mt_18_07_RG.jpg,40_Mt_18_07_RG.jpg,40,138727,831,610,40,Mt,18,7,True
SweetPublishingBibleIllustrations-610px/40/610px/40_Mt_10_02_RG.jpg,40_Mt_10_02_RG.jpg,40,159659,831,610,40,Mt,10,2,True
SweetPublishingBibleIllustrations-610px/40/610px/40_Mt_26_09_RG.jpg,40_Mt_26_09_RG.jpg,40,142770,831,610,40,Mt,26,9,True
SweetPublishingBibleIllustrations-610px/40/610px/40_Mt_14_29_RG.jpg,40_Mt_14_29_RG.jpg,40,177950,831,610,40,Mt,14,29,True
SweetPublishingBibleIllustrations-610px/40/610px/40_Mt_26_17_RG.jpg,40_Mt_26_17_RG.jpg,40,176798,831,610,40,Mt,26,17,True
SweetPublishingBibleIllustrations-610px/40/610px/40_Mt_17_06_RG.jpg,40_Mt_17_06_RG.jpg,40,165753,831,610,40,Mt,17,6,True
SweetPublishingBibleIllustrations-610px/40/610px/40_Mt_27_11_RG.jpg,40_Mt_27_11_RG.jpg,40,165985,811,610,40,Mt,27,11,True
SweetPublishingBibleIllustrations-610px/40/610px/40_Mt_05_08_RG.jpg,40_Mt_05_08_RG.jpg,40,137955,831,610,40,Mt,5,8,True
SweetPublishingBibleIllustrations-610px/40/610px/40_Mt_02_12_RG.jpg,40_Mt_02_12_RG.jpg,40,178833,831,610,40,Mt,2,12,True
SweetPublishingBibleIllustrations-610px/40/610px/40_Mt_19_01_RG.jpg,40_Mt_19_01_RG.jpg,40,135999,831,610,40,Mt,19,1,True
SweetPublishingBibleIllustrations-610px/40/610px/40_Mt_05_04_RG.jpg,40_Mt_05_04_RG.jpg,40,153072,818,610,40,Mt,5,4,True
SweetPublishingBibleIllustrations-610px/40/610px/40_Mt_27_03_RG.jpg,40_Mt_27_03_RG.jpg,40,159463,831,610,40,Mt,27,3,True
SweetPublishingBibleIllustrations-610px/40/610px/40_Mt_28_02_RG.jpg,40_Mt_28_02_RG.jpg,40,193235,831,610,40,Mt,28,2,True
SweetPublishingBibleIllustrations-610px/40/610px/40_Mt_12_11_RG.jpg,40_Mt_12_11_RG.jpg,40,146988,831,610,40,Mt,12,11,True
SweetPublishingBibleIllustrations-610px/40/610px/40_Mt_12_03_RG.jpg,40_Mt_12_03_RG.jpg,40,143057,831,610,40,Mt,12,3,True
SweetPublishingBibleIllustrations-610px/40/610px/40_Mt_18_03_RG.jpg,40_Mt_18_03_RG.jpg,40,154122,831,610,40,Mt,18,3,True
SweetPublishingBibleIllustrations-610px/40/610px/40_Mt_10_06_RG.jpg,40_Mt_10_06_RG.jpg,40,0,,,40,Mt,10,6,True
SweetPublishingBibleIllustrations-610px/40/610px/40_Mt_21_09_RG.jpg,40_Mt_21_09_RG.jpg,40,153812,831,610,40,Mt,21,9,True
SweetPublishingBibleIllustrations-610px/40/610px/40_Mt_17_02_RG.jpg,40_Mt_17_02_RG.jpg,40,148902,831,610,40,Mt,17,2,True
SweetPublishingBibleIllustrations-610px/40/610px/40_Mt_26_13_RG.jpg,40_Mt_26_13_RG.jpg,40,166713,831,610,40,Mt,26,13,True
SweetPublishingBibleIllustrations-610px/40/610px/40_Mt_21_05_RG.jpg,40_Mt_21_05_RG.jpg,40,178978,831,610,40,Mt,21,5,True
SweetPublishingBibleIllustrations-610px/40/610px/40_Mt_18_11_RG.jpg,40_Mt_18_11_RG.jpg,40,164183,831,610,40,Mt,18,11,True
SweetPublishingBibleIllustrations-610px/40/610px/40_Mt_03_02_RG.jpg,40_Mt_03_02_RG.jpg,40,152182,831,610,40,Mt,3,2,True
SweetPublishingBibleIllustrations-610px/40/610px/40_Mt_10_14_RG.jpg,40_Mt_10_14_RG.jpg,40,154382,831,610,40,Mt,10,14,True
SweetPublishingBibleIllustrations-610px/40/610px/40_Mt_04_06_RG.jpg,40_Mt_04_06_RG.jpg,40,157843,831,610,40,Mt,4,6,True
SweetPublishingBibleIllustrations-610px/40/610px/40_Mt_17_10_RG.jpg,40_Mt_17_10_RG.jpg,40,156077,831,610,40,Mt,17,10,True
SweetPublishingBibleIllustrations-610px/40/610px/40_Mt_14_21_RG.jpg,40_Mt_14_21_RG.jpg,40,159417,831,610,40,Mt,14,21,True
SweetPublishingBibleIllustrations-610px/40/610px/40_Mt_26_01_RG.jpg,40_Mt_26_01_RG.jpg,40,165271,831,610,40,Mt,26,1,True
SweetPublishingBibleIllustrations-610px/40/610px/40_Mt_13_13_RG.jpg,40_Mt_13_13_RG.jpg,40,147991,831,610,40,Mt,13,13,True
SweetPublishingBibleIllustrations-610px/40/610px/40_Mt_14_09_RG.jpg,40_Mt_14_09_RG.jpg,40,170601,831,610,40,Mt,14,9,True
SweetPublishingBibleIllustrations-610px/40/610px/40_Mt_22_02_RG.jpg,40_Mt_22_02_RG.jpg,40,141486,831,610,40,Mt,22,2,True
SweetPublishingBibleIllustrations-610px/40/610px/40_Mt_26_29_RG.jpg,40_Mt_26_29_RG.jpg,40,166623,831,610,40,Mt,26,29,True
SweetPublishingBibleIllustrations-610px/40/610px/40_Mt_07_01_RG.jpg,40_Mt_07_01_RG.jpg,40,152271,831,610,40,Mt,7,1,True
SweetPublishingBibleIllustrations-610px/40/610px/40_Mt_14_17_RG.jpg,40_Mt_14_17_RG.jpg,40,114664,831,610,40,Mt,14,17,True
SweetPublishingBibleIllustrations-610px/40/610px/40_Mt_26_37_RG.jpg,40_Mt_26_37_RG.jpg,40,159907,821,610,40,Mt,26,37,True
SweetPublishingBibleIllustrations-610px/40/610px/40_Mt_08_12_RG.jpg,40_Mt_08_12_RG.jpg,40,176768,831,610,40,Mt,8,12,True
SweetPublishingBibleIllustrations-610px/40/610px/40_Mt_13_01_RG.jpg,40_Mt_13_01_RG.jpg,40,117634,831,610,40,Mt,13,1,True
SweetPublishingBibleIllustrations-610px/40/610px/40_Mt_22_10_RG.jpg,40_Mt_22_10_RG.jpg,40,143079,831,610,40,Mt,22,10,True
SweetPublishingBibleIllustrations-610px/40/610px/40_Mt_26_25_RG.jpg,40_Mt_26_25_RG.jpg,40,171536,831,610,40,Mt,26,25,True
SweetPublishingBibleIllustrations-610px/40/610px/40_Mt_14_05_RG.jpg,40_Mt_14_05_RG.jpg,40,174636,831,610,40,Mt,14,5,True
SweetPublishingBibleIllustrations-610px/40/610px/40_Mt_27_23_RG.jpg,40_Mt_27_23_RG.jpg,40,138819,799,610,40,Mt,27,23,True
SweetPublishingBibleIllustrations-610px/40/610px/40_Mt_12_07_RG.jpg,40_Mt_12_07_RG.jpg,40,148951,831,610,40,Mt,12,7,True
SweetPublishingBibleIllustrations-610px/40/610px/40_Mt_01_03_RG.jpg,40_Mt_01_03_RG.jpg,40,148166,831,610,40,Mt,1,3,True
SweetPublishingBibleIllustrations-610px/40/610px/40_Mt_27_07_RG.jpg,40_Mt_27_07_RG.jpg,40,169813,831,610,40,Mt,27,7,True
SweetPublishingBibleIllustrations-610px/40/610px/40_Mt_19_09_RG.jpg,40_Mt_19_09_RG.jpg,40,160988,831,610,40,Mt,19,9,True
SweetPublishingBibleIllustrations-610px/40/610px/40_Mt_02_04_RG.jpg,40_Mt_02_04_RG.jpg,40,177952,831,610,40,Mt,2,4,True
SweetPublishingBibleIllustrations-610px/40/610px/40_Mt_27_19_RG.jpg,40_Mt_27_19_RG.jpg,40,152696,810,610,40,Mt,27,19,True
SweetPublishingBibleIllustrations-610px/40/610px/40_Mt_16_08_RG.jpg,40_Mt_16_08_RG.jpg,40,161449,831,610,40,Mt,16,8,True
SweetPublishingBibleIllustrations-610px/40/610px/40_Mt_28_06_RG.jpg,40_Mt_28_06_RG.jpg,40,119876,831,610,40,Mt,28,6,True
SweetPublishingBibleIllustrations-610px/40/610px/40_Mt_27_15_RG.jpg,40_Mt_27_15_RG.jpg,40,137653,813,610,40,Mt,27,15,True
SweetPublishingBibleIllustrations-610px/40/610px/40_Mt_02_08_RG.jpg,40_Mt_02_08_RG.jpg,40,162698,831,610,40,Mt,2,8,True
SweetPublishingBibleIllustrations-610px/40/610px/40_Mt_16_04_RG.jpg,40_Mt_16_04_RG.jpg,40,149444,831,610,40,Mt,16,4,True
SweetPublishingBibleIllustrations-610px/40/610px/40_Mt_19_05_RG.jpg,40_Mt_19_05_RG.jpg,40,142565,831,610,40,Mt,19,5,True
SweetPublishingBibleIllustrations-610px/40/610px/40_Mt_01_01_RG.jpg,40_Mt_01_01_RG.jpg,40,174167,831,610,40,Mt,1,1,True
SweetPublishingBibleIllustrations-610px/40/610px/40_Mt_12_09_RG.jpg,40_Mt_12_09_RG.jpg,40,0,,,40,Mt,12,9,True
SweetPublishingBibleIllustrations-610px/40/610px/40_Mt_12_05_RG.jpg,40_Mt_12_05_RG.jpg,40,131177,831,610,40,Mt,12,5,True
SweetPublishingBibleIllustrations-610px/40/610px/40_Mt_27_21_RG.jpg,40_Mt_27_21_RG.jpg,40,153895,814,610,40,Mt,27,21,True
SweetPublishingBibleIllustrations-610px/40/610px/40_Mt_15_01_RG.jpg,40_Mt_15_01_RG.jpg,40,158600,831,610,40,Mt,15,1,True
SweetPublishingBibleIllustrations-610px/40/610px/40_Mt_27_09_RG.jpg,40_Mt_27_09_RG.jpg,40,180951,808,610,40,Mt,27,9,True
SweetPublishingBibleIllustrations-610px/40/610px/40_Mt_19_07_RG.jpg,40_Mt_19_07_RG.jpg,40,0,,,40,Mt,19,7,True
SweetPublishingBibleIllustrations-610px/40/610px/40_Mt_27_17_RG.jpg,40_Mt_27_17_RG.jpg,40,149559,812,610,40,Mt,27,17,True
SweetPublishingBibleIllustrations-610px/40/610px/40_Mt_16_06_RG.jpg,40_Mt_16_06_RG.jpg,40,138386,831,610,40,Mt,16,6,True
SweetPublishingBibleIllustrations-610px/40/610px/40_Mt_28_08_RG.jpg,40_Mt_28_08_RG.jpg,40,152886,822,610,40,Mt,28,8,True
SweetPublishingBibleIllustrations-610px/40/610px/40_Mt_02_06_RG.jpg,40_Mt_02_06_RG.jpg,40,168710,831,610,40,Mt,2,6,True
SweetPublishingBibleIllustrations-610px/40/610px/40_Mt_28_04_RG.jpg,40_Mt_28_04_RG.jpg,40,131328,831,610,40,Mt,28,4,True
SweetPublishingBibleIllustrations-610px/40/610px/40_Mt_27_05_RG.jpg,40_Mt_27_05_RG.jpg,40,186502,831,610,40,Mt,27,5,True
SweetPublishingBibleIllustrations-610px/40/610px/40_Mt_05_02_RG.jpg,40_Mt_05_02_RG.jpg,40,171977,832,603,40,Mt,5,2,True
SweetPublishingBibleIllustrations-610px/40/610px/40_Mt_17_12_RG.jpg,40_Mt_17_12_RG.jpg,40,154533,831,610,40,Mt,17,12,True
SweetPublishingBibleIllustrations-610px/40/610px/40_Mt_04_04_RG.jpg,40_Mt_04_04_RG.jpg,40,175055,831,610,40,Mt,4,4,True
SweetPublishingBibleIllustrations-610px/40/610px/40_Mt_14_23_RG.jpg,40_Mt_14_23_RG.jpg,40,168899,831,610,40,Mt,14,23,True
SweetPublishingBibleIllustrations-610px/40/610px/40_Mt_10_08_RG.jpg,40_Mt_10_08_RG.jpg,40,145916,831,610,40,Mt,10,8,True
SweetPublishingBibleIllustrations-610px/40/610px/40_Mt_26_03_RG.jpg,40_Mt_26_03_RG.jpg,40,167453,831,610,40,Mt,26,3,True
SweetPublishingBibleIllustrations-610px/40/610px/40_Mt_21_07_RG.jpg,40_Mt_21_07_RG.jpg,40,144184,831,610,40,Mt,21,7,True
SweetPublishingBibleIllustrations-610px/40/610px/40_Mt_26_11_RG.jpg,40_Mt_26_11_RG.jpg,40,147496,831,610,40,Mt,26,11,True
SweetPublishingBibleIllustrations-610px/40/610px/40_Mt_04_08_RG.jpg,40_Mt_04_08_RG.jpg,40,164578,831,610,40,Mt,4,8,True
SweetPublishingBibleIllustrations-610px/40/610px/40_Mt_10_04_RG.jpg,40_Mt_10_04_RG.jpg,40,169460,831,610,40,Mt,10,4,True
SweetPublishingBibleIllustrations-610px/40/610px/40_Mt_18_01_RG.jpg,40_Mt_18_01_RG.jpg,40,142932,831,610,40,Mt,18,1,True
SweetPublishingBibleIllustrations-610px/40/610px/40_Mt_26_27_RG.jpg,40_Mt_26_27_RG.jpg,40,191571,831,610,40,Mt,26,27,True
SweetPublishingBibleIllustrations-610px/40/610px/40_Mt_14_07_RG.jpg,40_Mt_14_07_RG.jpg,40,191461,831,610,40,Mt,14,7,True
SweetPublishingBibleIllustrations-610px/40/610px/40_Mt_13_03_RG.jpg,40_Mt_13_03_RG.jpg,40,183219,831,610,40,Mt,13,3,True
SweetPublishingBibleIllustrations-610px/40/610px/40_Mt_08_10_RG.jpg,40_Mt_08_10_RG.jpg,40,170676,831,610,40,Mt,8,10,True
SweetPublishingBibleIllustrations-610px/40/610px/40_Mt_26_39_RG.jpg,40_Mt_26_39_RG.jpg,40,133461,831,610,40,Mt,26,39,True
SweetPublishingBibleIllustrations-610px/40/610px/40_Mt_14_19_RG.jpg,40_Mt_14_19_RG.jpg,40,172024,831,610,40,Mt,14,19,True
SweetPublishingBibleIllustrations-610px/40/610px/40_Mt_14_15_RG.jpg,40_Mt_14_15_RG.jpg,40,155419,831,610,40,Mt,14,15,True
SweetPublishingBibleIllustrations-610px/40/610px/40_Mt_26_35_RG.jpg,40_Mt_26_35_RG.jpg,40,165375,831,610,40,Mt,26,35,True
SweetPublishingBibleIllustrations-610px/40/610px/40_Mt_13_11_RG.jpg,40_Mt_13_11_RG.jpg,40,140760,824,610,40,Mt,13,11,True
SweetPublishingBibleIllustrations-610px/40/610px/40_Mt_08_02_RG.jpg,40_Mt_08_02_RG.jpg,40,169043,831,610,40,Mt,8,2,True
SweetPublishingBibleIllustrations-610px/13/610px/13_1Ch_22_01_RG.jpg,13_1Ch_22_01_RG.jpg,13,169946,826,610,13,1Ch,22,1,True
SweetPublishingBibleIllustrations-610px/13/610px/13_1Ch_13_02_RG.jpg,13_1Ch_13_02_RG.jpg,13,155330,831,610,13,1Ch,13,2,True
SweetPublishingBibleIllustrations-610px/13/610px/13_1Ch_17_01_RG.jpg,13_1Ch_17_01_RG.jpg,13,153634,832,605,13,1Ch,17,1,True
SweetPublishingBibleIllustrations-610px/13/610px/13_1Ch_19_06_RG.jpg,13_1Ch_19_06_RG.jpg,13,162568,832,608,13,1Ch,19,6,True
SweetPublishingBibleIllustrations-610px/13/610px/13_1Ch_24_03_RG.jpg,13_1Ch_24_03_RG.jpg,13,173630,794,610,13,1Ch,24,3,True
SweetPublishingBibleIllustrations-610px/13/610px/13_1Ch_11_01_RG.jpg,13_1Ch_11_01_RG.jpg,13,159676,832,608,13,1Ch,11,1,True
SweetPublishingBibleIllustrations-610px/13/610px/13_1Ch_19_04_RG.jpg,13_1Ch_19_04_RG.jpg,13,141161,832,603,13,1Ch,19,4,True
SweetPublishingBibleIllustrations-610px/13/610px/13_1Ch_24_01_RG.jpg,13_1Ch_24_01_RG.jpg,13,161272,831,610,13,1Ch,24,1,True
SweetPublishingBibleIllustrations-610px/13/610px/13_1Ch_15_02_RG.jpg,13_1Ch_15_02_RG.jpg,13,165641,822,610,13,1Ch,15,2,True
SweetPublishingBibleIllustrations-610px/13/610px/13_1Ch_29_01_RG.jpg,13_1Ch_29_01_RG.jpg,13,175581,816,610,13,1Ch,29,1,True
SweetPublishingBibleIllustrations-610px/13/610px/13_1Ch_10_03_RG.jpg,13_1Ch_10_03_RG.jpg,13,175867,832,609,13,1Ch,10,3,True
SweetPublishingBibleIllustrations-610px/13/610px/13_1Ch_13_04_RG.jpg,13_1Ch_13_04_RG.jpg,13,148865,832,600,13,1Ch,13,4,True
SweetPublishingBibleIllustrations-610px/13/610px/13_1Ch_10_01_RG.jpg,13_1Ch_10_01_RG.jpg,13,150968,829,610,13,1Ch,10,1,True
SweetPublishingBibleIllustrations-610px/13/610px/13_1Ch_19_02_RG.jpg,13_1Ch_19_02_RG.jpg,13,162322,832,597,13,1Ch,19,2,True
SweetPublishingBibleIllustrations-610px/13/610px/13_1Ch_15_01_RG.jpg,13_1Ch_15_01_RG.jpg,13,147974,825,610,13,1Ch,15,1,True
SweetPublishingBibleIllustrations-610px/13/610px/13_1Ch_24_02_RG.jpg,13_1Ch_24_02_RG.jpg,13,175391,831,610,13,1Ch,24,2,True
SweetPublishingBibleIllustrations-610px/13/610px/13_1Ch_19_07_RG.jpg,13_1Ch_19_07_RG.jpg,13,183123,822,610,13,1Ch,19,7,True
SweetPublishingBibleIllustrations-610px/13/610px/13_1Ch_13_01_RG.jpg,13_1Ch_13_01_RG.jpg,13,154755,832,609,13,1Ch,13,1,True
SweetPublishingBibleIllustrations-610px/13/610px/13_1Ch_19_05_RG.jpg,13_1Ch_19_05_RG.jpg,13,125781,832,599,13,1Ch,19,5,True
SweetPublishingBibleIllustrations-610px/13/610px/13_1Ch_10_02_RG.jpg,13_1Ch_10_02_RG.jpg,13,168782,824,610,13,1Ch,10,2,True
SweetPublishingBibleIllustrations-610px/13/610px/13_1Ch_19_01_RG.jpg,13_1Ch_19_01_RG.jpg,13,150928,828,610,13,1Ch,19,1,True
SweetPublishingBibleIllustrations-610px/13/610px/13_1Ch_19_03_RG.jpg,13_1Ch_19_03_RG.jpg,13,156095,832,597,13,1Ch,19,3,True
SweetPublishingBibleIllustrations-610px/14/610px/14_2Ch_03_02_RG.jpg,14_2Ch_03_02_RG.jpg,14,187139,832,608,14,2Ch,3,2,True
SweetPublishingBibleIllustrations-610px/14/610px/14_2Ch_01_03_RG.jpg,14_2Ch_01_03_RG.jpg,14,160814,832,606,14,2Ch,1,3,True
SweetPublishingBibleIllustrations-610px/14/610px/14_2Ch_34_03_RG.jpg,14_2Ch_34_03_RG.jpg,14,151851,831,610,14,2Ch,34,3,True
SweetPublishingBibleIllustrations-610px/14/610px/14_2Ch_24_02_RG.jpg,14_2Ch_24_02_RG.jpg,14,126659,831,610,14,2Ch,24,2,True
SweetPublishingBibleIllustrations-610px/14/610px/14_2Ch_01_01_RG.jpg,14_2Ch_01_01_RG.jpg,14,154325,832,602,14,2Ch,1,1,True
SweetPublishingBibleIllustrations-610px/14/610px/14_2Ch_34_01_RG.jpg,14_2Ch_34_01_RG.jpg,14,174758,831,610,14,2Ch,34,1,True
SweetPublishingBibleIllustrations-610px/14/610px/14_2Ch_05_02_RG.jpg,14_2Ch_05_02_RG.jpg,14,145117,832,605,14,2Ch,5,2,True
SweetPublishingBibleIllustrations-610px/14/610px/14_2Ch_34_05_RG.jpg,14_2Ch_34_05_RG.jpg,14,151409,831,610,14,2Ch,34,5,True
SweetPublishingBibleIllustrations-610px/14/610px/14_2Ch_06_01_RG.jpg,14_2Ch_06_01_RG.jpg,14,178060,832,601,14,2Ch,6,1,True
SweetPublishingBibleIllustrations-610px/14/610px/14_2Ch_23_02_RG.jpg,14_2Ch_23_02_RG.jpg,14,160785,831,610,14,2Ch,23,2,True
SweetPublishingBibleIllustrations-610px/14/610px/14_2Ch_01_05_RG.jpg,14_2Ch_01_05_RG.jpg,14,204346,830,610,14,2Ch,1,5,True
SweetPublishingBibleIllustrations-610px/14/610px/14_2Ch_35_01_RG.jpg,14_2Ch_35_01_RG.jpg,14,160250,831,610,14,2Ch,35,1,True
SweetPublishingBibleIllustrations-610px/14/610px/14_2Ch_10_02_RG.jpg,14_2Ch_10_02_RG.jpg,14,154076,832,609,14,2Ch,10,2,True
SweetPublishingBibleIllustrations-610px/14/610px/14_2Ch_05_01_RG.jpg,14_2Ch_05_01_RG.jpg,14,142966,832,610,14,2Ch,5,1,True
SweetPublishingBibleIllustrations-610px/14/610px/14_2Ch_34_02_RG.jpg,14_2Ch_34_02_RG.jpg,14,145192,831,610,14,2Ch,34,2,True
SweetPublishingBibleIllustrations-610px/14/610px/14_2Ch_24_01_RG.jpg,14_2Ch_24_01_RG.jpg,14,176662,831,610,14,2Ch,24,1,True
SweetPublishingBibleIllustrations-610px/14/610px/14_2Ch_01_02_RG.jpg,14_2Ch_01_02_RG.jpg,14,159272,832,606,14,2Ch,1,2,True
SweetPublishingBibleIllustrations-610px/14/610px/14_2Ch_29_01_RG.jpg,14_2Ch_29_01_RG.jpg,14,172992,831,610,14,2Ch,29,1,True
SweetPublishingBibleIllustrations-610px/14/610px/14_2Ch_36_01_RG.jpg,14_2Ch_36_01_RG.jpg,14,173742,831,610,14,2Ch,36,1,True
SweetPublishingBibleIllustrations-610px/14/610px/14_2Ch_22_01_RG.jpg,14_2Ch_22_01_RG.jpg,14,152205,831,610,14,2Ch,22,1,True
SweetPublishingBibleIllustrations-610px/14/610px/14_2Ch_03_01_RG.jpg,14_2Ch_03_01_RG.jpg,14,194387,832,598,14,2Ch,3,1,True
SweetPublishingBibleIllustrations-610px/14/610px/14_2Ch_24_03_RG.jpg,14_2Ch_24_03_RG.jpg,14,173630,794,610,14,2Ch,24,3,True
SweetPublishingBibleIllustrations-610px/14/610px/14_2Ch_10_01_RG.jpg,14_2Ch_10_01_RG.jpg,14,165888,827,610,14,2Ch,10,1,True
SweetPublishingBibleIllustrations-610px/14/610px/14_2Ch_01_04_RG.jpg,14_2Ch_01_04_RG.jpg,14,152804,832,603,14,2Ch,1,4,True
SweetPublishingBibleIllustrations-610px/14/610px/14_2Ch_34_04_RG.jpg,14_2Ch_34_04_RG.jpg,14,164480,831,610,14,2Ch,34,4,True
SweetPublishingBibleIllustrations-610px/14/610px/14_2Ch_06_02_RG.jpg,14_2Ch_06_02_RG.jpg,14,167289,824,610,14,2Ch,6,2,True
SweetPublishingBibleIllustrations-610px/14/610px/14_2Ch_23_01_RG.jpg,14_2Ch_23_01_RG.jpg,14,167835,831,610,14,2Ch,23,1,True
SweetPublishingBibleIllustrations-610px/14/610px/14_2Ch_02_01_RG.jpg,14_2Ch_02_01_RG.jpg,14,168949,827,610,14,2Ch,2,1,True
SweetPublishingBibleIllustrations-610px/14/610px/14_2Ch_10_03_RG.jpg,14_2Ch_10_03_RG.jpg,14,156991,832,609,14,2Ch,10,3,True
